tech,variable,from_currency,to_currency,currency_year,fx_rate,deflator,from_unit,to_unit,unit_multiplier,context_used,value_before,value_after,note
Solar,capex,USD,USD,2025,1.0,1.0,kW,kW,1.0,none,5282.5,5282.5,"No unit rule for 'kW' with tech 'Solar', kept units."
Solar,capex,USD,USD,2025,1.0,1.0,kW,kW,1.0,none,4658.5,4658.5,"No unit rule for 'kW' with tech 'Solar', kept units."
Solar,capex,USD,USD,2025,1.0,1.0,kW,kW,1.0,none,3537.3,3537.3,"No unit rule for 'kW' with tech 'Solar', kept units."
Solar,capex,USD,USD,2025,1.0,1.0,kW,kW,1.0,none,3107.3,3107.3,"No unit rule for 'kW' with tech 'Solar', kept units."
Solar,capex,USD,USD,2025,1.0,1.0,kW,kW,1.0,none,2849.4,2849.4,"No unit rule for 'kW' with tech 'Solar', kept units."
Solar,capex,USD,USD,2025,1.0,1.0,kW,kW,1.0,none,2140.4,2140.4,"No unit rule for 'kW' with tech 'Solar', kept units."
Solar,capex,USD,USD,2025,1.0,1.0,kW,kW,1.0,none,1958.4,1958.4,"No unit rule for 'kW' with tech 'Solar', kept units."
Solar,capex,USD,USD,2025,1.0,1.0,kW,kW,1.0,none,1683.2,1683.2,"No unit rule for 'kW' with tech 'Solar', kept units."
Solar,capex,USD,USD,2025,1.0,1.0,kW,kW,1.0,none,1438.5,1438.5,"No unit rule for 'kW' with tech 'Solar', kept units."
Solar,capex,USD,USD,2025,1.0,1.0,kW,kW,1.0,none,1188.2,1188.2,"No unit rule for 'kW' with tech 'Solar', kept units."
Solar,capex,USD,USD,2025,1.0,1.0,kW,kW,1.0,none,1043.8,1043.8,"No unit rule for 'kW' with tech 'Solar', kept units."
Solar,capex,USD,USD,2025,1.0,1.0,kW,kW,1.0,none,972.8,972.8,"No unit rule for 'kW' with tech 'Solar', kept units."
Solar,capex,USD,USD,2025,1.0,1.0,kW,kW,1.0,none,929.7,929.7,"No unit rule for 'kW' with tech 'Solar', kept units."
Solar,capex,USD,USD,2025,1.0,1.0,kW,kW,1.0,none,775.7,775.7,"No unit rule for 'kW' with tech 'Solar', kept units."
Solar,capex,USD,USD,2025,1.0,1.0,kW,kW,1.0,none,690.9,690.9,"No unit rule for 'kW' with tech 'Solar', kept units."
Solar,capex,USD,USD,2025,1.0,1.0,kW,kW,1.0,none,599.0,599.0,"No unit rule for 'kW' with tech 'Solar', kept units."
Solar,capex,USD,USD,2025,1.0,1.0,kW,kW,1.0,none,534.0,534.0,"No unit rule for 'kW' with tech 'Solar', kept units."
Solar,capex,USD,USD,2025,1.0,1.0,kW,kW,1.0,none,478.0,478.0,"No unit rule for 'kW' with tech 'Solar', kept units."
Solar,capex,USD,USD,2025,1.0,1.0,kW,kW,1.0,none,430.0,430.0,"No unit rule for 'kW' with tech 'Solar', kept units."
Solar,capex,USD,USD,2025,1.0,1.0,kW,kW,1.0,none,388.0,388.0,"No unit rule for 'kW' with tech 'Solar', kept units."
Solar,capex,USD,USD,2025,1.0,1.0,kW,kW,1.0,none,350.1,350.1,"No unit rule for 'kW' with tech 'Solar', kept units."
Solar,capex,USD,USD,2025,1.0,1.0,kW,kW,1.0,none,8226.0,8226.0,"No unit rule for 'kW' with tech 'Solar', kept units."
Solar,capex,USD,USD,2025,1.0,1.0,kW,kW,1.0,none,8071.0,8071.0,"No unit rule for 'kW' with tech 'Solar', kept units."
Solar,capex,USD,USD,2025,1.0,1.0,kW,kW,1.0,none,5846.0,5846.0,"No unit rule for 'kW' with tech 'Solar', kept units."
Solar,capex,USD,USD,2025,1.0,1.0,kW,kW,1.0,none,3431.0,3431.0,"No unit rule for 'kW' with tech 'Solar', kept units."
Solar,capex,USD,USD,2025,1.0,1.0,kW,kW,1.0,none,3581.0,3581.0,"No unit rule for 'kW' with tech 'Solar', kept units."
Solar,capex,USD,USD,2025,1.0,1.0,kW,kW,1.0,none,2663.0,2663.0,"No unit rule for 'kW' with tech 'Solar', kept units."
Solar,capex,USD,USD,2025,1.0,1.0,kW,kW,1.0,none,2293.0,2293.0,"No unit rule for 'kW' with tech 'Solar', kept units."
Solar,capex,USD,USD,2025,1.0,1.0,kW,kW,1.0,none,2346.0,2346.0,"No unit rule for 'kW' with tech 'Solar', kept units."
Solar,capex,USD,USD,2025,1.0,1.0,kW,kW,1.0,none,1810.0,1810.0,"No unit rule for 'kW' with tech 'Solar', kept units."
Solar,capex,USD,USD,2025,1.0,1.0,kW,kW,1.0,none,1489.0,1489.0,"No unit rule for 'kW' with tech 'Solar', kept units."
Solar,capex,USD,USD,2025,1.0,1.0,kW,kW,1.0,none,1248.0,1248.0,"No unit rule for 'kW' with tech 'Solar', kept units."
Solar,capex,USD,USD,2025,1.0,1.0,kW,kW,1.0,none,1162.0,1162.0,"No unit rule for 'kW' with tech 'Solar', kept units."
Solar,capex,USD,USD,2025,1.0,1.0,kW,kW,1.0,none,980.0,980.0,"No unit rule for 'kW' with tech 'Solar', kept units."
Solar,capex,USD,USD,2025,1.0,1.0,kW,kW,1.0,none,1012.0,1012.0,"No unit rule for 'kW' with tech 'Solar', kept units."
Solar,capex,USD,USD,2025,1.0,1.0,kW,kW,1.0,none,944.0,944.0,"No unit rule for 'kW' with tech 'Solar', kept units."
Solar,capex,USD,USD,2025,1.0,1.0,kW,kW,1.0,none,818.0,818.0,"No unit rule for 'kW' with tech 'Solar', kept units."
Solar,capex,USD,USD,2025,1.0,1.0,kW,kW,1.0,none,730.0,730.0,"No unit rule for 'kW' with tech 'Solar', kept units."
Solar,capex,USD,USD,2025,1.0,1.0,kW,kW,1.0,none,653.0,653.0,"No unit rule for 'kW' with tech 'Solar', kept units."
Solar,capex,USD,USD,2025,1.0,1.0,kW,kW,1.0,none,588.0,588.0,"No unit rule for 'kW' with tech 'Solar', kept units."
Solar,capex,USD,USD,2025,1.0,1.0,kW,kW,1.0,none,530.0,530.0,"No unit rule for 'kW' with tech 'Solar', kept units."
Solar,capex,USD,USD,2025,1.0,1.0,kW,kW,1.0,none,478.0,478.0,"No unit rule for 'kW' with tech 'Solar', kept units."
Solar,capex,USD,USD,2025,1.0,1.0,kW,kW,1.0,none,8530.0,8530.0,"No unit rule for 'kW' with tech 'Solar', kept units."
Solar,capex,USD,USD,2025,1.0,1.0,kW,kW,1.0,none,7523.0,7523.0,"No unit rule for 'kW' with tech 'Solar', kept units."
Solar,capex,USD,USD,2025,1.0,1.0,kW,kW,1.0,none,5769.0,5769.0,"No unit rule for 'kW' with tech 'Solar', kept units."
Solar,capex,USD,USD,2025,1.0,1.0,kW,kW,1.0,none,5117.0,5117.0,"No unit rule for 'kW' with tech 'Solar', kept units."
Solar,capex,USD,USD,2025,1.0,1.0,kW,kW,1.0,none,6069.0,6069.0,"No unit rule for 'kW' with tech 'Solar', kept units."
Solar,capex,USD,USD,2025,1.0,1.0,kW,kW,1.0,none,2498.0,2498.0,"No unit rule for 'kW' with tech 'Solar', kept units."
Solar,capex,USD,USD,2025,1.0,1.0,kW,kW,1.0,none,2461.0,2461.0,"No unit rule for 'kW' with tech 'Solar', kept units."
Solar,capex,USD,USD,2025,1.0,1.0,kW,kW,1.0,none,1975.0,1975.0,"No unit rule for 'kW' with tech 'Solar', kept units."
Solar,capex,USD,USD,2025,1.0,1.0,kW,kW,1.0,none,1810.0,1810.0,"No unit rule for 'kW' with tech 'Solar', kept units."
Solar,capex,USD,USD,2025,1.0,1.0,kW,kW,1.0,none,1495.0,1495.0,"No unit rule for 'kW' with tech 'Solar', kept units."
Solar,capex,USD,USD,2025,1.0,1.0,kW,kW,1.0,none,1298.0,1298.0,"No unit rule for 'kW' with tech 'Solar', kept units."
Solar,capex,USD,USD,2025,1.0,1.0,kW,kW,1.0,none,916.0,916.0,"No unit rule for 'kW' with tech 'Solar', kept units."
Solar,capex,USD,USD,2025,1.0,1.0,kW,kW,1.0,none,780.0,780.0,"No unit rule for 'kW' with tech 'Solar', kept units."
Solar,capex,USD,USD,2025,1.0,1.0,kW,kW,1.0,none,744.0,744.0,"No unit rule for 'kW' with tech 'Solar', kept units."
Solar,capex,USD,USD,2025,1.0,1.0,kW,kW,1.0,none,724.0,724.0,"No unit rule for 'kW' with tech 'Solar', kept units."
Solar,capex,USD,USD,2025,1.0,1.0,kW,kW,1.0,none,628.0,628.0,"No unit rule for 'kW' with tech 'Solar', kept units."
Solar,capex,USD,USD,2025,1.0,1.0,kW,kW,1.0,none,560.0,560.0,"No unit rule for 'kW' with tech 'Solar', kept units."
Solar,capex,USD,USD,2025,1.0,1.0,kW,kW,1.0,none,501.0,501.0,"No unit rule for 'kW' with tech 'Solar', kept units."
Solar,capex,USD,USD,2025,1.0,1.0,kW,kW,1.0,none,451.0,451.0,"No unit rule for 'kW' with tech 'Solar', kept units."
Solar,capex,USD,USD,2025,1.0,1.0,kW,kW,1.0,none,407.0,407.0,"No unit rule for 'kW' with tech 'Solar', kept units."
Solar,capex,USD,USD,2025,1.0,1.0,kW,kW,1.0,none,367.0,367.0,"No unit rule for 'kW' with tech 'Solar', kept units."
Solar,capex,USD,USD,2025,1.0,1.0,kW,kW,1.0,none,4291.0,4291.0,"No unit rule for 'kW' with tech 'Solar', kept units."
Solar,capex,USD,USD,2025,1.0,1.0,kW,kW,1.0,none,4031.0,4031.0,"No unit rule for 'kW' with tech 'Solar', kept units."
Solar,capex,USD,USD,2025,1.0,1.0,kW,kW,1.0,none,3275.0,3275.0,"No unit rule for 'kW' with tech 'Solar', kept units."
Solar,capex,USD,USD,2025,1.0,1.0,kW,kW,1.0,none,2521.0,2521.0,"No unit rule for 'kW' with tech 'Solar', kept units."
Solar,capex,USD,USD,2025,1.0,1.0,kW,kW,1.0,none,2100.0,2100.0,"No unit rule for 'kW' with tech 'Solar', kept units."
Solar,capex,USD,USD,2025,1.0,1.0,kW,kW,1.0,none,1623.0,1623.0,"No unit rule for 'kW' with tech 'Solar', kept units."
Solar,capex,USD,USD,2025,1.0,1.0,kW,kW,1.0,none,1469.0,1469.0,"No unit rule for 'kW' with tech 'Solar', kept units."
Solar,capex,USD,USD,2025,1.0,1.0,kW,kW,1.0,none,1378.0,1378.0,"No unit rule for 'kW' with tech 'Solar', kept units."
Solar,capex,USD,USD,2025,1.0,1.0,kW,kW,1.0,none,1047.0,1047.0,"No unit rule for 'kW' with tech 'Solar', kept units."
Solar,capex,USD,USD,2025,1.0,1.0,kW,kW,1.0,none,946.0,946.0,"No unit rule for 'kW' with tech 'Solar', kept units."
Solar,capex,USD,USD,2025,1.0,1.0,kW,kW,1.0,none,766.0,766.0,"No unit rule for 'kW' with tech 'Solar', kept units."
Solar,capex,USD,USD,2025,1.0,1.0,kW,kW,1.0,none,714.0,714.0,"No unit rule for 'kW' with tech 'Solar', kept units."
Solar,capex,USD,USD,2025,1.0,1.0,kW,kW,1.0,none,759.0,759.0,"No unit rule for 'kW' with tech 'Solar', kept units."
Solar,capex,USD,USD,2025,1.0,1.0,kW,kW,1.0,none,687.0,687.0,"No unit rule for 'kW' with tech 'Solar', kept units."
Solar,capex,USD,USD,2025,1.0,1.0,kW,kW,1.0,none,591.0,591.0,"No unit rule for 'kW' with tech 'Solar', kept units."
Solar,capex,USD,USD,2025,1.0,1.0,kW,kW,1.0,none,512.0,512.0,"No unit rule for 'kW' with tech 'Solar', kept units."
Solar,capex,USD,USD,2025,1.0,1.0,kW,kW,1.0,none,456.0,456.0,"No unit rule for 'kW' with tech 'Solar', kept units."
Solar,capex,USD,USD,2025,1.0,1.0,kW,kW,1.0,none,409.0,409.0,"No unit rule for 'kW' with tech 'Solar', kept units."
Solar,capex,USD,USD,2025,1.0,1.0,kW,kW,1.0,none,368.0,368.0,"No unit rule for 'kW' with tech 'Solar', kept units."
Solar,capex,USD,USD,2025,1.0,1.0,kW,kW,1.0,none,332.0,332.0,"No unit rule for 'kW' with tech 'Solar', kept units."
Solar,capex,USD,USD,2025,1.0,1.0,kW,kW,1.0,none,299.0,299.0,"No unit rule for 'kW' with tech 'Solar', kept units."
Solar,capex,USD,USD,2025,1.0,1.0,kW,kW,1.0,none,6515.0,6515.0,"No unit rule for 'kW' with tech 'Solar', kept units."
Solar,capex,USD,USD,2025,1.0,1.0,kW,kW,1.0,none,6650.0,6650.0,"No unit rule for 'kW' with tech 'Solar', kept units."
Solar,capex,USD,USD,2025,1.0,1.0,kW,kW,1.0,none,5890.0,5890.0,"No unit rule for 'kW' with tech 'Solar', kept units."
Solar,capex,USD,USD,2025,1.0,1.0,kW,kW,1.0,none,3865.0,3865.0,"No unit rule for 'kW' with tech 'Solar', kept units."
Solar,capex,USD,USD,2025,1.0,1.0,kW,kW,1.0,none,2821.0,2821.0,"No unit rule for 'kW' with tech 'Solar', kept units."
Solar,capex,USD,USD,2025,1.0,1.0,kW,kW,1.0,none,1857.0,1857.0,"No unit rule for 'kW' with tech 'Solar', kept units."
Solar,capex,USD,USD,2025,1.0,1.0,kW,kW,1.0,none,1572.0,1572.0,"No unit rule for 'kW' with tech 'Solar', kept units."
Solar,capex,USD,USD,2025,1.0,1.0,kW,kW,1.0,none,1476.0,1476.0,"No unit rule for 'kW' with tech 'Solar', kept units."
Solar,capex,USD,USD,2025,1.0,1.0,kW,kW,1.0,none,1279.0,1279.0,"No unit rule for 'kW' with tech 'Solar', kept units."
Solar,capex,USD,USD,2025,1.0,1.0,kW,kW,1.0,none,1166.0,1166.0,"No unit rule for 'kW' with tech 'Solar', kept units."
Solar,capex,USD,USD,2025,1.0,1.0,kW,kW,1.0,none,1113.0,1113.0,"No unit rule for 'kW' with tech 'Solar', kept units."
Solar,capex,USD,USD,2025,1.0,1.0,kW,kW,1.0,none,918.0,918.0,"No unit rule for 'kW' with tech 'Solar', kept units."
Solar,capex,USD,USD,2025,1.0,1.0,kW,kW,1.0,none,1228.0,1228.0,"No unit rule for 'kW' with tech 'Solar', kept units."
Solar,capex,USD,USD,2025,1.0,1.0,kW,kW,1.0,none,978.0,978.0,"No unit rule for 'kW' with tech 'Solar', kept units."
Solar,capex,USD,USD,2025,1.0,1.0,kW,kW,1.0,none,1104.0,1104.0,"No unit rule for 'kW' with tech 'Solar', kept units."
Solar,capex,USD,USD,2025,1.0,1.0,kW,kW,1.0,none,957.0,957.0,"No unit rule for 'kW' with tech 'Solar', kept units."
Solar,capex,USD,USD,2025,1.0,1.0,kW,kW,1.0,none,853.0,853.0,"No unit rule for 'kW' with tech 'Solar', kept units."
Solar,capex,USD,USD,2025,1.0,1.0,kW,kW,1.0,none,764.0,764.0,"No unit rule for 'kW' with tech 'Solar', kept units."
Solar,capex,USD,USD,2025,1.0,1.0,kW,kW,1.0,none,687.0,687.0,"No unit rule for 'kW' with tech 'Solar', kept units."
Solar,capex,USD,USD,2025,1.0,1.0,kW,kW,1.0,none,620.0,620.0,"No unit rule for 'kW' with tech 'Solar', kept units."
Solar,capex,USD,USD,2025,1.0,1.0,kW,kW,1.0,none,559.0,559.0,"No unit rule for 'kW' with tech 'Solar', kept units."
Solar,capex,USD,USD,2025,1.0,1.0,kW,kW,1.0,none,4412.0,4412.0,"No unit rule for 'kW' with tech 'Solar', kept units."
Solar,capex,USD,USD,2025,1.0,1.0,kW,kW,1.0,none,3509.0,3509.0,"No unit rule for 'kW' with tech 'Solar', kept units."
Solar,capex,USD,USD,2025,1.0,1.0,kW,kW,1.0,none,2788.0,2788.0,"No unit rule for 'kW' with tech 'Solar', kept units."
Solar,capex,USD,USD,2025,1.0,1.0,kW,kW,1.0,none,2386.0,2386.0,"No unit rule for 'kW' with tech 'Solar', kept units."
Solar,capex,USD,USD,2025,1.0,1.0,kW,kW,1.0,none,1906.0,1906.0,"No unit rule for 'kW' with tech 'Solar', kept units."
Solar,capex,USD,USD,2025,1.0,1.0,kW,kW,1.0,none,1524.0,1524.0,"No unit rule for 'kW' with tech 'Solar', kept units."
Solar,capex,USD,USD,2025,1.0,1.0,kW,kW,1.0,none,1384.0,1384.0,"No unit rule for 'kW' with tech 'Solar', kept units."
Solar,capex,USD,USD,2025,1.0,1.0,kW,kW,1.0,none,1327.0,1327.0,"No unit rule for 'kW' with tech 'Solar', kept units."
Solar,capex,USD,USD,2025,1.0,1.0,kW,kW,1.0,none,1326.0,1326.0,"No unit rule for 'kW' with tech 'Solar', kept units."
Solar,capex,USD,USD,2025,1.0,1.0,kW,kW,1.0,none,1070.0,1070.0,"No unit rule for 'kW' with tech 'Solar', kept units."
Solar,capex,USD,USD,2025,1.0,1.0,kW,kW,1.0,none,823.0,823.0,"No unit rule for 'kW' with tech 'Solar', kept units."
Solar,capex,USD,USD,2025,1.0,1.0,kW,kW,1.0,none,788.0,788.0,"No unit rule for 'kW' with tech 'Solar', kept units."
Solar,capex,USD,USD,2025,1.0,1.0,kW,kW,1.0,none,1057.0,1057.0,"No unit rule for 'kW' with tech 'Solar', kept units."
Solar,capex,USD,USD,2025,1.0,1.0,kW,kW,1.0,none,748.0,748.0,"No unit rule for 'kW' with tech 'Solar', kept units."
Solar,capex,USD,USD,2025,1.0,1.0,kW,kW,1.0,none,593.0,593.0,"No unit rule for 'kW' with tech 'Solar', kept units."
Solar,capex,USD,USD,2025,1.0,1.0,kW,kW,1.0,none,514.0,514.0,"No unit rule for 'kW' with tech 'Solar', kept units."
Solar,capex,USD,USD,2025,1.0,1.0,kW,kW,1.0,none,458.0,458.0,"No unit rule for 'kW' with tech 'Solar', kept units."
Solar,capex,USD,USD,2025,1.0,1.0,kW,kW,1.0,none,410.0,410.0,"No unit rule for 'kW' with tech 'Solar', kept units."
Solar,capex,USD,USD,2025,1.0,1.0,kW,kW,1.0,none,369.0,369.0,"No unit rule for 'kW' with tech 'Solar', kept units."
Solar,capex,USD,USD,2025,1.0,1.0,kW,kW,1.0,none,333.0,333.0,"No unit rule for 'kW' with tech 'Solar', kept units."
Solar,capex,USD,USD,2025,1.0,1.0,kW,kW,1.0,none,300.0,300.0,"No unit rule for 'kW' with tech 'Solar', kept units."
Solar,capex,USD,USD,2025,1.0,1.0,kW,kW,1.0,none,5628.0,5628.0,"No unit rule for 'kW' with tech 'Solar', kept units."
Solar,capex,USD,USD,2025,1.0,1.0,kW,kW,1.0,none,4373.0,4373.0,"No unit rule for 'kW' with tech 'Solar', kept units."
Solar,capex,USD,USD,2025,1.0,1.0,kW,kW,1.0,none,2618.0,2618.0,"No unit rule for 'kW' with tech 'Solar', kept units."
Solar,capex,USD,USD,2025,1.0,1.0,kW,kW,1.0,none,2354.0,2354.0,"No unit rule for 'kW' with tech 'Solar', kept units."
Solar,capex,USD,USD,2025,1.0,1.0,kW,kW,1.0,none,2618.0,2618.0,"No unit rule for 'kW' with tech 'Solar', kept units."
Solar,capex,USD,USD,2025,1.0,1.0,kW,kW,1.0,none,2312.0,2312.0,"No unit rule for 'kW' with tech 'Solar', kept units."
Solar,capex,USD,USD,2025,1.0,1.0,kW,kW,1.0,none,2432.0,2432.0,"No unit rule for 'kW' with tech 'Solar', kept units."
Solar,capex,USD,USD,2025,1.0,1.0,kW,kW,1.0,none,2362.0,2362.0,"No unit rule for 'kW' with tech 'Solar', kept units."
Solar,capex,USD,USD,2025,1.0,1.0,kW,kW,1.0,none,2165.0,2165.0,"No unit rule for 'kW' with tech 'Solar', kept units."
Solar,capex,USD,USD,2025,1.0,1.0,kW,kW,1.0,none,1403.0,1403.0,"No unit rule for 'kW' with tech 'Solar', kept units."
Solar,capex,USD,USD,2025,1.0,1.0,kW,kW,1.0,none,893.0,893.0,"No unit rule for 'kW' with tech 'Solar', kept units."
Solar,capex,USD,USD,2025,1.0,1.0,kW,kW,1.0,none,826.0,826.0,"No unit rule for 'kW' with tech 'Solar', kept units."
Solar,capex,USD,USD,2025,1.0,1.0,kW,kW,1.0,none,1245.0,1245.0,"No unit rule for 'kW' with tech 'Solar', kept units."
Solar,capex,USD,USD,2025,1.0,1.0,kW,kW,1.0,none,641.0,641.0,"No unit rule for 'kW' with tech 'Solar', kept units."
Solar,capex,USD,USD,2025,1.0,1.0,kW,kW,1.0,none,566.0,566.0,"No unit rule for 'kW' with tech 'Solar', kept units."
Solar,capex,USD,USD,2025,1.0,1.0,kW,kW,1.0,none,490.0,490.0,"No unit rule for 'kW' with tech 'Solar', kept units."
Solar,capex,USD,USD,2025,1.0,1.0,kW,kW,1.0,none,437.0,437.0,"No unit rule for 'kW' with tech 'Solar', kept units."
Solar,capex,USD,USD,2025,1.0,1.0,kW,kW,1.0,none,391.0,391.0,"No unit rule for 'kW' with tech 'Solar', kept units."
Solar,capex,USD,USD,2025,1.0,1.0,kW,kW,1.0,none,352.0,352.0,"No unit rule for 'kW' with tech 'Solar', kept units."
Solar,capex,USD,USD,2025,1.0,1.0,kW,kW,1.0,none,318.0,318.0,"No unit rule for 'kW' with tech 'Solar', kept units."
Solar,capex,USD,USD,2025,1.0,1.0,kW,kW,1.0,none,287.0,287.0,"No unit rule for 'kW' with tech 'Solar', kept units."
Solar,capex,USD,USD,2025,1.0,1.0,kW,kW,1.0,none,6016.0,6016.0,"No unit rule for 'kW' with tech 'Solar', kept units."
Solar,capex,USD,USD,2025,1.0,1.0,kW,kW,1.0,none,3706.0,3706.0,"No unit rule for 'kW' with tech 'Solar', kept units."
Solar,capex,USD,USD,2025,1.0,1.0,kW,kW,1.0,none,3251.0,3251.0,"No unit rule for 'kW' with tech 'Solar', kept units."
Solar,capex,USD,USD,2025,1.0,1.0,kW,kW,1.0,none,3347.0,3347.0,"No unit rule for 'kW' with tech 'Solar', kept units."
Solar,capex,USD,USD,2025,1.0,1.0,kW,kW,1.0,none,2271.0,2271.0,"No unit rule for 'kW' with tech 'Solar', kept units."
Solar,capex,USD,USD,2025,1.0,1.0,kW,kW,1.0,none,1548.0,1548.0,"No unit rule for 'kW' with tech 'Solar', kept units."
Solar,capex,USD,USD,2025,1.0,1.0,kW,kW,1.0,none,1332.0,1332.0,"No unit rule for 'kW' with tech 'Solar', kept units."
Solar,capex,USD,USD,2025,1.0,1.0,kW,kW,1.0,none,1328.0,1328.0,"No unit rule for 'kW' with tech 'Solar', kept units."
Solar,capex,USD,USD,2025,1.0,1.0,kW,kW,1.0,none,944.0,944.0,"No unit rule for 'kW' with tech 'Solar', kept units."
Solar,capex,USD,USD,2025,1.0,1.0,kW,kW,1.0,none,736.0,736.0,"No unit rule for 'kW' with tech 'Solar', kept units."
Solar,capex,USD,USD,2025,1.0,1.0,kW,kW,1.0,none,701.0,701.0,"No unit rule for 'kW' with tech 'Solar', kept units."
Solar,capex,USD,USD,2025,1.0,1.0,kW,kW,1.0,none,670.0,670.0,"No unit rule for 'kW' with tech 'Solar', kept units."
Solar,capex,USD,USD,2025,1.0,1.0,kW,kW,1.0,none,680.0,680.0,"No unit rule for 'kW' with tech 'Solar', kept units."
Solar,capex,USD,USD,2025,1.0,1.0,kW,kW,1.0,none,728.0,728.0,"No unit rule for 'kW' with tech 'Solar', kept units."
Solar,capex,USD,USD,2025,1.0,1.0,kW,kW,1.0,none,525.0,525.0,"No unit rule for 'kW' with tech 'Solar', kept units."
Solar,capex,USD,USD,2025,1.0,1.0,kW,kW,1.0,none,455.0,455.0,"No unit rule for 'kW' with tech 'Solar', kept units."
Solar,capex,USD,USD,2025,1.0,1.0,kW,kW,1.0,none,406.0,406.0,"No unit rule for 'kW' with tech 'Solar', kept units."
Solar,capex,USD,USD,2025,1.0,1.0,kW,kW,1.0,none,363.0,363.0,"No unit rule for 'kW' with tech 'Solar', kept units."
Solar,capex,USD,USD,2025,1.0,1.0,kW,kW,1.0,none,327.0,327.0,"No unit rule for 'kW' with tech 'Solar', kept units."
Solar,capex,USD,USD,2025,1.0,1.0,kW,kW,1.0,none,295.0,295.0,"No unit rule for 'kW' with tech 'Solar', kept units."
Solar,capex,USD,USD,2025,1.0,1.0,kW,kW,1.0,none,266.0,266.0,"No unit rule for 'kW' with tech 'Solar', kept units."
Solar,capex,USD,USD,2025,1.0,1.0,kW,kW,1.0,none,6079.0,6079.0,"No unit rule for 'kW' with tech 'Solar', kept units."
Solar,capex,USD,USD,2025,1.0,1.0,kW,kW,1.0,none,5733.0,5733.0,"No unit rule for 'kW' with tech 'Solar', kept units."
Solar,capex,USD,USD,2025,1.0,1.0,kW,kW,1.0,none,3045.0,3045.0,"No unit rule for 'kW' with tech 'Solar', kept units."
Solar,capex,USD,USD,2025,1.0,1.0,kW,kW,1.0,none,2424.0,2424.0,"No unit rule for 'kW' with tech 'Solar', kept units."
Solar,capex,USD,USD,2025,1.0,1.0,kW,kW,1.0,none,2241.0,2241.0,"No unit rule for 'kW' with tech 'Solar', kept units."
Solar,capex,USD,USD,2025,1.0,1.0,kW,kW,1.0,none,1613.0,1613.0,"No unit rule for 'kW' with tech 'Solar', kept units."
Solar,capex,USD,USD,2025,1.0,1.0,kW,kW,1.0,none,1412.0,1412.0,"No unit rule for 'kW' with tech 'Solar', kept units."
Solar,capex,USD,USD,2025,1.0,1.0,kW,kW,1.0,none,1158.0,1158.0,"No unit rule for 'kW' with tech 'Solar', kept units."
Solar,capex,USD,USD,2025,1.0,1.0,kW,kW,1.0,none,1036.0,1036.0,"No unit rule for 'kW' with tech 'Solar', kept units."
Solar,capex,USD,USD,2025,1.0,1.0,kW,kW,1.0,none,989.0,989.0,"No unit rule for 'kW' with tech 'Solar', kept units."
Solar,capex,USD,USD,2025,1.0,1.0,kW,kW,1.0,none,919.0,919.0,"No unit rule for 'kW' with tech 'Solar', kept units."
Solar,capex,USD,USD,2025,1.0,1.0,kW,kW,1.0,none,892.0,892.0,"No unit rule for 'kW' with tech 'Solar', kept units."
Solar,capex,USD,USD,2025,1.0,1.0,kW,kW,1.0,none,818.0,818.0,"No unit rule for 'kW' with tech 'Solar', kept units."
Solar,capex,USD,USD,2025,1.0,1.0,kW,kW,1.0,none,841.0,841.0,"No unit rule for 'kW' with tech 'Solar', kept units."
Solar,capex,USD,USD,2025,1.0,1.0,kW,kW,1.0,none,804.0,804.0,"No unit rule for 'kW' with tech 'Solar', kept units."
Solar,capex,USD,USD,2025,1.0,1.0,kW,kW,1.0,none,697.0,697.0,"No unit rule for 'kW' with tech 'Solar', kept units."
Solar,capex,USD,USD,2025,1.0,1.0,kW,kW,1.0,none,622.0,622.0,"No unit rule for 'kW' with tech 'Solar', kept units."
Solar,capex,USD,USD,2025,1.0,1.0,kW,kW,1.0,none,556.0,556.0,"No unit rule for 'kW' with tech 'Solar', kept units."
Solar,capex,USD,USD,2025,1.0,1.0,kW,kW,1.0,none,500.0,500.0,"No unit rule for 'kW' with tech 'Solar', kept units."
Solar,capex,USD,USD,2025,1.0,1.0,kW,kW,1.0,none,452.0,452.0,"No unit rule for 'kW' with tech 'Solar', kept units."
Solar,capex,USD,USD,2025,1.0,1.0,kW,kW,1.0,none,407.0,407.0,"No unit rule for 'kW' with tech 'Solar', kept units."
Solar,capex,USD,USD,2025,1.0,1.0,kW,kW,1.0,none,7534.0,7534.0,"No unit rule for 'kW' with tech 'Solar', kept units."
Solar,capex,USD,USD,2025,1.0,1.0,kW,kW,1.0,none,6644.0,6644.0,"No unit rule for 'kW' with tech 'Solar', kept units."
Solar,capex,USD,USD,2025,1.0,1.0,kW,kW,1.0,none,4666.0,4666.0,"No unit rule for 'kW' with tech 'Solar', kept units."
Solar,capex,USD,USD,2025,1.0,1.0,kW,kW,1.0,none,3987.0,3987.0,"No unit rule for 'kW' with tech 'Solar', kept units."
Solar,capex,USD,USD,2025,1.0,1.0,kW,kW,1.0,none,3655.0,3655.0,"No unit rule for 'kW' with tech 'Solar', kept units."
Solar,capex,USD,USD,2025,1.0,1.0,kW,kW,1.0,none,2645.0,2645.0,"No unit rule for 'kW' with tech 'Solar', kept units."
Solar,capex,USD,USD,2025,1.0,1.0,kW,kW,1.0,none,2902.0,2902.0,"No unit rule for 'kW' with tech 'Solar', kept units."
Solar,capex,USD,USD,2025,1.0,1.0,kW,kW,1.0,none,2632.0,2632.0,"No unit rule for 'kW' with tech 'Solar', kept units."
Solar,capex,USD,USD,2025,1.0,1.0,kW,kW,1.0,none,2502.0,2502.0,"No unit rule for 'kW' with tech 'Solar', kept units."
Solar,capex,USD,USD,2025,1.0,1.0,kW,kW,1.0,none,2465.0,2465.0,"No unit rule for 'kW' with tech 'Solar', kept units."
Solar,capex,USD,USD,2025,1.0,1.0,kW,kW,1.0,none,2156.0,2156.0,"No unit rule for 'kW' with tech 'Solar', kept units."
Solar,capex,USD,USD,2025,1.0,1.0,kW,kW,1.0,none,1923.0,1923.0,"No unit rule for 'kW' with tech 'Solar', kept units."
Solar,capex,USD,USD,2025,1.0,1.0,kW,kW,1.0,none,2023.0,2023.0,"No unit rule for 'kW' with tech 'Solar', kept units."
Solar,capex,USD,USD,2025,1.0,1.0,kW,kW,1.0,none,1920.0,1920.0,"No unit rule for 'kW' with tech 'Solar', kept units."
Solar,capex,USD,USD,2025,1.0,1.0,kW,kW,1.0,none,1911.0,1911.0,"No unit rule for 'kW' with tech 'Solar', kept units."
Solar,capex,USD,USD,2025,1.0,1.0,kW,kW,1.0,none,1657.0,1657.0,"No unit rule for 'kW' with tech 'Solar', kept units."
Solar,capex,USD,USD,2025,1.0,1.0,kW,kW,1.0,none,1477.0,1477.0,"No unit rule for 'kW' with tech 'Solar', kept units."
Solar,capex,USD,USD,2025,1.0,1.0,kW,kW,1.0,none,1322.0,1322.0,"No unit rule for 'kW' with tech 'Solar', kept units."
Solar,capex,USD,USD,2025,1.0,1.0,kW,kW,1.0,none,1190.0,1190.0,"No unit rule for 'kW' with tech 'Solar', kept units."
Solar,capex,USD,USD,2025,1.0,1.0,kW,kW,1.0,none,1073.0,1073.0,"No unit rule for 'kW' with tech 'Solar', kept units."
Solar,capex,USD,USD,2025,1.0,1.0,kW,kW,1.0,none,969.0,969.0,"No unit rule for 'kW' with tech 'Solar', kept units."
Solar,capex,USD,USD,2025,1.0,1.0,kW,kW,1.0,none,3655.0,3655.0,"No unit rule for 'kW' with tech 'Solar', kept units."
Solar,capex,USD,USD,2025,1.0,1.0,kW,kW,1.0,none,3224.0,3224.0,"No unit rule for 'kW' with tech 'Solar', kept units."
Solar,capex,USD,USD,2025,1.0,1.0,kW,kW,1.0,none,2448.0,2448.0,"No unit rule for 'kW' with tech 'Solar', kept units."
Solar,capex,USD,USD,2025,1.0,1.0,kW,kW,1.0,none,2150.0,2150.0,"No unit rule for 'kW' with tech 'Solar', kept units."
Solar,capex,USD,USD,2025,1.0,1.0,kW,kW,1.0,none,1972.0,1972.0,"No unit rule for 'kW' with tech 'Solar', kept units."
Solar,capex,USD,USD,2025,1.0,1.0,kW,kW,1.0,none,1481.0,1481.0,"No unit rule for 'kW' with tech 'Solar', kept units."
Solar,capex,USD,USD,2025,1.0,1.0,kW,kW,1.0,none,1355.0,1355.0,"No unit rule for 'kW' with tech 'Solar', kept units."
Solar,capex,USD,USD,2025,1.0,1.0,kW,kW,1.0,none,1843.0,1843.0,"No unit rule for 'kW' with tech 'Solar', kept units."
Solar,capex,USD,USD,2025,1.0,1.0,kW,kW,1.0,none,1391.0,1391.0,"No unit rule for 'kW' with tech 'Solar', kept units."
Solar,capex,USD,USD,2025,1.0,1.0,kW,kW,1.0,none,1335.0,1335.0,"No unit rule for 'kW' with tech 'Solar', kept units."
Solar,capex,USD,USD,2025,1.0,1.0,kW,kW,1.0,none,1322.0,1322.0,"No unit rule for 'kW' with tech 'Solar', kept units."
Solar,capex,USD,USD,2025,1.0,1.0,kW,kW,1.0,none,1161.0,1161.0,"No unit rule for 'kW' with tech 'Solar', kept units."
Solar,capex,USD,USD,2025,1.0,1.0,kW,kW,1.0,none,1296.0,1296.0,"No unit rule for 'kW' with tech 'Solar', kept units."
Solar,capex,USD,USD,2025,1.0,1.0,kW,kW,1.0,none,771.0,771.0,"No unit rule for 'kW' with tech 'Solar', kept units."
Solar,capex,USD,USD,2025,1.0,1.0,kW,kW,1.0,none,641.0,641.0,"No unit rule for 'kW' with tech 'Solar', kept units."
Solar,capex,USD,USD,2025,1.0,1.0,kW,kW,1.0,none,556.0,556.0,"No unit rule for 'kW' with tech 'Solar', kept units."
Solar,capex,USD,USD,2025,1.0,1.0,kW,kW,1.0,none,496.0,496.0,"No unit rule for 'kW' with tech 'Solar', kept units."
Solar,capex,USD,USD,2025,1.0,1.0,kW,kW,1.0,none,444.0,444.0,"No unit rule for 'kW' with tech 'Solar', kept units."
Solar,capex,USD,USD,2025,1.0,1.0,kW,kW,1.0,none,399.0,399.0,"No unit rule for 'kW' with tech 'Solar', kept units."
Solar,capex,USD,USD,2025,1.0,1.0,kW,kW,1.0,none,360.0,360.0,"No unit rule for 'kW' with tech 'Solar', kept units."
Solar,capex,USD,USD,2025,1.0,1.0,kW,kW,1.0,none,325.0,325.0,"No unit rule for 'kW' with tech 'Solar', kept units."
Solar,capex,USD,USD,2025,1.0,1.0,kW,kW,1.0,none,7238.0,7238.0,"No unit rule for 'kW' with tech 'Solar', kept units."
Solar,capex,USD,USD,2025,1.0,1.0,kW,kW,1.0,none,6383.0,6383.0,"No unit rule for 'kW' with tech 'Solar', kept units."
Solar,capex,USD,USD,2025,1.0,1.0,kW,kW,1.0,none,4847.0,4847.0,"No unit rule for 'kW' with tech 'Solar', kept units."
Solar,capex,USD,USD,2025,1.0,1.0,kW,kW,1.0,none,4258.0,4258.0,"No unit rule for 'kW' with tech 'Solar', kept units."
Solar,capex,USD,USD,2025,1.0,1.0,kW,kW,1.0,none,3904.0,3904.0,"No unit rule for 'kW' with tech 'Solar', kept units."
Solar,capex,USD,USD,2025,1.0,1.0,kW,kW,1.0,none,2933.0,2933.0,"No unit rule for 'kW' with tech 'Solar', kept units."
Solar,capex,USD,USD,2025,1.0,1.0,kW,kW,1.0,none,2684.0,2684.0,"No unit rule for 'kW' with tech 'Solar', kept units."
Solar,capex,USD,USD,2025,1.0,1.0,kW,kW,1.0,none,2306.0,2306.0,"No unit rule for 'kW' with tech 'Solar', kept units."
Solar,capex,USD,USD,2025,1.0,1.0,kW,kW,1.0,none,1971.0,1971.0,"No unit rule for 'kW' with tech 'Solar', kept units."
Solar,capex,USD,USD,2025,1.0,1.0,kW,kW,1.0,none,1628.0,1628.0,"No unit rule for 'kW' with tech 'Solar', kept units."
Solar,capex,USD,USD,2025,1.0,1.0,kW,kW,1.0,none,1430.0,1430.0,"No unit rule for 'kW' with tech 'Solar', kept units."
Solar,capex,USD,USD,2025,1.0,1.0,kW,kW,1.0,none,879.0,879.0,"No unit rule for 'kW' with tech 'Solar', kept units."
Solar,capex,USD,USD,2025,1.0,1.0,kW,kW,1.0,none,1114.0,1114.0,"No unit rule for 'kW' with tech 'Solar', kept units."
Solar,capex,USD,USD,2025,1.0,1.0,kW,kW,1.0,none,717.0,717.0,"No unit rule for 'kW' with tech 'Solar', kept units."
Solar,capex,USD,USD,2025,1.0,1.0,kW,kW,1.0,none,872.0,872.0,"No unit rule for 'kW' with tech 'Solar', kept units."
Solar,capex,USD,USD,2025,1.0,1.0,kW,kW,1.0,none,756.0,756.0,"No unit rule for 'kW' with tech 'Solar', kept units."
Solar,capex,USD,USD,2025,1.0,1.0,kW,kW,1.0,none,674.0,674.0,"No unit rule for 'kW' with tech 'Solar', kept units."
Solar,capex,USD,USD,2025,1.0,1.0,kW,kW,1.0,none,604.0,604.0,"No unit rule for 'kW' with tech 'Solar', kept units."
Solar,capex,USD,USD,2025,1.0,1.0,kW,kW,1.0,none,543.0,543.0,"No unit rule for 'kW' with tech 'Solar', kept units."
Solar,capex,USD,USD,2025,1.0,1.0,kW,kW,1.0,none,490.0,490.0,"No unit rule for 'kW' with tech 'Solar', kept units."
Solar,capex,USD,USD,2025,1.0,1.0,kW,kW,1.0,none,442.0,442.0,"No unit rule for 'kW' with tech 'Solar', kept units."
Solar,capex,USD,USD,2025,1.0,1.0,kW,kW,1.0,none,7952.0,7952.0,"No unit rule for 'kW' with tech 'Solar', kept units."
Solar,capex,USD,USD,2025,1.0,1.0,kW,kW,1.0,none,7013.0,7013.0,"No unit rule for 'kW' with tech 'Solar', kept units."
Solar,capex,USD,USD,2025,1.0,1.0,kW,kW,1.0,none,3628.0,3628.0,"No unit rule for 'kW' with tech 'Solar', kept units."
Solar,capex,USD,USD,2025,1.0,1.0,kW,kW,1.0,none,3171.0,3171.0,"No unit rule for 'kW' with tech 'Solar', kept units."
Solar,capex,USD,USD,2025,1.0,1.0,kW,kW,1.0,none,2633.0,2633.0,"No unit rule for 'kW' with tech 'Solar', kept units."
Solar,capex,USD,USD,2025,1.0,1.0,kW,kW,1.0,none,2491.0,2491.0,"No unit rule for 'kW' with tech 'Solar', kept units."
Solar,capex,USD,USD,2025,1.0,1.0,kW,kW,1.0,none,2458.0,2458.0,"No unit rule for 'kW' with tech 'Solar', kept units."
Solar,capex,USD,USD,2025,1.0,1.0,kW,kW,1.0,none,1883.0,1883.0,"No unit rule for 'kW' with tech 'Solar', kept units."
Solar,capex,USD,USD,2025,1.0,1.0,kW,kW,1.0,none,1579.0,1579.0,"No unit rule for 'kW' with tech 'Solar', kept units."
Solar,capex,USD,USD,2025,1.0,1.0,kW,kW,1.0,none,1491.0,1491.0,"No unit rule for 'kW' with tech 'Solar', kept units."
Solar,capex,USD,USD,2025,1.0,1.0,kW,kW,1.0,none,1117.0,1117.0,"No unit rule for 'kW' with tech 'Solar', kept units."
Solar,capex,USD,USD,2025,1.0,1.0,kW,kW,1.0,none,1068.0,1068.0,"No unit rule for 'kW' with tech 'Solar', kept units."
Solar,capex,USD,USD,2025,1.0,1.0,kW,kW,1.0,none,1420.0,1420.0,"No unit rule for 'kW' with tech 'Solar', kept units."
Solar,capex,USD,USD,2025,1.0,1.0,kW,kW,1.0,none,1234.0,1234.0,"No unit rule for 'kW' with tech 'Solar', kept units."
Solar,capex,USD,USD,2025,1.0,1.0,kW,kW,1.0,none,1262.0,1262.0,"No unit rule for 'kW' with tech 'Solar', kept units."
Solar,capex,USD,USD,2025,1.0,1.0,kW,kW,1.0,none,1094.0,1094.0,"No unit rule for 'kW' with tech 'Solar', kept units."
Solar,capex,USD,USD,2025,1.0,1.0,kW,kW,1.0,none,976.0,976.0,"No unit rule for 'kW' with tech 'Solar', kept units."
Solar,capex,USD,USD,2025,1.0,1.0,kW,kW,1.0,none,873.0,873.0,"No unit rule for 'kW' with tech 'Solar', kept units."
Solar,capex,USD,USD,2025,1.0,1.0,kW,kW,1.0,none,786.0,786.0,"No unit rule for 'kW' with tech 'Solar', kept units."
Solar,capex,USD,USD,2025,1.0,1.0,kW,kW,1.0,none,709.0,709.0,"No unit rule for 'kW' with tech 'Solar', kept units."
Solar,capex,USD,USD,2025,1.0,1.0,kW,kW,1.0,none,640.0,640.0,"No unit rule for 'kW' with tech 'Solar', kept units."
Solar,capex,USD,USD,2025,1.0,1.0,kW,kW,1.0,none,5564.0,5564.0,"No unit rule for 'kW' with tech 'Solar', kept units."
Solar,capex,USD,USD,2025,1.0,1.0,kW,kW,1.0,none,3887.0,3887.0,"No unit rule for 'kW' with tech 'Solar', kept units."
Solar,capex,USD,USD,2025,1.0,1.0,kW,kW,1.0,none,3201.0,3201.0,"No unit rule for 'kW' with tech 'Solar', kept units."
Solar,capex,USD,USD,2025,1.0,1.0,kW,kW,1.0,none,2751.0,2751.0,"No unit rule for 'kW' with tech 'Solar', kept units."
Solar,capex,USD,USD,2025,1.0,1.0,kW,kW,1.0,none,2758.0,2758.0,"No unit rule for 'kW' with tech 'Solar', kept units."
Solar,capex,USD,USD,2025,1.0,1.0,kW,kW,1.0,none,1423.0,1423.0,"No unit rule for 'kW' with tech 'Solar', kept units."
Solar,capex,USD,USD,2025,1.0,1.0,kW,kW,1.0,none,1352.0,1352.0,"No unit rule for 'kW' with tech 'Solar', kept units."
Solar,capex,USD,USD,2025,1.0,1.0,kW,kW,1.0,none,1206.0,1206.0,"No unit rule for 'kW' with tech 'Solar', kept units."
Solar,capex,USD,USD,2025,1.0,1.0,kW,kW,1.0,none,1068.0,1068.0,"No unit rule for 'kW' with tech 'Solar', kept units."
Solar,capex,USD,USD,2025,1.0,1.0,kW,kW,1.0,none,913.0,913.0,"No unit rule for 'kW' with tech 'Solar', kept units."
Solar,capex,USD,USD,2025,1.0,1.0,kW,kW,1.0,none,897.0,897.0,"No unit rule for 'kW' with tech 'Solar', kept units."
Solar,capex,USD,USD,2025,1.0,1.0,kW,kW,1.0,none,927.0,927.0,"No unit rule for 'kW' with tech 'Solar', kept units."
Solar,capex,USD,USD,2025,1.0,1.0,kW,kW,1.0,none,826.0,826.0,"No unit rule for 'kW' with tech 'Solar', kept units."
Solar,capex,USD,USD,2025,1.0,1.0,kW,kW,1.0,none,687.0,687.0,"No unit rule for 'kW' with tech 'Solar', kept units."
Solar,capex,USD,USD,2025,1.0,1.0,kW,kW,1.0,none,822.0,822.0,"No unit rule for 'kW' with tech 'Solar', kept units."
Solar,capex,USD,USD,2025,1.0,1.0,kW,kW,1.0,none,713.0,713.0,"No unit rule for 'kW' with tech 'Solar', kept units."
Solar,capex,USD,USD,2025,1.0,1.0,kW,kW,1.0,none,635.0,635.0,"No unit rule for 'kW' with tech 'Solar', kept units."
Solar,capex,USD,USD,2025,1.0,1.0,kW,kW,1.0,none,569.0,569.0,"No unit rule for 'kW' with tech 'Solar', kept units."
Solar,capex,USD,USD,2025,1.0,1.0,kW,kW,1.0,none,512.0,512.0,"No unit rule for 'kW' with tech 'Solar', kept units."
Solar,capex,USD,USD,2025,1.0,1.0,kW,kW,1.0,none,462.0,462.0,"No unit rule for 'kW' with tech 'Solar', kept units."
Solar,capex,USD,USD,2025,1.0,1.0,kW,kW,1.0,none,417.0,417.0,"No unit rule for 'kW' with tech 'Solar', kept units."
Solar,capex,USD,USD,2025,1.0,1.0,kW,kW,1.0,none,5032.0,5032.0,"No unit rule for 'kW' with tech 'Solar', kept units."
Solar,capex,USD,USD,2025,1.0,1.0,kW,kW,1.0,none,4438.0,4438.0,"No unit rule for 'kW' with tech 'Solar', kept units."
Solar,capex,USD,USD,2025,1.0,1.0,kW,kW,1.0,none,3369.0,3369.0,"No unit rule for 'kW' with tech 'Solar', kept units."
Solar,capex,USD,USD,2025,1.0,1.0,kW,kW,1.0,none,2960.0,2960.0,"No unit rule for 'kW' with tech 'Solar', kept units."
Solar,capex,USD,USD,2025,1.0,1.0,kW,kW,1.0,none,2714.0,2714.0,"No unit rule for 'kW' with tech 'Solar', kept units."
Solar,capex,USD,USD,2025,1.0,1.0,kW,kW,1.0,none,2039.0,2039.0,"No unit rule for 'kW' with tech 'Solar', kept units."
Solar,capex,USD,USD,2025,1.0,1.0,kW,kW,1.0,none,1866.0,1866.0,"No unit rule for 'kW' with tech 'Solar', kept units."
Solar,capex,USD,USD,2025,1.0,1.0,kW,kW,1.0,none,1496.0,1496.0,"No unit rule for 'kW' with tech 'Solar', kept units."
Solar,capex,USD,USD,2025,1.0,1.0,kW,kW,1.0,none,1436.0,1436.0,"No unit rule for 'kW' with tech 'Solar', kept units."
Solar,capex,USD,USD,2025,1.0,1.0,kW,kW,1.0,none,1097.0,1097.0,"No unit rule for 'kW' with tech 'Solar', kept units."
Solar,capex,USD,USD,2025,1.0,1.0,kW,kW,1.0,none,973.0,973.0,"No unit rule for 'kW' with tech 'Solar', kept units."
Solar,capex,USD,USD,2025,1.0,1.0,kW,kW,1.0,none,920.0,920.0,"No unit rule for 'kW' with tech 'Solar', kept units."
Solar,capex,USD,USD,2025,1.0,1.0,kW,kW,1.0,none,732.0,732.0,"No unit rule for 'kW' with tech 'Solar', kept units."
Solar,capex,USD,USD,2025,1.0,1.0,kW,kW,1.0,none,732.0,732.0,"No unit rule for 'kW' with tech 'Solar', kept units."
Solar,capex,USD,USD,2025,1.0,1.0,kW,kW,1.0,none,1033.0,1033.0,"No unit rule for 'kW' with tech 'Solar', kept units."
Solar,capex,USD,USD,2025,1.0,1.0,kW,kW,1.0,none,895.0,895.0,"No unit rule for 'kW' with tech 'Solar', kept units."
Solar,capex,USD,USD,2025,1.0,1.0,kW,kW,1.0,none,798.0,798.0,"No unit rule for 'kW' with tech 'Solar', kept units."
Solar,capex,USD,USD,2025,1.0,1.0,kW,kW,1.0,none,714.0,714.0,"No unit rule for 'kW' with tech 'Solar', kept units."
Solar,capex,USD,USD,2025,1.0,1.0,kW,kW,1.0,none,643.0,643.0,"No unit rule for 'kW' with tech 'Solar', kept units."
Solar,capex,USD,USD,2025,1.0,1.0,kW,kW,1.0,none,580.0,580.0,"No unit rule for 'kW' with tech 'Solar', kept units."
Solar,capex,USD,USD,2025,1.0,1.0,kW,kW,1.0,none,523.0,523.0,"No unit rule for 'kW' with tech 'Solar', kept units."
Solar,capex,USD,USD,2025,1.0,1.0,kW,kW,1.0,none,5552.0,5552.0,"No unit rule for 'kW' with tech 'Solar', kept units."
Solar,capex,USD,USD,2025,1.0,1.0,kW,kW,1.0,none,5343.0,5343.0,"No unit rule for 'kW' with tech 'Solar', kept units."
Solar,capex,USD,USD,2025,1.0,1.0,kW,kW,1.0,none,5206.0,5206.0,"No unit rule for 'kW' with tech 'Solar', kept units."
Solar,capex,USD,USD,2025,1.0,1.0,kW,kW,1.0,none,4197.0,4197.0,"No unit rule for 'kW' with tech 'Solar', kept units."
Solar,capex,USD,USD,2025,1.0,1.0,kW,kW,1.0,none,3436.0,3436.0,"No unit rule for 'kW' with tech 'Solar', kept units."
Solar,capex,USD,USD,2025,1.0,1.0,kW,kW,1.0,none,3062.0,3062.0,"No unit rule for 'kW' with tech 'Solar', kept units."
Solar,capex,USD,USD,2025,1.0,1.0,kW,kW,1.0,none,2652.0,2652.0,"No unit rule for 'kW' with tech 'Solar', kept units."
Solar,capex,USD,USD,2025,1.0,1.0,kW,kW,1.0,none,2230.0,2230.0,"No unit rule for 'kW' with tech 'Solar', kept units."
Solar,capex,USD,USD,2025,1.0,1.0,kW,kW,1.0,none,1844.0,1844.0,"No unit rule for 'kW' with tech 'Solar', kept units."
Solar,capex,USD,USD,2025,1.0,1.0,kW,kW,1.0,none,1453.0,1453.0,"No unit rule for 'kW' with tech 'Solar', kept units."
Solar,capex,USD,USD,2025,1.0,1.0,kW,kW,1.0,none,1317.0,1317.0,"No unit rule for 'kW' with tech 'Solar', kept units."
Solar,capex,USD,USD,2025,1.0,1.0,kW,kW,1.0,none,1233.0,1233.0,"No unit rule for 'kW' with tech 'Solar', kept units."
Solar,capex,USD,USD,2025,1.0,1.0,kW,kW,1.0,none,1187.0,1187.0,"No unit rule for 'kW' with tech 'Solar', kept units."
Solar,capex,USD,USD,2025,1.0,1.0,kW,kW,1.0,none,1135.0,1135.0,"No unit rule for 'kW' with tech 'Solar', kept units."
Solar,capex,USD,USD,2025,1.0,1.0,kW,kW,1.0,none,1058.0,1058.0,"No unit rule for 'kW' with tech 'Solar', kept units."
Solar,capex,USD,USD,2025,1.0,1.0,kW,kW,1.0,none,917.0,917.0,"No unit rule for 'kW' with tech 'Solar', kept units."
Solar,capex,USD,USD,2025,1.0,1.0,kW,kW,1.0,none,818.0,818.0,"No unit rule for 'kW' with tech 'Solar', kept units."
Solar,capex,USD,USD,2025,1.0,1.0,kW,kW,1.0,none,732.0,732.0,"No unit rule for 'kW' with tech 'Solar', kept units."
Solar,capex,USD,USD,2025,1.0,1.0,kW,kW,1.0,none,659.0,659.0,"No unit rule for 'kW' with tech 'Solar', kept units."
Solar,capex,USD,USD,2025,1.0,1.0,kW,kW,1.0,none,594.0,594.0,"No unit rule for 'kW' with tech 'Solar', kept units."
Solar,capex,USD,USD,2025,1.0,1.0,kW,kW,1.0,none,536.0,536.0,"No unit rule for 'kW' with tech 'Solar', kept units."
Solar,capex,USD,USD,2025,1.0,1.0,kW,kW,1.0,none,8483.0,8483.0,"No unit rule for 'kW' with tech 'Solar', kept units."
Solar,capex,USD,USD,2025,1.0,1.0,kW,kW,1.0,none,7481.0,7481.0,"No unit rule for 'kW' with tech 'Solar', kept units."
Solar,capex,USD,USD,2025,1.0,1.0,kW,kW,1.0,none,5680.0,5680.0,"No unit rule for 'kW' with tech 'Solar', kept units."
Solar,capex,USD,USD,2025,1.0,1.0,kW,kW,1.0,none,4990.0,4990.0,"No unit rule for 'kW' with tech 'Solar', kept units."
Solar,capex,USD,USD,2025,1.0,1.0,kW,kW,1.0,none,4576.0,4576.0,"No unit rule for 'kW' with tech 'Solar', kept units."
Solar,capex,USD,USD,2025,1.0,1.0,kW,kW,1.0,none,3437.0,3437.0,"No unit rule for 'kW' with tech 'Solar', kept units."
Solar,capex,USD,USD,2025,1.0,1.0,kW,kW,1.0,none,3140.0,3140.0,"No unit rule for 'kW' with tech 'Solar', kept units."
Solar,capex,USD,USD,2025,1.0,1.0,kW,kW,1.0,none,2694.0,2694.0,"No unit rule for 'kW' with tech 'Solar', kept units."
Solar,capex,USD,USD,2025,1.0,1.0,kW,kW,1.0,none,2299.0,2299.0,"No unit rule for 'kW' with tech 'Solar', kept units."
Solar,capex,USD,USD,2025,1.0,1.0,kW,kW,1.0,none,1895.0,1895.0,"No unit rule for 'kW' with tech 'Solar', kept units."
Solar,capex,USD,USD,2025,1.0,1.0,kW,kW,1.0,none,1662.0,1662.0,"No unit rule for 'kW' with tech 'Solar', kept units."
Solar,capex,USD,USD,2025,1.0,1.0,kW,kW,1.0,none,1547.0,1547.0,"No unit rule for 'kW' with tech 'Solar', kept units."
Solar,capex,USD,USD,2025,1.0,1.0,kW,kW,1.0,none,1476.0,1476.0,"No unit rule for 'kW' with tech 'Solar', kept units."
Solar,capex,USD,USD,2025,1.0,1.0,kW,kW,1.0,none,1229.0,1229.0,"No unit rule for 'kW' with tech 'Solar', kept units."
Solar,capex,USD,USD,2025,1.0,1.0,kW,kW,1.0,none,1093.0,1093.0,"No unit rule for 'kW' with tech 'Solar', kept units."
Solar,capex,USD,USD,2025,1.0,1.0,kW,kW,1.0,none,948.0,948.0,"No unit rule for 'kW' with tech 'Solar', kept units."
Solar,capex,USD,USD,2025,1.0,1.0,kW,kW,1.0,none,845.0,845.0,"No unit rule for 'kW' with tech 'Solar', kept units."
Solar,capex,USD,USD,2025,1.0,1.0,kW,kW,1.0,none,756.0,756.0,"No unit rule for 'kW' with tech 'Solar', kept units."
Solar,capex,USD,USD,2025,1.0,1.0,kW,kW,1.0,none,680.0,680.0,"No unit rule for 'kW' with tech 'Solar', kept units."
Solar,capex,USD,USD,2025,1.0,1.0,kW,kW,1.0,none,614.0,614.0,"No unit rule for 'kW' with tech 'Solar', kept units."
Solar,capex,USD,USD,2025,1.0,1.0,kW,kW,1.0,none,554.0,554.0,"No unit rule for 'kW' with tech 'Solar', kept units."
Solar,capex,USD,USD,2025,1.0,1.0,kW,kW,1.0,none,6446.0,6446.0,"No unit rule for 'kW' with tech 'Solar', kept units."
Solar,capex,USD,USD,2025,1.0,1.0,kW,kW,1.0,none,5685.0,5685.0,"No unit rule for 'kW' with tech 'Solar', kept units."
Solar,capex,USD,USD,2025,1.0,1.0,kW,kW,1.0,none,4317.0,4317.0,"No unit rule for 'kW' with tech 'Solar', kept units."
Solar,capex,USD,USD,2025,1.0,1.0,kW,kW,1.0,none,3792.0,3792.0,"No unit rule for 'kW' with tech 'Solar', kept units."
Solar,capex,USD,USD,2025,1.0,1.0,kW,kW,1.0,none,3477.0,3477.0,"No unit rule for 'kW' with tech 'Solar', kept units."
Solar,capex,USD,USD,2025,1.0,1.0,kW,kW,1.0,none,2612.0,2612.0,"No unit rule for 'kW' with tech 'Solar', kept units."
Solar,capex,USD,USD,2025,1.0,1.0,kW,kW,1.0,none,2557.0,2557.0,"No unit rule for 'kW' with tech 'Solar', kept units."
Solar,capex,USD,USD,2025,1.0,1.0,kW,kW,1.0,none,2342.0,2342.0,"No unit rule for 'kW' with tech 'Solar', kept units."
Solar,capex,USD,USD,2025,1.0,1.0,kW,kW,1.0,none,2125.0,2125.0,"No unit rule for 'kW' with tech 'Solar', kept units."
Solar,capex,USD,USD,2025,1.0,1.0,kW,kW,1.0,none,1857.0,1857.0,"No unit rule for 'kW' with tech 'Solar', kept units."
Solar,capex,USD,USD,2025,1.0,1.0,kW,kW,1.0,none,1720.0,1720.0,"No unit rule for 'kW' with tech 'Solar', kept units."
Solar,capex,USD,USD,2025,1.0,1.0,kW,kW,1.0,none,1686.0,1686.0,"No unit rule for 'kW' with tech 'Solar', kept units."
Solar,capex,USD,USD,2025,1.0,1.0,kW,kW,1.0,none,1691.0,1691.0,"No unit rule for 'kW' with tech 'Solar', kept units."
Solar,capex,USD,USD,2025,1.0,1.0,kW,kW,1.0,none,1477.0,1477.0,"No unit rule for 'kW' with tech 'Solar', kept units."
Solar,capex,USD,USD,2025,1.0,1.0,kW,kW,1.0,none,1375.0,1375.0,"No unit rule for 'kW' with tech 'Solar', kept units."
Solar,capex,USD,USD,2025,1.0,1.0,kW,kW,1.0,none,1192.0,1192.0,"No unit rule for 'kW' with tech 'Solar', kept units."
Solar,capex,USD,USD,2025,1.0,1.0,kW,kW,1.0,none,1063.0,1063.0,"No unit rule for 'kW' with tech 'Solar', kept units."
Solar,capex,USD,USD,2025,1.0,1.0,kW,kW,1.0,none,951.0,951.0,"No unit rule for 'kW' with tech 'Solar', kept units."
Solar,capex,USD,USD,2025,1.0,1.0,kW,kW,1.0,none,856.0,856.0,"No unit rule for 'kW' with tech 'Solar', kept units."
Solar,capex,USD,USD,2025,1.0,1.0,kW,kW,1.0,none,772.0,772.0,"No unit rule for 'kW' with tech 'Solar', kept units."
Solar,capex,USD,USD,2025,1.0,1.0,kW,kW,1.0,none,697.0,697.0,"No unit rule for 'kW' with tech 'Solar', kept units."
Solar,capex,USD,USD,2025,1.0,1.0,kW,kW,1.0,none,8485.0,8485.0,"No unit rule for 'kW' with tech 'Solar', kept units."
Solar,capex,USD,USD,2025,1.0,1.0,kW,kW,1.0,none,7483.0,7483.0,"No unit rule for 'kW' with tech 'Solar', kept units."
Solar,capex,USD,USD,2025,1.0,1.0,kW,kW,1.0,none,5682.0,5682.0,"No unit rule for 'kW' with tech 'Solar', kept units."
Solar,capex,USD,USD,2025,1.0,1.0,kW,kW,1.0,none,4991.0,4991.0,"No unit rule for 'kW' with tech 'Solar', kept units."
Solar,capex,USD,USD,2025,1.0,1.0,kW,kW,1.0,none,4577.0,4577.0,"No unit rule for 'kW' with tech 'Solar', kept units."
Solar,capex,USD,USD,2025,1.0,1.0,kW,kW,1.0,none,3438.0,3438.0,"No unit rule for 'kW' with tech 'Solar', kept units."
Solar,capex,USD,USD,2025,1.0,1.0,kW,kW,1.0,none,3121.0,3121.0,"No unit rule for 'kW' with tech 'Solar', kept units."
Solar,capex,USD,USD,2025,1.0,1.0,kW,kW,1.0,none,2661.0,2661.0,"No unit rule for 'kW' with tech 'Solar', kept units."
Solar,capex,USD,USD,2025,1.0,1.0,kW,kW,1.0,none,2255.0,2255.0,"No unit rule for 'kW' with tech 'Solar', kept units."
Solar,capex,USD,USD,2025,1.0,1.0,kW,kW,1.0,none,1848.0,1848.0,"No unit rule for 'kW' with tech 'Solar', kept units."
Solar,capex,USD,USD,2025,1.0,1.0,kW,kW,1.0,none,1610.0,1610.0,"No unit rule for 'kW' with tech 'Solar', kept units."
Solar,capex,USD,USD,2025,1.0,1.0,kW,kW,1.0,none,1488.0,1488.0,"No unit rule for 'kW' with tech 'Solar', kept units."
Solar,capex,USD,USD,2025,1.0,1.0,kW,kW,1.0,none,1410.0,1410.0,"No unit rule for 'kW' with tech 'Solar', kept units."
Solar,capex,USD,USD,2025,1.0,1.0,kW,kW,1.0,none,1166.0,1166.0,"No unit rule for 'kW' with tech 'Solar', kept units."
Solar,capex,USD,USD,2025,1.0,1.0,kW,kW,1.0,none,1030.0,1030.0,"No unit rule for 'kW' with tech 'Solar', kept units."
Solar,capex,USD,USD,2025,1.0,1.0,kW,kW,1.0,none,893.0,893.0,"No unit rule for 'kW' with tech 'Solar', kept units."
Solar,capex,USD,USD,2025,1.0,1.0,kW,kW,1.0,none,796.0,796.0,"No unit rule for 'kW' with tech 'Solar', kept units."
Solar,capex,USD,USD,2025,1.0,1.0,kW,kW,1.0,none,713.0,713.0,"No unit rule for 'kW' with tech 'Solar', kept units."
Solar,capex,USD,USD,2025,1.0,1.0,kW,kW,1.0,none,641.0,641.0,"No unit rule for 'kW' with tech 'Solar', kept units."
Solar,capex,USD,USD,2025,1.0,1.0,kW,kW,1.0,none,578.0,578.0,"No unit rule for 'kW' with tech 'Solar', kept units."
Solar,capex,USD,USD,2025,1.0,1.0,kW,kW,1.0,none,522.0,522.0,"No unit rule for 'kW' with tech 'Solar', kept units."
Solar,capex,USD,USD,2025,1.0,1.0,kW,kW,1.0,none,4341.0,4341.0,"No unit rule for 'kW' with tech 'Solar', kept units."
Solar,capex,USD,USD,2025,1.0,1.0,kW,kW,1.0,none,3828.0,3828.0,"No unit rule for 'kW' with tech 'Solar', kept units."
Solar,capex,USD,USD,2025,1.0,1.0,kW,kW,1.0,none,2907.0,2907.0,"No unit rule for 'kW' with tech 'Solar', kept units."
Solar,capex,USD,USD,2025,1.0,1.0,kW,kW,1.0,none,2554.0,2554.0,"No unit rule for 'kW' with tech 'Solar', kept units."
Solar,capex,USD,USD,2025,1.0,1.0,kW,kW,1.0,none,2342.0,2342.0,"No unit rule for 'kW' with tech 'Solar', kept units."
Solar,capex,USD,USD,2025,1.0,1.0,kW,kW,1.0,none,1759.0,1759.0,"No unit rule for 'kW' with tech 'Solar', kept units."
Solar,capex,USD,USD,2025,1.0,1.0,kW,kW,1.0,none,1676.0,1676.0,"No unit rule for 'kW' with tech 'Solar', kept units."
Solar,capex,USD,USD,2025,1.0,1.0,kW,kW,1.0,none,1498.0,1498.0,"No unit rule for 'kW' with tech 'Solar', kept units."
Solar,capex,USD,USD,2025,1.0,1.0,kW,kW,1.0,none,1329.0,1329.0,"No unit rule for 'kW' with tech 'Solar', kept units."
Solar,capex,USD,USD,2025,1.0,1.0,kW,kW,1.0,none,1138.0,1138.0,"No unit rule for 'kW' with tech 'Solar', kept units."
Solar,capex,USD,USD,2025,1.0,1.0,kW,kW,1.0,none,1035.0,1035.0,"No unit rule for 'kW' with tech 'Solar', kept units."
Solar,capex,USD,USD,2025,1.0,1.0,kW,kW,1.0,none,998.0,998.0,"No unit rule for 'kW' with tech 'Solar', kept units."
Solar,capex,USD,USD,2025,1.0,1.0,kW,kW,1.0,none,985.0,985.0,"No unit rule for 'kW' with tech 'Solar', kept units."
Solar,capex,USD,USD,2025,1.0,1.0,kW,kW,1.0,none,848.0,848.0,"No unit rule for 'kW' with tech 'Solar', kept units."
Solar,capex,USD,USD,2025,1.0,1.0,kW,kW,1.0,none,779.0,779.0,"No unit rule for 'kW' with tech 'Solar', kept units."
Solar,capex,USD,USD,2025,1.0,1.0,kW,kW,1.0,none,675.0,675.0,"No unit rule for 'kW' with tech 'Solar', kept units."
Solar,capex,USD,USD,2025,1.0,1.0,kW,kW,1.0,none,602.0,602.0,"No unit rule for 'kW' with tech 'Solar', kept units."
Solar,capex,USD,USD,2025,1.0,1.0,kW,kW,1.0,none,539.0,539.0,"No unit rule for 'kW' with tech 'Solar', kept units."
Solar,capex,USD,USD,2025,1.0,1.0,kW,kW,1.0,none,485.0,485.0,"No unit rule for 'kW' with tech 'Solar', kept units."
Solar,capex,USD,USD,2025,1.0,1.0,kW,kW,1.0,none,437.0,437.0,"No unit rule for 'kW' with tech 'Solar', kept units."
Solar,capex,USD,USD,2025,1.0,1.0,kW,kW,1.0,none,395.0,395.0,"No unit rule for 'kW' with tech 'Solar', kept units."
Solar,capex,USD,USD,2025,1.0,1.0,kW,kW,1.0,none,6572.0,6572.0,"No unit rule for 'kW' with tech 'Solar', kept units."
Solar,capex,USD,USD,2025,1.0,1.0,kW,kW,1.0,none,5796.0,5796.0,"No unit rule for 'kW' with tech 'Solar', kept units."
Solar,capex,USD,USD,2025,1.0,1.0,kW,kW,1.0,none,4401.0,4401.0,"No unit rule for 'kW' with tech 'Solar', kept units."
Solar,capex,USD,USD,2025,1.0,1.0,kW,kW,1.0,none,3866.0,3866.0,"No unit rule for 'kW' with tech 'Solar', kept units."
Solar,capex,USD,USD,2025,1.0,1.0,kW,kW,1.0,none,3545.0,3545.0,"No unit rule for 'kW' with tech 'Solar', kept units."
Solar,capex,USD,USD,2025,1.0,1.0,kW,kW,1.0,none,2663.0,2663.0,"No unit rule for 'kW' with tech 'Solar', kept units."
Solar,capex,USD,USD,2025,1.0,1.0,kW,kW,1.0,none,2463.0,2463.0,"No unit rule for 'kW' with tech 'Solar', kept units."
Solar,capex,USD,USD,2025,1.0,1.0,kW,kW,1.0,none,2140.0,2140.0,"No unit rule for 'kW' with tech 'Solar', kept units."
Solar,capex,USD,USD,2025,1.0,1.0,kW,kW,1.0,none,1848.0,1848.0,"No unit rule for 'kW' with tech 'Solar', kept units."
Solar,capex,USD,USD,2025,1.0,1.0,kW,kW,1.0,none,1543.0,1543.0,"No unit rule for 'kW' with tech 'Solar', kept units."
Solar,capex,USD,USD,2025,1.0,1.0,kW,kW,1.0,none,1369.0,1369.0,"No unit rule for 'kW' with tech 'Solar', kept units."
Solar,capex,USD,USD,2025,1.0,1.0,kW,kW,1.0,none,1290.0,1290.0,"No unit rule for 'kW' with tech 'Solar', kept units."
Solar,capex,USD,USD,2025,1.0,1.0,kW,kW,1.0,none,1245.0,1245.0,"No unit rule for 'kW' with tech 'Solar', kept units."
Solar,capex,USD,USD,2025,1.0,1.0,kW,kW,1.0,none,1049.0,1049.0,"No unit rule for 'kW' with tech 'Solar', kept units."
Solar,capex,USD,USD,2025,1.0,1.0,kW,kW,1.0,none,944.0,944.0,"No unit rule for 'kW' with tech 'Solar', kept units."
Solar,capex,USD,USD,2025,1.0,1.0,kW,kW,1.0,none,818.0,818.0,"No unit rule for 'kW' with tech 'Solar', kept units."
Solar,capex,USD,USD,2025,1.0,1.0,kW,kW,1.0,none,730.0,730.0,"No unit rule for 'kW' with tech 'Solar', kept units."
Solar,capex,USD,USD,2025,1.0,1.0,kW,kW,1.0,none,653.0,653.0,"No unit rule for 'kW' with tech 'Solar', kept units."
Solar,capex,USD,USD,2025,1.0,1.0,kW,kW,1.0,none,588.0,588.0,"No unit rule for 'kW' with tech 'Solar', kept units."
Solar,capex,USD,USD,2025,1.0,1.0,kW,kW,1.0,none,530.0,530.0,"No unit rule for 'kW' with tech 'Solar', kept units."
Solar,capex,USD,USD,2025,1.0,1.0,kW,kW,1.0,none,478.0,478.0,"No unit rule for 'kW' with tech 'Solar', kept units."
Solar,capex,USD,USD,2025,1.0,1.0,kW,kW,1.0,none,6545.0,6545.0,"No unit rule for 'kW' with tech 'Solar', kept units."
Solar,capex,USD,USD,2025,1.0,1.0,kW,kW,1.0,none,5772.0,5772.0,"No unit rule for 'kW' with tech 'Solar', kept units."
Solar,capex,USD,USD,2025,1.0,1.0,kW,kW,1.0,none,4383.0,4383.0,"No unit rule for 'kW' with tech 'Solar', kept units."
Solar,capex,USD,USD,2025,1.0,1.0,kW,kW,1.0,none,3850.0,3850.0,"No unit rule for 'kW' with tech 'Solar', kept units."
Solar,capex,USD,USD,2025,1.0,1.0,kW,kW,1.0,none,3530.0,3530.0,"No unit rule for 'kW' with tech 'Solar', kept units."
Solar,capex,USD,USD,2025,1.0,1.0,kW,kW,1.0,none,2652.0,2652.0,"No unit rule for 'kW' with tech 'Solar', kept units."
Solar,capex,USD,USD,2025,1.0,1.0,kW,kW,1.0,none,2514.0,2514.0,"No unit rule for 'kW' with tech 'Solar', kept units."
Solar,capex,USD,USD,2025,1.0,1.0,kW,kW,1.0,none,2236.0,2236.0,"No unit rule for 'kW' with tech 'Solar', kept units."
Solar,capex,USD,USD,2025,1.0,1.0,kW,kW,1.0,none,1975.0,1975.0,"No unit rule for 'kW' with tech 'Solar', kept units."
Solar,capex,USD,USD,2025,1.0,1.0,kW,kW,1.0,none,1684.0,1684.0,"No unit rule for 'kW' with tech 'Solar', kept units."
Solar,capex,USD,USD,2025,1.0,1.0,kW,kW,1.0,none,1526.0,1526.0,"No unit rule for 'kW' with tech 'Solar', kept units."
Solar,capex,USD,USD,2025,1.0,1.0,kW,kW,1.0,none,1465.0,1465.0,"No unit rule for 'kW' with tech 'Solar', kept units."
Solar,capex,USD,USD,2025,1.0,1.0,kW,kW,1.0,none,1442.0,1442.0,"No unit rule for 'kW' with tech 'Solar', kept units."
Solar,capex,USD,USD,2025,1.0,1.0,kW,kW,1.0,none,1238.0,1238.0,"No unit rule for 'kW' with tech 'Solar', kept units."
Solar,capex,USD,USD,2025,1.0,1.0,kW,kW,1.0,none,1133.0,1133.0,"No unit rule for 'kW' with tech 'Solar', kept units."
Solar,capex,USD,USD,2025,1.0,1.0,kW,kW,1.0,none,982.0,982.0,"No unit rule for 'kW' with tech 'Solar', kept units."
Solar,capex,USD,USD,2025,1.0,1.0,kW,kW,1.0,none,876.0,876.0,"No unit rule for 'kW' with tech 'Solar', kept units."
Solar,capex,USD,USD,2025,1.0,1.0,kW,kW,1.0,none,784.0,784.0,"No unit rule for 'kW' with tech 'Solar', kept units."
Solar,capex,USD,USD,2025,1.0,1.0,kW,kW,1.0,none,705.0,705.0,"No unit rule for 'kW' with tech 'Solar', kept units."
Solar,capex,USD,USD,2025,1.0,1.0,kW,kW,1.0,none,636.0,636.0,"No unit rule for 'kW' with tech 'Solar', kept units."
Solar,capex,USD,USD,2025,1.0,1.0,kW,kW,1.0,none,574.0,574.0,"No unit rule for 'kW' with tech 'Solar', kept units."
Solar,capex,USD,USD,2025,1.0,1.0,kW,kW,1.0,none,6521.0,6521.0,"No unit rule for 'kW' with tech 'Solar', kept units."
Solar,capex,USD,USD,2025,1.0,1.0,kW,kW,1.0,none,5750.0,5750.0,"No unit rule for 'kW' with tech 'Solar', kept units."
Solar,capex,USD,USD,2025,1.0,1.0,kW,kW,1.0,none,4366.0,4366.0,"No unit rule for 'kW' with tech 'Solar', kept units."
Solar,capex,USD,USD,2025,1.0,1.0,kW,kW,1.0,none,3836.0,3836.0,"No unit rule for 'kW' with tech 'Solar', kept units."
Solar,capex,USD,USD,2025,1.0,1.0,kW,kW,1.0,none,3517.0,3517.0,"No unit rule for 'kW' with tech 'Solar', kept units."
Solar,capex,USD,USD,2025,1.0,1.0,kW,kW,1.0,none,2642.0,2642.0,"No unit rule for 'kW' with tech 'Solar', kept units."
Solar,capex,USD,USD,2025,1.0,1.0,kW,kW,1.0,none,2529.0,2529.0,"No unit rule for 'kW' with tech 'Solar', kept units."
Solar,capex,USD,USD,2025,1.0,1.0,kW,kW,1.0,none,2269.0,2269.0,"No unit rule for 'kW' with tech 'Solar', kept units."
Solar,capex,USD,USD,2025,1.0,1.0,kW,kW,1.0,none,2021.0,2021.0,"No unit rule for 'kW' with tech 'Solar', kept units."
Solar,capex,USD,USD,2025,1.0,1.0,kW,kW,1.0,none,1737.0,1737.0,"No unit rule for 'kW' with tech 'Solar', kept units."
Solar,capex,USD,USD,2025,1.0,1.0,kW,kW,1.0,none,1585.0,1585.0,"No unit rule for 'kW' with tech 'Solar', kept units."
Solar,capex,USD,USD,2025,1.0,1.0,kW,kW,1.0,none,1532.0,1532.0,"No unit rule for 'kW' with tech 'Solar', kept units."
Solar,capex,USD,USD,2025,1.0,1.0,kW,kW,1.0,none,1517.0,1517.0,"No unit rule for 'kW' with tech 'Solar', kept units."
Solar,capex,USD,USD,2025,1.0,1.0,kW,kW,1.0,none,1310.0,1310.0,"No unit rule for 'kW' with tech 'Solar', kept units."
Solar,capex,USD,USD,2025,1.0,1.0,kW,kW,1.0,none,1206.0,1206.0,"No unit rule for 'kW' with tech 'Solar', kept units."
Solar,capex,USD,USD,2025,1.0,1.0,kW,kW,1.0,none,1046.0,1046.0,"No unit rule for 'kW' with tech 'Solar', kept units."
Solar,capex,USD,USD,2025,1.0,1.0,kW,kW,1.0,none,932.0,932.0,"No unit rule for 'kW' with tech 'Solar', kept units."
Solar,capex,USD,USD,2025,1.0,1.0,kW,kW,1.0,none,834.0,834.0,"No unit rule for 'kW' with tech 'Solar', kept units."
Solar,capex,USD,USD,2025,1.0,1.0,kW,kW,1.0,none,751.0,751.0,"No unit rule for 'kW' with tech 'Solar', kept units."
Solar,capex,USD,USD,2025,1.0,1.0,kW,kW,1.0,none,677.0,677.0,"No unit rule for 'kW' with tech 'Solar', kept units."
Solar,capex,USD,USD,2025,1.0,1.0,kW,kW,1.0,none,611.0,611.0,"No unit rule for 'kW' with tech 'Solar', kept units."
Solar,capex,USD,USD,2025,1.0,1.0,kW,kW,1.0,none,7903.0,7903.0,"No unit rule for 'kW' with tech 'Solar', kept units."
Solar,capex,USD,USD,2025,1.0,1.0,kW,kW,1.0,none,6969.0,6969.0,"No unit rule for 'kW' with tech 'Solar', kept units."
Solar,capex,USD,USD,2025,1.0,1.0,kW,kW,1.0,none,5292.0,5292.0,"No unit rule for 'kW' with tech 'Solar', kept units."
Solar,capex,USD,USD,2025,1.0,1.0,kW,kW,1.0,none,4649.0,4649.0,"No unit rule for 'kW' with tech 'Solar', kept units."
Solar,capex,USD,USD,2025,1.0,1.0,kW,kW,1.0,none,4263.0,4263.0,"No unit rule for 'kW' with tech 'Solar', kept units."
Solar,capex,USD,USD,2025,1.0,1.0,kW,kW,1.0,none,3202.0,3202.0,"No unit rule for 'kW' with tech 'Solar', kept units."
Solar,capex,USD,USD,2025,1.0,1.0,kW,kW,1.0,none,2934.0,2934.0,"No unit rule for 'kW' with tech 'Solar', kept units."
Solar,capex,USD,USD,2025,1.0,1.0,kW,kW,1.0,none,2526.0,2526.0,"No unit rule for 'kW' with tech 'Solar', kept units."
Solar,capex,USD,USD,2025,1.0,1.0,kW,kW,1.0,none,2162.0,2162.0,"No unit rule for 'kW' with tech 'Solar', kept units."
Solar,capex,USD,USD,2025,1.0,1.0,kW,kW,1.0,none,1789.0,1789.0,"No unit rule for 'kW' with tech 'Solar', kept units."
Solar,capex,USD,USD,2025,1.0,1.0,kW,kW,1.0,none,1574.0,1574.0,"No unit rule for 'kW' with tech 'Solar', kept units."
Solar,capex,USD,USD,2025,1.0,1.0,kW,kW,1.0,none,1469.0,1469.0,"No unit rule for 'kW' with tech 'Solar', kept units."
Solar,capex,USD,USD,2025,1.0,1.0,kW,kW,1.0,none,1406.0,1406.0,"No unit rule for 'kW' with tech 'Solar', kept units."
Solar,capex,USD,USD,2025,1.0,1.0,kW,kW,1.0,none,1175.0,1175.0,"No unit rule for 'kW' with tech 'Solar', kept units."
Solar,capex,USD,USD,2025,1.0,1.0,kW,kW,1.0,none,1048.0,1048.0,"No unit rule for 'kW' with tech 'Solar', kept units."
Solar,capex,USD,USD,2025,1.0,1.0,kW,kW,1.0,none,909.0,909.0,"No unit rule for 'kW' with tech 'Solar', kept units."
Solar,capex,USD,USD,2025,1.0,1.0,kW,kW,1.0,none,810.0,810.0,"No unit rule for 'kW' with tech 'Solar', kept units."
Solar,capex,USD,USD,2025,1.0,1.0,kW,kW,1.0,none,725.0,725.0,"No unit rule for 'kW' with tech 'Solar', kept units."
Solar,capex,USD,USD,2025,1.0,1.0,kW,kW,1.0,none,652.0,652.0,"No unit rule for 'kW' with tech 'Solar', kept units."
Solar,capex,USD,USD,2025,1.0,1.0,kW,kW,1.0,none,589.0,589.0,"No unit rule for 'kW' with tech 'Solar', kept units."
Solar,capex,USD,USD,2025,1.0,1.0,kW,kW,1.0,none,531.0,531.0,"No unit rule for 'kW' with tech 'Solar', kept units."
Coal,fuel,USD,USD,2025,1.0,1.0,t,MWh_th,0.15,general,105.1,15.764999999999999,
Coal,fuel,USD,USD,2025,1.0,1.0,t,MWh_th,0.15,general,130.4,19.56,
Coal,fuel,USD,USD,2025,1.0,1.0,t,MWh_th,0.15,general,99.5,14.924999999999999,
Coal,fuel,USD,USD,2025,1.0,1.0,t,MWh_th,0.15,general,88.2,13.23,
Coal,fuel,USD,USD,2025,1.0,1.0,t,MWh_th,0.15,general,74.9,11.235000000000001,
Coal,fuel,USD,USD,2025,1.0,1.0,t,MWh_th,0.15,general,62.6,9.39,
Coal,fuel,USD,USD,2025,1.0,1.0,t,MWh_th,0.15,general,68.7,10.305,
Coal,fuel,USD,USD,2025,1.0,1.0,t,MWh_th,0.15,general,94.1,14.114999999999998,
Coal,fuel,USD,USD,2025,1.0,1.0,t,MWh_th,0.15,general,113.1,16.965,
Coal,fuel,USD,USD,2025,1.0,1.0,t,MWh_th,0.15,general,80.4,12.06,
Coal,fuel,USD,USD,2025,1.0,1.0,t,MWh_th,0.15,general,61.2,9.18,
Coal,fuel,USD,USD,2025,1.0,1.0,t,MWh_th,0.15,general,143.0,21.45,
Coal,fuel,USD,USD,2025,1.0,1.0,t,MWh_th,0.15,general,364.8,54.72,
Coal,fuel,USD,USD,2025,1.0,1.0,t,MWh_th,0.15,general,188.5,28.275,
Coal,fuel,USD,USD,2025,1.0,1.0,t,MWh_th,0.15,general,142.1,21.314999999999998,
Coal,fuel,USD,USD,2025,1.0,1.0,t,MWh_th,0.15,general,112.2,16.83,
Coal,fuel,USD,USD,2025,1.0,1.0,t,MWh_th,0.15,general,112.2,16.83,
Coal,fuel,USD,USD,2025,1.0,1.0,t,MWh_th,0.15,general,112.2,16.83,
Coal,fuel,USD,USD,2025,1.0,1.0,t,MWh_th,0.15,general,112.2,16.83,
Coal,fuel,USD,USD,2025,1.0,1.0,t,MWh_th,0.15,general,112.2,16.83,
Coal,fuel,USD,USD,2025,1.0,1.0,t,MWh_th,0.15,general,112.2,16.83,
Coal,fuel,USD,USD,2025,1.0,1.0,t,MWh_th,0.15,general,110.1,16.514999999999997,
Coal,fuel,USD,USD,2025,1.0,1.0,t,MWh_th,0.15,general,127.3,19.095,
Coal,fuel,USD,USD,2025,1.0,1.0,t,MWh_th,0.15,general,111.9,16.785,
Coal,fuel,USD,USD,2025,1.0,1.0,t,MWh_th,0.15,general,95.4,14.31,
Coal,fuel,USD,USD,2025,1.0,1.0,t,MWh_th,0.15,general,84.1,12.614999999999998,
Coal,fuel,USD,USD,2025,1.0,1.0,t,MWh_th,0.15,general,67.5,10.125,
Coal,fuel,USD,USD,2025,1.0,1.0,t,MWh_th,0.15,general,71.3,10.694999999999999,
Coal,fuel,USD,USD,2025,1.0,1.0,t,MWh_th,0.15,general,94.7,14.205,
Coal,fuel,USD,USD,2025,1.0,1.0,t,MWh_th,0.15,general,99.4,14.91,
Coal,fuel,USD,USD,2025,1.0,1.0,t,MWh_th,0.15,general,35.2,5.28,
Coal,fuel,USD,USD,2025,1.0,1.0,t,MWh_th,0.15,general,30.6,4.59,
Coal,fuel,USD,USD,2025,1.0,1.0,t,MWh_th,0.15,general,124.7,18.705,
Coal,fuel,USD,USD,2025,1.0,1.0,t,MWh_th,0.15,general,177.8,26.67,
Coal,fuel,USD,USD,2025,1.0,1.0,t,MWh_th,0.15,general,120.7,18.105,
Coal,fuel,USD,USD,2025,1.0,1.0,t,MWh_th,0.15,general,102.0,15.299999999999999,
Coal,fuel,USD,USD,2025,1.0,1.0,t,MWh_th,0.15,general,80.6,12.089999999999998,
Coal,fuel,USD,USD,2025,1.0,1.0,t,MWh_th,0.15,general,80.6,12.089999999999998,
Coal,fuel,USD,USD,2025,1.0,1.0,t,MWh_th,0.15,general,80.6,12.089999999999998,
Coal,fuel,USD,USD,2025,1.0,1.0,t,MWh_th,0.15,general,80.6,12.089999999999998,
Coal,fuel,USD,USD,2025,1.0,1.0,t,MWh_th,0.15,general,80.6,12.089999999999998,
Coal,fuel,USD,USD,2025,1.0,1.0,t,MWh_th,0.15,general,80.6,12.089999999999998,
Coal,fuel,USD,USD,2025,1.0,1.0,t,MWh_th,0.15,general,108.5,16.275,
Coal,fuel,USD,USD,2025,1.0,1.0,t,MWh_th,0.15,general,126.1,18.915,
Coal,fuel,USD,USD,2025,1.0,1.0,t,MWh_th,0.15,general,100.3,15.044999999999998,
Coal,fuel,USD,USD,2025,1.0,1.0,t,MWh_th,0.15,general,90.1,13.514999999999999,
Coal,fuel,USD,USD,2025,1.0,1.0,t,MWh_th,0.15,general,76.1,11.415,
Coal,fuel,USD,USD,2025,1.0,1.0,t,MWh_th,0.15,general,60.1,9.015,
Coal,fuel,USD,USD,2025,1.0,1.0,t,MWh_th,0.15,general,71.7,10.755,
Coal,fuel,USD,USD,2025,1.0,1.0,t,MWh_th,0.15,general,96.0,14.399999999999999,
Coal,fuel,USD,USD,2025,1.0,1.0,t,MWh_th,0.15,general,112.7,16.905,
Coal,fuel,USD,USD,2025,1.0,1.0,t,MWh_th,0.15,general,73.6,11.04,
Coal,fuel,USD,USD,2025,1.0,1.0,t,MWh_th,0.15,general,61.0,9.15,
Coal,fuel,USD,USD,2025,1.0,1.0,t,MWh_th,0.15,general,114.6,17.189999999999998,
Coal,fuel,USD,USD,2025,1.0,1.0,t,MWh_th,0.15,general,214.6,32.19,
Coal,fuel,USD,USD,2025,1.0,1.0,t,MWh_th,0.15,general,130.2,19.529999999999998,
Coal,fuel,USD,USD,2025,1.0,1.0,t,MWh_th,0.15,general,115.4,17.31,
Coal,fuel,USD,USD,2025,1.0,1.0,t,MWh_th,0.15,general,91.2,13.68,
Coal,fuel,USD,USD,2025,1.0,1.0,t,MWh_th,0.15,general,91.2,13.68,
Coal,fuel,USD,USD,2025,1.0,1.0,t,MWh_th,0.15,general,91.2,13.68,
Coal,fuel,USD,USD,2025,1.0,1.0,t,MWh_th,0.15,general,91.2,13.68,
Coal,fuel,USD,USD,2025,1.0,1.0,t,MWh_th,0.15,general,91.2,13.68,
Coal,fuel,USD,USD,2025,1.0,1.0,t,MWh_th,0.15,general,91.2,13.68,
Coal,fuel,USD,USD,2025,1.0,1.0,t,MWh_th,0.15,general,66.1,9.915,
Coal,fuel,USD,USD,2025,1.0,1.0,t,MWh_th,0.15,general,82.0,12.299999999999999,
Coal,fuel,USD,USD,2025,1.0,1.0,t,MWh_th,0.15,general,62.6,9.39,
Coal,fuel,USD,USD,2025,1.0,1.0,t,MWh_th,0.15,general,55.5,8.325,
Coal,fuel,USD,USD,2025,1.0,1.0,t,MWh_th,0.15,general,47.1,7.065,
Coal,fuel,USD,USD,2025,1.0,1.0,t,MWh_th,0.15,general,39.4,5.909999999999999,
Coal,fuel,USD,USD,2025,1.0,1.0,t,MWh_th,0.15,general,43.2,6.48,
Coal,fuel,USD,USD,2025,1.0,1.0,t,MWh_th,0.15,general,59.2,8.88,
Coal,fuel,USD,USD,2025,1.0,1.0,t,MWh_th,0.15,general,71.1,10.665,
Coal,fuel,USD,USD,2025,1.0,1.0,t,MWh_th,0.15,general,54.2,8.13,
Coal,fuel,USD,USD,2025,1.0,1.0,t,MWh_th,0.15,general,44.7,6.705,
Coal,fuel,USD,USD,2025,1.0,1.0,t,MWh_th,0.15,general,83.3,12.495,
Coal,fuel,USD,USD,2025,1.0,1.0,t,MWh_th,0.15,general,174.5,26.175,
Coal,fuel,USD,USD,2025,1.0,1.0,t,MWh_th,0.15,general,103.6,15.54,
Coal,fuel,USD,USD,2025,1.0,1.0,t,MWh_th,0.15,general,89.4,13.41,
Coal,fuel,USD,USD,2025,1.0,1.0,t,MWh_th,0.15,general,70.6,10.589999999999998,
Coal,fuel,USD,USD,2025,1.0,1.0,t,MWh_th,0.15,general,70.6,10.589999999999998,
Coal,fuel,USD,USD,2025,1.0,1.0,t,MWh_th,0.15,general,70.6,10.589999999999998,
Coal,fuel,USD,USD,2025,1.0,1.0,t,MWh_th,0.15,general,70.6,10.589999999999998,
Coal,fuel,USD,USD,2025,1.0,1.0,t,MWh_th,0.15,general,70.6,10.589999999999998,
Coal,fuel,USD,USD,2025,1.0,1.0,t,MWh_th,0.15,general,70.6,10.589999999999998,
Coal,fuel,USD,USD,2025,1.0,1.0,t,MWh_th,0.15,general,59.2,8.88,
Coal,fuel,USD,USD,2025,1.0,1.0,t,MWh_th,0.15,general,79.7,11.955,
Coal,fuel,USD,USD,2025,1.0,1.0,t,MWh_th,0.15,general,65.0,9.75,
Coal,fuel,USD,USD,2025,1.0,1.0,t,MWh_th,0.15,general,54.2,8.13,
Coal,fuel,USD,USD,2025,1.0,1.0,t,MWh_th,0.15,general,50.3,7.544999999999999,
Coal,fuel,USD,USD,2025,1.0,1.0,t,MWh_th,0.15,general,47.3,7.095,
Coal,fuel,USD,USD,2025,1.0,1.0,t,MWh_th,0.15,general,52.6,7.89,
Coal,fuel,USD,USD,2025,1.0,1.0,t,MWh_th,0.15,general,68.7,10.305,
Coal,fuel,USD,USD,2025,1.0,1.0,t,MWh_th,0.15,general,72.8,10.92,
Coal,fuel,USD,USD,2025,1.0,1.0,t,MWh_th,0.15,general,51.3,7.694999999999999,
Coal,fuel,USD,USD,2025,1.0,1.0,t,MWh_th,0.15,general,45.2,6.78,
Coal,fuel,USD,USD,2025,1.0,1.0,t,MWh_th,0.15,general,100.4,15.06,
Coal,fuel,USD,USD,2025,1.0,1.0,t,MWh_th,0.15,general,248.4,37.26,
Coal,fuel,USD,USD,2025,1.0,1.0,t,MWh_th,0.15,general,99.9,14.985,
Coal,fuel,USD,USD,2025,1.0,1.0,t,MWh_th,0.15,general,82.9,12.435,
Coal,fuel,USD,USD,2025,1.0,1.0,t,MWh_th,0.15,general,65.5,9.825,
Coal,fuel,USD,USD,2025,1.0,1.0,t,MWh_th,0.15,general,65.5,9.825,
Coal,fuel,USD,USD,2025,1.0,1.0,t,MWh_th,0.15,general,65.5,9.825,
Coal,fuel,USD,USD,2025,1.0,1.0,t,MWh_th,0.15,general,65.5,9.825,
Coal,fuel,USD,USD,2025,1.0,1.0,t,MWh_th,0.15,general,65.5,9.825,
Coal,fuel,USD,USD,2025,1.0,1.0,t,MWh_th,0.15,general,65.5,9.825,
Coal,fuel,USD,USD,2025,1.0,1.0,t,MWh_th,0.15,general,66.1,9.915,
Coal,fuel,USD,USD,2025,1.0,1.0,t,MWh_th,0.15,general,82.0,12.299999999999999,
Coal,fuel,USD,USD,2025,1.0,1.0,t,MWh_th,0.15,general,62.6,9.39,
Coal,fuel,USD,USD,2025,1.0,1.0,t,MWh_th,0.15,general,55.5,8.325,
Coal,fuel,USD,USD,2025,1.0,1.0,t,MWh_th,0.15,general,47.1,7.065,
Coal,fuel,USD,USD,2025,1.0,1.0,t,MWh_th,0.15,general,39.4,5.909999999999999,
Coal,fuel,USD,USD,2025,1.0,1.0,t,MWh_th,0.15,general,43.2,6.48,
Coal,fuel,USD,USD,2025,1.0,1.0,t,MWh_th,0.15,general,59.2,8.88,
Coal,fuel,USD,USD,2025,1.0,1.0,t,MWh_th,0.15,general,71.1,10.665,
Coal,fuel,USD,USD,2025,1.0,1.0,t,MWh_th,0.15,general,50.5,7.574999999999999,
Coal,fuel,USD,USD,2025,1.0,1.0,t,MWh_th,0.15,general,45.2,6.78,
Coal,fuel,USD,USD,2025,1.0,1.0,t,MWh_th,0.15,general,95.2,14.28,
Coal,fuel,USD,USD,2025,1.0,1.0,t,MWh_th,0.15,general,127.6,19.139999999999997,
Coal,fuel,USD,USD,2025,1.0,1.0,t,MWh_th,0.15,general,84.6,12.69,
Coal,fuel,USD,USD,2025,1.0,1.0,t,MWh_th,0.15,general,73.5,11.025,
Coal,fuel,USD,USD,2025,1.0,1.0,t,MWh_th,0.15,general,58.1,8.715,
Coal,fuel,USD,USD,2025,1.0,1.0,t,MWh_th,0.15,general,58.1,8.715,
Coal,fuel,USD,USD,2025,1.0,1.0,t,MWh_th,0.15,general,58.1,8.715,
Coal,fuel,USD,USD,2025,1.0,1.0,t,MWh_th,0.15,general,58.1,8.715,
Coal,fuel,USD,USD,2025,1.0,1.0,t,MWh_th,0.15,general,58.1,8.715,
Coal,fuel,USD,USD,2025,1.0,1.0,t,MWh_th,0.15,general,58.1,8.715,
Coal,fuel,USD,USD,2025,1.0,1.0,t,MWh_th,0.15,general,92.5,13.875,
Coal,fuel,USD,USD,2025,1.0,1.0,t,MWh_th,0.15,general,121.5,18.224999999999998,
Coal,fuel,USD,USD,2025,1.0,1.0,t,MWh_th,0.15,general,92.5,13.875,
Coal,fuel,USD,USD,2025,1.0,1.0,t,MWh_th,0.15,general,81.7,12.255,
Coal,fuel,USD,USD,2025,1.0,1.0,t,MWh_th,0.15,general,75.4,11.31,
Coal,fuel,USD,USD,2025,1.0,1.0,t,MWh_th,0.15,general,56.8,8.52,
Coal,fuel,USD,USD,2025,1.0,1.0,t,MWh_th,0.15,general,60.1,9.015,
Coal,fuel,USD,USD,2025,1.0,1.0,t,MWh_th,0.15,general,84.5,12.674999999999999,
Coal,fuel,USD,USD,2025,1.0,1.0,t,MWh_th,0.15,general,91.8,13.77,
Coal,fuel,USD,USD,2025,1.0,1.0,t,MWh_th,0.15,general,60.2,9.03,
Coal,fuel,USD,USD,2025,1.0,1.0,t,MWh_th,0.15,general,50.1,7.515,
Coal,fuel,USD,USD,2025,1.0,1.0,t,MWh_th,0.15,general,122.6,18.389999999999997,
Coal,fuel,USD,USD,2025,1.0,1.0,t,MWh_th,0.15,general,291.3,43.695,
Coal,fuel,USD,USD,2025,1.0,1.0,t,MWh_th,0.15,general,129.5,19.425,
Coal,fuel,USD,USD,2025,1.0,1.0,t,MWh_th,0.15,general,112.0,16.8,
Coal,fuel,USD,USD,2025,1.0,1.0,t,MWh_th,0.15,general,88.5,13.275,
Coal,fuel,USD,USD,2025,1.0,1.0,t,MWh_th,0.15,general,88.5,13.275,
Coal,fuel,USD,USD,2025,1.0,1.0,t,MWh_th,0.15,general,88.5,13.275,
Coal,fuel,USD,USD,2025,1.0,1.0,t,MWh_th,0.15,general,88.5,13.275,
Coal,fuel,USD,USD,2025,1.0,1.0,t,MWh_th,0.15,general,88.5,13.275,
Coal,fuel,USD,USD,2025,1.0,1.0,t,MWh_th,0.15,general,88.5,13.275,
Coal,fuel,USD,USD,2025,1.0,1.0,t,MWh_th,0.15,general,88.1,13.214999999999998,
Coal,fuel,USD,USD,2025,1.0,1.0,t,MWh_th,0.15,general,109.3,16.395,
Coal,fuel,USD,USD,2025,1.0,1.0,t,MWh_th,0.15,general,83.4,12.51,
Coal,fuel,USD,USD,2025,1.0,1.0,t,MWh_th,0.15,general,74.0,11.1,
Coal,fuel,USD,USD,2025,1.0,1.0,t,MWh_th,0.15,general,62.8,9.42,
Coal,fuel,USD,USD,2025,1.0,1.0,t,MWh_th,0.15,general,47.5,7.125,
Coal,fuel,USD,USD,2025,1.0,1.0,t,MWh_th,0.15,general,53.0,7.949999999999999,
Coal,fuel,USD,USD,2025,1.0,1.0,t,MWh_th,0.15,general,71.6,10.739999999999998,
Coal,fuel,USD,USD,2025,1.0,1.0,t,MWh_th,0.15,general,78.0,11.7,
Coal,fuel,USD,USD,2025,1.0,1.0,t,MWh_th,0.15,general,55.7,8.355,
Coal,fuel,USD,USD,2025,1.0,1.0,t,MWh_th,0.15,general,48.3,7.244999999999999,
Coal,fuel,USD,USD,2025,1.0,1.0,t,MWh_th,0.15,general,96.5,14.475,
Coal,fuel,USD,USD,2025,1.0,1.0,t,MWh_th,0.15,general,213.0,31.95,
Coal,fuel,USD,USD,2025,1.0,1.0,t,MWh_th,0.15,general,99.7,14.955,
Coal,fuel,USD,USD,2025,1.0,1.0,t,MWh_th,0.15,general,88.4,13.26,
Coal,fuel,USD,USD,2025,1.0,1.0,t,MWh_th,0.15,general,69.8,10.469999999999999,
Coal,fuel,USD,USD,2025,1.0,1.0,t,MWh_th,0.15,general,69.8,10.469999999999999,
Coal,fuel,USD,USD,2025,1.0,1.0,t,MWh_th,0.15,general,69.8,10.469999999999999,
Coal,fuel,USD,USD,2025,1.0,1.0,t,MWh_th,0.15,general,69.8,10.469999999999999,
Coal,fuel,USD,USD,2025,1.0,1.0,t,MWh_th,0.15,general,69.8,10.469999999999999,
Coal,fuel,USD,USD,2025,1.0,1.0,t,MWh_th,0.15,general,69.8,10.469999999999999,
Coal,fuel,USD,USD,2025,1.0,1.0,t,MWh_th,0.15,general,67.9,10.185,
Coal,fuel,USD,USD,2025,1.0,1.0,t,MWh_th,0.15,general,84.8,12.719999999999999,
Coal,fuel,USD,USD,2025,1.0,1.0,t,MWh_th,0.15,general,67.3,10.094999999999999,
Coal,fuel,USD,USD,2025,1.0,1.0,t,MWh_th,0.15,general,69.7,10.455,
Coal,fuel,USD,USD,2025,1.0,1.0,t,MWh_th,0.15,general,67.1,10.065,
Coal,fuel,USD,USD,2025,1.0,1.0,t,MWh_th,0.15,general,51.6,7.74,
Coal,fuel,USD,USD,2025,1.0,1.0,t,MWh_th,0.15,general,51.4,7.709999999999999,
Coal,fuel,USD,USD,2025,1.0,1.0,t,MWh_th,0.15,general,63.8,9.569999999999999,
Coal,fuel,USD,USD,2025,1.0,1.0,t,MWh_th,0.15,general,72.8,10.92,
Coal,fuel,USD,USD,2025,1.0,1.0,t,MWh_th,0.15,general,57.2,8.58,
Coal,fuel,USD,USD,2025,1.0,1.0,t,MWh_th,0.15,general,42.8,6.419999999999999,
Coal,fuel,USD,USD,2025,1.0,1.0,t,MWh_th,0.15,general,68.5,10.275,
Coal,fuel,USD,USD,2025,1.0,1.0,t,MWh_th,0.15,general,157.6,23.639999999999997,
Coal,fuel,USD,USD,2025,1.0,1.0,t,MWh_th,0.15,general,73.6,11.04,
Coal,fuel,USD,USD,2025,1.0,1.0,t,MWh_th,0.15,general,77.7,11.655,
Coal,fuel,USD,USD,2025,1.0,1.0,t,MWh_th,0.15,general,61.4,9.209999999999999,
Coal,fuel,USD,USD,2025,1.0,1.0,t,MWh_th,0.15,general,61.4,9.209999999999999,
Coal,fuel,USD,USD,2025,1.0,1.0,t,MWh_th,0.15,general,61.4,9.209999999999999,
Coal,fuel,USD,USD,2025,1.0,1.0,t,MWh_th,0.15,general,61.4,9.209999999999999,
Coal,fuel,USD,USD,2025,1.0,1.0,t,MWh_th,0.15,general,61.4,9.209999999999999,
Coal,fuel,USD,USD,2025,1.0,1.0,t,MWh_th,0.15,general,61.4,9.209999999999999,
Gas,fuel,USD,USD,2025,1.0,1.0,MWh_th,MWh_th,1.0,none,32.0,32.0,"No unit rule for 'MWh_th' with tech 'Gas', kept units."
Gas,fuel,USD,USD,2025,1.0,1.0,MWh_th,MWh_th,1.0,none,53.1,53.1,"No unit rule for 'MWh_th' with tech 'Gas', kept units."
Gas,fuel,USD,USD,2025,1.0,1.0,MWh_th,MWh_th,1.0,none,61.9,61.9,"No unit rule for 'MWh_th' with tech 'Gas', kept units."
Gas,fuel,USD,USD,2025,1.0,1.0,MWh_th,MWh_th,1.0,none,59.2,59.2,"No unit rule for 'MWh_th' with tech 'Gas', kept units."
Gas,fuel,USD,USD,2025,1.0,1.0,MWh_th,MWh_th,1.0,none,58.0,58.0,"No unit rule for 'MWh_th' with tech 'Gas', kept units."
Gas,fuel,USD,USD,2025,1.0,1.0,MWh_th,MWh_th,1.0,none,37.4,37.4,"No unit rule for 'MWh_th' with tech 'Gas', kept units."
Gas,fuel,USD,USD,2025,1.0,1.0,MWh_th,MWh_th,1.0,none,25.4,25.4,"No unit rule for 'MWh_th' with tech 'Gas', kept units."
Gas,fuel,USD,USD,2025,1.0,1.0,MWh_th,MWh_th,1.0,none,24.7,24.7,"No unit rule for 'MWh_th' with tech 'Gas', kept units."
Gas,fuel,USD,USD,2025,1.0,1.0,MWh_th,MWh_th,1.0,none,33.4,33.4,"No unit rule for 'MWh_th' with tech 'Gas', kept units."
Gas,fuel,USD,USD,2025,1.0,1.0,MWh_th,MWh_th,1.0,none,18.6,18.6,"No unit rule for 'MWh_th' with tech 'Gas', kept units."
Gas,fuel,USD,USD,2025,1.0,1.0,MWh_th,MWh_th,1.0,none,14.9,14.9,"No unit rule for 'MWh_th' with tech 'Gas', kept units."
Gas,fuel,USD,USD,2025,1.0,1.0,MWh_th,MWh_th,1.0,none,63.5,63.5,"No unit rule for 'MWh_th' with tech 'Gas', kept units."
Gas,fuel,USD,USD,2025,1.0,1.0,MWh_th,MWh_th,1.0,none,113.6,113.6,"No unit rule for 'MWh_th' with tech 'Gas', kept units."
Gas,fuel,USD,USD,2025,1.0,1.0,MWh_th,MWh_th,1.0,none,45.9,45.9,"No unit rule for 'MWh_th' with tech 'Gas', kept units."
Gas,fuel,USD,USD,2025,1.0,1.0,MWh_th,MWh_th,1.0,none,40.0,40.0,"No unit rule for 'MWh_th' with tech 'Gas', kept units."
Gas,fuel,USD,USD,2025,1.0,1.0,MWh_th,MWh_th,1.0,none,44.5,44.5,"No unit rule for 'MWh_th' with tech 'Gas', kept units."
Gas,fuel,USD,USD,2025,1.0,1.0,MWh_th,MWh_th,1.0,none,35.7,35.7,"No unit rule for 'MWh_th' with tech 'Gas', kept units."
Gas,fuel,USD,USD,2025,1.0,1.0,MWh_th,MWh_th,1.0,none,33.7,33.7,"No unit rule for 'MWh_th' with tech 'Gas', kept units."
Gas,fuel,USD,USD,2025,1.0,1.0,MWh_th,MWh_th,1.0,none,31.3,31.3,"No unit rule for 'MWh_th' with tech 'Gas', kept units."
Gas,fuel,USD,USD,2025,1.0,1.0,MWh_th,MWh_th,1.0,none,29.7,29.7,"No unit rule for 'MWh_th' with tech 'Gas', kept units."
Gas,fuel,USD,USD,2025,1.0,1.0,MWh_th,MWh_th,1.0,none,27.9,27.9,"No unit rule for 'MWh_th' with tech 'Gas', kept units."
Gas,fuel,USD,USD,2025,1.0,1.0,MWh_th,MWh_th,1.0,none,22.8,22.8,"No unit rule for 'MWh_th' with tech 'Gas', kept units."
Gas,fuel,USD,USD,2025,1.0,1.0,MWh_th,MWh_th,1.0,none,31.3,31.3,"No unit rule for 'MWh_th' with tech 'Gas', kept units."
Gas,fuel,USD,USD,2025,1.0,1.0,MWh_th,MWh_th,1.0,none,32.0,32.0,"No unit rule for 'MWh_th' with tech 'Gas', kept units."
Gas,fuel,USD,USD,2025,1.0,1.0,MWh_th,MWh_th,1.0,none,35.9,35.9,"No unit rule for 'MWh_th' with tech 'Gas', kept units."
Gas,fuel,USD,USD,2025,1.0,1.0,MWh_th,MWh_th,1.0,none,27.7,27.7,"No unit rule for 'MWh_th' with tech 'Gas', kept units."
Gas,fuel,USD,USD,2025,1.0,1.0,MWh_th,MWh_th,1.0,none,22.0,22.0,"No unit rule for 'MWh_th' with tech 'Gas', kept units."
Gas,fuel,USD,USD,2025,1.0,1.0,MWh_th,MWh_th,1.0,none,15.4,15.4,"No unit rule for 'MWh_th' with tech 'Gas', kept units."
Gas,fuel,USD,USD,2025,1.0,1.0,MWh_th,MWh_th,1.0,none,19.5,19.5,"No unit rule for 'MWh_th' with tech 'Gas', kept units."
Gas,fuel,USD,USD,2025,1.0,1.0,MWh_th,MWh_th,1.0,none,26.9,26.9,"No unit rule for 'MWh_th' with tech 'Gas', kept units."
Gas,fuel,USD,USD,2025,1.0,1.0,MWh_th,MWh_th,1.0,none,15.2,15.2,"No unit rule for 'MWh_th' with tech 'Gas', kept units."
Gas,fuel,USD,USD,2025,1.0,1.0,MWh_th,MWh_th,1.0,none,10.7,10.7,"No unit rule for 'MWh_th' with tech 'Gas', kept units."
Gas,fuel,USD,USD,2025,1.0,1.0,MWh_th,MWh_th,1.0,none,53.4,53.4,"No unit rule for 'MWh_th' with tech 'Gas', kept units."
Gas,fuel,USD,USD,2025,1.0,1.0,MWh_th,MWh_th,1.0,none,131.8,131.8,"No unit rule for 'MWh_th' with tech 'Gas', kept units."
Gas,fuel,USD,USD,2025,1.0,1.0,MWh_th,MWh_th,1.0,none,48.5,48.5,"No unit rule for 'MWh_th' with tech 'Gas', kept units."
Gas,fuel,USD,USD,2025,1.0,1.0,MWh_th,MWh_th,1.0,none,33.8,33.8,"No unit rule for 'MWh_th' with tech 'Gas', kept units."
Gas,fuel,USD,USD,2025,1.0,1.0,MWh_th,MWh_th,1.0,none,36.8,36.8,"No unit rule for 'MWh_th' with tech 'Gas', kept units."
Gas,fuel,USD,USD,2025,1.0,1.0,MWh_th,MWh_th,1.0,none,26.7,26.7,"No unit rule for 'MWh_th' with tech 'Gas', kept units."
Gas,fuel,USD,USD,2025,1.0,1.0,MWh_th,MWh_th,1.0,none,25.3,25.3,"No unit rule for 'MWh_th' with tech 'Gas', kept units."
Gas,fuel,USD,USD,2025,1.0,1.0,MWh_th,MWh_th,1.0,none,23.1,23.1,"No unit rule for 'MWh_th' with tech 'Gas', kept units."
Gas,fuel,USD,USD,2025,1.0,1.0,MWh_th,MWh_th,1.0,none,22.3,22.3,"No unit rule for 'MWh_th' with tech 'Gas', kept units."
Gas,fuel,USD,USD,2025,1.0,1.0,MWh_th,MWh_th,1.0,none,22.1,22.1,"No unit rule for 'MWh_th' with tech 'Gas', kept units."
Gas,fuel,USD,USD,2025,1.0,1.0,MWh_th,MWh_th,1.0,none,14.9,14.9,"No unit rule for 'MWh_th' with tech 'Gas', kept units."
Gas,fuel,USD,USD,2025,1.0,1.0,MWh_th,MWh_th,1.0,none,13.6,13.6,"No unit rule for 'MWh_th' with tech 'Gas', kept units."
Gas,fuel,USD,USD,2025,1.0,1.0,MWh_th,MWh_th,1.0,none,9.4,9.4,"No unit rule for 'MWh_th' with tech 'Gas', kept units."
Gas,fuel,USD,USD,2025,1.0,1.0,MWh_th,MWh_th,1.0,none,12.7,12.7,"No unit rule for 'MWh_th' with tech 'Gas', kept units."
Gas,fuel,USD,USD,2025,1.0,1.0,MWh_th,MWh_th,1.0,none,14.8,14.8,"No unit rule for 'MWh_th' with tech 'Gas', kept units."
Gas,fuel,USD,USD,2025,1.0,1.0,MWh_th,MWh_th,1.0,none,8.9,8.9,"No unit rule for 'MWh_th' with tech 'Gas', kept units."
Gas,fuel,USD,USD,2025,1.0,1.0,MWh_th,MWh_th,1.0,none,9.6,9.6,"No unit rule for 'MWh_th' with tech 'Gas', kept units."
Gas,fuel,USD,USD,2025,1.0,1.0,MWh_th,MWh_th,1.0,none,10.1,10.1,"No unit rule for 'MWh_th' with tech 'Gas', kept units."
Gas,fuel,USD,USD,2025,1.0,1.0,MWh_th,MWh_th,1.0,none,10.6,10.6,"No unit rule for 'MWh_th' with tech 'Gas', kept units."
Gas,fuel,USD,USD,2025,1.0,1.0,MWh_th,MWh_th,1.0,none,8.6,8.6,"No unit rule for 'MWh_th' with tech 'Gas', kept units."
Gas,fuel,USD,USD,2025,1.0,1.0,MWh_th,MWh_th,1.0,none,6.8,6.8,"No unit rule for 'MWh_th' with tech 'Gas', kept units."
Gas,fuel,USD,USD,2025,1.0,1.0,MWh_th,MWh_th,1.0,none,13.1,13.1,"No unit rule for 'MWh_th' with tech 'Gas', kept units."
Gas,fuel,USD,USD,2025,1.0,1.0,MWh_th,MWh_th,1.0,none,21.8,21.8,"No unit rule for 'MWh_th' with tech 'Gas', kept units."
Gas,fuel,USD,USD,2025,1.0,1.0,MWh_th,MWh_th,1.0,none,8.6,8.6,"No unit rule for 'MWh_th' with tech 'Gas', kept units."
Gas,fuel,USD,USD,2025,1.0,1.0,MWh_th,MWh_th,1.0,none,7.7,7.7,"No unit rule for 'MWh_th' with tech 'Gas', kept units."
Gas,fuel,USD,USD,2025,1.0,1.0,MWh_th,MWh_th,1.0,none,11.5,11.5,"No unit rule for 'MWh_th' with tech 'Gas', kept units."
Gas,fuel,USD,USD,2025,1.0,1.0,MWh_th,MWh_th,1.0,none,15.3,15.3,"No unit rule for 'MWh_th' with tech 'Gas', kept units."
Gas,fuel,USD,USD,2025,1.0,1.0,MWh_th,MWh_th,1.0,none,13.9,13.9,"No unit rule for 'MWh_th' with tech 'Gas', kept units."
Gas,fuel,USD,USD,2025,1.0,1.0,MWh_th,MWh_th,1.0,none,12.6,12.6,"No unit rule for 'MWh_th' with tech 'Gas', kept units."
Gas,fuel,USD,USD,2025,1.0,1.0,MWh_th,MWh_th,1.0,none,12.0,12.0,"No unit rule for 'MWh_th' with tech 'Gas', kept units."
Gas,fuel,USD,USD,2025,1.0,1.0,MWh_th,MWh_th,1.0,none,12.3,12.3,"No unit rule for 'MWh_th' with tech 'Gas', kept units."
Gas,fuel,USD,USD,2025,1.0,1.0,MWh_th,MWh_th,1.0,none,27.4,27.4,"No unit rule for 'MWh_th' with tech 'Gas', kept units."
Gas,fuel,USD,USD,2025,1.0,1.0,MWh_th,MWh_th,1.0,none,42.2,42.2,"No unit rule for 'MWh_th' with tech 'Gas', kept units."
Gas,fuel,USD,USD,2025,1.0,1.0,MWh_th,MWh_th,1.0,none,46.9,46.9,"No unit rule for 'MWh_th' with tech 'Gas', kept units."
Gas,fuel,USD,USD,2025,1.0,1.0,MWh_th,MWh_th,1.0,none,47.5,47.5,"No unit rule for 'MWh_th' with tech 'Gas', kept units."
Gas,fuel,USD,USD,2025,1.0,1.0,MWh_th,MWh_th,1.0,none,42.8,42.8,"No unit rule for 'MWh_th' with tech 'Gas', kept units."
Gas,fuel,USD,USD,2025,1.0,1.0,MWh_th,MWh_th,1.0,none,29.7,29.7,"No unit rule for 'MWh_th' with tech 'Gas', kept units."
Gas,fuel,USD,USD,2025,1.0,1.0,MWh_th,MWh_th,1.0,none,20.4,20.4,"No unit rule for 'MWh_th' with tech 'Gas', kept units."
Gas,fuel,USD,USD,2025,1.0,1.0,MWh_th,MWh_th,1.0,none,22.1,22.1,"No unit rule for 'MWh_th' with tech 'Gas', kept units."
Gas,fuel,USD,USD,2025,1.0,1.0,MWh_th,MWh_th,1.0,none,30.2,30.2,"No unit rule for 'MWh_th' with tech 'Gas', kept units."
Gas,fuel,USD,USD,2025,1.0,1.0,MWh_th,MWh_th,1.0,none,16.9,16.9,"No unit rule for 'MWh_th' with tech 'Gas', kept units."
Gas,fuel,USD,USD,2025,1.0,1.0,MWh_th,MWh_th,1.0,none,12.8,12.8,"No unit rule for 'MWh_th' with tech 'Gas', kept units."
Gas,fuel,USD,USD,2025,1.0,1.0,MWh_th,MWh_th,1.0,none,58.5,58.5,"No unit rule for 'MWh_th' with tech 'Gas', kept units."
Gas,fuel,USD,USD,2025,1.0,1.0,MWh_th,MWh_th,1.0,none,122.7,122.7,"No unit rule for 'MWh_th' with tech 'Gas', kept units."
Gas,fuel,USD,USD,2025,1.0,1.0,MWh_th,MWh_th,1.0,none,47.2,47.2,"No unit rule for 'MWh_th' with tech 'Gas', kept units."
Gas,fuel,USD,USD,2025,1.0,1.0,MWh_th,MWh_th,1.0,none,36.9,36.9,"No unit rule for 'MWh_th' with tech 'Gas', kept units."
Gas,fuel,USD,USD,2025,1.0,1.0,MWh_th,MWh_th,1.0,none,40.6,40.6,"No unit rule for 'MWh_th' with tech 'Gas', kept units."
Gas,fuel,USD,USD,2025,1.0,1.0,MWh_th,MWh_th,1.0,none,31.2,31.2,"No unit rule for 'MWh_th' with tech 'Gas', kept units."
Gas,fuel,USD,USD,2025,1.0,1.0,MWh_th,MWh_th,1.0,none,29.5,29.5,"No unit rule for 'MWh_th' with tech 'Gas', kept units."
Gas,fuel,USD,USD,2025,1.0,1.0,MWh_th,MWh_th,1.0,none,27.2,27.2,"No unit rule for 'MWh_th' with tech 'Gas', kept units."
Gas,fuel,USD,USD,2025,1.0,1.0,MWh_th,MWh_th,1.0,none,26.0,26.0,"No unit rule for 'MWh_th' with tech 'Gas', kept units."
Gas,fuel,USD,USD,2025,1.0,1.0,MWh_th,MWh_th,1.0,none,25.0,25.0,"No unit rule for 'MWh_th' with tech 'Gas', kept units."
Gas,fuel,USD,USD,2025,1.0,1.0,MWh_th,MWh_th,1.0,none,11.0,11.0,"No unit rule for 'MWh_th' with tech 'Gas', kept units."
Gas,fuel,USD,USD,2025,1.0,1.0,MWh_th,MWh_th,1.0,none,16.9,16.9,"No unit rule for 'MWh_th' with tech 'Gas', kept units."
Gas,fuel,USD,USD,2025,1.0,1.0,MWh_th,MWh_th,1.0,none,18.8,18.8,"No unit rule for 'MWh_th' with tech 'Gas', kept units."
Gas,fuel,USD,USD,2025,1.0,1.0,MWh_th,MWh_th,1.0,none,19.0,19.0,"No unit rule for 'MWh_th' with tech 'Gas', kept units."
Gas,fuel,USD,USD,2025,1.0,1.0,MWh_th,MWh_th,1.0,none,17.1,17.1,"No unit rule for 'MWh_th' with tech 'Gas', kept units."
Gas,fuel,USD,USD,2025,1.0,1.0,MWh_th,MWh_th,1.0,none,11.9,11.9,"No unit rule for 'MWh_th' with tech 'Gas', kept units."
Gas,fuel,USD,USD,2025,1.0,1.0,MWh_th,MWh_th,1.0,none,8.2,8.2,"No unit rule for 'MWh_th' with tech 'Gas', kept units."
Gas,fuel,USD,USD,2025,1.0,1.0,MWh_th,MWh_th,1.0,none,8.8,8.8,"No unit rule for 'MWh_th' with tech 'Gas', kept units."
Gas,fuel,USD,USD,2025,1.0,1.0,MWh_th,MWh_th,1.0,none,12.1,12.1,"No unit rule for 'MWh_th' with tech 'Gas', kept units."
Gas,fuel,USD,USD,2025,1.0,1.0,MWh_th,MWh_th,1.0,none,6.8,6.8,"No unit rule for 'MWh_th' with tech 'Gas', kept units."
Gas,fuel,USD,USD,2025,1.0,1.0,MWh_th,MWh_th,1.0,none,5.1,5.1,"No unit rule for 'MWh_th' with tech 'Gas', kept units."
Gas,fuel,USD,USD,2025,1.0,1.0,MWh_th,MWh_th,1.0,none,23.4,23.4,"No unit rule for 'MWh_th' with tech 'Gas', kept units."
Gas,fuel,USD,USD,2025,1.0,1.0,MWh_th,MWh_th,1.0,none,49.1,49.1,"No unit rule for 'MWh_th' with tech 'Gas', kept units."
Gas,fuel,USD,USD,2025,1.0,1.0,MWh_th,MWh_th,1.0,none,18.9,18.9,"No unit rule for 'MWh_th' with tech 'Gas', kept units."
Gas,fuel,USD,USD,2025,1.0,1.0,MWh_th,MWh_th,1.0,none,14.8,14.8,"No unit rule for 'MWh_th' with tech 'Gas', kept units."
Gas,fuel,USD,USD,2025,1.0,1.0,MWh_th,MWh_th,1.0,none,16.3,16.3,"No unit rule for 'MWh_th' with tech 'Gas', kept units."
Gas,fuel,USD,USD,2025,1.0,1.0,MWh_th,MWh_th,1.0,none,12.5,12.5,"No unit rule for 'MWh_th' with tech 'Gas', kept units."
Gas,fuel,USD,USD,2025,1.0,1.0,MWh_th,MWh_th,1.0,none,11.8,11.8,"No unit rule for 'MWh_th' with tech 'Gas', kept units."
Gas,fuel,USD,USD,2025,1.0,1.0,MWh_th,MWh_th,1.0,none,10.9,10.9,"No unit rule for 'MWh_th' with tech 'Gas', kept units."
Gas,fuel,USD,USD,2025,1.0,1.0,MWh_th,MWh_th,1.0,none,10.4,10.4,"No unit rule for 'MWh_th' with tech 'Gas', kept units."
Gas,fuel,USD,USD,2025,1.0,1.0,MWh_th,MWh_th,1.0,none,10.0,10.0,"No unit rule for 'MWh_th' with tech 'Gas', kept units."
Gas,fuel,USD,USD,2025,1.0,1.0,MWh_th,MWh_th,1.0,none,6.8,6.8,"No unit rule for 'MWh_th' with tech 'Gas', kept units."
Gas,fuel,USD,USD,2025,1.0,1.0,MWh_th,MWh_th,1.0,none,9.4,9.4,"No unit rule for 'MWh_th' with tech 'Gas', kept units."
Gas,fuel,USD,USD,2025,1.0,1.0,MWh_th,MWh_th,1.0,none,9.6,9.6,"No unit rule for 'MWh_th' with tech 'Gas', kept units."
Gas,fuel,USD,USD,2025,1.0,1.0,MWh_th,MWh_th,1.0,none,10.8,10.8,"No unit rule for 'MWh_th' with tech 'Gas', kept units."
Gas,fuel,USD,USD,2025,1.0,1.0,MWh_th,MWh_th,1.0,none,8.3,8.3,"No unit rule for 'MWh_th' with tech 'Gas', kept units."
Gas,fuel,USD,USD,2025,1.0,1.0,MWh_th,MWh_th,1.0,none,6.6,6.6,"No unit rule for 'MWh_th' with tech 'Gas', kept units."
Gas,fuel,USD,USD,2025,1.0,1.0,MWh_th,MWh_th,1.0,none,4.6,4.6,"No unit rule for 'MWh_th' with tech 'Gas', kept units."
Gas,fuel,USD,USD,2025,1.0,1.0,MWh_th,MWh_th,1.0,none,5.8,5.8,"No unit rule for 'MWh_th' with tech 'Gas', kept units."
Gas,fuel,USD,USD,2025,1.0,1.0,MWh_th,MWh_th,1.0,none,8.1,8.1,"No unit rule for 'MWh_th' with tech 'Gas', kept units."
Gas,fuel,USD,USD,2025,1.0,1.0,MWh_th,MWh_th,1.0,none,4.6,4.6,"No unit rule for 'MWh_th' with tech 'Gas', kept units."
Gas,fuel,USD,USD,2025,1.0,1.0,MWh_th,MWh_th,1.0,none,3.2,3.2,"No unit rule for 'MWh_th' with tech 'Gas', kept units."
Gas,fuel,USD,USD,2025,1.0,1.0,MWh_th,MWh_th,1.0,none,16.0,16.0,"No unit rule for 'MWh_th' with tech 'Gas', kept units."
Gas,fuel,USD,USD,2025,1.0,1.0,MWh_th,MWh_th,1.0,none,39.5,39.5,"No unit rule for 'MWh_th' with tech 'Gas', kept units."
Gas,fuel,USD,USD,2025,1.0,1.0,MWh_th,MWh_th,1.0,none,14.5,14.5,"No unit rule for 'MWh_th' with tech 'Gas', kept units."
Gas,fuel,USD,USD,2025,1.0,1.0,MWh_th,MWh_th,1.0,none,10.2,10.2,"No unit rule for 'MWh_th' with tech 'Gas', kept units."
Gas,fuel,USD,USD,2025,1.0,1.0,MWh_th,MWh_th,1.0,none,11.0,11.0,"No unit rule for 'MWh_th' with tech 'Gas', kept units."
Gas,fuel,USD,USD,2025,1.0,1.0,MWh_th,MWh_th,1.0,none,8.0,8.0,"No unit rule for 'MWh_th' with tech 'Gas', kept units."
Gas,fuel,USD,USD,2025,1.0,1.0,MWh_th,MWh_th,1.0,none,7.6,7.6,"No unit rule for 'MWh_th' with tech 'Gas', kept units."
Gas,fuel,USD,USD,2025,1.0,1.0,MWh_th,MWh_th,1.0,none,6.9,6.9,"No unit rule for 'MWh_th' with tech 'Gas', kept units."
Gas,fuel,USD,USD,2025,1.0,1.0,MWh_th,MWh_th,1.0,none,6.7,6.7,"No unit rule for 'MWh_th' with tech 'Gas', kept units."
Gas,fuel,USD,USD,2025,1.0,1.0,MWh_th,MWh_th,1.0,none,6.6,6.6,"No unit rule for 'MWh_th' with tech 'Gas', kept units."
BESS,capex_p,USD,USD,2025,1.0,1.0,kW,kW,1.0,none,5142.8,5142.8,"No unit rule for 'kW' with tech 'BESS', kept units."
BESS,capex_p,USD,USD,2025,1.0,1.0,kW,kW,1.0,none,4263.1,4263.1,"No unit rule for 'kW' with tech 'BESS', kept units."
BESS,capex_p,USD,USD,2025,1.0,1.0,kW,kW,1.0,none,4020.4,4020.4,"No unit rule for 'kW' with tech 'BESS', kept units."
BESS,capex_p,USD,USD,2025,1.0,1.0,kW,kW,1.0,none,3309.9,3309.9,"No unit rule for 'kW' with tech 'BESS', kept units."
BESS,capex_p,USD,USD,2025,1.0,1.0,kW,kW,1.0,none,3483.3,3483.3,"No unit rule for 'kW' with tech 'BESS', kept units."
BESS,capex_p,USD,USD,2025,1.0,1.0,kW,kW,1.0,none,3088.0,3088.0,"No unit rule for 'kW' with tech 'BESS', kept units."
BESS,capex_p,USD,USD,2025,1.0,1.0,kW,kW,1.0,none,2204.0,2204.0,"No unit rule for 'kW' with tech 'BESS', kept units."
BESS,capex_p,USD,USD,2025,1.0,1.0,kW,kW,1.0,none,1579.4,1579.4,"No unit rule for 'kW' with tech 'BESS', kept units."
BESS,capex_p,USD,USD,2025,1.0,1.0,kW,kW,1.0,none,1421.4,1421.4,"No unit rule for 'kW' with tech 'BESS', kept units."
BESS,capex_p,USD,USD,2025,1.0,1.0,kW,kW,1.0,none,666.2,666.2,"No unit rule for 'kW' with tech 'BESS', kept units."
BESS,capex_p,USD,USD,2025,1.0,1.0,kW,kW,1.0,none,599.8,599.8,"No unit rule for 'kW' with tech 'BESS', kept units."
BESS,capex_p,USD,USD,2025,1.0,1.0,kW,kW,1.0,none,563.7,563.7,"No unit rule for 'kW' with tech 'BESS', kept units."
BESS,capex_p,USD,USD,2025,1.0,1.0,kW,kW,1.0,none,714.1,714.1,"No unit rule for 'kW' with tech 'BESS', kept units."
BESS,capex_p,USD,USD,2025,1.0,1.0,kW,kW,1.0,none,543.6,543.6,"No unit rule for 'kW' with tech 'BESS', kept units."
BESS,capex_p,USD,USD,2025,1.0,1.0,kW,kW,1.0,none,383.2,383.2,"No unit rule for 'kW' with tech 'BESS', kept units."
BESS,capex_p,USD,USD,2025,1.0,1.0,kW,kW,1.0,none,264.6,264.6,"No unit rule for 'kW' with tech 'BESS', kept units."
BESS,capex_p,USD,USD,2025,1.0,1.0,kW,kW,1.0,none,257.6,257.6,"No unit rule for 'kW' with tech 'BESS', kept units."
BESS,capex_p,USD,USD,2025,1.0,1.0,kW,kW,1.0,none,250.7,250.7,"No unit rule for 'kW' with tech 'BESS', kept units."
BESS,capex_p,USD,USD,2025,1.0,1.0,kW,kW,1.0,none,243.8,243.8,"No unit rule for 'kW' with tech 'BESS', kept units."
BESS,capex_p,USD,USD,2025,1.0,1.0,kW,kW,1.0,none,236.8,236.8,"No unit rule for 'kW' with tech 'BESS', kept units."
BESS,capex_p,USD,USD,2025,1.0,1.0,kW,kW,1.0,none,229.9,229.9,"No unit rule for 'kW' with tech 'BESS', kept units."
BESS,capex_p,USD,USD,2025,1.0,1.0,kW,kW,1.0,none,223.0,223.0,"No unit rule for 'kW' with tech 'BESS', kept units."
BESS,capex_p,USD,USD,2025,1.0,1.0,kW,kW,1.0,none,216.1,216.1,"No unit rule for 'kW' with tech 'BESS', kept units."
BESS,capex_p,USD,USD,2025,1.0,1.0,kW,kW,1.0,none,209.1,209.1,"No unit rule for 'kW' with tech 'BESS', kept units."
BESS,capex_p,USD,USD,2025,1.0,1.0,kW,kW,1.0,none,202.2,202.2,"No unit rule for 'kW' with tech 'BESS', kept units."
BESS,capex_p,USD,USD,2025,1.0,1.0,kW,kW,1.0,none,195.3,195.3,"No unit rule for 'kW' with tech 'BESS', kept units."
BESS,capex_p,USD,USD,2025,1.0,1.0,kW,kW,1.0,none,5621.7,5621.7,"No unit rule for 'kW' with tech 'BESS', kept units."
BESS,capex_p,USD,USD,2025,1.0,1.0,kW,kW,1.0,none,4660.1,4660.1,"No unit rule for 'kW' with tech 'BESS', kept units."
BESS,capex_p,USD,USD,2025,1.0,1.0,kW,kW,1.0,none,4394.9,4394.9,"No unit rule for 'kW' with tech 'BESS', kept units."
BESS,capex_p,USD,USD,2025,1.0,1.0,kW,kW,1.0,none,3618.2,3618.2,"No unit rule for 'kW' with tech 'BESS', kept units."
BESS,capex_p,USD,USD,2025,1.0,1.0,kW,kW,1.0,none,3807.7,3807.7,"No unit rule for 'kW' with tech 'BESS', kept units."
BESS,capex_p,USD,USD,2025,1.0,1.0,kW,kW,1.0,none,3375.6,3375.6,"No unit rule for 'kW' with tech 'BESS', kept units."
BESS,capex_p,USD,USD,2025,1.0,1.0,kW,kW,1.0,none,2409.3,2409.3,"No unit rule for 'kW' with tech 'BESS', kept units."
BESS,capex_p,USD,USD,2025,1.0,1.0,kW,kW,1.0,none,1726.5,1726.5,"No unit rule for 'kW' with tech 'BESS', kept units."
BESS,capex_p,USD,USD,2025,1.0,1.0,kW,kW,1.0,none,1553.8,1553.8,"No unit rule for 'kW' with tech 'BESS', kept units."
BESS,capex_p,USD,USD,2025,1.0,1.0,kW,kW,1.0,none,728.2,728.2,"No unit rule for 'kW' with tech 'BESS', kept units."
BESS,capex_p,USD,USD,2025,1.0,1.0,kW,kW,1.0,none,655.6,655.6,"No unit rule for 'kW' with tech 'BESS', kept units."
BESS,capex_p,USD,USD,2025,1.0,1.0,kW,kW,1.0,none,616.2,616.2,"No unit rule for 'kW' with tech 'BESS', kept units."
BESS,capex_p,USD,USD,2025,1.0,1.0,kW,kW,1.0,none,638.1,638.1,"No unit rule for 'kW' with tech 'BESS', kept units."
BESS,capex_p,USD,USD,2025,1.0,1.0,kW,kW,1.0,none,768.4,768.4,"No unit rule for 'kW' with tech 'BESS', kept units."
BESS,capex_p,USD,USD,2025,1.0,1.0,kW,kW,1.0,none,665.4,665.4,"No unit rule for 'kW' with tech 'BESS', kept units."
BESS,capex_p,USD,USD,2025,1.0,1.0,kW,kW,1.0,none,381.0,381.0,"No unit rule for 'kW' with tech 'BESS', kept units."
BESS,capex_p,USD,USD,2025,1.0,1.0,kW,kW,1.0,none,371.0,371.0,"No unit rule for 'kW' with tech 'BESS', kept units."
BESS,capex_p,USD,USD,2025,1.0,1.0,kW,kW,1.0,none,361.0,361.0,"No unit rule for 'kW' with tech 'BESS', kept units."
BESS,capex_p,USD,USD,2025,1.0,1.0,kW,kW,1.0,none,351.0,351.0,"No unit rule for 'kW' with tech 'BESS', kept units."
BESS,capex_p,USD,USD,2025,1.0,1.0,kW,kW,1.0,none,341.1,341.1,"No unit rule for 'kW' with tech 'BESS', kept units."
BESS,capex_p,USD,USD,2025,1.0,1.0,kW,kW,1.0,none,331.1,331.1,"No unit rule for 'kW' with tech 'BESS', kept units."
BESS,capex_p,USD,USD,2025,1.0,1.0,kW,kW,1.0,none,321.1,321.1,"No unit rule for 'kW' with tech 'BESS', kept units."
BESS,capex_p,USD,USD,2025,1.0,1.0,kW,kW,1.0,none,311.1,311.1,"No unit rule for 'kW' with tech 'BESS', kept units."
BESS,capex_p,USD,USD,2025,1.0,1.0,kW,kW,1.0,none,301.1,301.1,"No unit rule for 'kW' with tech 'BESS', kept units."
BESS,capex_p,USD,USD,2025,1.0,1.0,kW,kW,1.0,none,291.2,291.2,"No unit rule for 'kW' with tech 'BESS', kept units."
BESS,capex_p,USD,USD,2025,1.0,1.0,kW,kW,1.0,none,281.2,281.2,"No unit rule for 'kW' with tech 'BESS', kept units."
BESS,capex_p,USD,USD,2025,1.0,1.0,kW,kW,1.0,none,4892.9,4892.9,"No unit rule for 'kW' with tech 'BESS', kept units."
BESS,capex_p,USD,USD,2025,1.0,1.0,kW,kW,1.0,none,4056.0,4056.0,"No unit rule for 'kW' with tech 'BESS', kept units."
BESS,capex_p,USD,USD,2025,1.0,1.0,kW,kW,1.0,none,3825.1,3825.1,"No unit rule for 'kW' with tech 'BESS', kept units."
BESS,capex_p,USD,USD,2025,1.0,1.0,kW,kW,1.0,none,3149.1,3149.1,"No unit rule for 'kW' with tech 'BESS', kept units."
BESS,capex_p,USD,USD,2025,1.0,1.0,kW,kW,1.0,none,3314.0,3314.0,"No unit rule for 'kW' with tech 'BESS', kept units."
BESS,capex_p,USD,USD,2025,1.0,1.0,kW,kW,1.0,none,2938.0,2938.0,"No unit rule for 'kW' with tech 'BESS', kept units."
BESS,capex_p,USD,USD,2025,1.0,1.0,kW,kW,1.0,none,2096.9,2096.9,"No unit rule for 'kW' with tech 'BESS', kept units."
BESS,capex_p,USD,USD,2025,1.0,1.0,kW,kW,1.0,none,1502.6,1502.6,"No unit rule for 'kW' with tech 'BESS', kept units."
BESS,capex_p,USD,USD,2025,1.0,1.0,kW,kW,1.0,none,1352.4,1352.4,"No unit rule for 'kW' with tech 'BESS', kept units."
BESS,capex_p,USD,USD,2025,1.0,1.0,kW,kW,1.0,none,633.8,633.8,"No unit rule for 'kW' with tech 'BESS', kept units."
BESS,capex_p,USD,USD,2025,1.0,1.0,kW,kW,1.0,none,570.6,570.6,"No unit rule for 'kW' with tech 'BESS', kept units."
BESS,capex_p,USD,USD,2025,1.0,1.0,kW,kW,1.0,none,536.3,536.3,"No unit rule for 'kW' with tech 'BESS', kept units."
BESS,capex_p,USD,USD,2025,1.0,1.0,kW,kW,1.0,none,794.4,794.4,"No unit rule for 'kW' with tech 'BESS', kept units."
BESS,capex_p,USD,USD,2025,1.0,1.0,kW,kW,1.0,none,604.8,604.8,"No unit rule for 'kW' with tech 'BESS', kept units."
BESS,capex_p,USD,USD,2025,1.0,1.0,kW,kW,1.0,none,426.3,426.3,"No unit rule for 'kW' with tech 'BESS', kept units."
BESS,capex_p,USD,USD,2025,1.0,1.0,kW,kW,1.0,none,412.7,412.7,"No unit rule for 'kW' with tech 'BESS', kept units."
BESS,capex_p,USD,USD,2025,1.0,1.0,kW,kW,1.0,none,401.9,401.9,"No unit rule for 'kW' with tech 'BESS', kept units."
BESS,capex_p,USD,USD,2025,1.0,1.0,kW,kW,1.0,none,391.1,391.1,"No unit rule for 'kW' with tech 'BESS', kept units."
BESS,capex_p,USD,USD,2025,1.0,1.0,kW,kW,1.0,none,380.3,380.3,"No unit rule for 'kW' with tech 'BESS', kept units."
BESS,capex_p,USD,USD,2025,1.0,1.0,kW,kW,1.0,none,369.5,369.5,"No unit rule for 'kW' with tech 'BESS', kept units."
BESS,capex_p,USD,USD,2025,1.0,1.0,kW,kW,1.0,none,358.7,358.7,"No unit rule for 'kW' with tech 'BESS', kept units."
BESS,capex_p,USD,USD,2025,1.0,1.0,kW,kW,1.0,none,347.9,347.9,"No unit rule for 'kW' with tech 'BESS', kept units."
BESS,capex_p,USD,USD,2025,1.0,1.0,kW,kW,1.0,none,337.1,337.1,"No unit rule for 'kW' with tech 'BESS', kept units."
BESS,capex_p,USD,USD,2025,1.0,1.0,kW,kW,1.0,none,326.2,326.2,"No unit rule for 'kW' with tech 'BESS', kept units."
BESS,capex_p,USD,USD,2025,1.0,1.0,kW,kW,1.0,none,315.4,315.4,"No unit rule for 'kW' with tech 'BESS', kept units."
BESS,capex_p,USD,USD,2025,1.0,1.0,kW,kW,1.0,none,304.6,304.6,"No unit rule for 'kW' with tech 'BESS', kept units."
BESS,capex_p,USD,USD,2025,1.0,1.0,kW,kW,1.0,none,4496.8,4496.8,"No unit rule for 'kW' with tech 'BESS', kept units."
BESS,capex_p,USD,USD,2025,1.0,1.0,kW,kW,1.0,none,3727.6,3727.6,"No unit rule for 'kW' with tech 'BESS', kept units."
BESS,capex_p,USD,USD,2025,1.0,1.0,kW,kW,1.0,none,3515.4,3515.4,"No unit rule for 'kW' with tech 'BESS', kept units."
BESS,capex_p,USD,USD,2025,1.0,1.0,kW,kW,1.0,none,2894.2,2894.2,"No unit rule for 'kW' with tech 'BESS', kept units."
BESS,capex_p,USD,USD,2025,1.0,1.0,kW,kW,1.0,none,3045.7,3045.7,"No unit rule for 'kW' with tech 'BESS', kept units."
BESS,capex_p,USD,USD,2025,1.0,1.0,kW,kW,1.0,none,2700.1,2700.1,"No unit rule for 'kW' with tech 'BESS', kept units."
BESS,capex_p,USD,USD,2025,1.0,1.0,kW,kW,1.0,none,1927.2,1927.2,"No unit rule for 'kW' with tech 'BESS', kept units."
BESS,capex_p,USD,USD,2025,1.0,1.0,kW,kW,1.0,none,1381.0,1381.0,"No unit rule for 'kW' with tech 'BESS', kept units."
BESS,capex_p,USD,USD,2025,1.0,1.0,kW,kW,1.0,none,1242.9,1242.9,"No unit rule for 'kW' with tech 'BESS', kept units."
BESS,capex_p,USD,USD,2025,1.0,1.0,kW,kW,1.0,none,582.5,582.5,"No unit rule for 'kW' with tech 'BESS', kept units."
BESS,capex_p,USD,USD,2025,1.0,1.0,kW,kW,1.0,none,524.4,524.4,"No unit rule for 'kW' with tech 'BESS', kept units."
BESS,capex_p,USD,USD,2025,1.0,1.0,kW,kW,1.0,none,492.9,492.9,"No unit rule for 'kW' with tech 'BESS', kept units."
BESS,capex_p,USD,USD,2025,1.0,1.0,kW,kW,1.0,none,508.8,508.8,"No unit rule for 'kW' with tech 'BESS', kept units."
BESS,capex_p,USD,USD,2025,1.0,1.0,kW,kW,1.0,none,387.4,387.4,"No unit rule for 'kW' with tech 'BESS', kept units."
BESS,capex_p,USD,USD,2025,1.0,1.0,kW,kW,1.0,none,273.0,273.0,"No unit rule for 'kW' with tech 'BESS', kept units."
BESS,capex_p,USD,USD,2025,1.0,1.0,kW,kW,1.0,none,188.5,188.5,"No unit rule for 'kW' with tech 'BESS', kept units."
BESS,capex_p,USD,USD,2025,1.0,1.0,kW,kW,1.0,none,183.6,183.6,"No unit rule for 'kW' with tech 'BESS', kept units."
BESS,capex_p,USD,USD,2025,1.0,1.0,kW,kW,1.0,none,178.7,178.7,"No unit rule for 'kW' with tech 'BESS', kept units."
BESS,capex_p,USD,USD,2025,1.0,1.0,kW,kW,1.0,none,173.7,173.7,"No unit rule for 'kW' with tech 'BESS', kept units."
BESS,capex_p,USD,USD,2025,1.0,1.0,kW,kW,1.0,none,168.8,168.8,"No unit rule for 'kW' with tech 'BESS', kept units."
BESS,capex_p,USD,USD,2025,1.0,1.0,kW,kW,1.0,none,163.8,163.8,"No unit rule for 'kW' with tech 'BESS', kept units."
BESS,capex_p,USD,USD,2025,1.0,1.0,kW,kW,1.0,none,158.9,158.9,"No unit rule for 'kW' with tech 'BESS', kept units."
BESS,capex_p,USD,USD,2025,1.0,1.0,kW,kW,1.0,none,154.0,154.0,"No unit rule for 'kW' with tech 'BESS', kept units."
BESS,capex_p,USD,USD,2025,1.0,1.0,kW,kW,1.0,none,149.0,149.0,"No unit rule for 'kW' with tech 'BESS', kept units."
BESS,capex_p,USD,USD,2025,1.0,1.0,kW,kW,1.0,none,144.1,144.1,"No unit rule for 'kW' with tech 'BESS', kept units."
BESS,capex_p,USD,USD,2025,1.0,1.0,kW,kW,1.0,none,139.1,139.1,"No unit rule for 'kW' with tech 'BESS', kept units."
BESS,capex_p,USD,USD,2025,1.0,1.0,kW,kW,1.0,none,8258.2,8258.2,"No unit rule for 'kW' with tech 'BESS', kept units."
BESS,capex_p,USD,USD,2025,1.0,1.0,kW,kW,1.0,none,6845.7,6845.7,"No unit rule for 'kW' with tech 'BESS', kept units."
BESS,capex_p,USD,USD,2025,1.0,1.0,kW,kW,1.0,none,6456.0,6456.0,"No unit rule for 'kW' with tech 'BESS', kept units."
BESS,capex_p,USD,USD,2025,1.0,1.0,kW,kW,1.0,none,5315.1,5315.1,"No unit rule for 'kW' with tech 'BESS', kept units."
BESS,capex_p,USD,USD,2025,1.0,1.0,kW,kW,1.0,none,5593.4,5593.4,"No unit rule for 'kW' with tech 'BESS', kept units."
BESS,capex_p,USD,USD,2025,1.0,1.0,kW,kW,1.0,none,4958.7,4958.7,"No unit rule for 'kW' with tech 'BESS', kept units."
BESS,capex_p,USD,USD,2025,1.0,1.0,kW,kW,1.0,none,3533.3,3533.3,"No unit rule for 'kW' with tech 'BESS', kept units."
BESS,capex_p,USD,USD,2025,1.0,1.0,kW,kW,1.0,none,2527.8,2527.8,"No unit rule for 'kW' with tech 'BESS', kept units."
BESS,capex_p,USD,USD,2025,1.0,1.0,kW,kW,1.0,none,2271.3,2271.3,"No unit rule for 'kW' with tech 'BESS', kept units."
BESS,capex_p,USD,USD,2025,1.0,1.0,kW,kW,1.0,none,1062.7,1062.7,"No unit rule for 'kW' with tech 'BESS', kept units."
BESS,capex_p,USD,USD,2025,1.0,1.0,kW,kW,1.0,none,955.2,955.2,"No unit rule for 'kW' with tech 'BESS', kept units."
BESS,capex_p,USD,USD,2025,1.0,1.0,kW,kW,1.0,none,896.2,896.2,"No unit rule for 'kW' with tech 'BESS', kept units."
BESS,capex_p,USD,USD,2025,1.0,1.0,kW,kW,1.0,none,1133.4,1133.4,"No unit rule for 'kW' with tech 'BESS', kept units."
BESS,capex_p,USD,USD,2025,1.0,1.0,kW,kW,1.0,none,861.4,861.4,"No unit rule for 'kW' with tech 'BESS', kept units."
BESS,capex_p,USD,USD,2025,1.0,1.0,kW,kW,1.0,none,606.2,606.2,"No unit rule for 'kW' with tech 'BESS', kept units."
BESS,capex_p,USD,USD,2025,1.0,1.0,kW,kW,1.0,none,418.5,418.5,"No unit rule for 'kW' with tech 'BESS', kept units."
BESS,capex_p,USD,USD,2025,1.0,1.0,kW,kW,1.0,none,407.6,407.6,"No unit rule for 'kW' with tech 'BESS', kept units."
BESS,capex_p,USD,USD,2025,1.0,1.0,kW,kW,1.0,none,396.6,396.6,"No unit rule for 'kW' with tech 'BESS', kept units."
BESS,capex_p,USD,USD,2025,1.0,1.0,kW,kW,1.0,none,385.7,385.7,"No unit rule for 'kW' with tech 'BESS', kept units."
BESS,capex_p,USD,USD,2025,1.0,1.0,kW,kW,1.0,none,374.7,374.7,"No unit rule for 'kW' with tech 'BESS', kept units."
BESS,capex_p,USD,USD,2025,1.0,1.0,kW,kW,1.0,none,363.7,363.7,"No unit rule for 'kW' with tech 'BESS', kept units."
BESS,capex_p,USD,USD,2025,1.0,1.0,kW,kW,1.0,none,352.8,352.8,"No unit rule for 'kW' with tech 'BESS', kept units."
BESS,capex_p,USD,USD,2025,1.0,1.0,kW,kW,1.0,none,341.8,341.8,"No unit rule for 'kW' with tech 'BESS', kept units."
BESS,capex_p,USD,USD,2025,1.0,1.0,kW,kW,1.0,none,330.8,330.8,"No unit rule for 'kW' with tech 'BESS', kept units."
BESS,capex_p,USD,USD,2025,1.0,1.0,kW,kW,1.0,none,319.9,319.9,"No unit rule for 'kW' with tech 'BESS', kept units."
BESS,capex_p,USD,USD,2025,1.0,1.0,kW,kW,1.0,none,308.9,308.9,"No unit rule for 'kW' with tech 'BESS', kept units."
BESS,capex_p,USD,USD,2025,1.0,1.0,kW,kW,1.0,none,6275.9,6275.9,"No unit rule for 'kW' with tech 'BESS', kept units."
BESS,capex_p,USD,USD,2025,1.0,1.0,kW,kW,1.0,none,5202.5,5202.5,"No unit rule for 'kW' with tech 'BESS', kept units."
BESS,capex_p,USD,USD,2025,1.0,1.0,kW,kW,1.0,none,4906.3,4906.3,"No unit rule for 'kW' with tech 'BESS', kept units."
BESS,capex_p,USD,USD,2025,1.0,1.0,kW,kW,1.0,none,4039.3,4039.3,"No unit rule for 'kW' with tech 'BESS', kept units."
BESS,capex_p,USD,USD,2025,1.0,1.0,kW,kW,1.0,none,4250.8,4250.8,"No unit rule for 'kW' with tech 'BESS', kept units."
BESS,capex_p,USD,USD,2025,1.0,1.0,kW,kW,1.0,none,3768.4,3768.4,"No unit rule for 'kW' with tech 'BESS', kept units."
BESS,capex_p,USD,USD,2025,1.0,1.0,kW,kW,1.0,none,2878.2,2878.2,"No unit rule for 'kW' with tech 'BESS', kept units."
BESS,capex_p,USD,USD,2025,1.0,1.0,kW,kW,1.0,none,2197.6,2197.6,"No unit rule for 'kW' with tech 'BESS', kept units."
BESS,capex_p,USD,USD,2025,1.0,1.0,kW,kW,1.0,none,2099.4,2099.4,"No unit rule for 'kW' with tech 'BESS', kept units."
BESS,capex_p,USD,USD,2025,1.0,1.0,kW,kW,1.0,none,1040.9,1040.9,"No unit rule for 'kW' with tech 'BESS', kept units."
BESS,capex_p,USD,USD,2025,1.0,1.0,kW,kW,1.0,none,988.4,988.4,"No unit rule for 'kW' with tech 'BESS', kept units."
BESS,capex_p,USD,USD,2025,1.0,1.0,kW,kW,1.0,none,977.2,977.2,"No unit rule for 'kW' with tech 'BESS', kept units."
BESS,capex_p,USD,USD,2025,1.0,1.0,kW,kW,1.0,none,1298.9,1298.9,"No unit rule for 'kW' with tech 'BESS', kept units."
BESS,capex_p,USD,USD,2025,1.0,1.0,kW,kW,1.0,none,1035.4,1035.4,"No unit rule for 'kW' with tech 'BESS', kept units."
BESS,capex_p,USD,USD,2025,1.0,1.0,kW,kW,1.0,none,762.6,762.6,"No unit rule for 'kW' with tech 'BESS', kept units."
BESS,capex_p,USD,USD,2025,1.0,1.0,kW,kW,1.0,none,526.5,526.5,"No unit rule for 'kW' with tech 'BESS', kept units."
BESS,capex_p,USD,USD,2025,1.0,1.0,kW,kW,1.0,none,512.7,512.7,"No unit rule for 'kW' with tech 'BESS', kept units."
BESS,capex_p,USD,USD,2025,1.0,1.0,kW,kW,1.0,none,498.9,498.9,"No unit rule for 'kW' with tech 'BESS', kept units."
BESS,capex_p,USD,USD,2025,1.0,1.0,kW,kW,1.0,none,485.2,485.2,"No unit rule for 'kW' with tech 'BESS', kept units."
BESS,capex_p,USD,USD,2025,1.0,1.0,kW,kW,1.0,none,471.4,471.4,"No unit rule for 'kW' with tech 'BESS', kept units."
BESS,capex_p,USD,USD,2025,1.0,1.0,kW,kW,1.0,none,457.6,457.6,"No unit rule for 'kW' with tech 'BESS', kept units."
BESS,capex_p,USD,USD,2025,1.0,1.0,kW,kW,1.0,none,443.8,443.8,"No unit rule for 'kW' with tech 'BESS', kept units."
BESS,capex_p,USD,USD,2025,1.0,1.0,kW,kW,1.0,none,430.0,430.0,"No unit rule for 'kW' with tech 'BESS', kept units."
BESS,capex_p,USD,USD,2025,1.0,1.0,kW,kW,1.0,none,416.2,416.2,"No unit rule for 'kW' with tech 'BESS', kept units."
BESS,capex_p,USD,USD,2025,1.0,1.0,kW,kW,1.0,none,402.4,402.4,"No unit rule for 'kW' with tech 'BESS', kept units."
BESS,capex_p,USD,USD,2025,1.0,1.0,kW,kW,1.0,none,388.6,388.6,"No unit rule for 'kW' with tech 'BESS', kept units."
BESS,capex_p,USD,USD,2025,1.0,1.0,kW,kW,1.0,none,8260.6,8260.6,"No unit rule for 'kW' with tech 'BESS', kept units."
BESS,capex_p,USD,USD,2025,1.0,1.0,kW,kW,1.0,none,6847.7,6847.7,"No unit rule for 'kW' with tech 'BESS', kept units."
BESS,capex_p,USD,USD,2025,1.0,1.0,kW,kW,1.0,none,6457.9,6457.9,"No unit rule for 'kW' with tech 'BESS', kept units."
BESS,capex_p,USD,USD,2025,1.0,1.0,kW,kW,1.0,none,5316.6,5316.6,"No unit rule for 'kW' with tech 'BESS', kept units."
BESS,capex_p,USD,USD,2025,1.0,1.0,kW,kW,1.0,none,5595.0,5595.0,"No unit rule for 'kW' with tech 'BESS', kept units."
BESS,capex_p,USD,USD,2025,1.0,1.0,kW,kW,1.0,none,4960.1,4960.1,"No unit rule for 'kW' with tech 'BESS', kept units."
BESS,capex_p,USD,USD,2025,1.0,1.0,kW,kW,1.0,none,3511.9,3511.9,"No unit rule for 'kW' with tech 'BESS', kept units."
BESS,capex_p,USD,USD,2025,1.0,1.0,kW,kW,1.0,none,2496.4,2496.4,"No unit rule for 'kW' with tech 'BESS', kept units."
BESS,capex_p,USD,USD,2025,1.0,1.0,kW,kW,1.0,none,2228.5,2228.5,"No unit rule for 'kW' with tech 'BESS', kept units."
BESS,capex_p,USD,USD,2025,1.0,1.0,kW,kW,1.0,none,1035.8,1035.8,"No unit rule for 'kW' with tech 'BESS', kept units."
BESS,capex_p,USD,USD,2025,1.0,1.0,kW,kW,1.0,none,924.9,924.9,"No unit rule for 'kW' with tech 'BESS', kept units."
BESS,capex_p,USD,USD,2025,1.0,1.0,kW,kW,1.0,none,862.0,862.0,"No unit rule for 'kW' with tech 'BESS', kept units."
BESS,capex_p,USD,USD,2025,1.0,1.0,kW,kW,1.0,none,1082.8,1082.8,"No unit rule for 'kW' with tech 'BESS', kept units."
BESS,capex_p,USD,USD,2025,1.0,1.0,kW,kW,1.0,none,817.4,817.4,"No unit rule for 'kW' with tech 'BESS', kept units."
BESS,capex_p,USD,USD,2025,1.0,1.0,kW,kW,1.0,none,571.2,571.2,"No unit rule for 'kW' with tech 'BESS', kept units."
BESS,capex_p,USD,USD,2025,1.0,1.0,kW,kW,1.0,none,394.4,394.4,"No unit rule for 'kW' with tech 'BESS', kept units."
BESS,capex_p,USD,USD,2025,1.0,1.0,kW,kW,1.0,none,384.1,384.1,"No unit rule for 'kW' with tech 'BESS', kept units."
BESS,capex_p,USD,USD,2025,1.0,1.0,kW,kW,1.0,none,373.8,373.8,"No unit rule for 'kW' with tech 'BESS', kept units."
BESS,capex_p,USD,USD,2025,1.0,1.0,kW,kW,1.0,none,363.4,363.4,"No unit rule for 'kW' with tech 'BESS', kept units."
BESS,capex_p,USD,USD,2025,1.0,1.0,kW,kW,1.0,none,353.1,353.1,"No unit rule for 'kW' with tech 'BESS', kept units."
BESS,capex_p,USD,USD,2025,1.0,1.0,kW,kW,1.0,none,342.8,342.8,"No unit rule for 'kW' with tech 'BESS', kept units."
BESS,capex_p,USD,USD,2025,1.0,1.0,kW,kW,1.0,none,332.4,332.4,"No unit rule for 'kW' with tech 'BESS', kept units."
BESS,capex_p,USD,USD,2025,1.0,1.0,kW,kW,1.0,none,322.1,322.1,"No unit rule for 'kW' with tech 'BESS', kept units."
BESS,capex_p,USD,USD,2025,1.0,1.0,kW,kW,1.0,none,311.8,311.8,"No unit rule for 'kW' with tech 'BESS', kept units."
BESS,capex_p,USD,USD,2025,1.0,1.0,kW,kW,1.0,none,301.4,301.4,"No unit rule for 'kW' with tech 'BESS', kept units."
BESS,capex_p,USD,USD,2025,1.0,1.0,kW,kW,1.0,none,291.1,291.1,"No unit rule for 'kW' with tech 'BESS', kept units."
BESS,capex_p,USD,USD,2025,1.0,1.0,kW,kW,1.0,none,4226.4,4226.4,"No unit rule for 'kW' with tech 'BESS', kept units."
BESS,capex_p,USD,USD,2025,1.0,1.0,kW,kW,1.0,none,3503.5,3503.5,"No unit rule for 'kW' with tech 'BESS', kept units."
BESS,capex_p,USD,USD,2025,1.0,1.0,kW,kW,1.0,none,3304.1,3304.1,"No unit rule for 'kW' with tech 'BESS', kept units."
BESS,capex_p,USD,USD,2025,1.0,1.0,kW,kW,1.0,none,2720.2,2720.2,"No unit rule for 'kW' with tech 'BESS', kept units."
BESS,capex_p,USD,USD,2025,1.0,1.0,kW,kW,1.0,none,2862.6,2862.6,"No unit rule for 'kW' with tech 'BESS', kept units."
BESS,capex_p,USD,USD,2025,1.0,1.0,kW,kW,1.0,none,2537.8,2537.8,"No unit rule for 'kW' with tech 'BESS', kept units."
BESS,capex_p,USD,USD,2025,1.0,1.0,kW,kW,1.0,none,1886.2,1886.2,"No unit rule for 'kW' with tech 'BESS', kept units."
BESS,capex_p,USD,USD,2025,1.0,1.0,kW,kW,1.0,none,1405.3,1405.3,"No unit rule for 'kW' with tech 'BESS', kept units."
BESS,capex_p,USD,USD,2025,1.0,1.0,kW,kW,1.0,none,1313.0,1313.0,"No unit rule for 'kW' with tech 'BESS', kept units."
BESS,capex_p,USD,USD,2025,1.0,1.0,kW,kW,1.0,none,638.0,638.0,"No unit rule for 'kW' with tech 'BESS', kept units."
BESS,capex_p,USD,USD,2025,1.0,1.0,kW,kW,1.0,none,594.8,594.8,"No unit rule for 'kW' with tech 'BESS', kept units."
BESS,capex_p,USD,USD,2025,1.0,1.0,kW,kW,1.0,none,578.1,578.1,"No unit rule for 'kW' with tech 'BESS', kept units."
BESS,capex_p,USD,USD,2025,1.0,1.0,kW,kW,1.0,none,756.6,756.6,"No unit rule for 'kW' with tech 'BESS', kept units."
BESS,capex_p,USD,USD,2025,1.0,1.0,kW,kW,1.0,none,594.5,594.5,"No unit rule for 'kW' with tech 'BESS', kept units."
BESS,capex_p,USD,USD,2025,1.0,1.0,kW,kW,1.0,none,432.0,432.0,"No unit rule for 'kW' with tech 'BESS', kept units."
BESS,capex_p,USD,USD,2025,1.0,1.0,kW,kW,1.0,none,298.3,298.3,"No unit rule for 'kW' with tech 'BESS', kept units."
BESS,capex_p,USD,USD,2025,1.0,1.0,kW,kW,1.0,none,290.5,290.5,"No unit rule for 'kW' with tech 'BESS', kept units."
BESS,capex_p,USD,USD,2025,1.0,1.0,kW,kW,1.0,none,282.7,282.7,"No unit rule for 'kW' with tech 'BESS', kept units."
BESS,capex_p,USD,USD,2025,1.0,1.0,kW,kW,1.0,none,274.9,274.9,"No unit rule for 'kW' with tech 'BESS', kept units."
BESS,capex_p,USD,USD,2025,1.0,1.0,kW,kW,1.0,none,267.0,267.0,"No unit rule for 'kW' with tech 'BESS', kept units."
BESS,capex_p,USD,USD,2025,1.0,1.0,kW,kW,1.0,none,259.2,259.2,"No unit rule for 'kW' with tech 'BESS', kept units."
BESS,capex_p,USD,USD,2025,1.0,1.0,kW,kW,1.0,none,251.4,251.4,"No unit rule for 'kW' with tech 'BESS', kept units."
BESS,capex_p,USD,USD,2025,1.0,1.0,kW,kW,1.0,none,243.6,243.6,"No unit rule for 'kW' with tech 'BESS', kept units."
BESS,capex_p,USD,USD,2025,1.0,1.0,kW,kW,1.0,none,235.8,235.8,"No unit rule for 'kW' with tech 'BESS', kept units."
BESS,capex_p,USD,USD,2025,1.0,1.0,kW,kW,1.0,none,228.0,228.0,"No unit rule for 'kW' with tech 'BESS', kept units."
BESS,capex_p,USD,USD,2025,1.0,1.0,kW,kW,1.0,none,220.2,220.2,"No unit rule for 'kW' with tech 'BESS', kept units."
BESS,capex_p,USD,USD,2025,1.0,1.0,kW,kW,1.0,none,6398.5,6398.5,"No unit rule for 'kW' with tech 'BESS', kept units."
BESS,capex_p,USD,USD,2025,1.0,1.0,kW,kW,1.0,none,5304.1,5304.1,"No unit rule for 'kW' with tech 'BESS', kept units."
BESS,capex_p,USD,USD,2025,1.0,1.0,kW,kW,1.0,none,5002.1,5002.1,"No unit rule for 'kW' with tech 'BESS', kept units."
BESS,capex_p,USD,USD,2025,1.0,1.0,kW,kW,1.0,none,4118.1,4118.1,"No unit rule for 'kW' with tech 'BESS', kept units."
BESS,capex_p,USD,USD,2025,1.0,1.0,kW,kW,1.0,none,4333.8,4333.8,"No unit rule for 'kW' with tech 'BESS', kept units."
BESS,capex_p,USD,USD,2025,1.0,1.0,kW,kW,1.0,none,3842.0,3842.0,"No unit rule for 'kW' with tech 'BESS', kept units."
BESS,capex_p,USD,USD,2025,1.0,1.0,kW,kW,1.0,none,2772.1,2772.1,"No unit rule for 'kW' with tech 'BESS', kept units."
BESS,capex_p,USD,USD,2025,1.0,1.0,kW,kW,1.0,none,2007.9,2007.9,"No unit rule for 'kW' with tech 'BESS', kept units."
BESS,capex_p,USD,USD,2025,1.0,1.0,kW,kW,1.0,none,1826.4,1826.4,"No unit rule for 'kW' with tech 'BESS', kept units."
BESS,capex_p,USD,USD,2025,1.0,1.0,kW,kW,1.0,none,865.0,865.0,"No unit rule for 'kW' with tech 'BESS', kept units."
BESS,capex_p,USD,USD,2025,1.0,1.0,kW,kW,1.0,none,786.9,786.9,"No unit rule for 'kW' with tech 'BESS', kept units."
BESS,capex_p,USD,USD,2025,1.0,1.0,kW,kW,1.0,none,747.2,747.2,"No unit rule for 'kW' with tech 'BESS', kept units."
BESS,capex_p,USD,USD,2025,1.0,1.0,kW,kW,1.0,none,956.3,956.3,"No unit rule for 'kW' with tech 'BESS', kept units."
BESS,capex_p,USD,USD,2025,1.0,1.0,kW,kW,1.0,none,735.4,735.4,"No unit rule for 'kW' with tech 'BESS', kept units."
BESS,capex_p,USD,USD,2025,1.0,1.0,kW,kW,1.0,none,523.5,523.5,"No unit rule for 'kW' with tech 'BESS', kept units."
BESS,capex_p,USD,USD,2025,1.0,1.0,kW,kW,1.0,none,361.5,361.5,"No unit rule for 'kW' with tech 'BESS', kept units."
BESS,capex_p,USD,USD,2025,1.0,1.0,kW,kW,1.0,none,352.0,352.0,"No unit rule for 'kW' with tech 'BESS', kept units."
BESS,capex_p,USD,USD,2025,1.0,1.0,kW,kW,1.0,none,342.5,342.5,"No unit rule for 'kW' with tech 'BESS', kept units."
BESS,capex_p,USD,USD,2025,1.0,1.0,kW,kW,1.0,none,333.1,333.1,"No unit rule for 'kW' with tech 'BESS', kept units."
BESS,capex_p,USD,USD,2025,1.0,1.0,kW,kW,1.0,none,323.6,323.6,"No unit rule for 'kW' with tech 'BESS', kept units."
BESS,capex_p,USD,USD,2025,1.0,1.0,kW,kW,1.0,none,314.1,314.1,"No unit rule for 'kW' with tech 'BESS', kept units."
BESS,capex_p,USD,USD,2025,1.0,1.0,kW,kW,1.0,none,304.7,304.7,"No unit rule for 'kW' with tech 'BESS', kept units."
BESS,capex_p,USD,USD,2025,1.0,1.0,kW,kW,1.0,none,295.2,295.2,"No unit rule for 'kW' with tech 'BESS', kept units."
BESS,capex_p,USD,USD,2025,1.0,1.0,kW,kW,1.0,none,285.7,285.7,"No unit rule for 'kW' with tech 'BESS', kept units."
BESS,capex_p,USD,USD,2025,1.0,1.0,kW,kW,1.0,none,276.3,276.3,"No unit rule for 'kW' with tech 'BESS', kept units."
BESS,capex_p,USD,USD,2025,1.0,1.0,kW,kW,1.0,none,266.8,266.8,"No unit rule for 'kW' with tech 'BESS', kept units."
BESS,capex_p,USD,USD,2025,1.0,1.0,kW,kW,1.0,none,6372.1,6372.1,"No unit rule for 'kW' with tech 'BESS', kept units."
BESS,capex_p,USD,USD,2025,1.0,1.0,kW,kW,1.0,none,5282.1,5282.1,"No unit rule for 'kW' with tech 'BESS', kept units."
BESS,capex_p,USD,USD,2025,1.0,1.0,kW,kW,1.0,none,4981.5,4981.5,"No unit rule for 'kW' with tech 'BESS', kept units."
BESS,capex_p,USD,USD,2025,1.0,1.0,kW,kW,1.0,none,4101.1,4101.1,"No unit rule for 'kW' with tech 'BESS', kept units."
BESS,capex_p,USD,USD,2025,1.0,1.0,kW,kW,1.0,none,4315.9,4315.9,"No unit rule for 'kW' with tech 'BESS', kept units."
BESS,capex_p,USD,USD,2025,1.0,1.0,kW,kW,1.0,none,3826.1,3826.1,"No unit rule for 'kW' with tech 'BESS', kept units."
BESS,capex_p,USD,USD,2025,1.0,1.0,kW,kW,1.0,none,2829.0,2829.0,"No unit rule for 'kW' with tech 'BESS', kept units."
BESS,capex_p,USD,USD,2025,1.0,1.0,kW,kW,1.0,none,2097.6,2097.6,"No unit rule for 'kW' with tech 'BESS', kept units."
BESS,capex_p,USD,USD,2025,1.0,1.0,kW,kW,1.0,none,1951.1,1951.1,"No unit rule for 'kW' with tech 'BESS', kept units."
BESS,capex_p,USD,USD,2025,1.0,1.0,kW,kW,1.0,none,944.1,944.1,"No unit rule for 'kW' with tech 'BESS', kept units."
BESS,capex_p,USD,USD,2025,1.0,1.0,kW,kW,1.0,none,876.7,876.7,"No unit rule for 'kW' with tech 'BESS', kept units."
BESS,capex_p,USD,USD,2025,1.0,1.0,kW,kW,1.0,none,849.0,849.0,"No unit rule for 'kW' with tech 'BESS', kept units."
BESS,capex_p,USD,USD,2025,1.0,1.0,kW,kW,1.0,none,1107.4,1107.4,"No unit rule for 'kW' with tech 'BESS', kept units."
BESS,capex_p,USD,USD,2025,1.0,1.0,kW,kW,1.0,none,867.2,867.2,"No unit rule for 'kW' with tech 'BESS', kept units."
BESS,capex_p,USD,USD,2025,1.0,1.0,kW,kW,1.0,none,628.4,628.4,"No unit rule for 'kW' with tech 'BESS', kept units."
BESS,capex_p,USD,USD,2025,1.0,1.0,kW,kW,1.0,none,433.9,433.9,"No unit rule for 'kW' with tech 'BESS', kept units."
BESS,capex_p,USD,USD,2025,1.0,1.0,kW,kW,1.0,none,422.5,422.5,"No unit rule for 'kW' with tech 'BESS', kept units."
BESS,capex_p,USD,USD,2025,1.0,1.0,kW,kW,1.0,none,411.1,411.1,"No unit rule for 'kW' with tech 'BESS', kept units."
BESS,capex_p,USD,USD,2025,1.0,1.0,kW,kW,1.0,none,399.8,399.8,"No unit rule for 'kW' with tech 'BESS', kept units."
BESS,capex_p,USD,USD,2025,1.0,1.0,kW,kW,1.0,none,388.4,388.4,"No unit rule for 'kW' with tech 'BESS', kept units."
BESS,capex_p,USD,USD,2025,1.0,1.0,kW,kW,1.0,none,377.0,377.0,"No unit rule for 'kW' with tech 'BESS', kept units."
BESS,capex_p,USD,USD,2025,1.0,1.0,kW,kW,1.0,none,365.7,365.7,"No unit rule for 'kW' with tech 'BESS', kept units."
BESS,capex_p,USD,USD,2025,1.0,1.0,kW,kW,1.0,none,354.3,354.3,"No unit rule for 'kW' with tech 'BESS', kept units."
BESS,capex_p,USD,USD,2025,1.0,1.0,kW,kW,1.0,none,343.0,343.0,"No unit rule for 'kW' with tech 'BESS', kept units."
BESS,capex_p,USD,USD,2025,1.0,1.0,kW,kW,1.0,none,331.6,331.6,"No unit rule for 'kW' with tech 'BESS', kept units."
BESS,capex_p,USD,USD,2025,1.0,1.0,kW,kW,1.0,none,320.2,320.2,"No unit rule for 'kW' with tech 'BESS', kept units."
BESS,capex_p,USD,USD,2025,1.0,1.0,kW,kW,1.0,none,6348.0,6348.0,"No unit rule for 'kW' with tech 'BESS', kept units."
BESS,capex_p,USD,USD,2025,1.0,1.0,kW,kW,1.0,none,5262.2,5262.2,"No unit rule for 'kW' with tech 'BESS', kept units."
BESS,capex_p,USD,USD,2025,1.0,1.0,kW,kW,1.0,none,4962.7,4962.7,"No unit rule for 'kW' with tech 'BESS', kept units."
BESS,capex_p,USD,USD,2025,1.0,1.0,kW,kW,1.0,none,4085.7,4085.7,"No unit rule for 'kW' with tech 'BESS', kept units."
BESS,capex_p,USD,USD,2025,1.0,1.0,kW,kW,1.0,none,4299.6,4299.6,"No unit rule for 'kW' with tech 'BESS', kept units."
BESS,capex_p,USD,USD,2025,1.0,1.0,kW,kW,1.0,none,3811.7,3811.7,"No unit rule for 'kW' with tech 'BESS', kept units."
BESS,capex_p,USD,USD,2025,1.0,1.0,kW,kW,1.0,none,2845.7,2845.7,"No unit rule for 'kW' with tech 'BESS', kept units."
BESS,capex_p,USD,USD,2025,1.0,1.0,kW,kW,1.0,none,2128.9,2128.9,"No unit rule for 'kW' with tech 'BESS', kept units."
BESS,capex_p,USD,USD,2025,1.0,1.0,kW,kW,1.0,none,1996.8,1996.8,"No unit rule for 'kW' with tech 'BESS', kept units."
BESS,capex_p,USD,USD,2025,1.0,1.0,kW,kW,1.0,none,973.6,973.6,"No unit rule for 'kW' with tech 'BESS', kept units."
BESS,capex_p,USD,USD,2025,1.0,1.0,kW,kW,1.0,none,910.6,910.6,"No unit rule for 'kW' with tech 'BESS', kept units."
BESS,capex_p,USD,USD,2025,1.0,1.0,kW,kW,1.0,none,887.9,887.9,"No unit rule for 'kW' with tech 'BESS', kept units."
BESS,capex_p,USD,USD,2025,1.0,1.0,kW,kW,1.0,none,1165.3,1165.3,"No unit rule for 'kW' with tech 'BESS', kept units."
BESS,capex_p,USD,USD,2025,1.0,1.0,kW,kW,1.0,none,918.0,918.0,"No unit rule for 'kW' with tech 'BESS', kept units."
BESS,capex_p,USD,USD,2025,1.0,1.0,kW,kW,1.0,none,668.9,668.9,"No unit rule for 'kW' with tech 'BESS', kept units."
BESS,capex_p,USD,USD,2025,1.0,1.0,kW,kW,1.0,none,461.8,461.8,"No unit rule for 'kW' with tech 'BESS', kept units."
BESS,capex_p,USD,USD,2025,1.0,1.0,kW,kW,1.0,none,449.7,449.7,"No unit rule for 'kW' with tech 'BESS', kept units."
BESS,capex_p,USD,USD,2025,1.0,1.0,kW,kW,1.0,none,437.6,437.6,"No unit rule for 'kW' with tech 'BESS', kept units."
BESS,capex_p,USD,USD,2025,1.0,1.0,kW,kW,1.0,none,425.5,425.5,"No unit rule for 'kW' with tech 'BESS', kept units."
BESS,capex_p,USD,USD,2025,1.0,1.0,kW,kW,1.0,none,413.4,413.4,"No unit rule for 'kW' with tech 'BESS', kept units."
BESS,capex_p,USD,USD,2025,1.0,1.0,kW,kW,1.0,none,401.3,401.3,"No unit rule for 'kW' with tech 'BESS', kept units."
BESS,capex_p,USD,USD,2025,1.0,1.0,kW,kW,1.0,none,389.2,389.2,"No unit rule for 'kW' with tech 'BESS', kept units."
BESS,capex_p,USD,USD,2025,1.0,1.0,kW,kW,1.0,none,377.1,377.1,"No unit rule for 'kW' with tech 'BESS', kept units."
BESS,capex_p,USD,USD,2025,1.0,1.0,kW,kW,1.0,none,365.0,365.0,"No unit rule for 'kW' with tech 'BESS', kept units."
BESS,capex_p,USD,USD,2025,1.0,1.0,kW,kW,1.0,none,353.0,353.0,"No unit rule for 'kW' with tech 'BESS', kept units."
BESS,capex_p,USD,USD,2025,1.0,1.0,kW,kW,1.0,none,340.9,340.9,"No unit rule for 'kW' with tech 'BESS', kept units."
BESS,capex_p,USD,USD,2025,1.0,1.0,kW,kW,1.0,none,7693.6,7693.6,"No unit rule for 'kW' with tech 'BESS', kept units."
BESS,capex_p,USD,USD,2025,1.0,1.0,kW,kW,1.0,none,6377.6,6377.6,"No unit rule for 'kW' with tech 'BESS', kept units."
BESS,capex_p,USD,USD,2025,1.0,1.0,kW,kW,1.0,none,6014.6,6014.6,"No unit rule for 'kW' with tech 'BESS', kept units."
BESS,capex_p,USD,USD,2025,1.0,1.0,kW,kW,1.0,none,4951.7,4951.7,"No unit rule for 'kW' with tech 'BESS', kept units."
BESS,capex_p,USD,USD,2025,1.0,1.0,kW,kW,1.0,none,5211.0,5211.0,"No unit rule for 'kW' with tech 'BESS', kept units."
BESS,capex_p,USD,USD,2025,1.0,1.0,kW,kW,1.0,none,4619.6,4619.6,"No unit rule for 'kW' with tech 'BESS', kept units."
BESS,capex_p,USD,USD,2025,1.0,1.0,kW,kW,1.0,none,3302.3,3302.3,"No unit rule for 'kW' with tech 'BESS', kept units."
BESS,capex_p,USD,USD,2025,1.0,1.0,kW,kW,1.0,none,2370.1,2370.1,"No unit rule for 'kW' with tech 'BESS', kept units."
BESS,capex_p,USD,USD,2025,1.0,1.0,kW,kW,1.0,none,2136.4,2136.4,"No unit rule for 'kW' with tech 'BESS', kept units."
BESS,capex_p,USD,USD,2025,1.0,1.0,kW,kW,1.0,none,1002.8,1002.8,"No unit rule for 'kW' with tech 'BESS', kept units."
BESS,capex_p,USD,USD,2025,1.0,1.0,kW,kW,1.0,none,904.2,904.2,"No unit rule for 'kW' with tech 'BESS', kept units."
BESS,capex_p,USD,USD,2025,1.0,1.0,kW,kW,1.0,none,851.1,851.1,"No unit rule for 'kW' with tech 'BESS', kept units."
BESS,capex_p,USD,USD,2025,1.0,1.0,kW,kW,1.0,none,1079.8,1079.8,"No unit rule for 'kW' with tech 'BESS', kept units."
BESS,capex_p,USD,USD,2025,1.0,1.0,kW,kW,1.0,none,823.3,823.3,"No unit rule for 'kW' with tech 'BESS', kept units."
BESS,capex_p,USD,USD,2025,1.0,1.0,kW,kW,1.0,none,581.2,581.2,"No unit rule for 'kW' with tech 'BESS', kept units."
BESS,capex_p,USD,USD,2025,1.0,1.0,kW,kW,1.0,none,401.3,401.3,"No unit rule for 'kW' with tech 'BESS', kept units."
BESS,capex_p,USD,USD,2025,1.0,1.0,kW,kW,1.0,none,390.8,390.8,"No unit rule for 'kW' with tech 'BESS', kept units."
BESS,capex_p,USD,USD,2025,1.0,1.0,kW,kW,1.0,none,380.3,380.3,"No unit rule for 'kW' with tech 'BESS', kept units."
BESS,capex_p,USD,USD,2025,1.0,1.0,kW,kW,1.0,none,369.8,369.8,"No unit rule for 'kW' with tech 'BESS', kept units."
BESS,capex_p,USD,USD,2025,1.0,1.0,kW,kW,1.0,none,359.3,359.3,"No unit rule for 'kW' with tech 'BESS', kept units."
BESS,capex_p,USD,USD,2025,1.0,1.0,kW,kW,1.0,none,348.8,348.8,"No unit rule for 'kW' with tech 'BESS', kept units."
BESS,capex_p,USD,USD,2025,1.0,1.0,kW,kW,1.0,none,338.2,338.2,"No unit rule for 'kW' with tech 'BESS', kept units."
BESS,capex_p,USD,USD,2025,1.0,1.0,kW,kW,1.0,none,327.7,327.7,"No unit rule for 'kW' with tech 'BESS', kept units."
BESS,capex_p,USD,USD,2025,1.0,1.0,kW,kW,1.0,none,317.2,317.2,"No unit rule for 'kW' with tech 'BESS', kept units."
BESS,capex_p,USD,USD,2025,1.0,1.0,kW,kW,1.0,none,306.7,306.7,"No unit rule for 'kW' with tech 'BESS', kept units."
BESS,capex_p,USD,USD,2025,1.0,1.0,kW,kW,1.0,none,296.2,296.2,"No unit rule for 'kW' with tech 'BESS', kept units."
BESS,capex_p,USD,USD,2025,1.0,1.0,kW,kW,1.0,none,6002.0,6002.0,"No unit rule for 'kW' with tech 'BESS', kept units."
BESS,capex_p,USD,USD,2025,1.0,1.0,kW,kW,1.0,none,4975.4,4975.4,"No unit rule for 'kW' with tech 'BESS', kept units."
BESS,capex_p,USD,USD,2025,1.0,1.0,kW,kW,1.0,none,4692.2,4692.2,"No unit rule for 'kW' with tech 'BESS', kept units."
BESS,capex_p,USD,USD,2025,1.0,1.0,kW,kW,1.0,none,3863.0,3863.0,"No unit rule for 'kW' with tech 'BESS', kept units."
BESS,capex_p,USD,USD,2025,1.0,1.0,kW,kW,1.0,none,4065.3,4065.3,"No unit rule for 'kW' with tech 'BESS', kept units."
BESS,capex_p,USD,USD,2025,1.0,1.0,kW,kW,1.0,none,3604.0,3604.0,"No unit rule for 'kW' with tech 'BESS', kept units."
BESS,capex_p,USD,USD,2025,1.0,1.0,kW,kW,1.0,none,2543.1,2543.1,"No unit rule for 'kW' with tech 'BESS', kept units."
BESS,capex_p,USD,USD,2025,1.0,1.0,kW,kW,1.0,none,1801.4,1801.4,"No unit rule for 'kW' with tech 'BESS', kept units."
BESS,capex_p,USD,USD,2025,1.0,1.0,kW,kW,1.0,none,1602.5,1602.5,"No unit rule for 'kW' with tech 'BESS', kept units."
BESS,capex_p,USD,USD,2025,1.0,1.0,kW,kW,1.0,none,742.2,742.2,"No unit rule for 'kW' with tech 'BESS', kept units."
BESS,capex_p,USD,USD,2025,1.0,1.0,kW,kW,1.0,none,660.3,660.3,"No unit rule for 'kW' with tech 'BESS', kept units."
BESS,capex_p,USD,USD,2025,1.0,1.0,kW,kW,1.0,none,613.1,613.1,"No unit rule for 'kW' with tech 'BESS', kept units."
BESS,capex_p,USD,USD,2025,1.0,1.0,kW,kW,1.0,none,767.2,767.2,"No unit rule for 'kW' with tech 'BESS', kept units."
BESS,capex_p,USD,USD,2025,1.0,1.0,kW,kW,1.0,none,576.9,576.9,"No unit rule for 'kW' with tech 'BESS', kept units."
BESS,capex_p,USD,USD,2025,1.0,1.0,kW,kW,1.0,none,401.5,401.5,"No unit rule for 'kW' with tech 'BESS', kept units."
BESS,capex_p,USD,USD,2025,1.0,1.0,kW,kW,1.0,none,277.2,277.2,"No unit rule for 'kW' with tech 'BESS', kept units."
BESS,capex_p,USD,USD,2025,1.0,1.0,kW,kW,1.0,none,270.0,270.0,"No unit rule for 'kW' with tech 'BESS', kept units."
BESS,capex_p,USD,USD,2025,1.0,1.0,kW,kW,1.0,none,262.7,262.7,"No unit rule for 'kW' with tech 'BESS', kept units."
BESS,capex_p,USD,USD,2025,1.0,1.0,kW,kW,1.0,none,255.5,255.5,"No unit rule for 'kW' with tech 'BESS', kept units."
BESS,capex_p,USD,USD,2025,1.0,1.0,kW,kW,1.0,none,248.2,248.2,"No unit rule for 'kW' with tech 'BESS', kept units."
BESS,capex_p,USD,USD,2025,1.0,1.0,kW,kW,1.0,none,240.9,240.9,"No unit rule for 'kW' with tech 'BESS', kept units."
BESS,capex_p,USD,USD,2025,1.0,1.0,kW,kW,1.0,none,233.7,233.7,"No unit rule for 'kW' with tech 'BESS', kept units."
BESS,capex_p,USD,USD,2025,1.0,1.0,kW,kW,1.0,none,226.4,226.4,"No unit rule for 'kW' with tech 'BESS', kept units."
BESS,capex_p,USD,USD,2025,1.0,1.0,kW,kW,1.0,none,219.1,219.1,"No unit rule for 'kW' with tech 'BESS', kept units."
BESS,capex_p,USD,USD,2025,1.0,1.0,kW,kW,1.0,none,211.9,211.9,"No unit rule for 'kW' with tech 'BESS', kept units."
BESS,capex_p,USD,USD,2025,1.0,1.0,kW,kW,1.0,none,204.6,204.6,"No unit rule for 'kW' with tech 'BESS', kept units."
BESS,capex_p,USD,USD,2025,1.0,1.0,kW,kW,1.0,none,3899.6,3899.6,"No unit rule for 'kW' with tech 'BESS', kept units."
BESS,capex_p,USD,USD,2025,1.0,1.0,kW,kW,1.0,none,3232.6,3232.6,"No unit rule for 'kW' with tech 'BESS', kept units."
BESS,capex_p,USD,USD,2025,1.0,1.0,kW,kW,1.0,none,3048.6,3048.6,"No unit rule for 'kW' with tech 'BESS', kept units."
BESS,capex_p,USD,USD,2025,1.0,1.0,kW,kW,1.0,none,2509.9,2509.9,"No unit rule for 'kW' with tech 'BESS', kept units."
BESS,capex_p,USD,USD,2025,1.0,1.0,kW,kW,1.0,none,2641.3,2641.3,"No unit rule for 'kW' with tech 'BESS', kept units."
BESS,capex_p,USD,USD,2025,1.0,1.0,kW,kW,1.0,none,2341.6,2341.6,"No unit rule for 'kW' with tech 'BESS', kept units."
BESS,capex_p,USD,USD,2025,1.0,1.0,kW,kW,1.0,none,1695.0,1695.0,"No unit rule for 'kW' with tech 'BESS', kept units."
BESS,capex_p,USD,USD,2025,1.0,1.0,kW,kW,1.0,none,1231.7,1231.7,"No unit rule for 'kW' with tech 'BESS', kept units."
BESS,capex_p,USD,USD,2025,1.0,1.0,kW,kW,1.0,none,1123.9,1123.9,"No unit rule for 'kW' with tech 'BESS', kept units."
BESS,capex_p,USD,USD,2025,1.0,1.0,kW,kW,1.0,none,533.9,533.9,"No unit rule for 'kW' with tech 'BESS', kept units."
BESS,capex_p,USD,USD,2025,1.0,1.0,kW,kW,1.0,none,487.1,487.1,"No unit rule for 'kW' with tech 'BESS', kept units."
BESS,capex_p,USD,USD,2025,1.0,1.0,kW,kW,1.0,none,463.9,463.9,"No unit rule for 'kW' with tech 'BESS', kept units."
BESS,capex_p,USD,USD,2025,1.0,1.0,kW,kW,1.0,none,595.4,595.4,"No unit rule for 'kW' with tech 'BESS', kept units."
BESS,capex_p,USD,USD,2025,1.0,1.0,kW,kW,1.0,none,459.1,459.1,"No unit rule for 'kW' with tech 'BESS', kept units."
BESS,capex_p,USD,USD,2025,1.0,1.0,kW,kW,1.0,none,327.8,327.8,"No unit rule for 'kW' with tech 'BESS', kept units."
BESS,capex_p,USD,USD,2025,1.0,1.0,kW,kW,1.0,none,226.3,226.3,"No unit rule for 'kW' with tech 'BESS', kept units."
BESS,capex_p,USD,USD,2025,1.0,1.0,kW,kW,1.0,none,220.4,220.4,"No unit rule for 'kW' with tech 'BESS', kept units."
BESS,capex_p,USD,USD,2025,1.0,1.0,kW,kW,1.0,none,214.5,214.5,"No unit rule for 'kW' with tech 'BESS', kept units."
BESS,capex_p,USD,USD,2025,1.0,1.0,kW,kW,1.0,none,208.5,208.5,"No unit rule for 'kW' with tech 'BESS', kept units."
BESS,capex_p,USD,USD,2025,1.0,1.0,kW,kW,1.0,none,202.6,202.6,"No unit rule for 'kW' with tech 'BESS', kept units."
BESS,capex_p,USD,USD,2025,1.0,1.0,kW,kW,1.0,none,196.7,196.7,"No unit rule for 'kW' with tech 'BESS', kept units."
BESS,capex_p,USD,USD,2025,1.0,1.0,kW,kW,1.0,none,190.7,190.7,"No unit rule for 'kW' with tech 'BESS', kept units."
BESS,capex_p,USD,USD,2025,1.0,1.0,kW,kW,1.0,none,184.8,184.8,"No unit rule for 'kW' with tech 'BESS', kept units."
BESS,capex_p,USD,USD,2025,1.0,1.0,kW,kW,1.0,none,178.9,178.9,"No unit rule for 'kW' with tech 'BESS', kept units."
BESS,capex_p,USD,USD,2025,1.0,1.0,kW,kW,1.0,none,173.0,173.0,"No unit rule for 'kW' with tech 'BESS', kept units."
BESS,capex_p,USD,USD,2025,1.0,1.0,kW,kW,1.0,none,167.0,167.0,"No unit rule for 'kW' with tech 'BESS', kept units."
BESS,capex_p,USD,USD,2025,1.0,1.0,kW,kW,1.0,none,3719.4,3719.4,"No unit rule for 'kW' with tech 'BESS', kept units."
BESS,capex_p,USD,USD,2025,1.0,1.0,kW,kW,1.0,none,3083.2,3083.2,"No unit rule for 'kW' with tech 'BESS', kept units."
BESS,capex_p,USD,USD,2025,1.0,1.0,kW,kW,1.0,none,2907.7,2907.7,"No unit rule for 'kW' with tech 'BESS', kept units."
BESS,capex_p,USD,USD,2025,1.0,1.0,kW,kW,1.0,none,2393.9,2393.9,"No unit rule for 'kW' with tech 'BESS', kept units."
BESS,capex_p,USD,USD,2025,1.0,1.0,kW,kW,1.0,none,2519.2,2519.2,"No unit rule for 'kW' with tech 'BESS', kept units."
BESS,capex_p,USD,USD,2025,1.0,1.0,kW,kW,1.0,none,2233.4,2233.4,"No unit rule for 'kW' with tech 'BESS', kept units."
BESS,capex_p,USD,USD,2025,1.0,1.0,kW,kW,1.0,none,1603.0,1603.0,"No unit rule for 'kW' with tech 'BESS', kept units."
BESS,capex_p,USD,USD,2025,1.0,1.0,kW,kW,1.0,none,1155.1,1155.1,"No unit rule for 'kW' with tech 'BESS', kept units."
BESS,capex_p,USD,USD,2025,1.0,1.0,kW,kW,1.0,none,1045.4,1045.4,"No unit rule for 'kW' with tech 'BESS', kept units."
BESS,capex_p,USD,USD,2025,1.0,1.0,kW,kW,1.0,none,492.6,492.6,"No unit rule for 'kW' with tech 'BESS', kept units."
BESS,capex_p,USD,USD,2025,1.0,1.0,kW,kW,1.0,none,446.0,446.0,"No unit rule for 'kW' with tech 'BESS', kept units."
BESS,capex_p,USD,USD,2025,1.0,1.0,kW,kW,1.0,none,421.4,421.4,"No unit rule for 'kW' with tech 'BESS', kept units."
BESS,capex_p,USD,USD,2025,1.0,1.0,kW,kW,1.0,none,536.8,536.8,"No unit rule for 'kW' with tech 'BESS', kept units."
BESS,capex_p,USD,USD,2025,1.0,1.0,kW,kW,1.0,none,410.9,410.9,"No unit rule for 'kW' with tech 'BESS', kept units."
BESS,capex_p,USD,USD,2025,1.0,1.0,kW,kW,1.0,none,291.2,291.2,"No unit rule for 'kW' with tech 'BESS', kept units."
BESS,capex_p,USD,USD,2025,1.0,1.0,kW,kW,1.0,none,201.0,201.0,"No unit rule for 'kW' with tech 'BESS', kept units."
BESS,capex_p,USD,USD,2025,1.0,1.0,kW,kW,1.0,none,195.8,195.8,"No unit rule for 'kW' with tech 'BESS', kept units."
BESS,capex_p,USD,USD,2025,1.0,1.0,kW,kW,1.0,none,190.5,190.5,"No unit rule for 'kW' with tech 'BESS', kept units."
BESS,capex_p,USD,USD,2025,1.0,1.0,kW,kW,1.0,none,185.2,185.2,"No unit rule for 'kW' with tech 'BESS', kept units."
BESS,capex_p,USD,USD,2025,1.0,1.0,kW,kW,1.0,none,180.0,180.0,"No unit rule for 'kW' with tech 'BESS', kept units."
BESS,capex_p,USD,USD,2025,1.0,1.0,kW,kW,1.0,none,174.7,174.7,"No unit rule for 'kW' with tech 'BESS', kept units."
BESS,capex_p,USD,USD,2025,1.0,1.0,kW,kW,1.0,none,169.4,169.4,"No unit rule for 'kW' with tech 'BESS', kept units."
BESS,capex_p,USD,USD,2025,1.0,1.0,kW,kW,1.0,none,164.2,164.2,"No unit rule for 'kW' with tech 'BESS', kept units."
BESS,capex_p,USD,USD,2025,1.0,1.0,kW,kW,1.0,none,158.9,158.9,"No unit rule for 'kW' with tech 'BESS', kept units."
BESS,capex_p,USD,USD,2025,1.0,1.0,kW,kW,1.0,none,153.6,153.6,"No unit rule for 'kW' with tech 'BESS', kept units."
BESS,capex_p,USD,USD,2025,1.0,1.0,kW,kW,1.0,none,148.4,148.4,"No unit rule for 'kW' with tech 'BESS', kept units."
BESS,capex_p,USD,USD,2025,1.0,1.0,kW,kW,1.0,none,7357.2,7357.2,"No unit rule for 'kW' with tech 'BESS', kept units."
BESS,capex_p,USD,USD,2025,1.0,1.0,kW,kW,1.0,none,6098.8,6098.8,"No unit rule for 'kW' with tech 'BESS', kept units."
BESS,capex_p,USD,USD,2025,1.0,1.0,kW,kW,1.0,none,5751.6,5751.6,"No unit rule for 'kW' with tech 'BESS', kept units."
BESS,capex_p,USD,USD,2025,1.0,1.0,kW,kW,1.0,none,4735.2,4735.2,"No unit rule for 'kW' with tech 'BESS', kept units."
BESS,capex_p,USD,USD,2025,1.0,1.0,kW,kW,1.0,none,4983.1,4983.1,"No unit rule for 'kW' with tech 'BESS', kept units."
BESS,capex_p,USD,USD,2025,1.0,1.0,kW,kW,1.0,none,4417.7,4417.7,"No unit rule for 'kW' with tech 'BESS', kept units."
BESS,capex_p,USD,USD,2025,1.0,1.0,kW,kW,1.0,none,3177.7,3177.7,"No unit rule for 'kW' with tech 'BESS', kept units."
BESS,capex_p,USD,USD,2025,1.0,1.0,kW,kW,1.0,none,2294.8,2294.8,"No unit rule for 'kW' with tech 'BESS', kept units."
BESS,capex_p,USD,USD,2025,1.0,1.0,kW,kW,1.0,none,2081.2,2081.2,"No unit rule for 'kW' with tech 'BESS', kept units."
BESS,capex_p,USD,USD,2025,1.0,1.0,kW,kW,1.0,none,982.8,982.8,"No unit rule for 'kW' with tech 'BESS', kept units."
BESS,capex_p,USD,USD,2025,1.0,1.0,kW,kW,1.0,none,891.6,891.6,"No unit rule for 'kW' with tech 'BESS', kept units."
BESS,capex_p,USD,USD,2025,1.0,1.0,kW,kW,1.0,none,844.2,844.2,"No unit rule for 'kW' with tech 'BESS', kept units."
BESS,capex_p,USD,USD,2025,1.0,1.0,kW,kW,1.0,none,1077.5,1077.5,"No unit rule for 'kW' with tech 'BESS', kept units."
BESS,capex_p,USD,USD,2025,1.0,1.0,kW,kW,1.0,none,826.4,826.4,"No unit rule for 'kW' with tech 'BESS', kept units."
BESS,capex_p,USD,USD,2025,1.0,1.0,kW,kW,1.0,none,586.8,586.8,"No unit rule for 'kW' with tech 'BESS', kept units."
BESS,capex_p,USD,USD,2025,1.0,1.0,kW,kW,1.0,none,405.1,405.1,"No unit rule for 'kW' with tech 'BESS', kept units."
BESS,capex_p,USD,USD,2025,1.0,1.0,kW,kW,1.0,none,394.5,394.5,"No unit rule for 'kW' with tech 'BESS', kept units."
BESS,capex_p,USD,USD,2025,1.0,1.0,kW,kW,1.0,none,383.9,383.9,"No unit rule for 'kW' with tech 'BESS', kept units."
BESS,capex_p,USD,USD,2025,1.0,1.0,kW,kW,1.0,none,373.3,373.3,"No unit rule for 'kW' with tech 'BESS', kept units."
BESS,capex_p,USD,USD,2025,1.0,1.0,kW,kW,1.0,none,362.7,362.7,"No unit rule for 'kW' with tech 'BESS', kept units."
BESS,capex_p,USD,USD,2025,1.0,1.0,kW,kW,1.0,none,352.1,352.1,"No unit rule for 'kW' with tech 'BESS', kept units."
BESS,capex_p,USD,USD,2025,1.0,1.0,kW,kW,1.0,none,341.5,341.5,"No unit rule for 'kW' with tech 'BESS', kept units."
BESS,capex_p,USD,USD,2025,1.0,1.0,kW,kW,1.0,none,330.9,330.9,"No unit rule for 'kW' with tech 'BESS', kept units."
BESS,capex_p,USD,USD,2025,1.0,1.0,kW,kW,1.0,none,320.2,320.2,"No unit rule for 'kW' with tech 'BESS', kept units."
BESS,capex_p,USD,USD,2025,1.0,1.0,kW,kW,1.0,none,309.6,309.6,"No unit rule for 'kW' with tech 'BESS', kept units."
BESS,capex_p,USD,USD,2025,1.0,1.0,kW,kW,1.0,none,299.0,299.0,"No unit rule for 'kW' with tech 'BESS', kept units."
BESS,capex_e,USD,USD,2025,1.0,1.0,kWh,kWh,1.0,none,1285.7,1285.7,"No unit rule for 'kWh' with tech 'BESS', kept units."
BESS,capex_e,USD,USD,2025,1.0,1.0,kWh,kWh,1.0,none,1065.8,1065.8,"No unit rule for 'kWh' with tech 'BESS', kept units."
BESS,capex_e,USD,USD,2025,1.0,1.0,kWh,kWh,1.0,none,1005.1,1005.1,"No unit rule for 'kWh' with tech 'BESS', kept units."
BESS,capex_e,USD,USD,2025,1.0,1.0,kWh,kWh,1.0,none,827.5,827.5,"No unit rule for 'kWh' with tech 'BESS', kept units."
BESS,capex_e,USD,USD,2025,1.0,1.0,kWh,kWh,1.0,none,870.8,870.8,"No unit rule for 'kWh' with tech 'BESS', kept units."
BESS,capex_e,USD,USD,2025,1.0,1.0,kWh,kWh,1.0,none,772.0,772.0,"No unit rule for 'kWh' with tech 'BESS', kept units."
BESS,capex_e,USD,USD,2025,1.0,1.0,kWh,kWh,1.0,none,551.0,551.0,"No unit rule for 'kWh' with tech 'BESS', kept units."
BESS,capex_e,USD,USD,2025,1.0,1.0,kWh,kWh,1.0,none,394.8,394.8,"No unit rule for 'kWh' with tech 'BESS', kept units."
BESS,capex_e,USD,USD,2025,1.0,1.0,kWh,kWh,1.0,none,355.4,355.4,"No unit rule for 'kWh' with tech 'BESS', kept units."
BESS,capex_e,USD,USD,2025,1.0,1.0,kWh,kWh,1.0,none,166.5,166.5,"No unit rule for 'kWh' with tech 'BESS', kept units."
BESS,capex_e,USD,USD,2025,1.0,1.0,kWh,kWh,1.0,none,149.9,149.9,"No unit rule for 'kWh' with tech 'BESS', kept units."
BESS,capex_e,USD,USD,2025,1.0,1.0,kWh,kWh,1.0,none,140.9,140.9,"No unit rule for 'kWh' with tech 'BESS', kept units."
BESS,capex_e,USD,USD,2025,1.0,1.0,kWh,kWh,1.0,none,178.5,178.5,"No unit rule for 'kWh' with tech 'BESS', kept units."
BESS,capex_e,USD,USD,2025,1.0,1.0,kWh,kWh,1.0,none,135.9,135.9,"No unit rule for 'kWh' with tech 'BESS', kept units."
BESS,capex_e,USD,USD,2025,1.0,1.0,kWh,kWh,1.0,none,95.8,95.8,"No unit rule for 'kWh' with tech 'BESS', kept units."
BESS,capex_e,USD,USD,2025,1.0,1.0,kWh,kWh,1.0,none,66.1,66.1,"No unit rule for 'kWh' with tech 'BESS', kept units."
BESS,capex_e,USD,USD,2025,1.0,1.0,kWh,kWh,1.0,none,64.4,64.4,"No unit rule for 'kWh' with tech 'BESS', kept units."
BESS,capex_e,USD,USD,2025,1.0,1.0,kWh,kWh,1.0,none,62.7,62.7,"No unit rule for 'kWh' with tech 'BESS', kept units."
BESS,capex_e,USD,USD,2025,1.0,1.0,kWh,kWh,1.0,none,60.9,60.9,"No unit rule for 'kWh' with tech 'BESS', kept units."
BESS,capex_e,USD,USD,2025,1.0,1.0,kWh,kWh,1.0,none,59.2,59.2,"No unit rule for 'kWh' with tech 'BESS', kept units."
BESS,capex_e,USD,USD,2025,1.0,1.0,kWh,kWh,1.0,none,57.5,57.5,"No unit rule for 'kWh' with tech 'BESS', kept units."
BESS,capex_e,USD,USD,2025,1.0,1.0,kWh,kWh,1.0,none,55.7,55.7,"No unit rule for 'kWh' with tech 'BESS', kept units."
BESS,capex_e,USD,USD,2025,1.0,1.0,kWh,kWh,1.0,none,54.0,54.0,"No unit rule for 'kWh' with tech 'BESS', kept units."
BESS,capex_e,USD,USD,2025,1.0,1.0,kWh,kWh,1.0,none,52.3,52.3,"No unit rule for 'kWh' with tech 'BESS', kept units."
BESS,capex_e,USD,USD,2025,1.0,1.0,kWh,kWh,1.0,none,50.6,50.6,"No unit rule for 'kWh' with tech 'BESS', kept units."
BESS,capex_e,USD,USD,2025,1.0,1.0,kWh,kWh,1.0,none,48.8,48.8,"No unit rule for 'kWh' with tech 'BESS', kept units."
BESS,capex_e,USD,USD,2025,1.0,1.0,kWh,kWh,1.0,none,1405.4,1405.4,"No unit rule for 'kWh' with tech 'BESS', kept units."
BESS,capex_e,USD,USD,2025,1.0,1.0,kWh,kWh,1.0,none,1165.0,1165.0,"No unit rule for 'kWh' with tech 'BESS', kept units."
BESS,capex_e,USD,USD,2025,1.0,1.0,kWh,kWh,1.0,none,1098.7,1098.7,"No unit rule for 'kWh' with tech 'BESS', kept units."
BESS,capex_e,USD,USD,2025,1.0,1.0,kWh,kWh,1.0,none,904.5,904.5,"No unit rule for 'kWh' with tech 'BESS', kept units."
BESS,capex_e,USD,USD,2025,1.0,1.0,kWh,kWh,1.0,none,951.9,951.9,"No unit rule for 'kWh' with tech 'BESS', kept units."
BESS,capex_e,USD,USD,2025,1.0,1.0,kWh,kWh,1.0,none,843.9,843.9,"No unit rule for 'kWh' with tech 'BESS', kept units."
BESS,capex_e,USD,USD,2025,1.0,1.0,kWh,kWh,1.0,none,602.3,602.3,"No unit rule for 'kWh' with tech 'BESS', kept units."
BESS,capex_e,USD,USD,2025,1.0,1.0,kWh,kWh,1.0,none,431.6,431.6,"No unit rule for 'kWh' with tech 'BESS', kept units."
BESS,capex_e,USD,USD,2025,1.0,1.0,kWh,kWh,1.0,none,388.5,388.5,"No unit rule for 'kWh' with tech 'BESS', kept units."
BESS,capex_e,USD,USD,2025,1.0,1.0,kWh,kWh,1.0,none,182.0,182.0,"No unit rule for 'kWh' with tech 'BESS', kept units."
BESS,capex_e,USD,USD,2025,1.0,1.0,kWh,kWh,1.0,none,163.9,163.9,"No unit rule for 'kWh' with tech 'BESS', kept units."
BESS,capex_e,USD,USD,2025,1.0,1.0,kWh,kWh,1.0,none,154.0,154.0,"No unit rule for 'kWh' with tech 'BESS', kept units."
BESS,capex_e,USD,USD,2025,1.0,1.0,kWh,kWh,1.0,none,159.5,159.5,"No unit rule for 'kWh' with tech 'BESS', kept units."
BESS,capex_e,USD,USD,2025,1.0,1.0,kWh,kWh,1.0,none,192.1,192.1,"No unit rule for 'kWh' with tech 'BESS', kept units."
BESS,capex_e,USD,USD,2025,1.0,1.0,kWh,kWh,1.0,none,166.3,166.3,"No unit rule for 'kWh' with tech 'BESS', kept units."
BESS,capex_e,USD,USD,2025,1.0,1.0,kWh,kWh,1.0,none,95.2,95.2,"No unit rule for 'kWh' with tech 'BESS', kept units."
BESS,capex_e,USD,USD,2025,1.0,1.0,kWh,kWh,1.0,none,92.7,92.7,"No unit rule for 'kWh' with tech 'BESS', kept units."
BESS,capex_e,USD,USD,2025,1.0,1.0,kWh,kWh,1.0,none,90.3,90.3,"No unit rule for 'kWh' with tech 'BESS', kept units."
BESS,capex_e,USD,USD,2025,1.0,1.0,kWh,kWh,1.0,none,87.8,87.8,"No unit rule for 'kWh' with tech 'BESS', kept units."
BESS,capex_e,USD,USD,2025,1.0,1.0,kWh,kWh,1.0,none,85.3,85.3,"No unit rule for 'kWh' with tech 'BESS', kept units."
BESS,capex_e,USD,USD,2025,1.0,1.0,kWh,kWh,1.0,none,82.8,82.8,"No unit rule for 'kWh' with tech 'BESS', kept units."
BESS,capex_e,USD,USD,2025,1.0,1.0,kWh,kWh,1.0,none,80.3,80.3,"No unit rule for 'kWh' with tech 'BESS', kept units."
BESS,capex_e,USD,USD,2025,1.0,1.0,kWh,kWh,1.0,none,77.8,77.8,"No unit rule for 'kWh' with tech 'BESS', kept units."
BESS,capex_e,USD,USD,2025,1.0,1.0,kWh,kWh,1.0,none,75.3,75.3,"No unit rule for 'kWh' with tech 'BESS', kept units."
BESS,capex_e,USD,USD,2025,1.0,1.0,kWh,kWh,1.0,none,72.8,72.8,"No unit rule for 'kWh' with tech 'BESS', kept units."
BESS,capex_e,USD,USD,2025,1.0,1.0,kWh,kWh,1.0,none,70.3,70.3,"No unit rule for 'kWh' with tech 'BESS', kept units."
BESS,capex_e,USD,USD,2025,1.0,1.0,kWh,kWh,1.0,none,1223.2,1223.2,"No unit rule for 'kWh' with tech 'BESS', kept units."
BESS,capex_e,USD,USD,2025,1.0,1.0,kWh,kWh,1.0,none,1014.0,1014.0,"No unit rule for 'kWh' with tech 'BESS', kept units."
BESS,capex_e,USD,USD,2025,1.0,1.0,kWh,kWh,1.0,none,956.3,956.3,"No unit rule for 'kWh' with tech 'BESS', kept units."
BESS,capex_e,USD,USD,2025,1.0,1.0,kWh,kWh,1.0,none,787.3,787.3,"No unit rule for 'kWh' with tech 'BESS', kept units."
BESS,capex_e,USD,USD,2025,1.0,1.0,kWh,kWh,1.0,none,828.5,828.5,"No unit rule for 'kWh' with tech 'BESS', kept units."
BESS,capex_e,USD,USD,2025,1.0,1.0,kWh,kWh,1.0,none,734.5,734.5,"No unit rule for 'kWh' with tech 'BESS', kept units."
BESS,capex_e,USD,USD,2025,1.0,1.0,kWh,kWh,1.0,none,524.2,524.2,"No unit rule for 'kWh' with tech 'BESS', kept units."
BESS,capex_e,USD,USD,2025,1.0,1.0,kWh,kWh,1.0,none,375.7,375.7,"No unit rule for 'kWh' with tech 'BESS', kept units."
BESS,capex_e,USD,USD,2025,1.0,1.0,kWh,kWh,1.0,none,338.1,338.1,"No unit rule for 'kWh' with tech 'BESS', kept units."
BESS,capex_e,USD,USD,2025,1.0,1.0,kWh,kWh,1.0,none,158.4,158.4,"No unit rule for 'kWh' with tech 'BESS', kept units."
BESS,capex_e,USD,USD,2025,1.0,1.0,kWh,kWh,1.0,none,142.7,142.7,"No unit rule for 'kWh' with tech 'BESS', kept units."
BESS,capex_e,USD,USD,2025,1.0,1.0,kWh,kWh,1.0,none,134.1,134.1,"No unit rule for 'kWh' with tech 'BESS', kept units."
BESS,capex_e,USD,USD,2025,1.0,1.0,kWh,kWh,1.0,none,198.6,198.6,"No unit rule for 'kWh' with tech 'BESS', kept units."
BESS,capex_e,USD,USD,2025,1.0,1.0,kWh,kWh,1.0,none,151.2,151.2,"No unit rule for 'kWh' with tech 'BESS', kept units."
BESS,capex_e,USD,USD,2025,1.0,1.0,kWh,kWh,1.0,none,106.6,106.6,"No unit rule for 'kWh' with tech 'BESS', kept units."
BESS,capex_e,USD,USD,2025,1.0,1.0,kWh,kWh,1.0,none,103.2,103.2,"No unit rule for 'kWh' with tech 'BESS', kept units."
BESS,capex_e,USD,USD,2025,1.0,1.0,kWh,kWh,1.0,none,100.5,100.5,"No unit rule for 'kWh' with tech 'BESS', kept units."
BESS,capex_e,USD,USD,2025,1.0,1.0,kWh,kWh,1.0,none,97.8,97.8,"No unit rule for 'kWh' with tech 'BESS', kept units."
BESS,capex_e,USD,USD,2025,1.0,1.0,kWh,kWh,1.0,none,95.1,95.1,"No unit rule for 'kWh' with tech 'BESS', kept units."
BESS,capex_e,USD,USD,2025,1.0,1.0,kWh,kWh,1.0,none,92.4,92.4,"No unit rule for 'kWh' with tech 'BESS', kept units."
BESS,capex_e,USD,USD,2025,1.0,1.0,kWh,kWh,1.0,none,89.7,89.7,"No unit rule for 'kWh' with tech 'BESS', kept units."
BESS,capex_e,USD,USD,2025,1.0,1.0,kWh,kWh,1.0,none,87.0,87.0,"No unit rule for 'kWh' with tech 'BESS', kept units."
BESS,capex_e,USD,USD,2025,1.0,1.0,kWh,kWh,1.0,none,84.3,84.3,"No unit rule for 'kWh' with tech 'BESS', kept units."
BESS,capex_e,USD,USD,2025,1.0,1.0,kWh,kWh,1.0,none,81.6,81.6,"No unit rule for 'kWh' with tech 'BESS', kept units."
BESS,capex_e,USD,USD,2025,1.0,1.0,kWh,kWh,1.0,none,78.9,78.9,"No unit rule for 'kWh' with tech 'BESS', kept units."
BESS,capex_e,USD,USD,2025,1.0,1.0,kWh,kWh,1.0,none,76.2,76.2,"No unit rule for 'kWh' with tech 'BESS', kept units."
BESS,capex_e,USD,USD,2025,1.0,1.0,kWh,kWh,1.0,none,1124.2,1124.2,"No unit rule for 'kWh' with tech 'BESS', kept units."
BESS,capex_e,USD,USD,2025,1.0,1.0,kWh,kWh,1.0,none,931.9,931.9,"No unit rule for 'kWh' with tech 'BESS', kept units."
BESS,capex_e,USD,USD,2025,1.0,1.0,kWh,kWh,1.0,none,878.9,878.9,"No unit rule for 'kWh' with tech 'BESS', kept units."
BESS,capex_e,USD,USD,2025,1.0,1.0,kWh,kWh,1.0,none,723.5,723.5,"No unit rule for 'kWh' with tech 'BESS', kept units."
BESS,capex_e,USD,USD,2025,1.0,1.0,kWh,kWh,1.0,none,761.4,761.4,"No unit rule for 'kWh' with tech 'BESS', kept units."
BESS,capex_e,USD,USD,2025,1.0,1.0,kWh,kWh,1.0,none,675.0,675.0,"No unit rule for 'kWh' with tech 'BESS', kept units."
BESS,capex_e,USD,USD,2025,1.0,1.0,kWh,kWh,1.0,none,481.8,481.8,"No unit rule for 'kWh' with tech 'BESS', kept units."
BESS,capex_e,USD,USD,2025,1.0,1.0,kWh,kWh,1.0,none,345.2,345.2,"No unit rule for 'kWh' with tech 'BESS', kept units."
BESS,capex_e,USD,USD,2025,1.0,1.0,kWh,kWh,1.0,none,310.7,310.7,"No unit rule for 'kWh' with tech 'BESS', kept units."
BESS,capex_e,USD,USD,2025,1.0,1.0,kWh,kWh,1.0,none,145.6,145.6,"No unit rule for 'kWh' with tech 'BESS', kept units."
BESS,capex_e,USD,USD,2025,1.0,1.0,kWh,kWh,1.0,none,131.1,131.1,"No unit rule for 'kWh' with tech 'BESS', kept units."
BESS,capex_e,USD,USD,2025,1.0,1.0,kWh,kWh,1.0,none,123.2,123.2,"No unit rule for 'kWh' with tech 'BESS', kept units."
BESS,capex_e,USD,USD,2025,1.0,1.0,kWh,kWh,1.0,none,127.2,127.2,"No unit rule for 'kWh' with tech 'BESS', kept units."
BESS,capex_e,USD,USD,2025,1.0,1.0,kWh,kWh,1.0,none,96.8,96.8,"No unit rule for 'kWh' with tech 'BESS', kept units."
BESS,capex_e,USD,USD,2025,1.0,1.0,kWh,kWh,1.0,none,68.3,68.3,"No unit rule for 'kWh' with tech 'BESS', kept units."
BESS,capex_e,USD,USD,2025,1.0,1.0,kWh,kWh,1.0,none,47.1,47.1,"No unit rule for 'kWh' with tech 'BESS', kept units."
BESS,capex_e,USD,USD,2025,1.0,1.0,kWh,kWh,1.0,none,45.9,45.9,"No unit rule for 'kWh' with tech 'BESS', kept units."
BESS,capex_e,USD,USD,2025,1.0,1.0,kWh,kWh,1.0,none,44.7,44.7,"No unit rule for 'kWh' with tech 'BESS', kept units."
BESS,capex_e,USD,USD,2025,1.0,1.0,kWh,kWh,1.0,none,43.4,43.4,"No unit rule for 'kWh' with tech 'BESS', kept units."
BESS,capex_e,USD,USD,2025,1.0,1.0,kWh,kWh,1.0,none,42.2,42.2,"No unit rule for 'kWh' with tech 'BESS', kept units."
BESS,capex_e,USD,USD,2025,1.0,1.0,kWh,kWh,1.0,none,41.0,41.0,"No unit rule for 'kWh' with tech 'BESS', kept units."
BESS,capex_e,USD,USD,2025,1.0,1.0,kWh,kWh,1.0,none,39.7,39.7,"No unit rule for 'kWh' with tech 'BESS', kept units."
BESS,capex_e,USD,USD,2025,1.0,1.0,kWh,kWh,1.0,none,38.5,38.5,"No unit rule for 'kWh' with tech 'BESS', kept units."
BESS,capex_e,USD,USD,2025,1.0,1.0,kWh,kWh,1.0,none,37.3,37.3,"No unit rule for 'kWh' with tech 'BESS', kept units."
BESS,capex_e,USD,USD,2025,1.0,1.0,kWh,kWh,1.0,none,36.0,36.0,"No unit rule for 'kWh' with tech 'BESS', kept units."
BESS,capex_e,USD,USD,2025,1.0,1.0,kWh,kWh,1.0,none,34.8,34.8,"No unit rule for 'kWh' with tech 'BESS', kept units."
BESS,capex_e,USD,USD,2025,1.0,1.0,kWh,kWh,1.0,none,2064.5,2064.5,"No unit rule for 'kWh' with tech 'BESS', kept units."
BESS,capex_e,USD,USD,2025,1.0,1.0,kWh,kWh,1.0,none,1711.4,1711.4,"No unit rule for 'kWh' with tech 'BESS', kept units."
BESS,capex_e,USD,USD,2025,1.0,1.0,kWh,kWh,1.0,none,1614.0,1614.0,"No unit rule for 'kWh' with tech 'BESS', kept units."
BESS,capex_e,USD,USD,2025,1.0,1.0,kWh,kWh,1.0,none,1328.8,1328.8,"No unit rule for 'kWh' with tech 'BESS', kept units."
BESS,capex_e,USD,USD,2025,1.0,1.0,kWh,kWh,1.0,none,1398.4,1398.4,"No unit rule for 'kWh' with tech 'BESS', kept units."
BESS,capex_e,USD,USD,2025,1.0,1.0,kWh,kWh,1.0,none,1239.7,1239.7,"No unit rule for 'kWh' with tech 'BESS', kept units."
BESS,capex_e,USD,USD,2025,1.0,1.0,kWh,kWh,1.0,none,883.3,883.3,"No unit rule for 'kWh' with tech 'BESS', kept units."
BESS,capex_e,USD,USD,2025,1.0,1.0,kWh,kWh,1.0,none,632.0,632.0,"No unit rule for 'kWh' with tech 'BESS', kept units."
BESS,capex_e,USD,USD,2025,1.0,1.0,kWh,kWh,1.0,none,567.8,567.8,"No unit rule for 'kWh' with tech 'BESS', kept units."
BESS,capex_e,USD,USD,2025,1.0,1.0,kWh,kWh,1.0,none,265.7,265.7,"No unit rule for 'kWh' with tech 'BESS', kept units."
BESS,capex_e,USD,USD,2025,1.0,1.0,kWh,kWh,1.0,none,238.8,238.8,"No unit rule for 'kWh' with tech 'BESS', kept units."
BESS,capex_e,USD,USD,2025,1.0,1.0,kWh,kWh,1.0,none,224.1,224.1,"No unit rule for 'kWh' with tech 'BESS', kept units."
BESS,capex_e,USD,USD,2025,1.0,1.0,kWh,kWh,1.0,none,283.4,283.4,"No unit rule for 'kWh' with tech 'BESS', kept units."
BESS,capex_e,USD,USD,2025,1.0,1.0,kWh,kWh,1.0,none,215.4,215.4,"No unit rule for 'kWh' with tech 'BESS', kept units."
BESS,capex_e,USD,USD,2025,1.0,1.0,kWh,kWh,1.0,none,151.5,151.5,"No unit rule for 'kWh' with tech 'BESS', kept units."
BESS,capex_e,USD,USD,2025,1.0,1.0,kWh,kWh,1.0,none,104.6,104.6,"No unit rule for 'kWh' with tech 'BESS', kept units."
BESS,capex_e,USD,USD,2025,1.0,1.0,kWh,kWh,1.0,none,101.9,101.9,"No unit rule for 'kWh' with tech 'BESS', kept units."
BESS,capex_e,USD,USD,2025,1.0,1.0,kWh,kWh,1.0,none,99.2,99.2,"No unit rule for 'kWh' with tech 'BESS', kept units."
BESS,capex_e,USD,USD,2025,1.0,1.0,kWh,kWh,1.0,none,96.4,96.4,"No unit rule for 'kWh' with tech 'BESS', kept units."
BESS,capex_e,USD,USD,2025,1.0,1.0,kWh,kWh,1.0,none,93.7,93.7,"No unit rule for 'kWh' with tech 'BESS', kept units."
BESS,capex_e,USD,USD,2025,1.0,1.0,kWh,kWh,1.0,none,90.9,90.9,"No unit rule for 'kWh' with tech 'BESS', kept units."
BESS,capex_e,USD,USD,2025,1.0,1.0,kWh,kWh,1.0,none,88.2,88.2,"No unit rule for 'kWh' with tech 'BESS', kept units."
BESS,capex_e,USD,USD,2025,1.0,1.0,kWh,kWh,1.0,none,85.5,85.5,"No unit rule for 'kWh' with tech 'BESS', kept units."
BESS,capex_e,USD,USD,2025,1.0,1.0,kWh,kWh,1.0,none,82.7,82.7,"No unit rule for 'kWh' with tech 'BESS', kept units."
BESS,capex_e,USD,USD,2025,1.0,1.0,kWh,kWh,1.0,none,80.0,80.0,"No unit rule for 'kWh' with tech 'BESS', kept units."
BESS,capex_e,USD,USD,2025,1.0,1.0,kWh,kWh,1.0,none,77.2,77.2,"No unit rule for 'kWh' with tech 'BESS', kept units."
BESS,capex_e,USD,USD,2025,1.0,1.0,kWh,kWh,1.0,none,1569.0,1569.0,"No unit rule for 'kWh' with tech 'BESS', kept units."
BESS,capex_e,USD,USD,2025,1.0,1.0,kWh,kWh,1.0,none,1300.6,1300.6,"No unit rule for 'kWh' with tech 'BESS', kept units."
BESS,capex_e,USD,USD,2025,1.0,1.0,kWh,kWh,1.0,none,1226.6,1226.6,"No unit rule for 'kWh' with tech 'BESS', kept units."
BESS,capex_e,USD,USD,2025,1.0,1.0,kWh,kWh,1.0,none,1009.8,1009.8,"No unit rule for 'kWh' with tech 'BESS', kept units."
BESS,capex_e,USD,USD,2025,1.0,1.0,kWh,kWh,1.0,none,1062.7,1062.7,"No unit rule for 'kWh' with tech 'BESS', kept units."
BESS,capex_e,USD,USD,2025,1.0,1.0,kWh,kWh,1.0,none,942.1,942.1,"No unit rule for 'kWh' with tech 'BESS', kept units."
BESS,capex_e,USD,USD,2025,1.0,1.0,kWh,kWh,1.0,none,719.5,719.5,"No unit rule for 'kWh' with tech 'BESS', kept units."
BESS,capex_e,USD,USD,2025,1.0,1.0,kWh,kWh,1.0,none,549.4,549.4,"No unit rule for 'kWh' with tech 'BESS', kept units."
BESS,capex_e,USD,USD,2025,1.0,1.0,kWh,kWh,1.0,none,524.8,524.8,"No unit rule for 'kWh' with tech 'BESS', kept units."
BESS,capex_e,USD,USD,2025,1.0,1.0,kWh,kWh,1.0,none,260.2,260.2,"No unit rule for 'kWh' with tech 'BESS', kept units."
BESS,capex_e,USD,USD,2025,1.0,1.0,kWh,kWh,1.0,none,247.1,247.1,"No unit rule for 'kWh' with tech 'BESS', kept units."
BESS,capex_e,USD,USD,2025,1.0,1.0,kWh,kWh,1.0,none,244.3,244.3,"No unit rule for 'kWh' with tech 'BESS', kept units."
BESS,capex_e,USD,USD,2025,1.0,1.0,kWh,kWh,1.0,none,324.7,324.7,"No unit rule for 'kWh' with tech 'BESS', kept units."
BESS,capex_e,USD,USD,2025,1.0,1.0,kWh,kWh,1.0,none,258.8,258.8,"No unit rule for 'kWh' with tech 'BESS', kept units."
BESS,capex_e,USD,USD,2025,1.0,1.0,kWh,kWh,1.0,none,190.6,190.6,"No unit rule for 'kWh' with tech 'BESS', kept units."
BESS,capex_e,USD,USD,2025,1.0,1.0,kWh,kWh,1.0,none,131.6,131.6,"No unit rule for 'kWh' with tech 'BESS', kept units."
BESS,capex_e,USD,USD,2025,1.0,1.0,kWh,kWh,1.0,none,128.2,128.2,"No unit rule for 'kWh' with tech 'BESS', kept units."
BESS,capex_e,USD,USD,2025,1.0,1.0,kWh,kWh,1.0,none,124.7,124.7,"No unit rule for 'kWh' with tech 'BESS', kept units."
BESS,capex_e,USD,USD,2025,1.0,1.0,kWh,kWh,1.0,none,121.3,121.3,"No unit rule for 'kWh' with tech 'BESS', kept units."
BESS,capex_e,USD,USD,2025,1.0,1.0,kWh,kWh,1.0,none,117.8,117.8,"No unit rule for 'kWh' with tech 'BESS', kept units."
BESS,capex_e,USD,USD,2025,1.0,1.0,kWh,kWh,1.0,none,114.4,114.4,"No unit rule for 'kWh' with tech 'BESS', kept units."
BESS,capex_e,USD,USD,2025,1.0,1.0,kWh,kWh,1.0,none,110.9,110.9,"No unit rule for 'kWh' with tech 'BESS', kept units."
BESS,capex_e,USD,USD,2025,1.0,1.0,kWh,kWh,1.0,none,107.5,107.5,"No unit rule for 'kWh' with tech 'BESS', kept units."
BESS,capex_e,USD,USD,2025,1.0,1.0,kWh,kWh,1.0,none,104.1,104.1,"No unit rule for 'kWh' with tech 'BESS', kept units."
BESS,capex_e,USD,USD,2025,1.0,1.0,kWh,kWh,1.0,none,100.6,100.6,"No unit rule for 'kWh' with tech 'BESS', kept units."
BESS,capex_e,USD,USD,2025,1.0,1.0,kWh,kWh,1.0,none,97.2,97.2,"No unit rule for 'kWh' with tech 'BESS', kept units."
BESS,capex_e,USD,USD,2025,1.0,1.0,kWh,kWh,1.0,none,2065.2,2065.2,"No unit rule for 'kWh' with tech 'BESS', kept units."
BESS,capex_e,USD,USD,2025,1.0,1.0,kWh,kWh,1.0,none,1711.9,1711.9,"No unit rule for 'kWh' with tech 'BESS', kept units."
BESS,capex_e,USD,USD,2025,1.0,1.0,kWh,kWh,1.0,none,1614.5,1614.5,"No unit rule for 'kWh' with tech 'BESS', kept units."
BESS,capex_e,USD,USD,2025,1.0,1.0,kWh,kWh,1.0,none,1329.2,1329.2,"No unit rule for 'kWh' with tech 'BESS', kept units."
BESS,capex_e,USD,USD,2025,1.0,1.0,kWh,kWh,1.0,none,1398.8,1398.8,"No unit rule for 'kWh' with tech 'BESS', kept units."
BESS,capex_e,USD,USD,2025,1.0,1.0,kWh,kWh,1.0,none,1240.0,1240.0,"No unit rule for 'kWh' with tech 'BESS', kept units."
BESS,capex_e,USD,USD,2025,1.0,1.0,kWh,kWh,1.0,none,878.0,878.0,"No unit rule for 'kWh' with tech 'BESS', kept units."
BESS,capex_e,USD,USD,2025,1.0,1.0,kWh,kWh,1.0,none,624.1,624.1,"No unit rule for 'kWh' with tech 'BESS', kept units."
BESS,capex_e,USD,USD,2025,1.0,1.0,kWh,kWh,1.0,none,557.1,557.1,"No unit rule for 'kWh' with tech 'BESS', kept units."
BESS,capex_e,USD,USD,2025,1.0,1.0,kWh,kWh,1.0,none,259.0,259.0,"No unit rule for 'kWh' with tech 'BESS', kept units."
BESS,capex_e,USD,USD,2025,1.0,1.0,kWh,kWh,1.0,none,231.2,231.2,"No unit rule for 'kWh' with tech 'BESS', kept units."
BESS,capex_e,USD,USD,2025,1.0,1.0,kWh,kWh,1.0,none,215.5,215.5,"No unit rule for 'kWh' with tech 'BESS', kept units."
BESS,capex_e,USD,USD,2025,1.0,1.0,kWh,kWh,1.0,none,270.7,270.7,"No unit rule for 'kWh' with tech 'BESS', kept units."
BESS,capex_e,USD,USD,2025,1.0,1.0,kWh,kWh,1.0,none,204.3,204.3,"No unit rule for 'kWh' with tech 'BESS', kept units."
BESS,capex_e,USD,USD,2025,1.0,1.0,kWh,kWh,1.0,none,142.8,142.8,"No unit rule for 'kWh' with tech 'BESS', kept units."
BESS,capex_e,USD,USD,2025,1.0,1.0,kWh,kWh,1.0,none,98.6,98.6,"No unit rule for 'kWh' with tech 'BESS', kept units."
BESS,capex_e,USD,USD,2025,1.0,1.0,kWh,kWh,1.0,none,96.0,96.0,"No unit rule for 'kWh' with tech 'BESS', kept units."
BESS,capex_e,USD,USD,2025,1.0,1.0,kWh,kWh,1.0,none,93.4,93.4,"No unit rule for 'kWh' with tech 'BESS', kept units."
BESS,capex_e,USD,USD,2025,1.0,1.0,kWh,kWh,1.0,none,90.9,90.9,"No unit rule for 'kWh' with tech 'BESS', kept units."
BESS,capex_e,USD,USD,2025,1.0,1.0,kWh,kWh,1.0,none,88.3,88.3,"No unit rule for 'kWh' with tech 'BESS', kept units."
BESS,capex_e,USD,USD,2025,1.0,1.0,kWh,kWh,1.0,none,85.7,85.7,"No unit rule for 'kWh' with tech 'BESS', kept units."
BESS,capex_e,USD,USD,2025,1.0,1.0,kWh,kWh,1.0,none,83.1,83.1,"No unit rule for 'kWh' with tech 'BESS', kept units."
BESS,capex_e,USD,USD,2025,1.0,1.0,kWh,kWh,1.0,none,80.5,80.5,"No unit rule for 'kWh' with tech 'BESS', kept units."
BESS,capex_e,USD,USD,2025,1.0,1.0,kWh,kWh,1.0,none,77.9,77.9,"No unit rule for 'kWh' with tech 'BESS', kept units."
BESS,capex_e,USD,USD,2025,1.0,1.0,kWh,kWh,1.0,none,75.4,75.4,"No unit rule for 'kWh' with tech 'BESS', kept units."
BESS,capex_e,USD,USD,2025,1.0,1.0,kWh,kWh,1.0,none,72.8,72.8,"No unit rule for 'kWh' with tech 'BESS', kept units."
BESS,capex_e,USD,USD,2025,1.0,1.0,kWh,kWh,1.0,none,1056.6,1056.6,"No unit rule for 'kWh' with tech 'BESS', kept units."
BESS,capex_e,USD,USD,2025,1.0,1.0,kWh,kWh,1.0,none,875.9,875.9,"No unit rule for 'kWh' with tech 'BESS', kept units."
BESS,capex_e,USD,USD,2025,1.0,1.0,kWh,kWh,1.0,none,826.0,826.0,"No unit rule for 'kWh' with tech 'BESS', kept units."
BESS,capex_e,USD,USD,2025,1.0,1.0,kWh,kWh,1.0,none,680.0,680.0,"No unit rule for 'kWh' with tech 'BESS', kept units."
BESS,capex_e,USD,USD,2025,1.0,1.0,kWh,kWh,1.0,none,715.7,715.7,"No unit rule for 'kWh' with tech 'BESS', kept units."
BESS,capex_e,USD,USD,2025,1.0,1.0,kWh,kWh,1.0,none,634.4,634.4,"No unit rule for 'kWh' with tech 'BESS', kept units."
BESS,capex_e,USD,USD,2025,1.0,1.0,kWh,kWh,1.0,none,471.5,471.5,"No unit rule for 'kWh' with tech 'BESS', kept units."
BESS,capex_e,USD,USD,2025,1.0,1.0,kWh,kWh,1.0,none,351.3,351.3,"No unit rule for 'kWh' with tech 'BESS', kept units."
BESS,capex_e,USD,USD,2025,1.0,1.0,kWh,kWh,1.0,none,328.3,328.3,"No unit rule for 'kWh' with tech 'BESS', kept units."
BESS,capex_e,USD,USD,2025,1.0,1.0,kWh,kWh,1.0,none,159.5,159.5,"No unit rule for 'kWh' with tech 'BESS', kept units."
BESS,capex_e,USD,USD,2025,1.0,1.0,kWh,kWh,1.0,none,148.7,148.7,"No unit rule for 'kWh' with tech 'BESS', kept units."
BESS,capex_e,USD,USD,2025,1.0,1.0,kWh,kWh,1.0,none,144.5,144.5,"No unit rule for 'kWh' with tech 'BESS', kept units."
BESS,capex_e,USD,USD,2025,1.0,1.0,kWh,kWh,1.0,none,189.1,189.1,"No unit rule for 'kWh' with tech 'BESS', kept units."
BESS,capex_e,USD,USD,2025,1.0,1.0,kWh,kWh,1.0,none,148.6,148.6,"No unit rule for 'kWh' with tech 'BESS', kept units."
BESS,capex_e,USD,USD,2025,1.0,1.0,kWh,kWh,1.0,none,108.0,108.0,"No unit rule for 'kWh' with tech 'BESS', kept units."
BESS,capex_e,USD,USD,2025,1.0,1.0,kWh,kWh,1.0,none,74.6,74.6,"No unit rule for 'kWh' with tech 'BESS', kept units."
BESS,capex_e,USD,USD,2025,1.0,1.0,kWh,kWh,1.0,none,72.6,72.6,"No unit rule for 'kWh' with tech 'BESS', kept units."
BESS,capex_e,USD,USD,2025,1.0,1.0,kWh,kWh,1.0,none,70.7,70.7,"No unit rule for 'kWh' with tech 'BESS', kept units."
BESS,capex_e,USD,USD,2025,1.0,1.0,kWh,kWh,1.0,none,68.7,68.7,"No unit rule for 'kWh' with tech 'BESS', kept units."
BESS,capex_e,USD,USD,2025,1.0,1.0,kWh,kWh,1.0,none,66.8,66.8,"No unit rule for 'kWh' with tech 'BESS', kept units."
BESS,capex_e,USD,USD,2025,1.0,1.0,kWh,kWh,1.0,none,64.8,64.8,"No unit rule for 'kWh' with tech 'BESS', kept units."
BESS,capex_e,USD,USD,2025,1.0,1.0,kWh,kWh,1.0,none,62.9,62.9,"No unit rule for 'kWh' with tech 'BESS', kept units."
BESS,capex_e,USD,USD,2025,1.0,1.0,kWh,kWh,1.0,none,60.9,60.9,"No unit rule for 'kWh' with tech 'BESS', kept units."
BESS,capex_e,USD,USD,2025,1.0,1.0,kWh,kWh,1.0,none,58.9,58.9,"No unit rule for 'kWh' with tech 'BESS', kept units."
BESS,capex_e,USD,USD,2025,1.0,1.0,kWh,kWh,1.0,none,57.0,57.0,"No unit rule for 'kWh' with tech 'BESS', kept units."
BESS,capex_e,USD,USD,2025,1.0,1.0,kWh,kWh,1.0,none,55.0,55.0,"No unit rule for 'kWh' with tech 'BESS', kept units."
BESS,capex_e,USD,USD,2025,1.0,1.0,kWh,kWh,1.0,none,1599.6,1599.6,"No unit rule for 'kWh' with tech 'BESS', kept units."
BESS,capex_e,USD,USD,2025,1.0,1.0,kWh,kWh,1.0,none,1326.0,1326.0,"No unit rule for 'kWh' with tech 'BESS', kept units."
BESS,capex_e,USD,USD,2025,1.0,1.0,kWh,kWh,1.0,none,1250.5,1250.5,"No unit rule for 'kWh' with tech 'BESS', kept units."
BESS,capex_e,USD,USD,2025,1.0,1.0,kWh,kWh,1.0,none,1029.5,1029.5,"No unit rule for 'kWh' with tech 'BESS', kept units."
BESS,capex_e,USD,USD,2025,1.0,1.0,kWh,kWh,1.0,none,1083.4,1083.4,"No unit rule for 'kWh' with tech 'BESS', kept units."
BESS,capex_e,USD,USD,2025,1.0,1.0,kWh,kWh,1.0,none,960.5,960.5,"No unit rule for 'kWh' with tech 'BESS', kept units."
BESS,capex_e,USD,USD,2025,1.0,1.0,kWh,kWh,1.0,none,693.0,693.0,"No unit rule for 'kWh' with tech 'BESS', kept units."
BESS,capex_e,USD,USD,2025,1.0,1.0,kWh,kWh,1.0,none,502.0,502.0,"No unit rule for 'kWh' with tech 'BESS', kept units."
BESS,capex_e,USD,USD,2025,1.0,1.0,kWh,kWh,1.0,none,456.6,456.6,"No unit rule for 'kWh' with tech 'BESS', kept units."
BESS,capex_e,USD,USD,2025,1.0,1.0,kWh,kWh,1.0,none,216.2,216.2,"No unit rule for 'kWh' with tech 'BESS', kept units."
BESS,capex_e,USD,USD,2025,1.0,1.0,kWh,kWh,1.0,none,196.7,196.7,"No unit rule for 'kWh' with tech 'BESS', kept units."
BESS,capex_e,USD,USD,2025,1.0,1.0,kWh,kWh,1.0,none,186.8,186.8,"No unit rule for 'kWh' with tech 'BESS', kept units."
BESS,capex_e,USD,USD,2025,1.0,1.0,kWh,kWh,1.0,none,239.1,239.1,"No unit rule for 'kWh' with tech 'BESS', kept units."
BESS,capex_e,USD,USD,2025,1.0,1.0,kWh,kWh,1.0,none,183.8,183.8,"No unit rule for 'kWh' with tech 'BESS', kept units."
BESS,capex_e,USD,USD,2025,1.0,1.0,kWh,kWh,1.0,none,130.9,130.9,"No unit rule for 'kWh' with tech 'BESS', kept units."
BESS,capex_e,USD,USD,2025,1.0,1.0,kWh,kWh,1.0,none,90.4,90.4,"No unit rule for 'kWh' with tech 'BESS', kept units."
BESS,capex_e,USD,USD,2025,1.0,1.0,kWh,kWh,1.0,none,88.0,88.0,"No unit rule for 'kWh' with tech 'BESS', kept units."
BESS,capex_e,USD,USD,2025,1.0,1.0,kWh,kWh,1.0,none,85.6,85.6,"No unit rule for 'kWh' with tech 'BESS', kept units."
BESS,capex_e,USD,USD,2025,1.0,1.0,kWh,kWh,1.0,none,83.3,83.3,"No unit rule for 'kWh' with tech 'BESS', kept units."
BESS,capex_e,USD,USD,2025,1.0,1.0,kWh,kWh,1.0,none,80.9,80.9,"No unit rule for 'kWh' with tech 'BESS', kept units."
BESS,capex_e,USD,USD,2025,1.0,1.0,kWh,kWh,1.0,none,78.5,78.5,"No unit rule for 'kWh' with tech 'BESS', kept units."
BESS,capex_e,USD,USD,2025,1.0,1.0,kWh,kWh,1.0,none,76.2,76.2,"No unit rule for 'kWh' with tech 'BESS', kept units."
BESS,capex_e,USD,USD,2025,1.0,1.0,kWh,kWh,1.0,none,73.8,73.8,"No unit rule for 'kWh' with tech 'BESS', kept units."
BESS,capex_e,USD,USD,2025,1.0,1.0,kWh,kWh,1.0,none,71.4,71.4,"No unit rule for 'kWh' with tech 'BESS', kept units."
BESS,capex_e,USD,USD,2025,1.0,1.0,kWh,kWh,1.0,none,69.1,69.1,"No unit rule for 'kWh' with tech 'BESS', kept units."
BESS,capex_e,USD,USD,2025,1.0,1.0,kWh,kWh,1.0,none,66.7,66.7,"No unit rule for 'kWh' with tech 'BESS', kept units."
BESS,capex_e,USD,USD,2025,1.0,1.0,kWh,kWh,1.0,none,1593.0,1593.0,"No unit rule for 'kWh' with tech 'BESS', kept units."
BESS,capex_e,USD,USD,2025,1.0,1.0,kWh,kWh,1.0,none,1320.5,1320.5,"No unit rule for 'kWh' with tech 'BESS', kept units."
BESS,capex_e,USD,USD,2025,1.0,1.0,kWh,kWh,1.0,none,1245.4,1245.4,"No unit rule for 'kWh' with tech 'BESS', kept units."
BESS,capex_e,USD,USD,2025,1.0,1.0,kWh,kWh,1.0,none,1025.3,1025.3,"No unit rule for 'kWh' with tech 'BESS', kept units."
BESS,capex_e,USD,USD,2025,1.0,1.0,kWh,kWh,1.0,none,1079.0,1079.0,"No unit rule for 'kWh' with tech 'BESS', kept units."
BESS,capex_e,USD,USD,2025,1.0,1.0,kWh,kWh,1.0,none,956.5,956.5,"No unit rule for 'kWh' with tech 'BESS', kept units."
BESS,capex_e,USD,USD,2025,1.0,1.0,kWh,kWh,1.0,none,707.3,707.3,"No unit rule for 'kWh' with tech 'BESS', kept units."
BESS,capex_e,USD,USD,2025,1.0,1.0,kWh,kWh,1.0,none,524.4,524.4,"No unit rule for 'kWh' with tech 'BESS', kept units."
BESS,capex_e,USD,USD,2025,1.0,1.0,kWh,kWh,1.0,none,487.8,487.8,"No unit rule for 'kWh' with tech 'BESS', kept units."
BESS,capex_e,USD,USD,2025,1.0,1.0,kWh,kWh,1.0,none,236.0,236.0,"No unit rule for 'kWh' with tech 'BESS', kept units."
BESS,capex_e,USD,USD,2025,1.0,1.0,kWh,kWh,1.0,none,219.2,219.2,"No unit rule for 'kWh' with tech 'BESS', kept units."
BESS,capex_e,USD,USD,2025,1.0,1.0,kWh,kWh,1.0,none,212.3,212.3,"No unit rule for 'kWh' with tech 'BESS', kept units."
BESS,capex_e,USD,USD,2025,1.0,1.0,kWh,kWh,1.0,none,276.8,276.8,"No unit rule for 'kWh' with tech 'BESS', kept units."
BESS,capex_e,USD,USD,2025,1.0,1.0,kWh,kWh,1.0,none,216.8,216.8,"No unit rule for 'kWh' with tech 'BESS', kept units."
BESS,capex_e,USD,USD,2025,1.0,1.0,kWh,kWh,1.0,none,157.1,157.1,"No unit rule for 'kWh' with tech 'BESS', kept units."
BESS,capex_e,USD,USD,2025,1.0,1.0,kWh,kWh,1.0,none,108.5,108.5,"No unit rule for 'kWh' with tech 'BESS', kept units."
BESS,capex_e,USD,USD,2025,1.0,1.0,kWh,kWh,1.0,none,105.6,105.6,"No unit rule for 'kWh' with tech 'BESS', kept units."
BESS,capex_e,USD,USD,2025,1.0,1.0,kWh,kWh,1.0,none,102.8,102.8,"No unit rule for 'kWh' with tech 'BESS', kept units."
BESS,capex_e,USD,USD,2025,1.0,1.0,kWh,kWh,1.0,none,99.9,99.9,"No unit rule for 'kWh' with tech 'BESS', kept units."
BESS,capex_e,USD,USD,2025,1.0,1.0,kWh,kWh,1.0,none,97.1,97.1,"No unit rule for 'kWh' with tech 'BESS', kept units."
BESS,capex_e,USD,USD,2025,1.0,1.0,kWh,kWh,1.0,none,94.3,94.3,"No unit rule for 'kWh' with tech 'BESS', kept units."
BESS,capex_e,USD,USD,2025,1.0,1.0,kWh,kWh,1.0,none,91.4,91.4,"No unit rule for 'kWh' with tech 'BESS', kept units."
BESS,capex_e,USD,USD,2025,1.0,1.0,kWh,kWh,1.0,none,88.6,88.6,"No unit rule for 'kWh' with tech 'BESS', kept units."
BESS,capex_e,USD,USD,2025,1.0,1.0,kWh,kWh,1.0,none,85.7,85.7,"No unit rule for 'kWh' with tech 'BESS', kept units."
BESS,capex_e,USD,USD,2025,1.0,1.0,kWh,kWh,1.0,none,82.9,82.9,"No unit rule for 'kWh' with tech 'BESS', kept units."
BESS,capex_e,USD,USD,2025,1.0,1.0,kWh,kWh,1.0,none,80.1,80.1,"No unit rule for 'kWh' with tech 'BESS', kept units."
BESS,capex_e,USD,USD,2025,1.0,1.0,kWh,kWh,1.0,none,1587.0,1587.0,"No unit rule for 'kWh' with tech 'BESS', kept units."
BESS,capex_e,USD,USD,2025,1.0,1.0,kWh,kWh,1.0,none,1315.6,1315.6,"No unit rule for 'kWh' with tech 'BESS', kept units."
BESS,capex_e,USD,USD,2025,1.0,1.0,kWh,kWh,1.0,none,1240.7,1240.7,"No unit rule for 'kWh' with tech 'BESS', kept units."
BESS,capex_e,USD,USD,2025,1.0,1.0,kWh,kWh,1.0,none,1021.4,1021.4,"No unit rule for 'kWh' with tech 'BESS', kept units."
BESS,capex_e,USD,USD,2025,1.0,1.0,kWh,kWh,1.0,none,1074.9,1074.9,"No unit rule for 'kWh' with tech 'BESS', kept units."
BESS,capex_e,USD,USD,2025,1.0,1.0,kWh,kWh,1.0,none,952.9,952.9,"No unit rule for 'kWh' with tech 'BESS', kept units."
BESS,capex_e,USD,USD,2025,1.0,1.0,kWh,kWh,1.0,none,711.4,711.4,"No unit rule for 'kWh' with tech 'BESS', kept units."
BESS,capex_e,USD,USD,2025,1.0,1.0,kWh,kWh,1.0,none,532.2,532.2,"No unit rule for 'kWh' with tech 'BESS', kept units."
BESS,capex_e,USD,USD,2025,1.0,1.0,kWh,kWh,1.0,none,499.2,499.2,"No unit rule for 'kWh' with tech 'BESS', kept units."
BESS,capex_e,USD,USD,2025,1.0,1.0,kWh,kWh,1.0,none,243.4,243.4,"No unit rule for 'kWh' with tech 'BESS', kept units."
BESS,capex_e,USD,USD,2025,1.0,1.0,kWh,kWh,1.0,none,227.7,227.7,"No unit rule for 'kWh' with tech 'BESS', kept units."
BESS,capex_e,USD,USD,2025,1.0,1.0,kWh,kWh,1.0,none,222.0,222.0,"No unit rule for 'kWh' with tech 'BESS', kept units."
BESS,capex_e,USD,USD,2025,1.0,1.0,kWh,kWh,1.0,none,291.3,291.3,"No unit rule for 'kWh' with tech 'BESS', kept units."
BESS,capex_e,USD,USD,2025,1.0,1.0,kWh,kWh,1.0,none,229.5,229.5,"No unit rule for 'kWh' with tech 'BESS', kept units."
BESS,capex_e,USD,USD,2025,1.0,1.0,kWh,kWh,1.0,none,167.2,167.2,"No unit rule for 'kWh' with tech 'BESS', kept units."
BESS,capex_e,USD,USD,2025,1.0,1.0,kWh,kWh,1.0,none,115.5,115.5,"No unit rule for 'kWh' with tech 'BESS', kept units."
BESS,capex_e,USD,USD,2025,1.0,1.0,kWh,kWh,1.0,none,112.4,112.4,"No unit rule for 'kWh' with tech 'BESS', kept units."
BESS,capex_e,USD,USD,2025,1.0,1.0,kWh,kWh,1.0,none,109.4,109.4,"No unit rule for 'kWh' with tech 'BESS', kept units."
BESS,capex_e,USD,USD,2025,1.0,1.0,kWh,kWh,1.0,none,106.4,106.4,"No unit rule for 'kWh' with tech 'BESS', kept units."
BESS,capex_e,USD,USD,2025,1.0,1.0,kWh,kWh,1.0,none,103.4,103.4,"No unit rule for 'kWh' with tech 'BESS', kept units."
BESS,capex_e,USD,USD,2025,1.0,1.0,kWh,kWh,1.0,none,100.3,100.3,"No unit rule for 'kWh' with tech 'BESS', kept units."
BESS,capex_e,USD,USD,2025,1.0,1.0,kWh,kWh,1.0,none,97.3,97.3,"No unit rule for 'kWh' with tech 'BESS', kept units."
BESS,capex_e,USD,USD,2025,1.0,1.0,kWh,kWh,1.0,none,94.3,94.3,"No unit rule for 'kWh' with tech 'BESS', kept units."
BESS,capex_e,USD,USD,2025,1.0,1.0,kWh,kWh,1.0,none,91.3,91.3,"No unit rule for 'kWh' with tech 'BESS', kept units."
BESS,capex_e,USD,USD,2025,1.0,1.0,kWh,kWh,1.0,none,88.2,88.2,"No unit rule for 'kWh' with tech 'BESS', kept units."
BESS,capex_e,USD,USD,2025,1.0,1.0,kWh,kWh,1.0,none,85.2,85.2,"No unit rule for 'kWh' with tech 'BESS', kept units."
BESS,capex_e,USD,USD,2025,1.0,1.0,kWh,kWh,1.0,none,1923.4,1923.4,"No unit rule for 'kWh' with tech 'BESS', kept units."
BESS,capex_e,USD,USD,2025,1.0,1.0,kWh,kWh,1.0,none,1594.4,1594.4,"No unit rule for 'kWh' with tech 'BESS', kept units."
BESS,capex_e,USD,USD,2025,1.0,1.0,kWh,kWh,1.0,none,1503.6,1503.6,"No unit rule for 'kWh' with tech 'BESS', kept units."
BESS,capex_e,USD,USD,2025,1.0,1.0,kWh,kWh,1.0,none,1237.9,1237.9,"No unit rule for 'kWh' with tech 'BESS', kept units."
BESS,capex_e,USD,USD,2025,1.0,1.0,kWh,kWh,1.0,none,1302.7,1302.7,"No unit rule for 'kWh' with tech 'BESS', kept units."
BESS,capex_e,USD,USD,2025,1.0,1.0,kWh,kWh,1.0,none,1154.9,1154.9,"No unit rule for 'kWh' with tech 'BESS', kept units."
BESS,capex_e,USD,USD,2025,1.0,1.0,kWh,kWh,1.0,none,825.6,825.6,"No unit rule for 'kWh' with tech 'BESS', kept units."
BESS,capex_e,USD,USD,2025,1.0,1.0,kWh,kWh,1.0,none,592.5,592.5,"No unit rule for 'kWh' with tech 'BESS', kept units."
BESS,capex_e,USD,USD,2025,1.0,1.0,kWh,kWh,1.0,none,534.1,534.1,"No unit rule for 'kWh' with tech 'BESS', kept units."
BESS,capex_e,USD,USD,2025,1.0,1.0,kWh,kWh,1.0,none,250.7,250.7,"No unit rule for 'kWh' with tech 'BESS', kept units."
BESS,capex_e,USD,USD,2025,1.0,1.0,kWh,kWh,1.0,none,226.0,226.0,"No unit rule for 'kWh' with tech 'BESS', kept units."
BESS,capex_e,USD,USD,2025,1.0,1.0,kWh,kWh,1.0,none,212.8,212.8,"No unit rule for 'kWh' with tech 'BESS', kept units."
BESS,capex_e,USD,USD,2025,1.0,1.0,kWh,kWh,1.0,none,270.0,270.0,"No unit rule for 'kWh' with tech 'BESS', kept units."
BESS,capex_e,USD,USD,2025,1.0,1.0,kWh,kWh,1.0,none,205.8,205.8,"No unit rule for 'kWh' with tech 'BESS', kept units."
BESS,capex_e,USD,USD,2025,1.0,1.0,kWh,kWh,1.0,none,145.3,145.3,"No unit rule for 'kWh' with tech 'BESS', kept units."
BESS,capex_e,USD,USD,2025,1.0,1.0,kWh,kWh,1.0,none,100.3,100.3,"No unit rule for 'kWh' with tech 'BESS', kept units."
BESS,capex_e,USD,USD,2025,1.0,1.0,kWh,kWh,1.0,none,97.7,97.7,"No unit rule for 'kWh' with tech 'BESS', kept units."
BESS,capex_e,USD,USD,2025,1.0,1.0,kWh,kWh,1.0,none,95.1,95.1,"No unit rule for 'kWh' with tech 'BESS', kept units."
BESS,capex_e,USD,USD,2025,1.0,1.0,kWh,kWh,1.0,none,92.4,92.4,"No unit rule for 'kWh' with tech 'BESS', kept units."
BESS,capex_e,USD,USD,2025,1.0,1.0,kWh,kWh,1.0,none,89.8,89.8,"No unit rule for 'kWh' with tech 'BESS', kept units."
BESS,capex_e,USD,USD,2025,1.0,1.0,kWh,kWh,1.0,none,87.2,87.2,"No unit rule for 'kWh' with tech 'BESS', kept units."
BESS,capex_e,USD,USD,2025,1.0,1.0,kWh,kWh,1.0,none,84.6,84.6,"No unit rule for 'kWh' with tech 'BESS', kept units."
BESS,capex_e,USD,USD,2025,1.0,1.0,kWh,kWh,1.0,none,81.9,81.9,"No unit rule for 'kWh' with tech 'BESS', kept units."
BESS,capex_e,USD,USD,2025,1.0,1.0,kWh,kWh,1.0,none,79.3,79.3,"No unit rule for 'kWh' with tech 'BESS', kept units."
BESS,capex_e,USD,USD,2025,1.0,1.0,kWh,kWh,1.0,none,76.7,76.7,"No unit rule for 'kWh' with tech 'BESS', kept units."
BESS,capex_e,USD,USD,2025,1.0,1.0,kWh,kWh,1.0,none,74.1,74.1,"No unit rule for 'kWh' with tech 'BESS', kept units."
BESS,capex_e,USD,USD,2025,1.0,1.0,kWh,kWh,1.0,none,1500.5,1500.5,"No unit rule for 'kWh' with tech 'BESS', kept units."
BESS,capex_e,USD,USD,2025,1.0,1.0,kWh,kWh,1.0,none,1243.9,1243.9,"No unit rule for 'kWh' with tech 'BESS', kept units."
BESS,capex_e,USD,USD,2025,1.0,1.0,kWh,kWh,1.0,none,1173.0,1173.0,"No unit rule for 'kWh' with tech 'BESS', kept units."
BESS,capex_e,USD,USD,2025,1.0,1.0,kWh,kWh,1.0,none,965.7,965.7,"No unit rule for 'kWh' with tech 'BESS', kept units."
BESS,capex_e,USD,USD,2025,1.0,1.0,kWh,kWh,1.0,none,1016.3,1016.3,"No unit rule for 'kWh' with tech 'BESS', kept units."
BESS,capex_e,USD,USD,2025,1.0,1.0,kWh,kWh,1.0,none,901.0,901.0,"No unit rule for 'kWh' with tech 'BESS', kept units."
BESS,capex_e,USD,USD,2025,1.0,1.0,kWh,kWh,1.0,none,635.8,635.8,"No unit rule for 'kWh' with tech 'BESS', kept units."
BESS,capex_e,USD,USD,2025,1.0,1.0,kWh,kWh,1.0,none,450.4,450.4,"No unit rule for 'kWh' with tech 'BESS', kept units."
BESS,capex_e,USD,USD,2025,1.0,1.0,kWh,kWh,1.0,none,400.6,400.6,"No unit rule for 'kWh' with tech 'BESS', kept units."
BESS,capex_e,USD,USD,2025,1.0,1.0,kWh,kWh,1.0,none,185.5,185.5,"No unit rule for 'kWh' with tech 'BESS', kept units."
BESS,capex_e,USD,USD,2025,1.0,1.0,kWh,kWh,1.0,none,165.1,165.1,"No unit rule for 'kWh' with tech 'BESS', kept units."
BESS,capex_e,USD,USD,2025,1.0,1.0,kWh,kWh,1.0,none,153.3,153.3,"No unit rule for 'kWh' with tech 'BESS', kept units."
BESS,capex_e,USD,USD,2025,1.0,1.0,kWh,kWh,1.0,none,191.8,191.8,"No unit rule for 'kWh' with tech 'BESS', kept units."
BESS,capex_e,USD,USD,2025,1.0,1.0,kWh,kWh,1.0,none,144.2,144.2,"No unit rule for 'kWh' with tech 'BESS', kept units."
BESS,capex_e,USD,USD,2025,1.0,1.0,kWh,kWh,1.0,none,100.4,100.4,"No unit rule for 'kWh' with tech 'BESS', kept units."
BESS,capex_e,USD,USD,2025,1.0,1.0,kWh,kWh,1.0,none,69.3,69.3,"No unit rule for 'kWh' with tech 'BESS', kept units."
BESS,capex_e,USD,USD,2025,1.0,1.0,kWh,kWh,1.0,none,67.5,67.5,"No unit rule for 'kWh' with tech 'BESS', kept units."
BESS,capex_e,USD,USD,2025,1.0,1.0,kWh,kWh,1.0,none,65.7,65.7,"No unit rule for 'kWh' with tech 'BESS', kept units."
BESS,capex_e,USD,USD,2025,1.0,1.0,kWh,kWh,1.0,none,63.9,63.9,"No unit rule for 'kWh' with tech 'BESS', kept units."
BESS,capex_e,USD,USD,2025,1.0,1.0,kWh,kWh,1.0,none,62.0,62.0,"No unit rule for 'kWh' with tech 'BESS', kept units."
BESS,capex_e,USD,USD,2025,1.0,1.0,kWh,kWh,1.0,none,60.2,60.2,"No unit rule for 'kWh' with tech 'BESS', kept units."
BESS,capex_e,USD,USD,2025,1.0,1.0,kWh,kWh,1.0,none,58.4,58.4,"No unit rule for 'kWh' with tech 'BESS', kept units."
BESS,capex_e,USD,USD,2025,1.0,1.0,kWh,kWh,1.0,none,56.6,56.6,"No unit rule for 'kWh' with tech 'BESS', kept units."
BESS,capex_e,USD,USD,2025,1.0,1.0,kWh,kWh,1.0,none,54.8,54.8,"No unit rule for 'kWh' with tech 'BESS', kept units."
BESS,capex_e,USD,USD,2025,1.0,1.0,kWh,kWh,1.0,none,53.0,53.0,"No unit rule for 'kWh' with tech 'BESS', kept units."
BESS,capex_e,USD,USD,2025,1.0,1.0,kWh,kWh,1.0,none,51.2,51.2,"No unit rule for 'kWh' with tech 'BESS', kept units."
BESS,capex_e,USD,USD,2025,1.0,1.0,kWh,kWh,1.0,none,974.9,974.9,"No unit rule for 'kWh' with tech 'BESS', kept units."
BESS,capex_e,USD,USD,2025,1.0,1.0,kWh,kWh,1.0,none,808.2,808.2,"No unit rule for 'kWh' with tech 'BESS', kept units."
BESS,capex_e,USD,USD,2025,1.0,1.0,kWh,kWh,1.0,none,762.2,762.2,"No unit rule for 'kWh' with tech 'BESS', kept units."
BESS,capex_e,USD,USD,2025,1.0,1.0,kWh,kWh,1.0,none,627.5,627.5,"No unit rule for 'kWh' with tech 'BESS', kept units."
BESS,capex_e,USD,USD,2025,1.0,1.0,kWh,kWh,1.0,none,660.3,660.3,"No unit rule for 'kWh' with tech 'BESS', kept units."
BESS,capex_e,USD,USD,2025,1.0,1.0,kWh,kWh,1.0,none,585.4,585.4,"No unit rule for 'kWh' with tech 'BESS', kept units."
BESS,capex_e,USD,USD,2025,1.0,1.0,kWh,kWh,1.0,none,423.8,423.8,"No unit rule for 'kWh' with tech 'BESS', kept units."
BESS,capex_e,USD,USD,2025,1.0,1.0,kWh,kWh,1.0,none,307.9,307.9,"No unit rule for 'kWh' with tech 'BESS', kept units."
BESS,capex_e,USD,USD,2025,1.0,1.0,kWh,kWh,1.0,none,281.0,281.0,"No unit rule for 'kWh' with tech 'BESS', kept units."
BESS,capex_e,USD,USD,2025,1.0,1.0,kWh,kWh,1.0,none,133.5,133.5,"No unit rule for 'kWh' with tech 'BESS', kept units."
BESS,capex_e,USD,USD,2025,1.0,1.0,kWh,kWh,1.0,none,121.8,121.8,"No unit rule for 'kWh' with tech 'BESS', kept units."
BESS,capex_e,USD,USD,2025,1.0,1.0,kWh,kWh,1.0,none,116.0,116.0,"No unit rule for 'kWh' with tech 'BESS', kept units."
BESS,capex_e,USD,USD,2025,1.0,1.0,kWh,kWh,1.0,none,148.8,148.8,"No unit rule for 'kWh' with tech 'BESS', kept units."
BESS,capex_e,USD,USD,2025,1.0,1.0,kWh,kWh,1.0,none,114.8,114.8,"No unit rule for 'kWh' with tech 'BESS', kept units."
BESS,capex_e,USD,USD,2025,1.0,1.0,kWh,kWh,1.0,none,81.9,81.9,"No unit rule for 'kWh' with tech 'BESS', kept units."
BESS,capex_e,USD,USD,2025,1.0,1.0,kWh,kWh,1.0,none,56.6,56.6,"No unit rule for 'kWh' with tech 'BESS', kept units."
BESS,capex_e,USD,USD,2025,1.0,1.0,kWh,kWh,1.0,none,55.1,55.1,"No unit rule for 'kWh' with tech 'BESS', kept units."
BESS,capex_e,USD,USD,2025,1.0,1.0,kWh,kWh,1.0,none,53.6,53.6,"No unit rule for 'kWh' with tech 'BESS', kept units."
BESS,capex_e,USD,USD,2025,1.0,1.0,kWh,kWh,1.0,none,52.1,52.1,"No unit rule for 'kWh' with tech 'BESS', kept units."
BESS,capex_e,USD,USD,2025,1.0,1.0,kWh,kWh,1.0,none,50.6,50.6,"No unit rule for 'kWh' with tech 'BESS', kept units."
BESS,capex_e,USD,USD,2025,1.0,1.0,kWh,kWh,1.0,none,49.2,49.2,"No unit rule for 'kWh' with tech 'BESS', kept units."
BESS,capex_e,USD,USD,2025,1.0,1.0,kWh,kWh,1.0,none,47.7,47.7,"No unit rule for 'kWh' with tech 'BESS', kept units."
BESS,capex_e,USD,USD,2025,1.0,1.0,kWh,kWh,1.0,none,46.2,46.2,"No unit rule for 'kWh' with tech 'BESS', kept units."
BESS,capex_e,USD,USD,2025,1.0,1.0,kWh,kWh,1.0,none,44.7,44.7,"No unit rule for 'kWh' with tech 'BESS', kept units."
BESS,capex_e,USD,USD,2025,1.0,1.0,kWh,kWh,1.0,none,43.2,43.2,"No unit rule for 'kWh' with tech 'BESS', kept units."
BESS,capex_e,USD,USD,2025,1.0,1.0,kWh,kWh,1.0,none,41.8,41.8,"No unit rule for 'kWh' with tech 'BESS', kept units."
BESS,capex_e,USD,USD,2025,1.0,1.0,kWh,kWh,1.0,none,929.9,929.9,"No unit rule for 'kWh' with tech 'BESS', kept units."
BESS,capex_e,USD,USD,2025,1.0,1.0,kWh,kWh,1.0,none,770.8,770.8,"No unit rule for 'kWh' with tech 'BESS', kept units."
BESS,capex_e,USD,USD,2025,1.0,1.0,kWh,kWh,1.0,none,726.9,726.9,"No unit rule for 'kWh' with tech 'BESS', kept units."
BESS,capex_e,USD,USD,2025,1.0,1.0,kWh,kWh,1.0,none,598.5,598.5,"No unit rule for 'kWh' with tech 'BESS', kept units."
BESS,capex_e,USD,USD,2025,1.0,1.0,kWh,kWh,1.0,none,629.8,629.8,"No unit rule for 'kWh' with tech 'BESS', kept units."
BESS,capex_e,USD,USD,2025,1.0,1.0,kWh,kWh,1.0,none,558.3,558.3,"No unit rule for 'kWh' with tech 'BESS', kept units."
BESS,capex_e,USD,USD,2025,1.0,1.0,kWh,kWh,1.0,none,400.7,400.7,"No unit rule for 'kWh' with tech 'BESS', kept units."
BESS,capex_e,USD,USD,2025,1.0,1.0,kWh,kWh,1.0,none,288.8,288.8,"No unit rule for 'kWh' with tech 'BESS', kept units."
BESS,capex_e,USD,USD,2025,1.0,1.0,kWh,kWh,1.0,none,261.4,261.4,"No unit rule for 'kWh' with tech 'BESS', kept units."
BESS,capex_e,USD,USD,2025,1.0,1.0,kWh,kWh,1.0,none,123.2,123.2,"No unit rule for 'kWh' with tech 'BESS', kept units."
BESS,capex_e,USD,USD,2025,1.0,1.0,kWh,kWh,1.0,none,111.5,111.5,"No unit rule for 'kWh' with tech 'BESS', kept units."
BESS,capex_e,USD,USD,2025,1.0,1.0,kWh,kWh,1.0,none,105.4,105.4,"No unit rule for 'kWh' with tech 'BESS', kept units."
BESS,capex_e,USD,USD,2025,1.0,1.0,kWh,kWh,1.0,none,134.2,134.2,"No unit rule for 'kWh' with tech 'BESS', kept units."
BESS,capex_e,USD,USD,2025,1.0,1.0,kWh,kWh,1.0,none,102.7,102.7,"No unit rule for 'kWh' with tech 'BESS', kept units."
BESS,capex_e,USD,USD,2025,1.0,1.0,kWh,kWh,1.0,none,72.8,72.8,"No unit rule for 'kWh' with tech 'BESS', kept units."
BESS,capex_e,USD,USD,2025,1.0,1.0,kWh,kWh,1.0,none,50.3,50.3,"No unit rule for 'kWh' with tech 'BESS', kept units."
BESS,capex_e,USD,USD,2025,1.0,1.0,kWh,kWh,1.0,none,48.9,48.9,"No unit rule for 'kWh' with tech 'BESS', kept units."
BESS,capex_e,USD,USD,2025,1.0,1.0,kWh,kWh,1.0,none,47.6,47.6,"No unit rule for 'kWh' with tech 'BESS', kept units."
BESS,capex_e,USD,USD,2025,1.0,1.0,kWh,kWh,1.0,none,46.3,46.3,"No unit rule for 'kWh' with tech 'BESS', kept units."
BESS,capex_e,USD,USD,2025,1.0,1.0,kWh,kWh,1.0,none,45.0,45.0,"No unit rule for 'kWh' with tech 'BESS', kept units."
BESS,capex_e,USD,USD,2025,1.0,1.0,kWh,kWh,1.0,none,43.7,43.7,"No unit rule for 'kWh' with tech 'BESS', kept units."
BESS,capex_e,USD,USD,2025,1.0,1.0,kWh,kWh,1.0,none,42.4,42.4,"No unit rule for 'kWh' with tech 'BESS', kept units."
BESS,capex_e,USD,USD,2025,1.0,1.0,kWh,kWh,1.0,none,41.0,41.0,"No unit rule for 'kWh' with tech 'BESS', kept units."
BESS,capex_e,USD,USD,2025,1.0,1.0,kWh,kWh,1.0,none,39.7,39.7,"No unit rule for 'kWh' with tech 'BESS', kept units."
BESS,capex_e,USD,USD,2025,1.0,1.0,kWh,kWh,1.0,none,38.4,38.4,"No unit rule for 'kWh' with tech 'BESS', kept units."
BESS,capex_e,USD,USD,2025,1.0,1.0,kWh,kWh,1.0,none,37.1,37.1,"No unit rule for 'kWh' with tech 'BESS', kept units."
BESS,capex_e,USD,USD,2025,1.0,1.0,kWh,kWh,1.0,none,1839.3,1839.3,"No unit rule for 'kWh' with tech 'BESS', kept units."
BESS,capex_e,USD,USD,2025,1.0,1.0,kWh,kWh,1.0,none,1524.7,1524.7,"No unit rule for 'kWh' with tech 'BESS', kept units."
BESS,capex_e,USD,USD,2025,1.0,1.0,kWh,kWh,1.0,none,1437.9,1437.9,"No unit rule for 'kWh' with tech 'BESS', kept units."
BESS,capex_e,USD,USD,2025,1.0,1.0,kWh,kWh,1.0,none,1183.8,1183.8,"No unit rule for 'kWh' with tech 'BESS', kept units."
BESS,capex_e,USD,USD,2025,1.0,1.0,kWh,kWh,1.0,none,1245.8,1245.8,"No unit rule for 'kWh' with tech 'BESS', kept units."
BESS,capex_e,USD,USD,2025,1.0,1.0,kWh,kWh,1.0,none,1104.4,1104.4,"No unit rule for 'kWh' with tech 'BESS', kept units."
BESS,capex_e,USD,USD,2025,1.0,1.0,kWh,kWh,1.0,none,794.4,794.4,"No unit rule for 'kWh' with tech 'BESS', kept units."
BESS,capex_e,USD,USD,2025,1.0,1.0,kWh,kWh,1.0,none,573.7,573.7,"No unit rule for 'kWh' with tech 'BESS', kept units."
BESS,capex_e,USD,USD,2025,1.0,1.0,kWh,kWh,1.0,none,520.3,520.3,"No unit rule for 'kWh' with tech 'BESS', kept units."
BESS,capex_e,USD,USD,2025,1.0,1.0,kWh,kWh,1.0,none,245.7,245.7,"No unit rule for 'kWh' with tech 'BESS', kept units."
BESS,capex_e,USD,USD,2025,1.0,1.0,kWh,kWh,1.0,none,222.9,222.9,"No unit rule for 'kWh' with tech 'BESS', kept units."
BESS,capex_e,USD,USD,2025,1.0,1.0,kWh,kWh,1.0,none,211.1,211.1,"No unit rule for 'kWh' with tech 'BESS', kept units."
BESS,capex_e,USD,USD,2025,1.0,1.0,kWh,kWh,1.0,none,269.4,269.4,"No unit rule for 'kWh' with tech 'BESS', kept units."
BESS,capex_e,USD,USD,2025,1.0,1.0,kWh,kWh,1.0,none,206.6,206.6,"No unit rule for 'kWh' with tech 'BESS', kept units."
BESS,capex_e,USD,USD,2025,1.0,1.0,kWh,kWh,1.0,none,146.7,146.7,"No unit rule for 'kWh' with tech 'BESS', kept units."
BESS,capex_e,USD,USD,2025,1.0,1.0,kWh,kWh,1.0,none,101.3,101.3,"No unit rule for 'kWh' with tech 'BESS', kept units."
BESS,capex_e,USD,USD,2025,1.0,1.0,kWh,kWh,1.0,none,98.6,98.6,"No unit rule for 'kWh' with tech 'BESS', kept units."
BESS,capex_e,USD,USD,2025,1.0,1.0,kWh,kWh,1.0,none,96.0,96.0,"No unit rule for 'kWh' with tech 'BESS', kept units."
BESS,capex_e,USD,USD,2025,1.0,1.0,kWh,kWh,1.0,none,93.3,93.3,"No unit rule for 'kWh' with tech 'BESS', kept units."
BESS,capex_e,USD,USD,2025,1.0,1.0,kWh,kWh,1.0,none,90.7,90.7,"No unit rule for 'kWh' with tech 'BESS', kept units."
BESS,capex_e,USD,USD,2025,1.0,1.0,kWh,kWh,1.0,none,88.0,88.0,"No unit rule for 'kWh' with tech 'BESS', kept units."
BESS,capex_e,USD,USD,2025,1.0,1.0,kWh,kWh,1.0,none,85.4,85.4,"No unit rule for 'kWh' with tech 'BESS', kept units."
BESS,capex_e,USD,USD,2025,1.0,1.0,kWh,kWh,1.0,none,82.7,82.7,"No unit rule for 'kWh' with tech 'BESS', kept units."
BESS,capex_e,USD,USD,2025,1.0,1.0,kWh,kWh,1.0,none,80.1,80.1,"No unit rule for 'kWh' with tech 'BESS', kept units."
BESS,capex_e,USD,USD,2025,1.0,1.0,kWh,kWh,1.0,none,77.4,77.4,"No unit rule for 'kWh' with tech 'BESS', kept units."
BESS,capex_e,USD,USD,2025,1.0,1.0,kWh,kWh,1.0,none,74.8,74.8,"No unit rule for 'kWh' with tech 'BESS', kept units."
Coal,capex,USD,USD,2025,1.0,1.0,kW,kW,1.0,none,2087.82,2087.82,"No unit rule for 'kW' with tech 'Coal', kept units."
Coal,capex,USD,USD,2025,1.0,1.0,kW,kW,1.0,none,1767.28,1767.28,"No unit rule for 'kW' with tech 'Coal', kept units."
Coal,capex,USD,USD,2025,1.0,1.0,kW,kW,1.0,none,2294.52,2294.52,"No unit rule for 'kW' with tech 'Coal', kept units."
Coal,capex,USD,USD,2025,1.0,1.0,kW,kW,1.0,none,2095.48,2095.48,"No unit rule for 'kW' with tech 'Coal', kept units."
Coal,capex,USD,USD,2025,1.0,1.0,kW,kW,1.0,none,2285.99,2285.99,"No unit rule for 'kW' with tech 'Coal', kept units."
Coal,capex,USD,USD,2025,1.0,1.0,kW,kW,1.0,none,1856.99,1856.99,"No unit rule for 'kW' with tech 'Coal', kept units."
Coal,capex,USD,USD,2025,1.0,1.0,kW,kW,1.0,none,661.05,661.05,"No unit rule for 'kW' with tech 'Coal', kept units."
Coal,capex,USD,USD,2025,1.0,1.0,kW,kW,1.0,none,893.58,893.58,"No unit rule for 'kW' with tech 'Coal', kept units."
Coal,capex,USD,USD,2025,1.0,1.0,kW,kW,1.0,none,1468.45,1468.45,"No unit rule for 'kW' with tech 'Coal', kept units."
Coal,capex,USD,USD,2025,1.0,1.0,kW,kW,1.0,none,1690.31,1690.31,"No unit rule for 'kW' with tech 'Coal', kept units."
Gas,capex,USD,USD,2025,1.0,1.0,kW,kW,1.0,none,1412.62,1412.62,"No unit rule for 'kW' with tech 'Gas', kept units."
Gas,capex,USD,USD,2025,1.0,1.0,kW,kW,1.0,none,1059.69,1059.69,"No unit rule for 'kW' with tech 'Gas', kept units."
Gas,capex,USD,USD,2025,1.0,1.0,kW,kW,1.0,none,1023.18,1023.18,"No unit rule for 'kW' with tech 'Gas', kept units."
Gas,capex,USD,USD,2025,1.0,1.0,kW,kW,1.0,none,1810.21,1810.21,"No unit rule for 'kW' with tech 'Gas', kept units."
Gas,capex,USD,USD,2025,1.0,1.0,kW,kW,1.0,none,977.14,977.14,"No unit rule for 'kW' with tech 'Gas', kept units."
Gas,capex,USD,USD,2025,1.0,1.0,kW,kW,1.0,none,1005.29,1005.29,"No unit rule for 'kW' with tech 'Gas', kept units."
Gas,capex,USD,USD,2025,1.0,1.0,kW,kW,1.0,none,635.43,635.43,"No unit rule for 'kW' with tech 'Gas', kept units."
Gas,capex,USD,USD,2025,1.0,1.0,kW,kW,1.0,none,750.0,750.0,"No unit rule for 'kW' with tech 'Gas', kept units."
Gas,capex,USD,USD,2025,1.0,1.0,kW,kW,1.0,none,942.54,942.54,"No unit rule for 'kW' with tech 'Gas', kept units."
Gas,capex,USD,USD,2025,1.0,1.0,kW,kW,1.0,none,1355.17,1355.17,"No unit rule for 'kW' with tech 'Gas', kept units."
Solar,opex_f,USD,USD,2025,1.0,1.0,kW/year,kW/year,1.0,none,6.71,6.71,"No unit rule for 'kW/year' with tech 'Solar', kept units."
Offshore wind,opex_f,USD,USD,2025,1.0,1.0,kW,kW,1.0,none,112.0,112.0,"No unit rule for 'kW' with tech 'Offshore wind', kept units."
Gas,opex_f,USD,USD,2025,1.0,1.0,kW/year,kW/year,1.0,none,21.72,21.72,"No unit rule for 'kW/year' with tech 'Gas', kept units."
Gas,opex_v,USD,USD,2025,1.0,1.0,MWh,MWh,1.0,none,3.06,3.06,"No unit rule for 'MWh' with tech 'Gas', kept units."
Coal,opex_f,USD,USD,2025,1.0,1.0,kW/year,kW/year,1.0,none,41.55,41.55,"No unit rule for 'kW/year' with tech 'Coal', kept units."
Coal,opex_v,USD,USD,2025,1.0,1.0,MWh,MWh,1.0,none,4.17,4.17,"No unit rule for 'MWh' with tech 'Coal', kept units."
BESS,opex_v,USD,USD,2025,1.0,1.0,MWh,MWh,1.0,none,0.4,0.4,"No unit rule for 'MWh' with tech 'BESS', kept units."
BESS,opex_f,USD,USD,2025,1.0,1.0,kW,kW,1.0,none,5.0,5.0,"No unit rule for 'kW' with tech 'BESS', kept units."
