# Renewables.ninja Wind power (Point API) - 52.751, 2.102 - Version: 1.4 - License: https://creativecommons.org/licenses/by-nc/4.0/ - Reference: https://doi.org/10.1016/j.energy.2016.08.068,,,,,,,,,,,,
# Units: time in UTC, local_time in Etc/GMT, electricity in kW,,,,,,,,,,,
"# {""units"": {""time"": ""UTC"""," ""local_time"": ""Etc/GMT"""," ""electricity"": ""kW""}"," ""params"": {""local_time"": ""true"""," ""header"": ""true"""," ""lat"": ""52.750955651561526"""," ""lon"": ""2.1015502280767553"""," ""date_from"": ""2023-01-01"""," ""date_to"": ""2023-12-31"""," ""dataset"": ""merra2"""," ""capacity"": ""1"""," ""height"": ""80"""," ""turbine"": ""Vestas V90 2000"""," ""raw"": ""false""}}"
time,local_time,electricity,,,,,,,,,,,
01/01/2023 00:00,01/01/2023 00:00,0.983,,,,,,,,,,,
01/01/2023 01:00,01/01/2023 01:00,0.973,,,,,,,,,,,
01/01/2023 02:00,01/01/2023 02:00,0.962,,,,,,,,,,,
01/01/2023 03:00,01/01/2023 03:00,0.964,,,,,,,,,,,
01/01/2023 04:00,01/01/2023 04:00,0.968,,,,,,,,,,,
01/01/2023 05:00,01/01/2023 05:00,0.966,,,,,,,,,,,
01/01/2023 06:00,01/01/2023 06:00,0.962,,,,,,,,,,,
01/01/2023 07:00,01/01/2023 07:00,0.961,,,,,,,,,,,
01/01/2023 08:00,01/01/2023 08:00,0.96,,,,,,,,,,,
01/01/2023 09:00,01/01/2023 09:00,0.951,,,,,,,,,,,
01/01/2023 10:00,01/01/2023 10:00,0.941,,,,,,,,,,,
01/01/2023 11:00,01/01/2023 11:00,0.935,,,,,,,,,,,
01/01/2023 12:00,01/01/2023 12:00,0.927,,,,,,,,,,,
01/01/2023 13:00,01/01/2023 13:00,0.915,,,,,,,,,,,
01/01/2023 14:00,01/01/2023 14:00,0.89,,,,,,,,,,,
01/01/2023 15:00,01/01/2023 15:00,0.865,,,,,,,,,,,
01/01/2023 16:00,01/01/2023 16:00,0.858,,,,,,,,,,,
01/01/2023 17:00,01/01/2023 17:00,0.87,,,,,,,,,,,
01/01/2023 18:00,01/01/2023 18:00,0.881,,,,,,,,,,,
01/01/2023 19:00,01/01/2023 19:00,0.857,,,,,,,,,,,
01/01/2023 20:00,01/01/2023 20:00,0.737,,,,,,,,,,,
01/01/2023 21:00,01/01/2023 21:00,0.566,,,,,,,,,,,
01/01/2023 22:00,01/01/2023 22:00,0.422,,,,,,,,,,,
01/01/2023 23:00,01/01/2023 23:00,0.302,,,,,,,,,,,
02/01/2023 00:00,02/01/2023 00:00,0.255,,,,,,,,,,,
02/01/2023 01:00,02/01/2023 01:00,0.223,,,,,,,,,,,
02/01/2023 02:00,02/01/2023 02:00,0.2,,,,,,,,,,,
02/01/2023 03:00,02/01/2023 03:00,0.243,,,,,,,,,,,
02/01/2023 04:00,02/01/2023 04:00,0.325,,,,,,,,,,,
02/01/2023 05:00,02/01/2023 05:00,0.403,,,,,,,,,,,
02/01/2023 06:00,02/01/2023 06:00,0.475,,,,,,,,,,,
02/01/2023 07:00,02/01/2023 07:00,0.532,,,,,,,,,,,
02/01/2023 08:00,02/01/2023 08:00,0.583,,,,,,,,,,,
02/01/2023 09:00,02/01/2023 09:00,0.635,,,,,,,,,,,
02/01/2023 10:00,02/01/2023 10:00,0.663,,,,,,,,,,,
02/01/2023 11:00,02/01/2023 11:00,0.665,,,,,,,,,,,
02/01/2023 12:00,02/01/2023 12:00,0.666,,,,,,,,,,,
02/01/2023 13:00,02/01/2023 13:00,0.672,,,,,,,,,,,
02/01/2023 14:00,02/01/2023 14:00,0.672,,,,,,,,,,,
02/01/2023 15:00,02/01/2023 15:00,0.663,,,,,,,,,,,
02/01/2023 16:00,02/01/2023 16:00,0.622,,,,,,,,,,,
02/01/2023 17:00,02/01/2023 17:00,0.551,,,,,,,,,,,
02/01/2023 18:00,02/01/2023 18:00,0.468,,,,,,,,,,,
02/01/2023 19:00,02/01/2023 19:00,0.403,,,,,,,,,,,
02/01/2023 20:00,02/01/2023 20:00,0.361,,,,,,,,,,,
02/01/2023 21:00,02/01/2023 21:00,0.32,,,,,,,,,,,
02/01/2023 22:00,02/01/2023 22:00,0.27,,,,,,,,,,,
02/01/2023 23:00,02/01/2023 23:00,0.237,,,,,,,,,,,
03/01/2023 00:00,03/01/2023 00:00,0.221,,,,,,,,,,,
03/01/2023 01:00,03/01/2023 01:00,0.217,,,,,,,,,,,
03/01/2023 02:00,03/01/2023 02:00,0.223,,,,,,,,,,,
03/01/2023 03:00,03/01/2023 03:00,0.256,,,,,,,,,,,
03/01/2023 04:00,03/01/2023 04:00,0.367,,,,,,,,,,,
03/01/2023 05:00,03/01/2023 05:00,0.535,,,,,,,,,,,
03/01/2023 06:00,03/01/2023 06:00,0.697,,,,,,,,,,,
03/01/2023 07:00,03/01/2023 07:00,0.785,,,,,,,,,,,
03/01/2023 08:00,03/01/2023 08:00,0.819,,,,,,,,,,,
03/01/2023 09:00,03/01/2023 09:00,0.844,,,,,,,,,,,
03/01/2023 10:00,03/01/2023 10:00,0.883,,,,,,,,,,,
03/01/2023 11:00,03/01/2023 11:00,0.917,,,,,,,,,,,
03/01/2023 12:00,03/01/2023 12:00,0.959,,,,,,,,,,,
03/01/2023 13:00,03/01/2023 13:00,0.98,,,,,,,,,,,
03/01/2023 14:00,03/01/2023 14:00,0.988,,,,,,,,,,,
03/01/2023 15:00,03/01/2023 15:00,0.986,,,,,,,,,,,
03/01/2023 16:00,03/01/2023 16:00,0.988,,,,,,,,,,,
03/01/2023 17:00,03/01/2023 17:00,0.99,,,,,,,,,,,
03/01/2023 18:00,03/01/2023 18:00,0.991,,,,,,,,,,,
03/01/2023 19:00,03/01/2023 19:00,0.991,,,,,,,,,,,
03/01/2023 20:00,03/01/2023 20:00,0.984,,,,,,,,,,,
03/01/2023 21:00,03/01/2023 21:00,0.981,,,,,,,,,,,
03/01/2023 22:00,03/01/2023 22:00,0.99,,,,,,,,,,,
03/01/2023 23:00,03/01/2023 23:00,0.991,,,,,,,,,,,
04/01/2023 00:00,04/01/2023 00:00,0.991,,,,,,,,,,,
04/01/2023 01:00,04/01/2023 01:00,0.991,,,,,,,,,,,
04/01/2023 02:00,04/01/2023 02:00,0.991,,,,,,,,,,,
04/01/2023 03:00,04/01/2023 03:00,0.991,,,,,,,,,,,
04/01/2023 04:00,04/01/2023 04:00,0.991,,,,,,,,,,,
04/01/2023 05:00,04/01/2023 05:00,0.991,,,,,,,,,,,
04/01/2023 06:00,04/01/2023 06:00,0.991,,,,,,,,,,,
04/01/2023 07:00,04/01/2023 07:00,0.991,,,,,,,,,,,
04/01/2023 08:00,04/01/2023 08:00,0.99,,,,,,,,,,,
04/01/2023 09:00,04/01/2023 09:00,0.986,,,,,,,,,,,
04/01/2023 10:00,04/01/2023 10:00,0.986,,,,,,,,,,,
04/01/2023 11:00,04/01/2023 11:00,0.987,,,,,,,,,,,
04/01/2023 12:00,04/01/2023 12:00,0.986,,,,,,,,,,,
04/01/2023 13:00,04/01/2023 13:00,0.985,,,,,,,,,,,
04/01/2023 14:00,04/01/2023 14:00,0.982,,,,,,,,,,,
04/01/2023 15:00,04/01/2023 15:00,0.978,,,,,,,,,,,
04/01/2023 16:00,04/01/2023 16:00,0.975,,,,,,,,,,,
04/01/2023 17:00,04/01/2023 17:00,0.974,,,,,,,,,,,
04/01/2023 18:00,04/01/2023 18:00,0.973,,,,,,,,,,,
04/01/2023 19:00,04/01/2023 19:00,0.973,,,,,,,,,,,
04/01/2023 20:00,04/01/2023 20:00,0.975,,,,,,,,,,,
04/01/2023 21:00,04/01/2023 21:00,0.974,,,,,,,,,,,
04/01/2023 22:00,04/01/2023 22:00,0.966,,,,,,,,,,,
04/01/2023 23:00,04/01/2023 23:00,0.958,,,,,,,,,,,
05/01/2023 00:00,05/01/2023 00:00,0.955,,,,,,,,,,,
05/01/2023 01:00,05/01/2023 01:00,0.951,,,,,,,,,,,
05/01/2023 02:00,05/01/2023 02:00,0.941,,,,,,,,,,,
05/01/2023 03:00,05/01/2023 03:00,0.923,,,,,,,,,,,
05/01/2023 04:00,05/01/2023 04:00,0.9,,,,,,,,,,,
05/01/2023 05:00,05/01/2023 05:00,0.871,,,,,,,,,,,
05/01/2023 06:00,05/01/2023 06:00,0.831,,,,,,,,,,,
05/01/2023 07:00,05/01/2023 07:00,0.792,,,,,,,,,,,
05/01/2023 08:00,05/01/2023 08:00,0.757,,,,,,,,,,,
05/01/2023 09:00,05/01/2023 09:00,0.703,,,,,,,,,,,
05/01/2023 10:00,05/01/2023 10:00,0.623,,,,,,,,,,,
05/01/2023 11:00,05/01/2023 11:00,0.57,,,,,,,,,,,
05/01/2023 12:00,05/01/2023 12:00,0.575,,,,,,,,,,,
05/01/2023 13:00,05/01/2023 13:00,0.647,,,,,,,,,,,
05/01/2023 14:00,05/01/2023 14:00,0.711,,,,,,,,,,,
05/01/2023 15:00,05/01/2023 15:00,0.783,,,,,,,,,,,
05/01/2023 16:00,05/01/2023 16:00,0.84,,,,,,,,,,,
05/01/2023 17:00,05/01/2023 17:00,0.866,,,,,,,,,,,
05/01/2023 18:00,05/01/2023 18:00,0.886,,,,,,,,,,,
05/01/2023 19:00,05/01/2023 19:00,0.906,,,,,,,,,,,
05/01/2023 20:00,05/01/2023 20:00,0.92,,,,,,,,,,,
05/01/2023 21:00,05/01/2023 21:00,0.94,,,,,,,,,,,
05/01/2023 22:00,05/01/2023 22:00,0.977,,,,,,,,,,,
05/01/2023 23:00,05/01/2023 23:00,0.986,,,,,,,,,,,
06/01/2023 00:00,06/01/2023 00:00,0.989,,,,,,,,,,,
06/01/2023 01:00,06/01/2023 01:00,0.989,,,,,,,,,,,
06/01/2023 02:00,06/01/2023 02:00,0.986,,,,,,,,,,,
06/01/2023 03:00,06/01/2023 03:00,0.975,,,,,,,,,,,
06/01/2023 04:00,06/01/2023 04:00,0.96,,,,,,,,,,,
06/01/2023 05:00,06/01/2023 05:00,0.92,,,,,,,,,,,
06/01/2023 06:00,06/01/2023 06:00,0.882,,,,,,,,,,,
06/01/2023 07:00,06/01/2023 07:00,0.837,,,,,,,,,,,
06/01/2023 08:00,06/01/2023 08:00,0.8,,,,,,,,,,,
06/01/2023 09:00,06/01/2023 09:00,0.821,,,,,,,,,,,
06/01/2023 10:00,06/01/2023 10:00,0.837,,,,,,,,,,,
06/01/2023 11:00,06/01/2023 11:00,0.829,,,,,,,,,,,
06/01/2023 12:00,06/01/2023 12:00,0.821,,,,,,,,,,,
06/01/2023 13:00,06/01/2023 13:00,0.832,,,,,,,,,,,
06/01/2023 14:00,06/01/2023 14:00,0.819,,,,,,,,,,,
06/01/2023 15:00,06/01/2023 15:00,0.777,,,,,,,,,,,
06/01/2023 16:00,06/01/2023 16:00,0.77,,,,,,,,,,,
06/01/2023 17:00,06/01/2023 17:00,0.791,,,,,,,,,,,
06/01/2023 18:00,06/01/2023 18:00,0.813,,,,,,,,,,,
06/01/2023 19:00,06/01/2023 19:00,0.829,,,,,,,,,,,
06/01/2023 20:00,06/01/2023 20:00,0.888,,,,,,,,,,,
06/01/2023 21:00,06/01/2023 21:00,0.947,,,,,,,,,,,
06/01/2023 22:00,06/01/2023 22:00,0.963,,,,,,,,,,,
06/01/2023 23:00,06/01/2023 23:00,0.969,,,,,,,,,,,
07/01/2023 00:00,07/01/2023 00:00,0.981,,,,,,,,,,,
07/01/2023 01:00,07/01/2023 01:00,0.986,,,,,,,,,,,
07/01/2023 02:00,07/01/2023 02:00,0.99,,,,,,,,,,,
07/01/2023 03:00,07/01/2023 03:00,0.988,,,,,,,,,,,
07/01/2023 04:00,07/01/2023 04:00,0.987,,,,,,,,,,,
07/01/2023 05:00,07/01/2023 05:00,0.989,,,,,,,,,,,
07/01/2023 06:00,07/01/2023 06:00,0.99,,,,,,,,,,,
07/01/2023 07:00,07/01/2023 07:00,0.991,,,,,,,,,,,
07/01/2023 08:00,07/01/2023 08:00,0.99,,,,,,,,,,,
07/01/2023 09:00,07/01/2023 09:00,0.989,,,,,,,,,,,
07/01/2023 10:00,07/01/2023 10:00,0.988,,,,,,,,,,,
07/01/2023 11:00,07/01/2023 11:00,0.986,,,,,,,,,,,
07/01/2023 12:00,07/01/2023 12:00,0.989,,,,,,,,,,,
07/01/2023 13:00,07/01/2023 13:00,0.99,,,,,,,,,,,
07/01/2023 14:00,07/01/2023 14:00,0.987,,,,,,,,,,,
07/01/2023 15:00,07/01/2023 15:00,0.99,,,,,,,,,,,
07/01/2023 16:00,07/01/2023 16:00,0.991,,,,,,,,,,,
07/01/2023 17:00,07/01/2023 17:00,0.989,,,,,,,,,,,
07/01/2023 18:00,07/01/2023 18:00,0.983,,,,,,,,,,,
07/01/2023 19:00,07/01/2023 19:00,0.979,,,,,,,,,,,
07/01/2023 20:00,07/01/2023 20:00,0.978,,,,,,,,,,,
07/01/2023 21:00,07/01/2023 21:00,0.975,,,,,,,,,,,
07/01/2023 22:00,07/01/2023 22:00,0.968,,,,,,,,,,,
07/01/2023 23:00,07/01/2023 23:00,0.956,,,,,,,,,,,
08/01/2023 00:00,08/01/2023 00:00,0.943,,,,,,,,,,,
08/01/2023 01:00,08/01/2023 01:00,0.936,,,,,,,,,,,
08/01/2023 02:00,08/01/2023 02:00,0.942,,,,,,,,,,,
08/01/2023 03:00,08/01/2023 03:00,0.946,,,,,,,,,,,
08/01/2023 04:00,08/01/2023 04:00,0.945,,,,,,,,,,,
08/01/2023 05:00,08/01/2023 05:00,0.941,,,,,,,,,,,
08/01/2023 06:00,08/01/2023 06:00,0.938,,,,,,,,,,,
08/01/2023 07:00,08/01/2023 07:00,0.938,,,,,,,,,,,
08/01/2023 08:00,08/01/2023 08:00,0.944,,,,,,,,,,,
08/01/2023 09:00,08/01/2023 09:00,0.956,,,,,,,,,,,
08/01/2023 10:00,08/01/2023 10:00,0.958,,,,,,,,,,,
08/01/2023 11:00,08/01/2023 11:00,0.961,,,,,,,,,,,
08/01/2023 12:00,08/01/2023 12:00,0.962,,,,,,,,,,,
08/01/2023 13:00,08/01/2023 13:00,0.964,,,,,,,,,,,
08/01/2023 14:00,08/01/2023 14:00,0.975,,,,,,,,,,,
08/01/2023 15:00,08/01/2023 15:00,0.986,,,,,,,,,,,
08/01/2023 16:00,08/01/2023 16:00,0.988,,,,,,,,,,,
08/01/2023 17:00,08/01/2023 17:00,0.981,,,,,,,,,,,
08/01/2023 18:00,08/01/2023 18:00,0.949,,,,,,,,,,,
08/01/2023 19:00,08/01/2023 19:00,0.905,,,,,,,,,,,
08/01/2023 20:00,08/01/2023 20:00,0.896,,,,,,,,,,,
08/01/2023 21:00,08/01/2023 21:00,0.865,,,,,,,,,,,
08/01/2023 22:00,08/01/2023 22:00,0.823,,,,,,,,,,,
08/01/2023 23:00,08/01/2023 23:00,0.79,,,,,,,,,,,
09/01/2023 00:00,09/01/2023 00:00,0.74,,,,,,,,,,,
09/01/2023 01:00,09/01/2023 01:00,0.674,,,,,,,,,,,
09/01/2023 02:00,09/01/2023 02:00,0.613,,,,,,,,,,,
09/01/2023 03:00,09/01/2023 03:00,0.523,,,,,,,,,,,
09/01/2023 04:00,09/01/2023 04:00,0.457,,,,,,,,,,,
09/01/2023 05:00,09/01/2023 05:00,0.513,,,,,,,,,,,
09/01/2023 06:00,09/01/2023 06:00,0.586,,,,,,,,,,,
09/01/2023 07:00,09/01/2023 07:00,0.641,,,,,,,,,,,
09/01/2023 08:00,09/01/2023 08:00,0.663,,,,,,,,,,,
09/01/2023 09:00,09/01/2023 09:00,0.696,,,,,,,,,,,
09/01/2023 10:00,09/01/2023 10:00,0.753,,,,,,,,,,,
09/01/2023 11:00,09/01/2023 11:00,0.806,,,,,,,,,,,
09/01/2023 12:00,09/01/2023 12:00,0.857,,,,,,,,,,,
09/01/2023 13:00,09/01/2023 13:00,0.896,,,,,,,,,,,
09/01/2023 14:00,09/01/2023 14:00,0.929,,,,,,,,,,,
09/01/2023 15:00,09/01/2023 15:00,0.935,,,,,,,,,,,
09/01/2023 16:00,09/01/2023 16:00,0.917,,,,,,,,,,,
09/01/2023 17:00,09/01/2023 17:00,0.911,,,,,,,,,,,
09/01/2023 18:00,09/01/2023 18:00,0.927,,,,,,,,,,,
09/01/2023 19:00,09/01/2023 19:00,0.926,,,,,,,,,,,
09/01/2023 20:00,09/01/2023 20:00,0.924,,,,,,,,,,,
09/01/2023 21:00,09/01/2023 21:00,0.924,,,,,,,,,,,
09/01/2023 22:00,09/01/2023 22:00,0.902,,,,,,,,,,,
09/01/2023 23:00,09/01/2023 23:00,0.881,,,,,,,,,,,
10/01/2023 00:00,10/01/2023 00:00,0.87,,,,,,,,,,,
10/01/2023 01:00,10/01/2023 01:00,0.862,,,,,,,,,,,
10/01/2023 02:00,10/01/2023 02:00,0.833,,,,,,,,,,,
10/01/2023 03:00,10/01/2023 03:00,0.756,,,,,,,,,,,
10/01/2023 04:00,10/01/2023 04:00,0.665,,,,,,,,,,,
10/01/2023 05:00,10/01/2023 05:00,0.652,,,,,,,,,,,
10/01/2023 06:00,10/01/2023 06:00,0.621,,,,,,,,,,,
10/01/2023 07:00,10/01/2023 07:00,0.646,,,,,,,,,,,
10/01/2023 08:00,10/01/2023 08:00,0.724,,,,,,,,,,,
10/01/2023 09:00,10/01/2023 09:00,0.778,,,,,,,,,,,
10/01/2023 10:00,10/01/2023 10:00,0.906,,,,,,,,,,,
10/01/2023 11:00,10/01/2023 11:00,0.983,,,,,,,,,,,
10/01/2023 12:00,10/01/2023 12:00,0.988,,,,,,,,,,,
10/01/2023 13:00,10/01/2023 13:00,0.984,,,,,,,,,,,
10/01/2023 14:00,10/01/2023 14:00,0.991,,,,,,,,,,,
10/01/2023 15:00,10/01/2023 15:00,0.984,,,,,,,,,,,
10/01/2023 16:00,10/01/2023 16:00,0.988,,,,,,,,,,,
10/01/2023 17:00,10/01/2023 17:00,0.991,,,,,,,,,,,
10/01/2023 18:00,10/01/2023 18:00,0.985,,,,,,,,,,,
10/01/2023 19:00,10/01/2023 19:00,0.982,,,,,,,,,,,
10/01/2023 20:00,10/01/2023 20:00,0.978,,,,,,,,,,,
10/01/2023 21:00,10/01/2023 21:00,0.981,,,,,,,,,,,
10/01/2023 22:00,10/01/2023 22:00,0.986,,,,,,,,,,,
10/01/2023 23:00,10/01/2023 23:00,0.991,,,,,,,,,,,
11/01/2023 00:00,11/01/2023 00:00,0.982,,,,,,,,,,,
11/01/2023 01:00,11/01/2023 01:00,0.946,,,,,,,,,,,
11/01/2023 02:00,11/01/2023 02:00,0.894,,,,,,,,,,,
11/01/2023 03:00,11/01/2023 03:00,0.886,,,,,,,,,,,
11/01/2023 04:00,11/01/2023 04:00,0.887,,,,,,,,,,,
11/01/2023 05:00,11/01/2023 05:00,0.881,,,,,,,,,,,
11/01/2023 06:00,11/01/2023 06:00,0.881,,,,,,,,,,,
11/01/2023 07:00,11/01/2023 07:00,0.9,,,,,,,,,,,
11/01/2023 08:00,11/01/2023 08:00,0.928,,,,,,,,,,,
11/01/2023 09:00,11/01/2023 09:00,0.935,,,,,,,,,,,
11/01/2023 10:00,11/01/2023 10:00,0.94,,,,,,,,,,,
11/01/2023 11:00,11/01/2023 11:00,0.954,,,,,,,,,,,
11/01/2023 12:00,11/01/2023 12:00,0.968,,,,,,,,,,,
11/01/2023 13:00,11/01/2023 13:00,0.982,,,,,,,,,,,
11/01/2023 14:00,11/01/2023 14:00,0.988,,,,,,,,,,,
11/01/2023 15:00,11/01/2023 15:00,0.991,,,,,,,,,,,
11/01/2023 16:00,11/01/2023 16:00,0.991,,,,,,,,,,,
11/01/2023 17:00,11/01/2023 17:00,0.99,,,,,,,,,,,
11/01/2023 18:00,11/01/2023 18:00,0.985,,,,,,,,,,,
11/01/2023 19:00,11/01/2023 19:00,0.982,,,,,,,,,,,
11/01/2023 20:00,11/01/2023 20:00,0.981,,,,,,,,,,,
11/01/2023 21:00,11/01/2023 21:00,0.975,,,,,,,,,,,
11/01/2023 22:00,11/01/2023 22:00,0.964,,,,,,,,,,,
11/01/2023 23:00,11/01/2023 23:00,0.962,,,,,,,,,,,
12/01/2023 00:00,12/01/2023 00:00,0.969,,,,,,,,,,,
12/01/2023 01:00,12/01/2023 01:00,0.984,,,,,,,,,,,
12/01/2023 02:00,12/01/2023 02:00,0.991,,,,,,,,,,,
12/01/2023 03:00,12/01/2023 03:00,0.985,,,,,,,,,,,
12/01/2023 04:00,12/01/2023 04:00,0.989,,,,,,,,,,,
12/01/2023 05:00,12/01/2023 05:00,0.991,,,,,,,,,,,
12/01/2023 06:00,12/01/2023 06:00,0.991,,,,,,,,,,,
12/01/2023 07:00,12/01/2023 07:00,0.99,,,,,,,,,,,
12/01/2023 08:00,12/01/2023 08:00,0.986,,,,,,,,,,,
12/01/2023 09:00,12/01/2023 09:00,0.978,,,,,,,,,,,
12/01/2023 10:00,12/01/2023 10:00,0.975,,,,,,,,,,,
12/01/2023 11:00,12/01/2023 11:00,0.975,,,,,,,,,,,
12/01/2023 12:00,12/01/2023 12:00,0.979,,,,,,,,,,,
12/01/2023 13:00,12/01/2023 13:00,0.981,,,,,,,,,,,
12/01/2023 14:00,12/01/2023 14:00,0.984,,,,,,,,,,,
12/01/2023 15:00,12/01/2023 15:00,0.986,,,,,,,,,,,
12/01/2023 16:00,12/01/2023 16:00,0.986,,,,,,,,,,,
12/01/2023 17:00,12/01/2023 17:00,0.983,,,,,,,,,,,
12/01/2023 18:00,12/01/2023 18:00,0.987,,,,,,,,,,,
12/01/2023 19:00,12/01/2023 19:00,0.989,,,,,,,,,,,
12/01/2023 20:00,12/01/2023 20:00,0.99,,,,,,,,,,,
12/01/2023 21:00,12/01/2023 21:00,0.991,,,,,,,,,,,
12/01/2023 22:00,12/01/2023 22:00,0.991,,,,,,,,,,,
12/01/2023 23:00,12/01/2023 23:00,0.988,,,,,,,,,,,
13/01/2023 00:00,13/01/2023 00:00,0.982,,,,,,,,,,,
13/01/2023 01:00,13/01/2023 01:00,0.976,,,,,,,,,,,
13/01/2023 02:00,13/01/2023 02:00,0.97,,,,,,,,,,,
13/01/2023 03:00,13/01/2023 03:00,0.959,,,,,,,,,,,
13/01/2023 04:00,13/01/2023 04:00,0.951,,,,,,,,,,,
13/01/2023 05:00,13/01/2023 05:00,0.958,,,,,,,,,,,
13/01/2023 06:00,13/01/2023 06:00,0.972,,,,,,,,,,,
13/01/2023 07:00,13/01/2023 07:00,0.981,,,,,,,,,,,
13/01/2023 08:00,13/01/2023 08:00,0.986,,,,,,,,,,,
13/01/2023 09:00,13/01/2023 09:00,0.989,,,,,,,,,,,
13/01/2023 10:00,13/01/2023 10:00,0.99,,,,,,,,,,,
13/01/2023 11:00,13/01/2023 11:00,0.99,,,,,,,,,,,
13/01/2023 12:00,13/01/2023 12:00,0.99,,,,,,,,,,,
13/01/2023 13:00,13/01/2023 13:00,0.991,,,,,,,,,,,
13/01/2023 14:00,13/01/2023 14:00,0.991,,,,,,,,,,,
13/01/2023 15:00,13/01/2023 15:00,0.99,,,,,,,,,,,
13/01/2023 16:00,13/01/2023 16:00,0.985,,,,,,,,,,,
13/01/2023 17:00,13/01/2023 17:00,0.979,,,,,,,,,,,
13/01/2023 18:00,13/01/2023 18:00,0.97,,,,,,,,,,,
13/01/2023 19:00,13/01/2023 19:00,0.947,,,,,,,,,,,
13/01/2023 20:00,13/01/2023 20:00,0.906,,,,,,,,,,,
13/01/2023 21:00,13/01/2023 21:00,0.885,,,,,,,,,,,
13/01/2023 22:00,13/01/2023 22:00,0.862,,,,,,,,,,,
13/01/2023 23:00,13/01/2023 23:00,0.8,,,,,,,,,,,
14/01/2023 00:00,14/01/2023 00:00,0.741,,,,,,,,,,,
14/01/2023 01:00,14/01/2023 01:00,0.746,,,,,,,,,,,
14/01/2023 02:00,14/01/2023 02:00,0.804,,,,,,,,,,,
14/01/2023 03:00,14/01/2023 03:00,0.876,,,,,,,,,,,
14/01/2023 04:00,14/01/2023 04:00,0.937,,,,,,,,,,,
14/01/2023 05:00,14/01/2023 05:00,0.98,,,,,,,,,,,
14/01/2023 06:00,14/01/2023 06:00,0.991,,,,,,,,,,,
14/01/2023 07:00,14/01/2023 07:00,0.989,,,,,,,,,,,
14/01/2023 08:00,14/01/2023 08:00,0.982,,,,,,,,,,,
14/01/2023 09:00,14/01/2023 09:00,0.979,,,,,,,,,,,
14/01/2023 10:00,14/01/2023 10:00,0.987,,,,,,,,,,,
14/01/2023 11:00,14/01/2023 11:00,0.99,,,,,,,,,,,
14/01/2023 12:00,14/01/2023 12:00,0.991,,,,,,,,,,,
14/01/2023 13:00,14/01/2023 13:00,0.976,,,,,,,,,,,
14/01/2023 14:00,14/01/2023 14:00,0.965,,,,,,,,,,,
14/01/2023 15:00,14/01/2023 15:00,0.958,,,,,,,,,,,
14/01/2023 16:00,14/01/2023 16:00,0.951,,,,,,,,,,,
14/01/2023 17:00,14/01/2023 17:00,0.956,,,,,,,,,,,
14/01/2023 18:00,14/01/2023 18:00,0.966,,,,,,,,,,,
14/01/2023 19:00,14/01/2023 19:00,0.98,,,,,,,,,,,
14/01/2023 20:00,14/01/2023 20:00,0.985,,,,,,,,,,,
14/01/2023 21:00,14/01/2023 21:00,0.988,,,,,,,,,,,
14/01/2023 22:00,14/01/2023 22:00,0.99,,,,,,,,,,,
14/01/2023 23:00,14/01/2023 23:00,0.991,,,,,,,,,,,
15/01/2023 00:00,15/01/2023 00:00,0.991,,,,,,,,,,,
15/01/2023 01:00,15/01/2023 01:00,0.991,,,,,,,,,,,
15/01/2023 02:00,15/01/2023 02:00,0.991,,,,,,,,,,,
15/01/2023 03:00,15/01/2023 03:00,0.99,,,,,,,,,,,
15/01/2023 04:00,15/01/2023 04:00,0.986,,,,,,,,,,,
15/01/2023 05:00,15/01/2023 05:00,0.979,,,,,,,,,,,
15/01/2023 06:00,15/01/2023 06:00,0.971,,,,,,,,,,,
15/01/2023 07:00,15/01/2023 07:00,0.962,,,,,,,,,,,
15/01/2023 08:00,15/01/2023 08:00,0.965,,,,,,,,,,,
15/01/2023 09:00,15/01/2023 09:00,0.975,,,,,,,,,,,
15/01/2023 10:00,15/01/2023 10:00,0.985,,,,,,,,,,,
15/01/2023 11:00,15/01/2023 11:00,0.991,,,,,,,,,,,
15/01/2023 12:00,15/01/2023 12:00,0.984,,,,,,,,,,,
15/01/2023 13:00,15/01/2023 13:00,0.962,,,,,,,,,,,
15/01/2023 14:00,15/01/2023 14:00,0.923,,,,,,,,,,,
15/01/2023 15:00,15/01/2023 15:00,0.872,,,,,,,,,,,
15/01/2023 16:00,15/01/2023 16:00,0.827,,,,,,,,,,,
15/01/2023 17:00,15/01/2023 17:00,0.777,,,,,,,,,,,
15/01/2023 18:00,15/01/2023 18:00,0.71,,,,,,,,,,,
15/01/2023 19:00,15/01/2023 19:00,0.63,,,,,,,,,,,
15/01/2023 20:00,15/01/2023 20:00,0.547,,,,,,,,,,,
15/01/2023 21:00,15/01/2023 21:00,0.488,,,,,,,,,,,
15/01/2023 22:00,15/01/2023 22:00,0.466,,,,,,,,,,,
15/01/2023 23:00,15/01/2023 23:00,0.428,,,,,,,,,,,
16/01/2023 00:00,16/01/2023 00:00,0.329,,,,,,,,,,,
16/01/2023 01:00,16/01/2023 01:00,0.233,,,,,,,,,,,
16/01/2023 02:00,16/01/2023 02:00,0.117,,,,,,,,,,,
16/01/2023 03:00,16/01/2023 03:00,0.077,,,,,,,,,,,
16/01/2023 04:00,16/01/2023 04:00,0.115,,,,,,,,,,,
16/01/2023 05:00,16/01/2023 05:00,0.167,,,,,,,,,,,
16/01/2023 06:00,16/01/2023 06:00,0.201,,,,,,,,,,,
16/01/2023 07:00,16/01/2023 07:00,0.241,,,,,,,,,,,
16/01/2023 08:00,16/01/2023 08:00,0.316,,,,,,,,,,,
16/01/2023 09:00,16/01/2023 09:00,0.414,,,,,,,,,,,
16/01/2023 10:00,16/01/2023 10:00,0.553,,,,,,,,,,,
16/01/2023 11:00,16/01/2023 11:00,0.718,,,,,,,,,,,
16/01/2023 12:00,16/01/2023 12:00,0.861,,,,,,,,,,,
16/01/2023 13:00,16/01/2023 13:00,0.932,,,,,,,,,,,
16/01/2023 14:00,16/01/2023 14:00,0.964,,,,,,,,,,,
16/01/2023 15:00,16/01/2023 15:00,0.98,,,,,,,,,,,
16/01/2023 16:00,16/01/2023 16:00,0.986,,,,,,,,,,,
16/01/2023 17:00,16/01/2023 17:00,0.985,,,,,,,,,,,
16/01/2023 18:00,16/01/2023 18:00,0.979,,,,,,,,,,,
16/01/2023 19:00,16/01/2023 19:00,0.967,,,,,,,,,,,
16/01/2023 20:00,16/01/2023 20:00,0.949,,,,,,,,,,,
16/01/2023 21:00,16/01/2023 21:00,0.917,,,,,,,,,,,
16/01/2023 22:00,16/01/2023 22:00,0.872,,,,,,,,,,,
16/01/2023 23:00,16/01/2023 23:00,0.819,,,,,,,,,,,
17/01/2023 00:00,17/01/2023 00:00,0.758,,,,,,,,,,,
17/01/2023 01:00,17/01/2023 01:00,0.698,,,,,,,,,,,
17/01/2023 02:00,17/01/2023 02:00,0.641,,,,,,,,,,,
17/01/2023 03:00,17/01/2023 03:00,0.583,,,,,,,,,,,
17/01/2023 04:00,17/01/2023 04:00,0.532,,,,,,,,,,,
17/01/2023 05:00,17/01/2023 05:00,0.497,,,,,,,,,,,
17/01/2023 06:00,17/01/2023 06:00,0.471,,,,,,,,,,,
17/01/2023 07:00,17/01/2023 07:00,0.457,,,,,,,,,,,
17/01/2023 08:00,17/01/2023 08:00,0.451,,,,,,,,,,,
17/01/2023 09:00,17/01/2023 09:00,0.469,,,,,,,,,,,
17/01/2023 10:00,17/01/2023 10:00,0.487,,,,,,,,,,,
17/01/2023 11:00,17/01/2023 11:00,0.491,,,,,,,,,,,
17/01/2023 12:00,17/01/2023 12:00,0.468,,,,,,,,,,,
17/01/2023 13:00,17/01/2023 13:00,0.432,,,,,,,,,,,
17/01/2023 14:00,17/01/2023 14:00,0.412,,,,,,,,,,,
17/01/2023 15:00,17/01/2023 15:00,0.447,,,,,,,,,,,
17/01/2023 16:00,17/01/2023 16:00,0.516,,,,,,,,,,,
17/01/2023 17:00,17/01/2023 17:00,0.58,,,,,,,,,,,
17/01/2023 18:00,17/01/2023 18:00,0.629,,,,,,,,,,,
17/01/2023 19:00,17/01/2023 19:00,0.668,,,,,,,,,,,
17/01/2023 20:00,17/01/2023 20:00,0.703,,,,,,,,,,,
17/01/2023 21:00,17/01/2023 21:00,0.72,,,,,,,,,,,
17/01/2023 22:00,17/01/2023 22:00,0.724,,,,,,,,,,,
17/01/2023 23:00,17/01/2023 23:00,0.737,,,,,,,,,,,
18/01/2023 00:00,18/01/2023 00:00,0.758,,,,,,,,,,,
18/01/2023 01:00,18/01/2023 01:00,0.775,,,,,,,,,,,
18/01/2023 02:00,18/01/2023 02:00,0.783,,,,,,,,,,,
18/01/2023 03:00,18/01/2023 03:00,0.789,,,,,,,,,,,
18/01/2023 04:00,18/01/2023 04:00,0.797,,,,,,,,,,,
18/01/2023 05:00,18/01/2023 05:00,0.812,,,,,,,,,,,
18/01/2023 06:00,18/01/2023 06:00,0.831,,,,,,,,,,,
18/01/2023 07:00,18/01/2023 07:00,0.853,,,,,,,,,,,
18/01/2023 08:00,18/01/2023 08:00,0.871,,,,,,,,,,,
18/01/2023 09:00,18/01/2023 09:00,0.899,,,,,,,,,,,
18/01/2023 10:00,18/01/2023 10:00,0.926,,,,,,,,,,,
18/01/2023 11:00,18/01/2023 11:00,0.936,,,,,,,,,,,
18/01/2023 12:00,18/01/2023 12:00,0.935,,,,,,,,,,,
18/01/2023 13:00,18/01/2023 13:00,0.941,,,,,,,,,,,
18/01/2023 14:00,18/01/2023 14:00,0.948,,,,,,,,,,,
18/01/2023 15:00,18/01/2023 15:00,0.946,,,,,,,,,,,
18/01/2023 16:00,18/01/2023 16:00,0.94,,,,,,,,,,,
18/01/2023 17:00,18/01/2023 17:00,0.935,,,,,,,,,,,
18/01/2023 18:00,18/01/2023 18:00,0.935,,,,,,,,,,,
18/01/2023 19:00,18/01/2023 19:00,0.941,,,,,,,,,,,
18/01/2023 20:00,18/01/2023 20:00,0.944,,,,,,,,,,,
18/01/2023 21:00,18/01/2023 21:00,0.948,,,,,,,,,,,
18/01/2023 22:00,18/01/2023 22:00,0.947,,,,,,,,,,,
18/01/2023 23:00,18/01/2023 23:00,0.944,,,,,,,,,,,
19/01/2023 00:00,19/01/2023 00:00,0.933,,,,,,,,,,,
19/01/2023 01:00,19/01/2023 01:00,0.911,,,,,,,,,,,
19/01/2023 02:00,19/01/2023 02:00,0.881,,,,,,,,,,,
19/01/2023 03:00,19/01/2023 03:00,0.847,,,,,,,,,,,
19/01/2023 04:00,19/01/2023 04:00,0.817,,,,,,,,,,,
19/01/2023 05:00,19/01/2023 05:00,0.796,,,,,,,,,,,
19/01/2023 06:00,19/01/2023 06:00,0.778,,,,,,,,,,,
19/01/2023 07:00,19/01/2023 07:00,0.75,,,,,,,,,,,
19/01/2023 08:00,19/01/2023 08:00,0.711,,,,,,,,,,,
19/01/2023 09:00,19/01/2023 09:00,0.663,,,,,,,,,,,
19/01/2023 10:00,19/01/2023 10:00,0.618,,,,,,,,,,,
19/01/2023 11:00,19/01/2023 11:00,0.586,,,,,,,,,,,
19/01/2023 12:00,19/01/2023 12:00,0.552,,,,,,,,,,,
19/01/2023 13:00,19/01/2023 13:00,0.523,,,,,,,,,,,
19/01/2023 14:00,19/01/2023 14:00,0.494,,,,,,,,,,,
19/01/2023 15:00,19/01/2023 15:00,0.495,,,,,,,,,,,
19/01/2023 16:00,19/01/2023 16:00,0.505,,,,,,,,,,,
19/01/2023 17:00,19/01/2023 17:00,0.504,,,,,,,,,,,
19/01/2023 18:00,19/01/2023 18:00,0.522,,,,,,,,,,,
19/01/2023 19:00,19/01/2023 19:00,0.571,,,,,,,,,,,
19/01/2023 20:00,19/01/2023 20:00,0.611,,,,,,,,,,,
19/01/2023 21:00,19/01/2023 21:00,0.645,,,,,,,,,,,
19/01/2023 22:00,19/01/2023 22:00,0.68,,,,,,,,,,,
19/01/2023 23:00,19/01/2023 23:00,0.723,,,,,,,,,,,
20/01/2023 00:00,20/01/2023 00:00,0.756,,,,,,,,,,,
20/01/2023 01:00,20/01/2023 01:00,0.774,,,,,,,,,,,
20/01/2023 02:00,20/01/2023 02:00,0.786,,,,,,,,,,,
20/01/2023 03:00,20/01/2023 03:00,0.791,,,,,,,,,,,
20/01/2023 04:00,20/01/2023 04:00,0.798,,,,,,,,,,,
20/01/2023 05:00,20/01/2023 05:00,0.814,,,,,,,,,,,
20/01/2023 06:00,20/01/2023 06:00,0.833,,,,,,,,,,,
20/01/2023 07:00,20/01/2023 07:00,0.849,,,,,,,,,,,
20/01/2023 08:00,20/01/2023 08:00,0.848,,,,,,,,,,,
20/01/2023 09:00,20/01/2023 09:00,0.84,,,,,,,,,,,
20/01/2023 10:00,20/01/2023 10:00,0.827,,,,,,,,,,,
20/01/2023 11:00,20/01/2023 11:00,0.819,,,,,,,,,,,
20/01/2023 12:00,20/01/2023 12:00,0.809,,,,,,,,,,,
20/01/2023 13:00,20/01/2023 13:00,0.794,,,,,,,,,,,
20/01/2023 14:00,20/01/2023 14:00,0.784,,,,,,,,,,,
20/01/2023 15:00,20/01/2023 15:00,0.765,,,,,,,,,,,
20/01/2023 16:00,20/01/2023 16:00,0.747,,,,,,,,,,,
20/01/2023 17:00,20/01/2023 17:00,0.734,,,,,,,,,,,
20/01/2023 18:00,20/01/2023 18:00,0.726,,,,,,,,,,,
20/01/2023 19:00,20/01/2023 19:00,0.711,,,,,,,,,,,
20/01/2023 20:00,20/01/2023 20:00,0.705,,,,,,,,,,,
20/01/2023 21:00,20/01/2023 21:00,0.69,,,,,,,,,,,
20/01/2023 22:00,20/01/2023 22:00,0.63,,,,,,,,,,,
20/01/2023 23:00,20/01/2023 23:00,0.529,,,,,,,,,,,
21/01/2023 00:00,21/01/2023 00:00,0.413,,,,,,,,,,,
21/01/2023 01:00,21/01/2023 01:00,0.323,,,,,,,,,,,
21/01/2023 02:00,21/01/2023 02:00,0.27,,,,,,,,,,,
21/01/2023 03:00,21/01/2023 03:00,0.238,,,,,,,,,,,
21/01/2023 04:00,21/01/2023 04:00,0.223,,,,,,,,,,,
21/01/2023 05:00,21/01/2023 05:00,0.235,,,,,,,,,,,
21/01/2023 06:00,21/01/2023 06:00,0.234,,,,,,,,,,,
21/01/2023 07:00,21/01/2023 07:00,0.243,,,,,,,,,,,
21/01/2023 08:00,21/01/2023 08:00,0.234,,,,,,,,,,,
21/01/2023 09:00,21/01/2023 09:00,0.191,,,,,,,,,,,
21/01/2023 10:00,21/01/2023 10:00,0.161,,,,,,,,,,,
21/01/2023 11:00,21/01/2023 11:00,0.145,,,,,,,,,,,
21/01/2023 12:00,21/01/2023 12:00,0.129,,,,,,,,,,,
21/01/2023 13:00,21/01/2023 13:00,0.117,,,,,,,,,,,
21/01/2023 14:00,21/01/2023 14:00,0.116,,,,,,,,,,,
21/01/2023 15:00,21/01/2023 15:00,0.12,,,,,,,,,,,
21/01/2023 16:00,21/01/2023 16:00,0.125,,,,,,,,,,,
21/01/2023 17:00,21/01/2023 17:00,0.116,,,,,,,,,,,
21/01/2023 18:00,21/01/2023 18:00,0.099,,,,,,,,,,,
21/01/2023 19:00,21/01/2023 19:00,0.09,,,,,,,,,,,
21/01/2023 20:00,21/01/2023 20:00,0.096,,,,,,,,,,,
21/01/2023 21:00,21/01/2023 21:00,0.101,,,,,,,,,,,
21/01/2023 22:00,21/01/2023 22:00,0.101,,,,,,,,,,,
21/01/2023 23:00,21/01/2023 23:00,0.1,,,,,,,,,,,
22/01/2023 00:00,22/01/2023 00:00,0.086,,,,,,,,,,,
22/01/2023 01:00,22/01/2023 01:00,0.063,,,,,,,,,,,
22/01/2023 02:00,22/01/2023 02:00,0.04,,,,,,,,,,,
22/01/2023 03:00,22/01/2023 03:00,0.034,,,,,,,,,,,
22/01/2023 04:00,22/01/2023 04:00,0.047,,,,,,,,,,,
22/01/2023 05:00,22/01/2023 05:00,0.082,,,,,,,,,,,
22/01/2023 06:00,22/01/2023 06:00,0.114,,,,,,,,,,,
22/01/2023 07:00,22/01/2023 07:00,0.137,,,,,,,,,,,
22/01/2023 08:00,22/01/2023 08:00,0.142,,,,,,,,,,,
22/01/2023 09:00,22/01/2023 09:00,0.127,,,,,,,,,,,
22/01/2023 10:00,22/01/2023 10:00,0.107,,,,,,,,,,,
22/01/2023 11:00,22/01/2023 11:00,0.099,,,,,,,,,,,
22/01/2023 12:00,22/01/2023 12:00,0.103,,,,,,,,,,,
22/01/2023 13:00,22/01/2023 13:00,0.118,,,,,,,,,,,
22/01/2023 14:00,22/01/2023 14:00,0.138,,,,,,,,,,,
22/01/2023 15:00,22/01/2023 15:00,0.159,,,,,,,,,,,
22/01/2023 16:00,22/01/2023 16:00,0.18,,,,,,,,,,,
22/01/2023 17:00,22/01/2023 17:00,0.184,,,,,,,,,,,
22/01/2023 18:00,22/01/2023 18:00,0.172,,,,,,,,,,,
22/01/2023 19:00,22/01/2023 19:00,0.166,,,,,,,,,,,
22/01/2023 20:00,22/01/2023 20:00,0.16,,,,,,,,,,,
22/01/2023 21:00,22/01/2023 21:00,0.158,,,,,,,,,,,
22/01/2023 22:00,22/01/2023 22:00,0.142,,,,,,,,,,,
22/01/2023 23:00,22/01/2023 23:00,0.121,,,,,,,,,,,
23/01/2023 00:00,23/01/2023 00:00,0.117,,,,,,,,,,,
23/01/2023 01:00,23/01/2023 01:00,0.115,,,,,,,,,,,
23/01/2023 02:00,23/01/2023 02:00,0.117,,,,,,,,,,,
23/01/2023 03:00,23/01/2023 03:00,0.113,,,,,,,,,,,
23/01/2023 04:00,23/01/2023 04:00,0.096,,,,,,,,,,,
23/01/2023 05:00,23/01/2023 05:00,0.086,,,,,,,,,,,
23/01/2023 06:00,23/01/2023 06:00,0.093,,,,,,,,,,,
23/01/2023 07:00,23/01/2023 07:00,0.111,,,,,,,,,,,
23/01/2023 08:00,23/01/2023 08:00,0.123,,,,,,,,,,,
23/01/2023 09:00,23/01/2023 09:00,0.13,,,,,,,,,,,
23/01/2023 10:00,23/01/2023 10:00,0.136,,,,,,,,,,,
23/01/2023 11:00,23/01/2023 11:00,0.141,,,,,,,,,,,
23/01/2023 12:00,23/01/2023 12:00,0.125,,,,,,,,,,,
23/01/2023 13:00,23/01/2023 13:00,0.1,,,,,,,,,,,
23/01/2023 14:00,23/01/2023 14:00,0.086,,,,,,,,,,,
23/01/2023 15:00,23/01/2023 15:00,0.071,,,,,,,,,,,
23/01/2023 16:00,23/01/2023 16:00,0.058,,,,,,,,,,,
23/01/2023 17:00,23/01/2023 17:00,0.064,,,,,,,,,,,
23/01/2023 18:00,23/01/2023 18:00,0.089,,,,,,,,,,,
23/01/2023 19:00,23/01/2023 19:00,0.138,,,,,,,,,,,
23/01/2023 20:00,23/01/2023 20:00,0.186,,,,,,,,,,,
23/01/2023 21:00,23/01/2023 21:00,0.201,,,,,,,,,,,
23/01/2023 22:00,23/01/2023 22:00,0.176,,,,,,,,,,,
23/01/2023 23:00,23/01/2023 23:00,0.133,,,,,,,,,,,
24/01/2023 00:00,24/01/2023 00:00,0.092,,,,,,,,,,,
24/01/2023 01:00,24/01/2023 01:00,0.063,,,,,,,,,,,
24/01/2023 02:00,24/01/2023 02:00,0.038,,,,,,,,,,,
24/01/2023 03:00,24/01/2023 03:00,0.023,,,,,,,,,,,
24/01/2023 04:00,24/01/2023 04:00,0.02,,,,,,,,,,,
24/01/2023 05:00,24/01/2023 05:00,0.03,,,,,,,,,,,
24/01/2023 06:00,24/01/2023 06:00,0.046,,,,,,,,,,,
24/01/2023 07:00,24/01/2023 07:00,0.062,,,,,,,,,,,
24/01/2023 08:00,24/01/2023 08:00,0.071,,,,,,,,,,,
24/01/2023 09:00,24/01/2023 09:00,0.067,,,,,,,,,,,
24/01/2023 10:00,24/01/2023 10:00,0.059,,,,,,,,,,,
24/01/2023 11:00,24/01/2023 11:00,0.049,,,,,,,,,,,
24/01/2023 12:00,24/01/2023 12:00,0.04,,,,,,,,,,,
24/01/2023 13:00,24/01/2023 13:00,0.032,,,,,,,,,,,
24/01/2023 14:00,24/01/2023 14:00,0.031,,,,,,,,,,,
24/01/2023 15:00,24/01/2023 15:00,0.032,,,,,,,,,,,
24/01/2023 16:00,24/01/2023 16:00,0.028,,,,,,,,,,,
24/01/2023 17:00,24/01/2023 17:00,0.021,,,,,,,,,,,
24/01/2023 18:00,24/01/2023 18:00,0.014,,,,,,,,,,,
24/01/2023 19:00,24/01/2023 19:00,0.012,,,,,,,,,,,
24/01/2023 20:00,24/01/2023 20:00,0.016,,,,,,,,,,,
24/01/2023 21:00,24/01/2023 21:00,0.024,,,,,,,,,,,
24/01/2023 22:00,24/01/2023 22:00,0.038,,,,,,,,,,,
24/01/2023 23:00,24/01/2023 23:00,0.058,,,,,,,,,,,
25/01/2023 00:00,25/01/2023 00:00,0.087,,,,,,,,,,,
25/01/2023 01:00,25/01/2023 01:00,0.124,,,,,,,,,,,
25/01/2023 02:00,25/01/2023 02:00,0.176,,,,,,,,,,,
25/01/2023 03:00,25/01/2023 03:00,0.221,,,,,,,,,,,
25/01/2023 04:00,25/01/2023 04:00,0.253,,,,,,,,,,,
25/01/2023 05:00,25/01/2023 05:00,0.272,,,,,,,,,,,
25/01/2023 06:00,25/01/2023 06:00,0.283,,,,,,,,,,,
25/01/2023 07:00,25/01/2023 07:00,0.286,,,,,,,,,,,
25/01/2023 08:00,25/01/2023 08:00,0.282,,,,,,,,,,,
25/01/2023 09:00,25/01/2023 09:00,0.295,,,,,,,,,,,
25/01/2023 10:00,25/01/2023 10:00,0.337,,,,,,,,,,,
25/01/2023 11:00,25/01/2023 11:00,0.395,,,,,,,,,,,
25/01/2023 12:00,25/01/2023 12:00,0.457,,,,,,,,,,,
25/01/2023 13:00,25/01/2023 13:00,0.499,,,,,,,,,,,
25/01/2023 14:00,25/01/2023 14:00,0.508,,,,,,,,,,,
25/01/2023 15:00,25/01/2023 15:00,0.508,,,,,,,,,,,
25/01/2023 16:00,25/01/2023 16:00,0.516,,,,,,,,,,,
25/01/2023 17:00,25/01/2023 17:00,0.529,,,,,,,,,,,
25/01/2023 18:00,25/01/2023 18:00,0.557,,,,,,,,,,,
25/01/2023 19:00,25/01/2023 19:00,0.653,,,,,,,,,,,
25/01/2023 20:00,25/01/2023 20:00,0.788,,,,,,,,,,,
25/01/2023 21:00,25/01/2023 21:00,0.866,,,,,,,,,,,
25/01/2023 22:00,25/01/2023 22:00,0.9,,,,,,,,,,,
25/01/2023 23:00,25/01/2023 23:00,0.905,,,,,,,,,,,
26/01/2023 00:00,26/01/2023 00:00,0.89,,,,,,,,,,,
26/01/2023 01:00,26/01/2023 01:00,0.88,,,,,,,,,,,
26/01/2023 02:00,26/01/2023 02:00,0.867,,,,,,,,,,,
26/01/2023 03:00,26/01/2023 03:00,0.86,,,,,,,,,,,
26/01/2023 04:00,26/01/2023 04:00,0.864,,,,,,,,,,,
26/01/2023 05:00,26/01/2023 05:00,0.85,,,,,,,,,,,
26/01/2023 06:00,26/01/2023 06:00,0.835,,,,,,,,,,,
26/01/2023 07:00,26/01/2023 07:00,0.839,,,,,,,,,,,
26/01/2023 08:00,26/01/2023 08:00,0.853,,,,,,,,,,,
26/01/2023 09:00,26/01/2023 09:00,0.858,,,,,,,,,,,
26/01/2023 10:00,26/01/2023 10:00,0.858,,,,,,,,,,,
26/01/2023 11:00,26/01/2023 11:00,0.866,,,,,,,,,,,
26/01/2023 12:00,26/01/2023 12:00,0.88,,,,,,,,,,,
26/01/2023 13:00,26/01/2023 13:00,0.9,,,,,,,,,,,
26/01/2023 14:00,26/01/2023 14:00,0.911,,,,,,,,,,,
26/01/2023 15:00,26/01/2023 15:00,0.909,,,,,,,,,,,
26/01/2023 16:00,26/01/2023 16:00,0.903,,,,,,,,,,,
26/01/2023 17:00,26/01/2023 17:00,0.891,,,,,,,,,,,
26/01/2023 18:00,26/01/2023 18:00,0.86,,,,,,,,,,,
26/01/2023 19:00,26/01/2023 19:00,0.825,,,,,,,,,,,
26/01/2023 20:00,26/01/2023 20:00,0.808,,,,,,,,,,,
26/01/2023 21:00,26/01/2023 21:00,0.811,,,,,,,,,,,
26/01/2023 22:00,26/01/2023 22:00,0.819,,,,,,,,,,,
26/01/2023 23:00,26/01/2023 23:00,0.829,,,,,,,,,,,
27/01/2023 00:00,27/01/2023 00:00,0.84,,,,,,,,,,,
27/01/2023 01:00,27/01/2023 01:00,0.853,,,,,,,,,,,
27/01/2023 02:00,27/01/2023 02:00,0.863,,,,,,,,,,,
27/01/2023 03:00,27/01/2023 03:00,0.86,,,,,,,,,,,
27/01/2023 04:00,27/01/2023 04:00,0.844,,,,,,,,,,,
27/01/2023 05:00,27/01/2023 05:00,0.814,,,,,,,,,,,
27/01/2023 06:00,27/01/2023 06:00,0.766,,,,,,,,,,,
27/01/2023 07:00,27/01/2023 07:00,0.719,,,,,,,,,,,
27/01/2023 08:00,27/01/2023 08:00,0.659,,,,,,,,,,,
27/01/2023 09:00,27/01/2023 09:00,0.596,,,,,,,,,,,
27/01/2023 10:00,27/01/2023 10:00,0.55,,,,,,,,,,,
27/01/2023 11:00,27/01/2023 11:00,0.501,,,,,,,,,,,
27/01/2023 12:00,27/01/2023 12:00,0.468,,,,,,,,,,,
27/01/2023 13:00,27/01/2023 13:00,0.466,,,,,,,,,,,
27/01/2023 14:00,27/01/2023 14:00,0.481,,,,,,,,,,,
27/01/2023 15:00,27/01/2023 15:00,0.48,,,,,,,,,,,
27/01/2023 16:00,27/01/2023 16:00,0.45,,,,,,,,,,,
27/01/2023 17:00,27/01/2023 17:00,0.403,,,,,,,,,,,
27/01/2023 18:00,27/01/2023 18:00,0.346,,,,,,,,,,,
27/01/2023 19:00,27/01/2023 19:00,0.291,,,,,,,,,,,
27/01/2023 20:00,27/01/2023 20:00,0.241,,,,,,,,,,,
27/01/2023 21:00,27/01/2023 21:00,0.208,,,,,,,,,,,
27/01/2023 22:00,27/01/2023 22:00,0.201,,,,,,,,,,,
27/01/2023 23:00,27/01/2023 23:00,0.209,,,,,,,,,,,
28/01/2023 00:00,28/01/2023 00:00,0.2,,,,,,,,,,,
28/01/2023 01:00,28/01/2023 01:00,0.162,,,,,,,,,,,
28/01/2023 02:00,28/01/2023 02:00,0.153,,,,,,,,,,,
28/01/2023 03:00,28/01/2023 03:00,0.176,,,,,,,,,,,
28/01/2023 04:00,28/01/2023 04:00,0.167,,,,,,,,,,,
28/01/2023 05:00,28/01/2023 05:00,0.148,,,,,,,,,,,
28/01/2023 06:00,28/01/2023 06:00,0.145,,,,,,,,,,,
28/01/2023 07:00,28/01/2023 07:00,0.134,,,,,,,,,,,
28/01/2023 08:00,28/01/2023 08:00,0.126,,,,,,,,,,,
28/01/2023 09:00,28/01/2023 09:00,0.126,,,,,,,,,,,
28/01/2023 10:00,28/01/2023 10:00,0.129,,,,,,,,,,,
28/01/2023 11:00,28/01/2023 11:00,0.157,,,,,,,,,,,
28/01/2023 12:00,28/01/2023 12:00,0.176,,,,,,,,,,,
28/01/2023 13:00,28/01/2023 13:00,0.171,,,,,,,,,,,
28/01/2023 14:00,28/01/2023 14:00,0.148,,,,,,,,,,,
28/01/2023 15:00,28/01/2023 15:00,0.133,,,,,,,,,,,
28/01/2023 16:00,28/01/2023 16:00,0.113,,,,,,,,,,,
28/01/2023 17:00,28/01/2023 17:00,0.097,,,,,,,,,,,
28/01/2023 18:00,28/01/2023 18:00,0.106,,,,,,,,,,,
28/01/2023 19:00,28/01/2023 19:00,0.112,,,,,,,,,,,
28/01/2023 20:00,28/01/2023 20:00,0.112,,,,,,,,,,,
28/01/2023 21:00,28/01/2023 21:00,0.14,,,,,,,,,,,
28/01/2023 22:00,28/01/2023 22:00,0.218,,,,,,,,,,,
28/01/2023 23:00,28/01/2023 23:00,0.321,,,,,,,,,,,
29/01/2023 00:00,29/01/2023 00:00,0.404,,,,,,,,,,,
29/01/2023 01:00,29/01/2023 01:00,0.445,,,,,,,,,,,
29/01/2023 02:00,29/01/2023 02:00,0.46,,,,,,,,,,,
29/01/2023 03:00,29/01/2023 03:00,0.48,,,,,,,,,,,
29/01/2023 04:00,29/01/2023 04:00,0.525,,,,,,,,,,,
29/01/2023 05:00,29/01/2023 05:00,0.583,,,,,,,,,,,
29/01/2023 06:00,29/01/2023 06:00,0.637,,,,,,,,,,,
29/01/2023 07:00,29/01/2023 07:00,0.69,,,,,,,,,,,
29/01/2023 08:00,29/01/2023 08:00,0.741,,,,,,,,,,,
29/01/2023 09:00,29/01/2023 09:00,0.778,,,,,,,,,,,
29/01/2023 10:00,29/01/2023 10:00,0.799,,,,,,,,,,,
29/01/2023 11:00,29/01/2023 11:00,0.815,,,,,,,,,,,
29/01/2023 12:00,29/01/2023 12:00,0.82,,,,,,,,,,,
29/01/2023 13:00,29/01/2023 13:00,0.833,,,,,,,,,,,
29/01/2023 14:00,29/01/2023 14:00,0.852,,,,,,,,,,,
29/01/2023 15:00,29/01/2023 15:00,0.865,,,,,,,,,,,
29/01/2023 16:00,29/01/2023 16:00,0.874,,,,,,,,,,,
29/01/2023 17:00,29/01/2023 17:00,0.866,,,,,,,,,,,
29/01/2023 18:00,29/01/2023 18:00,0.873,,,,,,,,,,,
29/01/2023 19:00,29/01/2023 19:00,0.901,,,,,,,,,,,
29/01/2023 20:00,29/01/2023 20:00,0.918,,,,,,,,,,,
29/01/2023 21:00,29/01/2023 21:00,0.936,,,,,,,,,,,
29/01/2023 22:00,29/01/2023 22:00,0.963,,,,,,,,,,,
29/01/2023 23:00,29/01/2023 23:00,0.972,,,,,,,,,,,
30/01/2023 00:00,30/01/2023 00:00,0.972,,,,,,,,,,,
30/01/2023 01:00,30/01/2023 01:00,0.971,,,,,,,,,,,
30/01/2023 02:00,30/01/2023 02:00,0.967,,,,,,,,,,,
30/01/2023 03:00,30/01/2023 03:00,0.973,,,,,,,,,,,
30/01/2023 04:00,30/01/2023 04:00,0.981,,,,,,,,,,,
30/01/2023 05:00,30/01/2023 05:00,0.985,,,,,,,,,,,
30/01/2023 06:00,30/01/2023 06:00,0.986,,,,,,,,,,,
30/01/2023 07:00,30/01/2023 07:00,0.985,,,,,,,,,,,
30/01/2023 08:00,30/01/2023 08:00,0.982,,,,,,,,,,,
30/01/2023 09:00,30/01/2023 09:00,0.978,,,,,,,,,,,
30/01/2023 10:00,30/01/2023 10:00,0.975,,,,,,,,,,,
30/01/2023 11:00,30/01/2023 11:00,0.97,,,,,,,,,,,
30/01/2023 12:00,30/01/2023 12:00,0.958,,,,,,,,,,,
30/01/2023 13:00,30/01/2023 13:00,0.933,,,,,,,,,,,
30/01/2023 14:00,30/01/2023 14:00,0.896,,,,,,,,,,,
30/01/2023 15:00,30/01/2023 15:00,0.842,,,,,,,,,,,
30/01/2023 16:00,30/01/2023 16:00,0.772,,,,,,,,,,,
30/01/2023 17:00,30/01/2023 17:00,0.686,,,,,,,,,,,
30/01/2023 18:00,30/01/2023 18:00,0.607,,,,,,,,,,,
30/01/2023 19:00,30/01/2023 19:00,0.577,,,,,,,,,,,
30/01/2023 20:00,30/01/2023 20:00,0.587,,,,,,,,,,,
30/01/2023 21:00,30/01/2023 21:00,0.622,,,,,,,,,,,
30/01/2023 22:00,30/01/2023 22:00,0.666,,,,,,,,,,,
30/01/2023 23:00,30/01/2023 23:00,0.692,,,,,,,,,,,
31/01/2023 00:00,31/01/2023 00:00,0.691,,,,,,,,,,,
31/01/2023 01:00,31/01/2023 01:00,0.749,,,,,,,,,,,
31/01/2023 02:00,31/01/2023 02:00,0.807,,,,,,,,,,,
31/01/2023 03:00,31/01/2023 03:00,0.874,,,,,,,,,,,
31/01/2023 04:00,31/01/2023 04:00,0.921,,,,,,,,,,,
31/01/2023 05:00,31/01/2023 05:00,0.916,,,,,,,,,,,
31/01/2023 06:00,31/01/2023 06:00,0.917,,,,,,,,,,,
31/01/2023 07:00,31/01/2023 07:00,0.935,,,,,,,,,,,
31/01/2023 08:00,31/01/2023 08:00,0.937,,,,,,,,,,,
31/01/2023 09:00,31/01/2023 09:00,0.93,,,,,,,,,,,
31/01/2023 10:00,31/01/2023 10:00,0.926,,,,,,,,,,,
31/01/2023 11:00,31/01/2023 11:00,0.938,,,,,,,,,,,
31/01/2023 12:00,31/01/2023 12:00,0.965,,,,,,,,,,,
31/01/2023 13:00,31/01/2023 13:00,0.979,,,,,,,,,,,
31/01/2023 14:00,31/01/2023 14:00,0.98,,,,,,,,,,,
31/01/2023 15:00,31/01/2023 15:00,0.969,,,,,,,,,,,
31/01/2023 16:00,31/01/2023 16:00,0.947,,,,,,,,,,,
31/01/2023 17:00,31/01/2023 17:00,0.929,,,,,,,,,,,
31/01/2023 18:00,31/01/2023 18:00,0.924,,,,,,,,,,,
31/01/2023 19:00,31/01/2023 19:00,0.927,,,,,,,,,,,
31/01/2023 20:00,31/01/2023 20:00,0.933,,,,,,,,,,,
31/01/2023 21:00,31/01/2023 21:00,0.941,,,,,,,,,,,
31/01/2023 22:00,31/01/2023 22:00,0.949,,,,,,,,,,,
31/01/2023 23:00,31/01/2023 23:00,0.954,,,,,,,,,,,
01/02/2023 00:00,01/02/2023 00:00,0.966,,,,,,,,,,,
01/02/2023 01:00,01/02/2023 01:00,0.966,,,,,,,,,,,
01/02/2023 02:00,01/02/2023 02:00,0.975,,,,,,,,,,,
01/02/2023 03:00,01/02/2023 03:00,0.976,,,,,,,,,,,
01/02/2023 04:00,01/02/2023 04:00,0.97,,,,,,,,,,,
01/02/2023 05:00,01/02/2023 05:00,0.969,,,,,,,,,,,
01/02/2023 06:00,01/02/2023 06:00,0.97,,,,,,,,,,,
01/02/2023 07:00,01/02/2023 07:00,0.975,,,,,,,,,,,
01/02/2023 08:00,01/02/2023 08:00,0.982,,,,,,,,,,,
01/02/2023 09:00,01/02/2023 09:00,0.986,,,,,,,,,,,
01/02/2023 10:00,01/02/2023 10:00,0.987,,,,,,,,,,,
01/02/2023 11:00,01/02/2023 11:00,0.988,,,,,,,,,,,
01/02/2023 12:00,01/02/2023 12:00,0.988,,,,,,,,,,,
01/02/2023 13:00,01/02/2023 13:00,0.988,,,,,,,,,,,
01/02/2023 14:00,01/02/2023 14:00,0.985,,,,,,,,,,,
01/02/2023 15:00,01/02/2023 15:00,0.979,,,,,,,,,,,
01/02/2023 16:00,01/02/2023 16:00,0.968,,,,,,,,,,,
01/02/2023 17:00,01/02/2023 17:00,0.958,,,,,,,,,,,
01/02/2023 18:00,01/02/2023 18:00,0.954,,,,,,,,,,,
01/02/2023 19:00,01/02/2023 19:00,0.957,,,,,,,,,,,
01/02/2023 20:00,01/02/2023 20:00,0.952,,,,,,,,,,,
01/02/2023 21:00,01/02/2023 21:00,0.948,,,,,,,,,,,
01/02/2023 22:00,01/02/2023 22:00,0.951,,,,,,,,,,,
01/02/2023 23:00,01/02/2023 23:00,0.947,,,,,,,,,,,
02/02/2023 00:00,02/02/2023 00:00,0.93,,,,,,,,,,,
02/02/2023 01:00,02/02/2023 01:00,0.932,,,,,,,,,,,
02/02/2023 02:00,02/02/2023 02:00,0.938,,,,,,,,,,,
02/02/2023 03:00,02/02/2023 03:00,0.923,,,,,,,,,,,
02/02/2023 04:00,02/02/2023 04:00,0.91,,,,,,,,,,,
02/02/2023 05:00,02/02/2023 05:00,0.872,,,,,,,,,,,
02/02/2023 06:00,02/02/2023 06:00,0.852,,,,,,,,,,,
02/02/2023 07:00,02/02/2023 07:00,0.87,,,,,,,,,,,
02/02/2023 08:00,02/02/2023 08:00,0.884,,,,,,,,,,,
02/02/2023 09:00,02/02/2023 09:00,0.864,,,,,,,,,,,
02/02/2023 10:00,02/02/2023 10:00,0.839,,,,,,,,,,,
02/02/2023 11:00,02/02/2023 11:00,0.852,,,,,,,,,,,
02/02/2023 12:00,02/02/2023 12:00,0.892,,,,,,,,,,,
02/02/2023 13:00,02/02/2023 13:00,0.883,,,,,,,,,,,
02/02/2023 14:00,02/02/2023 14:00,0.876,,,,,,,,,,,
02/02/2023 15:00,02/02/2023 15:00,0.878,,,,,,,,,,,
02/02/2023 16:00,02/02/2023 16:00,0.876,,,,,,,,,,,
02/02/2023 17:00,02/02/2023 17:00,0.887,,,,,,,,,,,
02/02/2023 18:00,02/02/2023 18:00,0.905,,,,,,,,,,,
02/02/2023 19:00,02/02/2023 19:00,0.91,,,,,,,,,,,
02/02/2023 20:00,02/02/2023 20:00,0.914,,,,,,,,,,,
02/02/2023 21:00,02/02/2023 21:00,0.914,,,,,,,,,,,
02/02/2023 22:00,02/02/2023 22:00,0.921,,,,,,,,,,,
02/02/2023 23:00,02/02/2023 23:00,0.933,,,,,,,,,,,
03/02/2023 00:00,03/02/2023 00:00,0.935,,,,,,,,,,,
03/02/2023 01:00,03/02/2023 01:00,0.944,,,,,,,,,,,
03/02/2023 02:00,03/02/2023 02:00,0.952,,,,,,,,,,,
03/02/2023 03:00,03/02/2023 03:00,0.949,,,,,,,,,,,
03/02/2023 04:00,03/02/2023 04:00,0.931,,,,,,,,,,,
03/02/2023 05:00,03/02/2023 05:00,0.937,,,,,,,,,,,
03/02/2023 06:00,03/02/2023 06:00,0.945,,,,,,,,,,,
03/02/2023 07:00,03/02/2023 07:00,0.931,,,,,,,,,,,
03/02/2023 08:00,03/02/2023 08:00,0.931,,,,,,,,,,,
03/02/2023 09:00,03/02/2023 09:00,0.927,,,,,,,,,,,
03/02/2023 10:00,03/02/2023 10:00,0.931,,,,,,,,,,,
03/02/2023 11:00,03/02/2023 11:00,0.921,,,,,,,,,,,
03/02/2023 12:00,03/02/2023 12:00,0.892,,,,,,,,,,,
03/02/2023 13:00,03/02/2023 13:00,0.86,,,,,,,,,,,
03/02/2023 14:00,03/02/2023 14:00,0.847,,,,,,,,,,,
03/02/2023 15:00,03/02/2023 15:00,0.826,,,,,,,,,,,
03/02/2023 16:00,03/02/2023 16:00,0.8,,,,,,,,,,,
03/02/2023 17:00,03/02/2023 17:00,0.795,,,,,,,,,,,
03/02/2023 18:00,03/02/2023 18:00,0.798,,,,,,,,,,,
03/02/2023 19:00,03/02/2023 19:00,0.802,,,,,,,,,,,
03/02/2023 20:00,03/02/2023 20:00,0.786,,,,,,,,,,,
03/02/2023 21:00,03/02/2023 21:00,0.75,,,,,,,,,,,
03/02/2023 22:00,03/02/2023 22:00,0.7,,,,,,,,,,,
03/02/2023 23:00,03/02/2023 23:00,0.63,,,,,,,,,,,
04/02/2023 00:00,04/02/2023 00:00,0.582,,,,,,,,,,,
04/02/2023 01:00,04/02/2023 01:00,0.532,,,,,,,,,,,
04/02/2023 02:00,04/02/2023 02:00,0.498,,,,,,,,,,,
04/02/2023 03:00,04/02/2023 03:00,0.463,,,,,,,,,,,
04/02/2023 04:00,04/02/2023 04:00,0.398,,,,,,,,,,,
04/02/2023 05:00,04/02/2023 05:00,0.328,,,,,,,,,,,
04/02/2023 06:00,04/02/2023 06:00,0.274,,,,,,,,,,,
04/02/2023 07:00,04/02/2023 07:00,0.237,,,,,,,,,,,
04/02/2023 08:00,04/02/2023 08:00,0.235,,,,,,,,,,,
04/02/2023 09:00,04/02/2023 09:00,0.234,,,,,,,,,,,
04/02/2023 10:00,04/02/2023 10:00,0.231,,,,,,,,,,,
04/02/2023 11:00,04/02/2023 11:00,0.232,,,,,,,,,,,
04/02/2023 12:00,04/02/2023 12:00,0.231,,,,,,,,,,,
04/02/2023 13:00,04/02/2023 13:00,0.225,,,,,,,,,,,
04/02/2023 14:00,04/02/2023 14:00,0.223,,,,,,,,,,,
04/02/2023 15:00,04/02/2023 15:00,0.256,,,,,,,,,,,
04/02/2023 16:00,04/02/2023 16:00,0.327,,,,,,,,,,,
04/02/2023 17:00,04/02/2023 17:00,0.433,,,,,,,,,,,
04/02/2023 18:00,04/02/2023 18:00,0.545,,,,,,,,,,,
04/02/2023 19:00,04/02/2023 19:00,0.61,,,,,,,,,,,
04/02/2023 20:00,04/02/2023 20:00,0.617,,,,,,,,,,,
04/02/2023 21:00,04/02/2023 21:00,0.61,,,,,,,,,,,
04/02/2023 22:00,04/02/2023 22:00,0.61,,,,,,,,,,,
04/02/2023 23:00,04/02/2023 23:00,0.663,,,,,,,,,,,
05/02/2023 00:00,05/02/2023 00:00,0.78,,,,,,,,,,,
05/02/2023 01:00,05/02/2023 01:00,0.896,,,,,,,,,,,
05/02/2023 02:00,05/02/2023 02:00,0.916,,,,,,,,,,,
05/02/2023 03:00,05/02/2023 03:00,0.909,,,,,,,,,,,
05/02/2023 04:00,05/02/2023 04:00,0.939,,,,,,,,,,,
05/02/2023 05:00,05/02/2023 05:00,0.952,,,,,,,,,,,
05/02/2023 06:00,05/02/2023 06:00,0.942,,,,,,,,,,,
05/02/2023 07:00,05/02/2023 07:00,0.922,,,,,,,,,,,
05/02/2023 08:00,05/02/2023 08:00,0.895,,,,,,,,,,,
05/02/2023 09:00,05/02/2023 09:00,0.844,,,,,,,,,,,
05/02/2023 10:00,05/02/2023 10:00,0.796,,,,,,,,,,,
05/02/2023 11:00,05/02/2023 11:00,0.806,,,,,,,,,,,
05/02/2023 12:00,05/02/2023 12:00,0.782,,,,,,,,,,,
05/02/2023 13:00,05/02/2023 13:00,0.748,,,,,,,,,,,
05/02/2023 14:00,05/02/2023 14:00,0.692,,,,,,,,,,,
05/02/2023 15:00,05/02/2023 15:00,0.621,,,,,,,,,,,
05/02/2023 16:00,05/02/2023 16:00,0.504,,,,,,,,,,,
05/02/2023 17:00,05/02/2023 17:00,0.403,,,,,,,,,,,
05/02/2023 18:00,05/02/2023 18:00,0.317,,,,,,,,,,,
05/02/2023 19:00,05/02/2023 19:00,0.249,,,,,,,,,,,
05/02/2023 20:00,05/02/2023 20:00,0.212,,,,,,,,,,,
05/02/2023 21:00,05/02/2023 21:00,0.194,,,,,,,,,,,
05/02/2023 22:00,05/02/2023 22:00,0.152,,,,,,,,,,,
05/02/2023 23:00,05/02/2023 23:00,0.096,,,,,,,,,,,
06/02/2023 00:00,06/02/2023 00:00,0.061,,,,,,,,,,,
06/02/2023 01:00,06/02/2023 01:00,0.034,,,,,,,,,,,
06/02/2023 02:00,06/02/2023 02:00,0.019,,,,,,,,,,,
06/02/2023 03:00,06/02/2023 03:00,0.015,,,,,,,,,,,
06/02/2023 04:00,06/02/2023 04:00,0.022,,,,,,,,,,,
06/02/2023 05:00,06/02/2023 05:00,0.039,,,,,,,,,,,
06/02/2023 06:00,06/02/2023 06:00,0.057,,,,,,,,,,,
06/02/2023 07:00,06/02/2023 07:00,0.065,,,,,,,,,,,
06/02/2023 08:00,06/02/2023 08:00,0.063,,,,,,,,,,,
06/02/2023 09:00,06/02/2023 09:00,0.068,,,,,,,,,,,
06/02/2023 10:00,06/02/2023 10:00,0.088,,,,,,,,,,,
06/02/2023 11:00,06/02/2023 11:00,0.132,,,,,,,,,,,
06/02/2023 12:00,06/02/2023 12:00,0.163,,,,,,,,,,,
06/02/2023 13:00,06/02/2023 13:00,0.147,,,,,,,,,,,
06/02/2023 14:00,06/02/2023 14:00,0.118,,,,,,,,,,,
06/02/2023 15:00,06/02/2023 15:00,0.071,,,,,,,,,,,
06/02/2023 16:00,06/02/2023 16:00,0.015,,,,,,,,,,,
06/02/2023 17:00,06/02/2023 17:00,0.036,,,,,,,,,,,
06/02/2023 18:00,06/02/2023 18:00,0.081,,,,,,,,,,,
06/02/2023 19:00,06/02/2023 19:00,0.106,,,,,,,,,,,
06/02/2023 20:00,06/02/2023 20:00,0.123,,,,,,,,,,,
06/02/2023 21:00,06/02/2023 21:00,0.14,,,,,,,,,,,
06/02/2023 22:00,06/02/2023 22:00,0.156,,,,,,,,,,,
06/02/2023 23:00,06/02/2023 23:00,0.166,,,,,,,,,,,
07/02/2023 00:00,07/02/2023 00:00,0.177,,,,,,,,,,,
07/02/2023 01:00,07/02/2023 01:00,0.193,,,,,,,,,,,
07/02/2023 02:00,07/02/2023 02:00,0.213,,,,,,,,,,,
07/02/2023 03:00,07/02/2023 03:00,0.211,,,,,,,,,,,
07/02/2023 04:00,07/02/2023 04:00,0.193,,,,,,,,,,,
07/02/2023 05:00,07/02/2023 05:00,0.186,,,,,,,,,,,
07/02/2023 06:00,07/02/2023 06:00,0.182,,,,,,,,,,,
07/02/2023 07:00,07/02/2023 07:00,0.174,,,,,,,,,,,
07/02/2023 08:00,07/02/2023 08:00,0.156,,,,,,,,,,,
07/02/2023 09:00,07/02/2023 09:00,0.137,,,,,,,,,,,
07/02/2023 10:00,07/02/2023 10:00,0.137,,,,,,,,,,,
07/02/2023 11:00,07/02/2023 11:00,0.147,,,,,,,,,,,
07/02/2023 12:00,07/02/2023 12:00,0.152,,,,,,,,,,,
07/02/2023 13:00,07/02/2023 13:00,0.14,,,,,,,,,,,
07/02/2023 14:00,07/02/2023 14:00,0.114,,,,,,,,,,,
07/02/2023 15:00,07/02/2023 15:00,0.094,,,,,,,,,,,
07/02/2023 16:00,07/02/2023 16:00,0.094,,,,,,,,,,,
07/02/2023 17:00,07/02/2023 17:00,0.108,,,,,,,,,,,
07/02/2023 18:00,07/02/2023 18:00,0.125,,,,,,,,,,,
07/02/2023 19:00,07/02/2023 19:00,0.135,,,,,,,,,,,
07/02/2023 20:00,07/02/2023 20:00,0.139,,,,,,,,,,,
07/02/2023 21:00,07/02/2023 21:00,0.137,,,,,,,,,,,
07/02/2023 22:00,07/02/2023 22:00,0.139,,,,,,,,,,,
07/02/2023 23:00,07/02/2023 23:00,0.151,,,,,,,,,,,
08/02/2023 00:00,08/02/2023 00:00,0.167,,,,,,,,,,,
08/02/2023 01:00,08/02/2023 01:00,0.178,,,,,,,,,,,
08/02/2023 02:00,08/02/2023 02:00,0.179,,,,,,,,,,,
08/02/2023 03:00,08/02/2023 03:00,0.171,,,,,,,,,,,
08/02/2023 04:00,08/02/2023 04:00,0.149,,,,,,,,,,,
08/02/2023 05:00,08/02/2023 05:00,0.133,,,,,,,,,,,
08/02/2023 06:00,08/02/2023 06:00,0.141,,,,,,,,,,,
08/02/2023 07:00,08/02/2023 07:00,0.176,,,,,,,,,,,
08/02/2023 08:00,08/02/2023 08:00,0.22,,,,,,,,,,,
08/02/2023 09:00,08/02/2023 09:00,0.266,,,,,,,,,,,
08/02/2023 10:00,08/02/2023 10:00,0.332,,,,,,,,,,,
08/02/2023 11:00,08/02/2023 11:00,0.428,,,,,,,,,,,
08/02/2023 12:00,08/02/2023 12:00,0.524,,,,,,,,,,,
08/02/2023 13:00,08/02/2023 13:00,0.586,,,,,,,,,,,
08/02/2023 14:00,08/02/2023 14:00,0.601,,,,,,,,,,,
08/02/2023 15:00,08/02/2023 15:00,0.601,,,,,,,,,,,
08/02/2023 16:00,08/02/2023 16:00,0.656,,,,,,,,,,,
08/02/2023 17:00,08/02/2023 17:00,0.711,,,,,,,,,,,
08/02/2023 18:00,08/02/2023 18:00,0.742,,,,,,,,,,,
08/02/2023 19:00,08/02/2023 19:00,0.753,,,,,,,,,,,
08/02/2023 20:00,08/02/2023 20:00,0.76,,,,,,,,,,,
08/02/2023 21:00,08/02/2023 21:00,0.774,,,,,,,,,,,
08/02/2023 22:00,08/02/2023 22:00,0.784,,,,,,,,,,,
08/02/2023 23:00,08/02/2023 23:00,0.78,,,,,,,,,,,
09/02/2023 00:00,09/02/2023 00:00,0.769,,,,,,,,,,,
09/02/2023 01:00,09/02/2023 01:00,0.754,,,,,,,,,,,
09/02/2023 02:00,09/02/2023 02:00,0.73,,,,,,,,,,,
09/02/2023 03:00,09/02/2023 03:00,0.683,,,,,,,,,,,
09/02/2023 04:00,09/02/2023 04:00,0.638,,,,,,,,,,,
09/02/2023 05:00,09/02/2023 05:00,0.575,,,,,,,,,,,
09/02/2023 06:00,09/02/2023 06:00,0.536,,,,,,,,,,,
09/02/2023 07:00,09/02/2023 07:00,0.538,,,,,,,,,,,
09/02/2023 08:00,09/02/2023 08:00,0.519,,,,,,,,,,,
09/02/2023 09:00,09/02/2023 09:00,0.453,,,,,,,,,,,
09/02/2023 10:00,09/02/2023 10:00,0.422,,,,,,,,,,,
09/02/2023 11:00,09/02/2023 11:00,0.388,,,,,,,,,,,
09/02/2023 12:00,09/02/2023 12:00,0.335,,,,,,,,,,,
09/02/2023 13:00,09/02/2023 13:00,0.334,,,,,,,,,,,
09/02/2023 14:00,09/02/2023 14:00,0.379,,,,,,,,,,,
09/02/2023 15:00,09/02/2023 15:00,0.38,,,,,,,,,,,
09/02/2023 16:00,09/02/2023 16:00,0.338,,,,,,,,,,,
09/02/2023 17:00,09/02/2023 17:00,0.364,,,,,,,,,,,
09/02/2023 18:00,09/02/2023 18:00,0.407,,,,,,,,,,,
09/02/2023 19:00,09/02/2023 19:00,0.459,,,,,,,,,,,
09/02/2023 20:00,09/02/2023 20:00,0.501,,,,,,,,,,,
09/02/2023 21:00,09/02/2023 21:00,0.524,,,,,,,,,,,
09/02/2023 22:00,09/02/2023 22:00,0.535,,,,,,,,,,,
09/02/2023 23:00,09/02/2023 23:00,0.532,,,,,,,,,,,
10/02/2023 00:00,10/02/2023 00:00,0.519,,,,,,,,,,,
10/02/2023 01:00,10/02/2023 01:00,0.491,,,,,,,,,,,
10/02/2023 02:00,10/02/2023 02:00,0.486,,,,,,,,,,,
10/02/2023 03:00,10/02/2023 03:00,0.459,,,,,,,,,,,
10/02/2023 04:00,10/02/2023 04:00,0.403,,,,,,,,,,,
10/02/2023 05:00,10/02/2023 05:00,0.398,,,,,,,,,,,
10/02/2023 06:00,10/02/2023 06:00,0.442,,,,,,,,,,,
10/02/2023 07:00,10/02/2023 07:00,0.494,,,,,,,,,,,
10/02/2023 08:00,10/02/2023 08:00,0.532,,,,,,,,,,,
10/02/2023 09:00,10/02/2023 09:00,0.557,,,,,,,,,,,
10/02/2023 10:00,10/02/2023 10:00,0.6,,,,,,,,,,,
10/02/2023 11:00,10/02/2023 11:00,0.677,,,,,,,,,,,
10/02/2023 12:00,10/02/2023 12:00,0.737,,,,,,,,,,,
10/02/2023 13:00,10/02/2023 13:00,0.749,,,,,,,,,,,
10/02/2023 14:00,10/02/2023 14:00,0.75,,,,,,,,,,,
10/02/2023 15:00,10/02/2023 15:00,0.759,,,,,,,,,,,
10/02/2023 16:00,10/02/2023 16:00,0.785,,,,,,,,,,,
10/02/2023 17:00,10/02/2023 17:00,0.786,,,,,,,,,,,
10/02/2023 18:00,10/02/2023 18:00,0.795,,,,,,,,,,,
10/02/2023 19:00,10/02/2023 19:00,0.791,,,,,,,,,,,
10/02/2023 20:00,10/02/2023 20:00,0.778,,,,,,,,,,,
10/02/2023 21:00,10/02/2023 21:00,0.75,,,,,,,,,,,
10/02/2023 22:00,10/02/2023 22:00,0.737,,,,,,,,,,,
10/02/2023 23:00,10/02/2023 23:00,0.704,,,,,,,,,,,
11/02/2023 00:00,11/02/2023 00:00,0.684,,,,,,,,,,,
11/02/2023 01:00,11/02/2023 01:00,0.674,,,,,,,,,,,
11/02/2023 02:00,11/02/2023 02:00,0.667,,,,,,,,,,,
11/02/2023 03:00,11/02/2023 03:00,0.681,,,,,,,,,,,
11/02/2023 04:00,11/02/2023 04:00,0.684,,,,,,,,,,,
11/02/2023 05:00,11/02/2023 05:00,0.682,,,,,,,,,,,
11/02/2023 06:00,11/02/2023 06:00,0.661,,,,,,,,,,,
11/02/2023 07:00,11/02/2023 07:00,0.626,,,,,,,,,,,
11/02/2023 08:00,11/02/2023 08:00,0.6,,,,,,,,,,,
11/02/2023 09:00,11/02/2023 09:00,0.591,,,,,,,,,,,
11/02/2023 10:00,11/02/2023 10:00,0.579,,,,,,,,,,,
11/02/2023 11:00,11/02/2023 11:00,0.538,,,,,,,,,,,
11/02/2023 12:00,11/02/2023 12:00,0.459,,,,,,,,,,,
11/02/2023 13:00,11/02/2023 13:00,0.362,,,,,,,,,,,
11/02/2023 14:00,11/02/2023 14:00,0.265,,,,,,,,,,,
11/02/2023 15:00,11/02/2023 15:00,0.199,,,,,,,,,,,
11/02/2023 16:00,11/02/2023 16:00,0.164,,,,,,,,,,,
11/02/2023 17:00,11/02/2023 17:00,0.156,,,,,,,,,,,
11/02/2023 18:00,11/02/2023 18:00,0.161,,,,,,,,,,,
11/02/2023 19:00,11/02/2023 19:00,0.174,,,,,,,,,,,
11/02/2023 20:00,11/02/2023 20:00,0.194,,,,,,,,,,,
11/02/2023 21:00,11/02/2023 21:00,0.194,,,,,,,,,,,
11/02/2023 22:00,11/02/2023 22:00,0.18,,,,,,,,,,,
11/02/2023 23:00,11/02/2023 23:00,0.172,,,,,,,,,,,
12/02/2023 00:00,12/02/2023 00:00,0.167,,,,,,,,,,,
12/02/2023 01:00,12/02/2023 01:00,0.166,,,,,,,,,,,
12/02/2023 02:00,12/02/2023 02:00,0.164,,,,,,,,,,,
12/02/2023 03:00,12/02/2023 03:00,0.146,,,,,,,,,,,
12/02/2023 04:00,12/02/2023 04:00,0.115,,,,,,,,,,,
12/02/2023 05:00,12/02/2023 05:00,0.088,,,,,,,,,,,
12/02/2023 06:00,12/02/2023 06:00,0.066,,,,,,,,,,,
12/02/2023 07:00,12/02/2023 07:00,0.049,,,,,,,,,,,
12/02/2023 08:00,12/02/2023 08:00,0.039,,,,,,,,,,,
12/02/2023 09:00,12/02/2023 09:00,0.035,,,,,,,,,,,
12/02/2023 10:00,12/02/2023 10:00,0.036,,,,,,,,,,,
12/02/2023 11:00,12/02/2023 11:00,0.04,,,,,,,,,,,
12/02/2023 12:00,12/02/2023 12:00,0.042,,,,,,,,,,,
12/02/2023 13:00,12/02/2023 13:00,0.049,,,,,,,,,,,
12/02/2023 14:00,12/02/2023 14:00,0.068,,,,,,,,,,,
12/02/2023 15:00,12/02/2023 15:00,0.094,,,,,,,,,,,
12/02/2023 16:00,12/02/2023 16:00,0.13,,,,,,,,,,,
12/02/2023 17:00,12/02/2023 17:00,0.178,,,,,,,,,,,
12/02/2023 18:00,12/02/2023 18:00,0.219,,,,,,,,,,,
12/02/2023 19:00,12/02/2023 19:00,0.249,,,,,,,,,,,
12/02/2023 20:00,12/02/2023 20:00,0.265,,,,,,,,,,,
12/02/2023 21:00,12/02/2023 21:00,0.259,,,,,,,,,,,
12/02/2023 22:00,12/02/2023 22:00,0.236,,,,,,,,,,,
12/02/2023 23:00,12/02/2023 23:00,0.219,,,,,,,,,,,
13/02/2023 00:00,13/02/2023 00:00,0.212,,,,,,,,,,,
13/02/2023 01:00,13/02/2023 01:00,0.227,,,,,,,,,,,
13/02/2023 02:00,13/02/2023 02:00,0.239,,,,,,,,,,,
13/02/2023 03:00,13/02/2023 03:00,0.245,,,,,,,,,,,
13/02/2023 04:00,13/02/2023 04:00,0.241,,,,,,,,,,,
13/02/2023 05:00,13/02/2023 05:00,0.223,,,,,,,,,,,
13/02/2023 06:00,13/02/2023 06:00,0.198,,,,,,,,,,,
13/02/2023 07:00,13/02/2023 07:00,0.175,,,,,,,,,,,
13/02/2023 08:00,13/02/2023 08:00,0.159,,,,,,,,,,,
13/02/2023 09:00,13/02/2023 09:00,0.16,,,,,,,,,,,
13/02/2023 10:00,13/02/2023 10:00,0.194,,,,,,,,,,,
13/02/2023 11:00,13/02/2023 11:00,0.228,,,,,,,,,,,
13/02/2023 12:00,13/02/2023 12:00,0.256,,,,,,,,,,,
13/02/2023 13:00,13/02/2023 13:00,0.279,,,,,,,,,,,
13/02/2023 14:00,13/02/2023 14:00,0.296,,,,,,,,,,,
13/02/2023 15:00,13/02/2023 15:00,0.316,,,,,,,,,,,
13/02/2023 16:00,13/02/2023 16:00,0.358,,,,,,,,,,,
13/02/2023 17:00,13/02/2023 17:00,0.401,,,,,,,,,,,
13/02/2023 18:00,13/02/2023 18:00,0.422,,,,,,,,,,,
13/02/2023 19:00,13/02/2023 19:00,0.41,,,,,,,,,,,
13/02/2023 20:00,13/02/2023 20:00,0.38,,,,,,,,,,,
13/02/2023 21:00,13/02/2023 21:00,0.354,,,,,,,,,,,
13/02/2023 22:00,13/02/2023 22:00,0.329,,,,,,,,,,,
13/02/2023 23:00,13/02/2023 23:00,0.304,,,,,,,,,,,
14/02/2023 00:00,14/02/2023 00:00,0.273,,,,,,,,,,,
14/02/2023 01:00,14/02/2023 01:00,0.249,,,,,,,,,,,
14/02/2023 02:00,14/02/2023 02:00,0.229,,,,,,,,,,,
14/02/2023 03:00,14/02/2023 03:00,0.217,,,,,,,,,,,
14/02/2023 04:00,14/02/2023 04:00,0.217,,,,,,,,,,,
14/02/2023 05:00,14/02/2023 05:00,0.217,,,,,,,,,,,
14/02/2023 06:00,14/02/2023 06:00,0.212,,,,,,,,,,,
14/02/2023 07:00,14/02/2023 07:00,0.208,,,,,,,,,,,
14/02/2023 08:00,14/02/2023 08:00,0.202,,,,,,,,,,,
14/02/2023 09:00,14/02/2023 09:00,0.182,,,,,,,,,,,
14/02/2023 10:00,14/02/2023 10:00,0.167,,,,,,,,,,,
14/02/2023 11:00,14/02/2023 11:00,0.154,,,,,,,,,,,
14/02/2023 12:00,14/02/2023 12:00,0.144,,,,,,,,,,,
14/02/2023 13:00,14/02/2023 13:00,0.135,,,,,,,,,,,
14/02/2023 14:00,14/02/2023 14:00,0.124,,,,,,,,,,,
14/02/2023 15:00,14/02/2023 15:00,0.105,,,,,,,,,,,
14/02/2023 16:00,14/02/2023 16:00,0.101,,,,,,,,,,,
14/02/2023 17:00,14/02/2023 17:00,0.113,,,,,,,,,,,
14/02/2023 18:00,14/02/2023 18:00,0.136,,,,,,,,,,,
14/02/2023 19:00,14/02/2023 19:00,0.168,,,,,,,,,,,
14/02/2023 20:00,14/02/2023 20:00,0.205,,,,,,,,,,,
14/02/2023 21:00,14/02/2023 21:00,0.229,,,,,,,,,,,
14/02/2023 22:00,14/02/2023 22:00,0.237,,,,,,,,,,,
14/02/2023 23:00,14/02/2023 23:00,0.243,,,,,,,,,,,
15/02/2023 00:00,15/02/2023 00:00,0.239,,,,,,,,,,,
15/02/2023 01:00,15/02/2023 01:00,0.227,,,,,,,,,,,
15/02/2023 02:00,15/02/2023 02:00,0.211,,,,,,,,,,,
15/02/2023 03:00,15/02/2023 03:00,0.221,,,,,,,,,,,
15/02/2023 04:00,15/02/2023 04:00,0.278,,,,,,,,,,,
15/02/2023 05:00,15/02/2023 05:00,0.376,,,,,,,,,,,
15/02/2023 06:00,15/02/2023 06:00,0.478,,,,,,,,,,,
15/02/2023 07:00,15/02/2023 07:00,0.56,,,,,,,,,,,
15/02/2023 08:00,15/02/2023 08:00,0.617,,,,,,,,,,,
15/02/2023 09:00,15/02/2023 09:00,0.618,,,,,,,,,,,
15/02/2023 10:00,15/02/2023 10:00,0.633,,,,,,,,,,,
15/02/2023 11:00,15/02/2023 11:00,0.663,,,,,,,,,,,
15/02/2023 12:00,15/02/2023 12:00,0.682,,,,,,,,,,,
15/02/2023 13:00,15/02/2023 13:00,0.714,,,,,,,,,,,
15/02/2023 14:00,15/02/2023 14:00,0.733,,,,,,,,,,,
15/02/2023 15:00,15/02/2023 15:00,0.762,,,,,,,,,,,
15/02/2023 16:00,15/02/2023 16:00,0.795,,,,,,,,,,,
15/02/2023 17:00,15/02/2023 17:00,0.82,,,,,,,,,,,
15/02/2023 18:00,15/02/2023 18:00,0.824,,,,,,,,,,,
15/02/2023 19:00,15/02/2023 19:00,0.809,,,,,,,,,,,
15/02/2023 20:00,15/02/2023 20:00,0.794,,,,,,,,,,,
15/02/2023 21:00,15/02/2023 21:00,0.771,,,,,,,,,,,
15/02/2023 22:00,15/02/2023 22:00,0.744,,,,,,,,,,,
15/02/2023 23:00,15/02/2023 23:00,0.72,,,,,,,,,,,
16/02/2023 00:00,16/02/2023 00:00,0.678,,,,,,,,,,,
16/02/2023 01:00,16/02/2023 01:00,0.625,,,,,,,,,,,
16/02/2023 02:00,16/02/2023 02:00,0.551,,,,,,,,,,,
16/02/2023 03:00,16/02/2023 03:00,0.493,,,,,,,,,,,
16/02/2023 04:00,16/02/2023 04:00,0.454,,,,,,,,,,,
16/02/2023 05:00,16/02/2023 05:00,0.441,,,,,,,,,,,
16/02/2023 06:00,16/02/2023 06:00,0.423,,,,,,,,,,,
16/02/2023 07:00,16/02/2023 07:00,0.47,,,,,,,,,,,
16/02/2023 08:00,16/02/2023 08:00,0.532,,,,,,,,,,,
16/02/2023 09:00,16/02/2023 09:00,0.596,,,,,,,,,,,
16/02/2023 10:00,16/02/2023 10:00,0.694,,,,,,,,,,,
16/02/2023 11:00,16/02/2023 11:00,0.817,,,,,,,,,,,
16/02/2023 12:00,16/02/2023 12:00,0.881,,,,,,,,,,,
16/02/2023 13:00,16/02/2023 13:00,0.903,,,,,,,,,,,
16/02/2023 14:00,16/02/2023 14:00,0.883,,,,,,,,,,,
16/02/2023 15:00,16/02/2023 15:00,0.872,,,,,,,,,,,
16/02/2023 16:00,16/02/2023 16:00,0.874,,,,,,,,,,,
16/02/2023 17:00,16/02/2023 17:00,0.861,,,,,,,,,,,
16/02/2023 18:00,16/02/2023 18:00,0.844,,,,,,,,,,,
16/02/2023 19:00,16/02/2023 19:00,0.847,,,,,,,,,,,
16/02/2023 20:00,16/02/2023 20:00,0.867,,,,,,,,,,,
16/02/2023 21:00,16/02/2023 21:00,0.887,,,,,,,,,,,
16/02/2023 22:00,16/02/2023 22:00,0.903,,,,,,,,,,,
16/02/2023 23:00,16/02/2023 23:00,0.917,,,,,,,,,,,
17/02/2023 00:00,17/02/2023 00:00,0.923,,,,,,,,,,,
17/02/2023 01:00,17/02/2023 01:00,0.925,,,,,,,,,,,
17/02/2023 02:00,17/02/2023 02:00,0.938,,,,,,,,,,,
17/02/2023 03:00,17/02/2023 03:00,0.95,,,,,,,,,,,
17/02/2023 04:00,17/02/2023 04:00,0.962,,,,,,,,,,,
17/02/2023 05:00,17/02/2023 05:00,0.972,,,,,,,,,,,
17/02/2023 06:00,17/02/2023 06:00,0.98,,,,,,,,,,,
17/02/2023 07:00,17/02/2023 07:00,0.984,,,,,,,,,,,
17/02/2023 08:00,17/02/2023 08:00,0.986,,,,,,,,,,,
17/02/2023 09:00,17/02/2023 09:00,0.986,,,,,,,,,,,
17/02/2023 10:00,17/02/2023 10:00,0.984,,,,,,,,,,,
17/02/2023 11:00,17/02/2023 11:00,0.986,,,,,,,,,,,
17/02/2023 12:00,17/02/2023 12:00,0.987,,,,,,,,,,,
17/02/2023 13:00,17/02/2023 13:00,0.98,,,,,,,,,,,
17/02/2023 14:00,17/02/2023 14:00,0.964,,,,,,,,,,,
17/02/2023 15:00,17/02/2023 15:00,0.934,,,,,,,,,,,
17/02/2023 16:00,17/02/2023 16:00,0.864,,,,,,,,,,,
17/02/2023 17:00,17/02/2023 17:00,0.737,,,,,,,,,,,
17/02/2023 18:00,17/02/2023 18:00,0.583,,,,,,,,,,,
17/02/2023 19:00,17/02/2023 19:00,0.475,,,,,,,,,,,
17/02/2023 20:00,17/02/2023 20:00,0.466,,,,,,,,,,,
17/02/2023 21:00,17/02/2023 21:00,0.494,,,,,,,,,,,
17/02/2023 22:00,17/02/2023 22:00,0.499,,,,,,,,,,,
17/02/2023 23:00,17/02/2023 23:00,0.579,,,,,,,,,,,
18/02/2023 00:00,18/02/2023 00:00,0.778,,,,,,,,,,,
18/02/2023 01:00,18/02/2023 01:00,0.92,,,,,,,,,,,
18/02/2023 02:00,18/02/2023 02:00,0.963,,,,,,,,,,,
18/02/2023 03:00,18/02/2023 03:00,0.963,,,,,,,,,,,
18/02/2023 04:00,18/02/2023 04:00,0.967,,,,,,,,,,,
18/02/2023 05:00,18/02/2023 05:00,0.976,,,,,,,,,,,
18/02/2023 06:00,18/02/2023 06:00,0.982,,,,,,,,,,,
18/02/2023 07:00,18/02/2023 07:00,0.989,,,,,,,,,,,
18/02/2023 08:00,18/02/2023 08:00,0.984,,,,,,,,,,,
18/02/2023 09:00,18/02/2023 09:00,0.967,,,,,,,,,,,
18/02/2023 10:00,18/02/2023 10:00,0.951,,,,,,,,,,,
18/02/2023 11:00,18/02/2023 11:00,0.93,,,,,,,,,,,
18/02/2023 12:00,18/02/2023 12:00,0.913,,,,,,,,,,,
18/02/2023 13:00,18/02/2023 13:00,0.88,,,,,,,,,,,
18/02/2023 14:00,18/02/2023 14:00,0.831,,,,,,,,,,,
18/02/2023 15:00,18/02/2023 15:00,0.822,,,,,,,,,,,
18/02/2023 16:00,18/02/2023 16:00,0.824,,,,,,,,,,,
18/02/2023 17:00,18/02/2023 17:00,0.823,,,,,,,,,,,
18/02/2023 18:00,18/02/2023 18:00,0.84,,,,,,,,,,,
18/02/2023 19:00,18/02/2023 19:00,0.846,,,,,,,,,,,
18/02/2023 20:00,18/02/2023 20:00,0.844,,,,,,,,,,,
18/02/2023 21:00,18/02/2023 21:00,0.879,,,,,,,,,,,
18/02/2023 22:00,18/02/2023 22:00,0.925,,,,,,,,,,,
18/02/2023 23:00,18/02/2023 23:00,0.93,,,,,,,,,,,
19/02/2023 00:00,19/02/2023 00:00,0.933,,,,,,,,,,,
19/02/2023 01:00,19/02/2023 01:00,0.941,,,,,,,,,,,
19/02/2023 02:00,19/02/2023 02:00,0.948,,,,,,,,,,,
19/02/2023 03:00,19/02/2023 03:00,0.923,,,,,,,,,,,
19/02/2023 04:00,19/02/2023 04:00,0.86,,,,,,,,,,,
19/02/2023 05:00,19/02/2023 05:00,0.794,,,,,,,,,,,
19/02/2023 06:00,19/02/2023 06:00,0.785,,,,,,,,,,,
19/02/2023 07:00,19/02/2023 07:00,0.699,,,,,,,,,,,
19/02/2023 08:00,19/02/2023 08:00,0.544,,,,,,,,,,,
19/02/2023 09:00,19/02/2023 09:00,0.432,,,,,,,,,,,
19/02/2023 10:00,19/02/2023 10:00,0.321,,,,,,,,,,,
19/02/2023 11:00,19/02/2023 11:00,0.395,,,,,,,,,,,
19/02/2023 12:00,19/02/2023 12:00,0.352,,,,,,,,,,,
19/02/2023 13:00,19/02/2023 13:00,0.332,,,,,,,,,,,
19/02/2023 14:00,19/02/2023 14:00,0.31,,,,,,,,,,,
19/02/2023 15:00,19/02/2023 15:00,0.258,,,,,,,,,,,
19/02/2023 16:00,19/02/2023 16:00,0.255,,,,,,,,,,,
19/02/2023 17:00,19/02/2023 17:00,0.404,,,,,,,,,,,
19/02/2023 18:00,19/02/2023 18:00,0.643,,,,,,,,,,,
19/02/2023 19:00,19/02/2023 19:00,0.807,,,,,,,,,,,
19/02/2023 20:00,19/02/2023 20:00,0.867,,,,,,,,,,,
19/02/2023 21:00,19/02/2023 21:00,0.886,,,,,,,,,,,
19/02/2023 22:00,19/02/2023 22:00,0.896,,,,,,,,,,,
19/02/2023 23:00,19/02/2023 23:00,0.891,,,,,,,,,,,
20/02/2023 00:00,20/02/2023 00:00,0.884,,,,,,,,,,,
20/02/2023 01:00,20/02/2023 01:00,0.906,,,,,,,,,,,
20/02/2023 02:00,20/02/2023 02:00,0.921,,,,,,,,,,,
20/02/2023 03:00,20/02/2023 03:00,0.93,,,,,,,,,,,
20/02/2023 04:00,20/02/2023 04:00,0.935,,,,,,,,,,,
20/02/2023 05:00,20/02/2023 05:00,0.94,,,,,,,,,,,
20/02/2023 06:00,20/02/2023 06:00,0.944,,,,,,,,,,,
20/02/2023 07:00,20/02/2023 07:00,0.947,,,,,,,,,,,
20/02/2023 08:00,20/02/2023 08:00,0.952,,,,,,,,,,,
20/02/2023 09:00,20/02/2023 09:00,0.946,,,,,,,,,,,
20/02/2023 10:00,20/02/2023 10:00,0.939,,,,,,,,,,,
20/02/2023 11:00,20/02/2023 11:00,0.936,,,,,,,,,,,
20/02/2023 12:00,20/02/2023 12:00,0.922,,,,,,,,,,,
20/02/2023 13:00,20/02/2023 13:00,0.909,,,,,,,,,,,
20/02/2023 14:00,20/02/2023 14:00,0.894,,,,,,,,,,,
20/02/2023 15:00,20/02/2023 15:00,0.877,,,,,,,,,,,
20/02/2023 16:00,20/02/2023 16:00,0.851,,,,,,,,,,,
20/02/2023 17:00,20/02/2023 17:00,0.851,,,,,,,,,,,
20/02/2023 18:00,20/02/2023 18:00,0.851,,,,,,,,,,,
20/02/2023 19:00,20/02/2023 19:00,0.843,,,,,,,,,,,
20/02/2023 20:00,20/02/2023 20:00,0.817,,,,,,,,,,,
20/02/2023 21:00,20/02/2023 21:00,0.777,,,,,,,,,,,
20/02/2023 22:00,20/02/2023 22:00,0.745,,,,,,,,,,,
20/02/2023 23:00,20/02/2023 23:00,0.711,,,,,,,,,,,
21/02/2023 00:00,21/02/2023 00:00,0.676,,,,,,,,,,,
21/02/2023 01:00,21/02/2023 01:00,0.648,,,,,,,,,,,
21/02/2023 02:00,21/02/2023 02:00,0.615,,,,,,,,,,,
21/02/2023 03:00,21/02/2023 03:00,0.55,,,,,,,,,,,
21/02/2023 04:00,21/02/2023 04:00,0.497,,,,,,,,,,,
21/02/2023 05:00,21/02/2023 05:00,0.437,,,,,,,,,,,
21/02/2023 06:00,21/02/2023 06:00,0.386,,,,,,,,,,,
21/02/2023 07:00,21/02/2023 07:00,0.352,,,,,,,,,,,
21/02/2023 08:00,21/02/2023 08:00,0.329,,,,,,,,,,,
21/02/2023 09:00,21/02/2023 09:00,0.311,,,,,,,,,,,
21/02/2023 10:00,21/02/2023 10:00,0.301,,,,,,,,,,,
21/02/2023 11:00,21/02/2023 11:00,0.311,,,,,,,,,,,
21/02/2023 12:00,21/02/2023 12:00,0.334,,,,,,,,,,,
21/02/2023 13:00,21/02/2023 13:00,0.348,,,,,,,,,,,
21/02/2023 14:00,21/02/2023 14:00,0.344,,,,,,,,,,,
21/02/2023 15:00,21/02/2023 15:00,0.312,,,,,,,,,,,
21/02/2023 16:00,21/02/2023 16:00,0.277,,,,,,,,,,,
21/02/2023 17:00,21/02/2023 17:00,0.281,,,,,,,,,,,
21/02/2023 18:00,21/02/2023 18:00,0.334,,,,,,,,,,,
21/02/2023 19:00,21/02/2023 19:00,0.418,,,,,,,,,,,
21/02/2023 20:00,21/02/2023 20:00,0.491,,,,,,,,,,,
21/02/2023 21:00,21/02/2023 21:00,0.516,,,,,,,,,,,
21/02/2023 22:00,21/02/2023 22:00,0.499,,,,,,,,,,,
21/02/2023 23:00,21/02/2023 23:00,0.487,,,,,,,,,,,
22/02/2023 00:00,22/02/2023 00:00,0.488,,,,,,,,,,,
22/02/2023 01:00,22/02/2023 01:00,0.456,,,,,,,,,,,
22/02/2023 02:00,22/02/2023 02:00,0.397,,,,,,,,,,,
22/02/2023 03:00,22/02/2023 03:00,0.369,,,,,,,,,,,
22/02/2023 04:00,22/02/2023 04:00,0.371,,,,,,,,,,,
22/02/2023 05:00,22/02/2023 05:00,0.347,,,,,,,,,,,
22/02/2023 06:00,22/02/2023 06:00,0.27,,,,,,,,,,,
22/02/2023 07:00,22/02/2023 07:00,0.184,,,,,,,,,,,
22/02/2023 08:00,22/02/2023 08:00,0.144,,,,,,,,,,,
22/02/2023 09:00,22/02/2023 09:00,0.136,,,,,,,,,,,
22/02/2023 10:00,22/02/2023 10:00,0.145,,,,,,,,,,,
22/02/2023 11:00,22/02/2023 11:00,0.159,,,,,,,,,,,
22/02/2023 12:00,22/02/2023 12:00,0.183,,,,,,,,,,,
22/02/2023 13:00,22/02/2023 13:00,0.199,,,,,,,,,,,
22/02/2023 14:00,22/02/2023 14:00,0.201,,,,,,,,,,,
22/02/2023 15:00,22/02/2023 15:00,0.201,,,,,,,,,,,
22/02/2023 16:00,22/02/2023 16:00,0.209,,,,,,,,,,,
22/02/2023 17:00,22/02/2023 17:00,0.221,,,,,,,,,,,
22/02/2023 18:00,22/02/2023 18:00,0.233,,,,,,,,,,,
22/02/2023 19:00,22/02/2023 19:00,0.256,,,,,,,,,,,
22/02/2023 20:00,22/02/2023 20:00,0.292,,,,,,,,,,,
22/02/2023 21:00,22/02/2023 21:00,0.317,,,,,,,,,,,
22/02/2023 22:00,22/02/2023 22:00,0.333,,,,,,,,,,,
22/02/2023 23:00,22/02/2023 23:00,0.34,,,,,,,,,,,
23/02/2023 00:00,23/02/2023 00:00,0.338,,,,,,,,,,,
23/02/2023 01:00,23/02/2023 01:00,0.341,,,,,,,,,,,
23/02/2023 02:00,23/02/2023 02:00,0.367,,,,,,,,,,,
23/02/2023 03:00,23/02/2023 03:00,0.422,,,,,,,,,,,
23/02/2023 04:00,23/02/2023 04:00,0.525,,,,,,,,,,,
23/02/2023 05:00,23/02/2023 05:00,0.646,,,,,,,,,,,
23/02/2023 06:00,23/02/2023 06:00,0.75,,,,,,,,,,,
23/02/2023 07:00,23/02/2023 07:00,0.818,,,,,,,,,,,
23/02/2023 08:00,23/02/2023 08:00,0.849,,,,,,,,,,,
23/02/2023 09:00,23/02/2023 09:00,0.872,,,,,,,,,,,
23/02/2023 10:00,23/02/2023 10:00,0.856,,,,,,,,,,,
23/02/2023 11:00,23/02/2023 11:00,0.799,,,,,,,,,,,
23/02/2023 12:00,23/02/2023 12:00,0.744,,,,,,,,,,,
23/02/2023 13:00,23/02/2023 13:00,0.728,,,,,,,,,,,
23/02/2023 14:00,23/02/2023 14:00,0.726,,,,,,,,,,,
23/02/2023 15:00,23/02/2023 15:00,0.698,,,,,,,,,,,
23/02/2023 16:00,23/02/2023 16:00,0.626,,,,,,,,,,,
23/02/2023 17:00,23/02/2023 17:00,0.506,,,,,,,,,,,
23/02/2023 18:00,23/02/2023 18:00,0.359,,,,,,,,,,,
23/02/2023 19:00,23/02/2023 19:00,0.241,,,,,,,,,,,
23/02/2023 20:00,23/02/2023 20:00,0.169,,,,,,,,,,,
23/02/2023 21:00,23/02/2023 21:00,0.157,,,,,,,,,,,
23/02/2023 22:00,23/02/2023 22:00,0.22,,,,,,,,,,,
23/02/2023 23:00,23/02/2023 23:00,0.349,,,,,,,,,,,
24/02/2023 00:00,24/02/2023 00:00,0.518,,,,,,,,,,,
24/02/2023 01:00,24/02/2023 01:00,0.651,,,,,,,,,,,
24/02/2023 02:00,24/02/2023 02:00,0.721,,,,,,,,,,,
24/02/2023 03:00,24/02/2023 03:00,0.728,,,,,,,,,,,
24/02/2023 04:00,24/02/2023 04:00,0.73,,,,,,,,,,,
24/02/2023 05:00,24/02/2023 05:00,0.744,,,,,,,,,,,
24/02/2023 06:00,24/02/2023 06:00,0.739,,,,,,,,,,,
24/02/2023 07:00,24/02/2023 07:00,0.73,,,,,,,,,,,
24/02/2023 08:00,24/02/2023 08:00,0.7,,,,,,,,,,,
24/02/2023 09:00,24/02/2023 09:00,0.726,,,,,,,,,,,
24/02/2023 10:00,24/02/2023 10:00,0.786,,,,,,,,,,,
24/02/2023 11:00,24/02/2023 11:00,0.852,,,,,,,,,,,
24/02/2023 12:00,24/02/2023 12:00,0.886,,,,,,,,,,,
24/02/2023 13:00,24/02/2023 13:00,0.905,,,,,,,,,,,
24/02/2023 14:00,24/02/2023 14:00,0.914,,,,,,,,,,,
24/02/2023 15:00,24/02/2023 15:00,0.906,,,,,,,,,,,
24/02/2023 16:00,24/02/2023 16:00,0.904,,,,,,,,,,,
24/02/2023 17:00,24/02/2023 17:00,0.911,,,,,,,,,,,
24/02/2023 18:00,24/02/2023 18:00,0.912,,,,,,,,,,,
24/02/2023 19:00,24/02/2023 19:00,0.912,,,,,,,,,,,
24/02/2023 20:00,24/02/2023 20:00,0.909,,,,,,,,,,,
24/02/2023 21:00,24/02/2023 21:00,0.917,,,,,,,,,,,
24/02/2023 22:00,24/02/2023 22:00,0.925,,,,,,,,,,,
24/02/2023 23:00,24/02/2023 23:00,0.927,,,,,,,,,,,
25/02/2023 00:00,25/02/2023 00:00,0.933,,,,,,,,,,,
25/02/2023 01:00,25/02/2023 01:00,0.94,,,,,,,,,,,
25/02/2023 02:00,25/02/2023 02:00,0.939,,,,,,,,,,,
25/02/2023 03:00,25/02/2023 03:00,0.933,,,,,,,,,,,
25/02/2023 04:00,25/02/2023 04:00,0.93,,,,,,,,,,,
25/02/2023 05:00,25/02/2023 05:00,0.931,,,,,,,,,,,
25/02/2023 06:00,25/02/2023 06:00,0.935,,,,,,,,,,,
25/02/2023 07:00,25/02/2023 07:00,0.936,,,,,,,,,,,
25/02/2023 08:00,25/02/2023 08:00,0.929,,,,,,,,,,,
25/02/2023 09:00,25/02/2023 09:00,0.926,,,,,,,,,,,
25/02/2023 10:00,25/02/2023 10:00,0.914,,,,,,,,,,,
25/02/2023 11:00,25/02/2023 11:00,0.898,,,,,,,,,,,
25/02/2023 12:00,25/02/2023 12:00,0.886,,,,,,,,,,,
25/02/2023 13:00,25/02/2023 13:00,0.879,,,,,,,,,,,
25/02/2023 14:00,25/02/2023 14:00,0.873,,,,,,,,,,,
25/02/2023 15:00,25/02/2023 15:00,0.87,,,,,,,,,,,
25/02/2023 16:00,25/02/2023 16:00,0.867,,,,,,,,,,,
25/02/2023 17:00,25/02/2023 17:00,0.87,,,,,,,,,,,
25/02/2023 18:00,25/02/2023 18:00,0.872,,,,,,,,,,,
25/02/2023 19:00,25/02/2023 19:00,0.874,,,,,,,,,,,
25/02/2023 20:00,25/02/2023 20:00,0.875,,,,,,,,,,,
25/02/2023 21:00,25/02/2023 21:00,0.87,,,,,,,,,,,
25/02/2023 22:00,25/02/2023 22:00,0.855,,,,,,,,,,,
25/02/2023 23:00,25/02/2023 23:00,0.826,,,,,,,,,,,
26/02/2023 00:00,26/02/2023 00:00,0.797,,,,,,,,,,,
26/02/2023 01:00,26/02/2023 01:00,0.774,,,,,,,,,,,
26/02/2023 02:00,26/02/2023 02:00,0.759,,,,,,,,,,,
26/02/2023 03:00,26/02/2023 03:00,0.75,,,,,,,,,,,
26/02/2023 04:00,26/02/2023 04:00,0.758,,,,,,,,,,,
26/02/2023 05:00,26/02/2023 05:00,0.777,,,,,,,,,,,
26/02/2023 06:00,26/02/2023 06:00,0.799,,,,,,,,,,,
26/02/2023 07:00,26/02/2023 07:00,0.808,,,,,,,,,,,
26/02/2023 08:00,26/02/2023 08:00,0.791,,,,,,,,,,,
26/02/2023 09:00,26/02/2023 09:00,0.759,,,,,,,,,,,
26/02/2023 10:00,26/02/2023 10:00,0.712,,,,,,,,,,,
26/02/2023 11:00,26/02/2023 11:00,0.659,,,,,,,,,,,
26/02/2023 12:00,26/02/2023 12:00,0.625,,,,,,,,,,,
26/02/2023 13:00,26/02/2023 13:00,0.618,,,,,,,,,,,
26/02/2023 14:00,26/02/2023 14:00,0.633,,,,,,,,,,,
26/02/2023 15:00,26/02/2023 15:00,0.668,,,,,,,,,,,
26/02/2023 16:00,26/02/2023 16:00,0.7,,,,,,,,,,,
26/02/2023 17:00,26/02/2023 17:00,0.72,,,,,,,,,,,
26/02/2023 18:00,26/02/2023 18:00,0.758,,,,,,,,,,,
26/02/2023 19:00,26/02/2023 19:00,0.788,,,,,,,,,,,
26/02/2023 20:00,26/02/2023 20:00,0.801,,,,,,,,,,,
26/02/2023 21:00,26/02/2023 21:00,0.799,,,,,,,,,,,
26/02/2023 22:00,26/02/2023 22:00,0.78,,,,,,,,,,,
26/02/2023 23:00,26/02/2023 23:00,0.747,,,,,,,,,,,
27/02/2023 00:00,27/02/2023 00:00,0.705,,,,,,,,,,,
27/02/2023 01:00,27/02/2023 01:00,0.67,,,,,,,,,,,
27/02/2023 02:00,27/02/2023 02:00,0.639,,,,,,,,,,,
27/02/2023 03:00,27/02/2023 03:00,0.615,,,,,,,,,,,
27/02/2023 04:00,27/02/2023 04:00,0.586,,,,,,,,,,,
27/02/2023 05:00,27/02/2023 05:00,0.568,,,,,,,,,,,
27/02/2023 06:00,27/02/2023 06:00,0.574,,,,,,,,,,,
27/02/2023 07:00,27/02/2023 07:00,0.562,,,,,,,,,,,
27/02/2023 08:00,27/02/2023 08:00,0.536,,,,,,,,,,,
27/02/2023 09:00,27/02/2023 09:00,0.516,,,,,,,,,,,
27/02/2023 10:00,27/02/2023 10:00,0.486,,,,,,,,,,,
27/02/2023 11:00,27/02/2023 11:00,0.46,,,,,,,,,,,
27/02/2023 12:00,27/02/2023 12:00,0.46,,,,,,,,,,,
27/02/2023 13:00,27/02/2023 13:00,0.498,,,,,,,,,,,
27/02/2023 14:00,27/02/2023 14:00,0.557,,,,,,,,,,,
27/02/2023 15:00,27/02/2023 15:00,0.602,,,,,,,,,,,
27/02/2023 16:00,27/02/2023 16:00,0.61,,,,,,,,,,,
27/02/2023 17:00,27/02/2023 17:00,0.624,,,,,,,,,,,
27/02/2023 18:00,27/02/2023 18:00,0.615,,,,,,,,,,,
27/02/2023 19:00,27/02/2023 19:00,0.587,,,,,,,,,,,
27/02/2023 20:00,27/02/2023 20:00,0.55,,,,,,,,,,,
27/02/2023 21:00,27/02/2023 21:00,0.51,,,,,,,,,,,
27/02/2023 22:00,27/02/2023 22:00,0.476,,,,,,,,,,,
27/02/2023 23:00,27/02/2023 23:00,0.446,,,,,,,,,,,
28/02/2023 00:00,28/02/2023 00:00,0.432,,,,,,,,,,,
28/02/2023 01:00,28/02/2023 01:00,0.436,,,,,,,,,,,
28/02/2023 02:00,28/02/2023 02:00,0.46,,,,,,,,,,,
28/02/2023 03:00,28/02/2023 03:00,0.491,,,,,,,,,,,
28/02/2023 04:00,28/02/2023 04:00,0.544,,,,,,,,,,,
28/02/2023 05:00,28/02/2023 05:00,0.606,,,,,,,,,,,
28/02/2023 06:00,28/02/2023 06:00,0.661,,,,,,,,,,,
28/02/2023 07:00,28/02/2023 07:00,0.705,,,,,,,,,,,
28/02/2023 08:00,28/02/2023 08:00,0.739,,,,,,,,,,,
28/02/2023 09:00,28/02/2023 09:00,0.761,,,,,,,,,,,
28/02/2023 10:00,28/02/2023 10:00,0.756,,,,,,,,,,,
28/02/2023 11:00,28/02/2023 11:00,0.737,,,,,,,,,,,
28/02/2023 12:00,28/02/2023 12:00,0.698,,,,,,,,,,,
28/02/2023 13:00,28/02/2023 13:00,0.633,,,,,,,,,,,
28/02/2023 14:00,28/02/2023 14:00,0.554,,,,,,,,,,,
28/02/2023 15:00,28/02/2023 15:00,0.491,,,,,,,,,,,
28/02/2023 16:00,28/02/2023 16:00,0.439,,,,,,,,,,,
28/02/2023 17:00,28/02/2023 17:00,0.416,,,,,,,,,,,
28/02/2023 18:00,28/02/2023 18:00,0.382,,,,,,,,,,,
28/02/2023 19:00,28/02/2023 19:00,0.343,,,,,,,,,,,
28/02/2023 20:00,28/02/2023 20:00,0.3,,,,,,,,,,,
28/02/2023 21:00,28/02/2023 21:00,0.277,,,,,,,,,,,
28/02/2023 22:00,28/02/2023 22:00,0.278,,,,,,,,,,,
28/02/2023 23:00,28/02/2023 23:00,0.292,,,,,,,,,,,
01/03/2023 00:00,01/03/2023 00:00,0.32,,,,,,,,,,,
01/03/2023 01:00,01/03/2023 01:00,0.364,,,,,,,,,,,
01/03/2023 02:00,01/03/2023 02:00,0.413,,,,,,,,,,,
01/03/2023 03:00,01/03/2023 03:00,0.454,,,,,,,,,,,
01/03/2023 04:00,01/03/2023 04:00,0.478,,,,,,,,,,,
01/03/2023 05:00,01/03/2023 05:00,0.471,,,,,,,,,,,
01/03/2023 06:00,01/03/2023 06:00,0.459,,,,,,,,,,,
01/03/2023 07:00,01/03/2023 07:00,0.447,,,,,,,,,,,
01/03/2023 08:00,01/03/2023 08:00,0.432,,,,,,,,,,,
01/03/2023 09:00,01/03/2023 09:00,0.42,,,,,,,,,,,
01/03/2023 10:00,01/03/2023 10:00,0.414,,,,,,,,,,,
01/03/2023 11:00,01/03/2023 11:00,0.413,,,,,,,,,,,
01/03/2023 12:00,01/03/2023 12:00,0.395,,,,,,,,,,,
01/03/2023 13:00,01/03/2023 13:00,0.368,,,,,,,,,,,
01/03/2023 14:00,01/03/2023 14:00,0.344,,,,,,,,,,,
01/03/2023 15:00,01/03/2023 15:00,0.343,,,,,,,,,,,
01/03/2023 16:00,01/03/2023 16:00,0.358,,,,,,,,,,,
01/03/2023 17:00,01/03/2023 17:00,0.395,,,,,,,,,,,
01/03/2023 18:00,01/03/2023 18:00,0.444,,,,,,,,,,,
01/03/2023 19:00,01/03/2023 19:00,0.505,,,,,,,,,,,
01/03/2023 20:00,01/03/2023 20:00,0.554,,,,,,,,,,,
01/03/2023 21:00,01/03/2023 21:00,0.59,,,,,,,,,,,
01/03/2023 22:00,01/03/2023 22:00,0.604,,,,,,,,,,,
01/03/2023 23:00,01/03/2023 23:00,0.595,,,,,,,,,,,
02/03/2023 00:00,02/03/2023 00:00,0.586,,,,,,,,,,,
02/03/2023 01:00,02/03/2023 01:00,0.587,,,,,,,,,,,
02/03/2023 02:00,02/03/2023 02:00,0.601,,,,,,,,,,,
02/03/2023 03:00,02/03/2023 03:00,0.625,,,,,,,,,,,
02/03/2023 04:00,02/03/2023 04:00,0.65,,,,,,,,,,,
02/03/2023 05:00,02/03/2023 05:00,0.663,,,,,,,,,,,
02/03/2023 06:00,02/03/2023 06:00,0.661,,,,,,,,,,,
02/03/2023 07:00,02/03/2023 07:00,0.634,,,,,,,,,,,
02/03/2023 08:00,02/03/2023 08:00,0.59,,,,,,,,,,,
02/03/2023 09:00,02/03/2023 09:00,0.55,,,,,,,,,,,
02/03/2023 10:00,02/03/2023 10:00,0.523,,,,,,,,,,,
02/03/2023 11:00,02/03/2023 11:00,0.513,,,,,,,,,,,
02/03/2023 12:00,02/03/2023 12:00,0.525,,,,,,,,,,,
02/03/2023 13:00,02/03/2023 13:00,0.556,,,,,,,,,,,
02/03/2023 14:00,02/03/2023 14:00,0.595,,,,,,,,,,,
02/03/2023 15:00,02/03/2023 15:00,0.63,,,,,,,,,,,
02/03/2023 16:00,02/03/2023 16:00,0.654,,,,,,,,,,,
02/03/2023 17:00,02/03/2023 17:00,0.68,,,,,,,,,,,
02/03/2023 18:00,02/03/2023 18:00,0.695,,,,,,,,,,,
02/03/2023 19:00,02/03/2023 19:00,0.698,,,,,,,,,,,
02/03/2023 20:00,02/03/2023 20:00,0.689,,,,,,,,,,,
02/03/2023 21:00,02/03/2023 21:00,0.683,,,,,,,,,,,
02/03/2023 22:00,02/03/2023 22:00,0.674,,,,,,,,,,,
02/03/2023 23:00,02/03/2023 23:00,0.671,,,,,,,,,,,
03/03/2023 00:00,03/03/2023 00:00,0.672,,,,,,,,,,,
03/03/2023 01:00,03/03/2023 01:00,0.668,,,,,,,,,,,
03/03/2023 02:00,03/03/2023 02:00,0.66,,,,,,,,,,,
03/03/2023 03:00,03/03/2023 03:00,0.634,,,,,,,,,,,
03/03/2023 04:00,03/03/2023 04:00,0.603,,,,,,,,,,,
03/03/2023 05:00,03/03/2023 05:00,0.585,,,,,,,,,,,
03/03/2023 06:00,03/03/2023 06:00,0.578,,,,,,,,,,,
03/03/2023 07:00,03/03/2023 07:00,0.56,,,,,,,,,,,
03/03/2023 08:00,03/03/2023 08:00,0.538,,,,,,,,,,,
03/03/2023 09:00,03/03/2023 09:00,0.525,,,,,,,,,,,
03/03/2023 10:00,03/03/2023 10:00,0.502,,,,,,,,,,,
03/03/2023 11:00,03/03/2023 11:00,0.481,,,,,,,,,,,
03/03/2023 12:00,03/03/2023 12:00,0.476,,,,,,,,,,,
03/03/2023 13:00,03/03/2023 13:00,0.481,,,,,,,,,,,
03/03/2023 14:00,03/03/2023 14:00,0.49,,,,,,,,,,,
03/03/2023 15:00,03/03/2023 15:00,0.513,,,,,,,,,,,
03/03/2023 16:00,03/03/2023 16:00,0.54,,,,,,,,,,,
03/03/2023 17:00,03/03/2023 17:00,0.577,,,,,,,,,,,
03/03/2023 18:00,03/03/2023 18:00,0.61,,,,,,,,,,,
03/03/2023 19:00,03/03/2023 19:00,0.634,,,,,,,,,,,
03/03/2023 20:00,03/03/2023 20:00,0.646,,,,,,,,,,,
03/03/2023 21:00,03/03/2023 21:00,0.639,,,,,,,,,,,
03/03/2023 22:00,03/03/2023 22:00,0.62,,,,,,,,,,,
03/03/2023 23:00,03/03/2023 23:00,0.618,,,,,,,,,,,
04/03/2023 00:00,04/03/2023 00:00,0.637,,,,,,,,,,,
04/03/2023 01:00,04/03/2023 01:00,0.658,,,,,,,,,,,
04/03/2023 02:00,04/03/2023 02:00,0.666,,,,,,,,,,,
04/03/2023 03:00,04/03/2023 03:00,0.653,,,,,,,,,,,
04/03/2023 04:00,04/03/2023 04:00,0.623,,,,,,,,,,,
04/03/2023 05:00,04/03/2023 05:00,0.601,,,,,,,,,,,
04/03/2023 06:00,04/03/2023 06:00,0.596,,,,,,,,,,,
04/03/2023 07:00,04/03/2023 07:00,0.591,,,,,,,,,,,
04/03/2023 08:00,04/03/2023 08:00,0.589,,,,,,,,,,,
04/03/2023 09:00,04/03/2023 09:00,0.585,,,,,,,,,,,
04/03/2023 10:00,04/03/2023 10:00,0.574,,,,,,,,,,,
04/03/2023 11:00,04/03/2023 11:00,0.567,,,,,,,,,,,
04/03/2023 12:00,04/03/2023 12:00,0.565,,,,,,,,,,,
04/03/2023 13:00,04/03/2023 13:00,0.566,,,,,,,,,,,
04/03/2023 14:00,04/03/2023 14:00,0.556,,,,,,,,,,,
04/03/2023 15:00,04/03/2023 15:00,0.546,,,,,,,,,,,
04/03/2023 16:00,04/03/2023 16:00,0.506,,,,,,,,,,,
04/03/2023 17:00,04/03/2023 17:00,0.464,,,,,,,,,,,
04/03/2023 18:00,04/03/2023 18:00,0.44,,,,,,,,,,,
04/03/2023 19:00,04/03/2023 19:00,0.42,,,,,,,,,,,
04/03/2023 20:00,04/03/2023 20:00,0.386,,,,,,,,,,,
04/03/2023 21:00,04/03/2023 21:00,0.355,,,,,,,,,,,
04/03/2023 22:00,04/03/2023 22:00,0.326,,,,,,,,,,,
04/03/2023 23:00,04/03/2023 23:00,0.319,,,,,,,,,,,
05/03/2023 00:00,05/03/2023 00:00,0.343,,,,,,,,,,,
05/03/2023 01:00,05/03/2023 01:00,0.375,,,,,,,,,,,
05/03/2023 02:00,05/03/2023 02:00,0.398,,,,,,,,,,,
05/03/2023 03:00,05/03/2023 03:00,0.398,,,,,,,,,,,
05/03/2023 04:00,05/03/2023 04:00,0.407,,,,,,,,,,,
05/03/2023 05:00,05/03/2023 05:00,0.437,,,,,,,,,,,
05/03/2023 06:00,05/03/2023 06:00,0.442,,,,,,,,,,,
05/03/2023 07:00,05/03/2023 07:00,0.397,,,,,,,,,,,
05/03/2023 08:00,05/03/2023 08:00,0.334,,,,,,,,,,,
05/03/2023 09:00,05/03/2023 09:00,0.291,,,,,,,,,,,
05/03/2023 10:00,05/03/2023 10:00,0.264,,,,,,,,,,,
05/03/2023 11:00,05/03/2023 11:00,0.255,,,,,,,,,,,
05/03/2023 12:00,05/03/2023 12:00,0.262,,,,,,,,,,,
05/03/2023 13:00,05/03/2023 13:00,0.274,,,,,,,,,,,
05/03/2023 14:00,05/03/2023 14:00,0.28,,,,,,,,,,,
05/03/2023 15:00,05/03/2023 15:00,0.289,,,,,,,,,,,
05/03/2023 16:00,05/03/2023 16:00,0.297,,,,,,,,,,,
05/03/2023 17:00,05/03/2023 17:00,0.305,,,,,,,,,,,
05/03/2023 18:00,05/03/2023 18:00,0.294,,,,,,,,,,,
05/03/2023 19:00,05/03/2023 19:00,0.278,,,,,,,,,,,
05/03/2023 20:00,05/03/2023 20:00,0.269,,,,,,,,,,,
05/03/2023 21:00,05/03/2023 21:00,0.269,,,,,,,,,,,
05/03/2023 22:00,05/03/2023 22:00,0.274,,,,,,,,,,,
05/03/2023 23:00,05/03/2023 23:00,0.278,,,,,,,,,,,
06/03/2023 00:00,06/03/2023 00:00,0.27,,,,,,,,,,,
06/03/2023 01:00,06/03/2023 01:00,0.256,,,,,,,,,,,
06/03/2023 02:00,06/03/2023 02:00,0.251,,,,,,,,,,,
06/03/2023 03:00,06/03/2023 03:00,0.238,,,,,,,,,,,
06/03/2023 04:00,06/03/2023 04:00,0.205,,,,,,,,,,,
06/03/2023 05:00,06/03/2023 05:00,0.154,,,,,,,,,,,
06/03/2023 06:00,06/03/2023 06:00,0.107,,,,,,,,,,,
06/03/2023 07:00,06/03/2023 07:00,0.101,,,,,,,,,,,
06/03/2023 08:00,06/03/2023 08:00,0.155,,,,,,,,,,,
06/03/2023 09:00,06/03/2023 09:00,0.282,,,,,,,,,,,
06/03/2023 10:00,06/03/2023 10:00,0.47,,,,,,,,,,,
06/03/2023 11:00,06/03/2023 11:00,0.642,,,,,,,,,,,
06/03/2023 12:00,06/03/2023 12:00,0.747,,,,,,,,,,,
06/03/2023 13:00,06/03/2023 13:00,0.785,,,,,,,,,,,
06/03/2023 14:00,06/03/2023 14:00,0.777,,,,,,,,,,,
06/03/2023 15:00,06/03/2023 15:00,0.766,,,,,,,,,,,
06/03/2023 16:00,06/03/2023 16:00,0.797,,,,,,,,,,,
06/03/2023 17:00,06/03/2023 17:00,0.826,,,,,,,,,,,
06/03/2023 18:00,06/03/2023 18:00,0.849,,,,,,,,,,,
06/03/2023 19:00,06/03/2023 19:00,0.833,,,,,,,,,,,
06/03/2023 20:00,06/03/2023 20:00,0.791,,,,,,,,,,,
06/03/2023 21:00,06/03/2023 21:00,0.754,,,,,,,,,,,
06/03/2023 22:00,06/03/2023 22:00,0.726,,,,,,,,,,,
06/03/2023 23:00,06/03/2023 23:00,0.718,,,,,,,,,,,
07/03/2023 00:00,07/03/2023 00:00,0.718,,,,,,,,,,,
07/03/2023 01:00,07/03/2023 01:00,0.714,,,,,,,,,,,
07/03/2023 02:00,07/03/2023 02:00,0.692,,,,,,,,,,,
07/03/2023 03:00,07/03/2023 03:00,0.643,,,,,,,,,,,
07/03/2023 04:00,07/03/2023 04:00,0.574,,,,,,,,,,,
07/03/2023 05:00,07/03/2023 05:00,0.516,,,,,,,,,,,
07/03/2023 06:00,07/03/2023 06:00,0.472,,,,,,,,,,,
07/03/2023 07:00,07/03/2023 07:00,0.43,,,,,,,,,,,
07/03/2023 08:00,07/03/2023 08:00,0.411,,,,,,,,,,,
07/03/2023 09:00,07/03/2023 09:00,0.429,,,,,,,,,,,
07/03/2023 10:00,07/03/2023 10:00,0.45,,,,,,,,,,,
07/03/2023 11:00,07/03/2023 11:00,0.488,,,,,,,,,,,
07/03/2023 12:00,07/03/2023 12:00,0.547,,,,,,,,,,,
07/03/2023 13:00,07/03/2023 13:00,0.576,,,,,,,,,,,
07/03/2023 14:00,07/03/2023 14:00,0.556,,,,,,,,,,,
07/03/2023 15:00,07/03/2023 15:00,0.501,,,,,,,,,,,
07/03/2023 16:00,07/03/2023 16:00,0.425,,,,,,,,,,,
07/03/2023 17:00,07/03/2023 17:00,0.352,,,,,,,,,,,
07/03/2023 18:00,07/03/2023 18:00,0.282,,,,,,,,,,,
07/03/2023 19:00,07/03/2023 19:00,0.22,,,,,,,,,,,
07/03/2023 20:00,07/03/2023 20:00,0.167,,,,,,,,,,,
07/03/2023 21:00,07/03/2023 21:00,0.106,,,,,,,,,,,
07/03/2023 22:00,07/03/2023 22:00,0.049,,,,,,,,,,,
07/03/2023 23:00,07/03/2023 23:00,0.015,,,,,,,,,,,
08/03/2023 00:00,08/03/2023 00:00,0.005,,,,,,,,,,,
08/03/2023 01:00,08/03/2023 01:00,0.006,,,,,,,,,,,
08/03/2023 02:00,08/03/2023 02:00,0.037,,,,,,,,,,,
08/03/2023 03:00,08/03/2023 03:00,0.093,,,,,,,,,,,
08/03/2023 04:00,08/03/2023 04:00,0.195,,,,,,,,,,,
08/03/2023 05:00,08/03/2023 05:00,0.382,,,,,,,,,,,
08/03/2023 06:00,08/03/2023 06:00,0.563,,,,,,,,,,,
08/03/2023 07:00,08/03/2023 07:00,0.639,,,,,,,,,,,
08/03/2023 08:00,08/03/2023 08:00,0.671,,,,,,,,,,,
08/03/2023 09:00,08/03/2023 09:00,0.706,,,,,,,,,,,
08/03/2023 10:00,08/03/2023 10:00,0.704,,,,,,,,,,,
08/03/2023 11:00,08/03/2023 11:00,0.656,,,,,,,,,,,
08/03/2023 12:00,08/03/2023 12:00,0.585,,,,,,,,,,,
08/03/2023 13:00,08/03/2023 13:00,0.555,,,,,,,,,,,
08/03/2023 14:00,08/03/2023 14:00,0.552,,,,,,,,,,,
08/03/2023 15:00,08/03/2023 15:00,0.59,,,,,,,,,,,
08/03/2023 16:00,08/03/2023 16:00,0.661,,,,,,,,,,,
08/03/2023 17:00,08/03/2023 17:00,0.729,,,,,,,,,,,
08/03/2023 18:00,08/03/2023 18:00,0.772,,,,,,,,,,,
08/03/2023 19:00,08/03/2023 19:00,0.786,,,,,,,,,,,
08/03/2023 20:00,08/03/2023 20:00,0.791,,,,,,,,,,,
08/03/2023 21:00,08/03/2023 21:00,0.777,,,,,,,,,,,
08/03/2023 22:00,08/03/2023 22:00,0.714,,,,,,,,,,,
08/03/2023 23:00,08/03/2023 23:00,0.623,,,,,,,,,,,
09/03/2023 00:00,09/03/2023 00:00,0.59,,,,,,,,,,,
09/03/2023 01:00,09/03/2023 01:00,0.519,,,,,,,,,,,
09/03/2023 02:00,09/03/2023 02:00,0.442,,,,,,,,,,,
09/03/2023 03:00,09/03/2023 03:00,0.386,,,,,,,,,,,
09/03/2023 04:00,09/03/2023 04:00,0.341,,,,,,,,,,,
09/03/2023 05:00,09/03/2023 05:00,0.32,,,,,,,,,,,
09/03/2023 06:00,09/03/2023 06:00,0.325,,,,,,,,,,,
09/03/2023 07:00,09/03/2023 07:00,0.354,,,,,,,,,,,
09/03/2023 08:00,09/03/2023 08:00,0.405,,,,,,,,,,,
09/03/2023 09:00,09/03/2023 09:00,0.484,,,,,,,,,,,
09/03/2023 10:00,09/03/2023 10:00,0.56,,,,,,,,,,,
09/03/2023 11:00,09/03/2023 11:00,0.637,,,,,,,,,,,
09/03/2023 12:00,09/03/2023 12:00,0.69,,,,,,,,,,,
09/03/2023 13:00,09/03/2023 13:00,0.723,,,,,,,,,,,
09/03/2023 14:00,09/03/2023 14:00,0.754,,,,,,,,,,,
09/03/2023 15:00,09/03/2023 15:00,0.803,,,,,,,,,,,
09/03/2023 16:00,09/03/2023 16:00,0.857,,,,,,,,,,,
09/03/2023 17:00,09/03/2023 17:00,0.916,,,,,,,,,,,
09/03/2023 18:00,09/03/2023 18:00,0.955,,,,,,,,,,,
09/03/2023 19:00,09/03/2023 19:00,0.978,,,,,,,,,,,
09/03/2023 20:00,09/03/2023 20:00,0.985,,,,,,,,,,,
09/03/2023 21:00,09/03/2023 21:00,0.984,,,,,,,,,,,
09/03/2023 22:00,09/03/2023 22:00,0.975,,,,,,,,,,,
09/03/2023 23:00,09/03/2023 23:00,0.955,,,,,,,,,,,
10/03/2023 00:00,10/03/2023 00:00,0.943,,,,,,,,,,,
10/03/2023 01:00,10/03/2023 01:00,0.948,,,,,,,,,,,
10/03/2023 02:00,10/03/2023 02:00,0.957,,,,,,,,,,,
10/03/2023 03:00,10/03/2023 03:00,0.966,,,,,,,,,,,
10/03/2023 04:00,10/03/2023 04:00,0.977,,,,,,,,,,,
10/03/2023 05:00,10/03/2023 05:00,0.983,,,,,,,,,,,
10/03/2023 06:00,10/03/2023 06:00,0.986,,,,,,,,,,,
10/03/2023 07:00,10/03/2023 07:00,0.987,,,,,,,,,,,
10/03/2023 08:00,10/03/2023 08:00,0.988,,,,,,,,,,,
10/03/2023 09:00,10/03/2023 09:00,0.99,,,,,,,,,,,
10/03/2023 10:00,10/03/2023 10:00,0.99,,,,,,,,,,,
10/03/2023 11:00,10/03/2023 11:00,0.991,,,,,,,,,,,
10/03/2023 12:00,10/03/2023 12:00,0.991,,,,,,,,,,,
10/03/2023 13:00,10/03/2023 13:00,0.988,,,,,,,,,,,
10/03/2023 14:00,10/03/2023 14:00,0.978,,,,,,,,,,,
10/03/2023 15:00,10/03/2023 15:00,0.964,,,,,,,,,,,
10/03/2023 16:00,10/03/2023 16:00,0.944,,,,,,,,,,,
10/03/2023 17:00,10/03/2023 17:00,0.929,,,,,,,,,,,
10/03/2023 18:00,10/03/2023 18:00,0.903,,,,,,,,,,,
10/03/2023 19:00,10/03/2023 19:00,0.815,,,,,,,,,,,
10/03/2023 20:00,10/03/2023 20:00,0.647,,,,,,,,,,,
10/03/2023 21:00,10/03/2023 21:00,0.535,,,,,,,,,,,
10/03/2023 22:00,10/03/2023 22:00,0.466,,,,,,,,,,,
10/03/2023 23:00,10/03/2023 23:00,0.399,,,,,,,,,,,
11/03/2023 00:00,11/03/2023 00:00,0.391,,,,,,,,,,,
11/03/2023 01:00,11/03/2023 01:00,0.416,,,,,,,,,,,
11/03/2023 02:00,11/03/2023 02:00,0.42,,,,,,,,,,,
11/03/2023 03:00,11/03/2023 03:00,0.355,,,,,,,,,,,
11/03/2023 04:00,11/03/2023 04:00,0.278,,,,,,,,,,,
11/03/2023 05:00,11/03/2023 05:00,0.223,,,,,,,,,,,
11/03/2023 06:00,11/03/2023 06:00,0.184,,,,,,,,,,,
11/03/2023 07:00,11/03/2023 07:00,0.149,,,,,,,,,,,
11/03/2023 08:00,11/03/2023 08:00,0.155,,,,,,,,,,,
11/03/2023 09:00,11/03/2023 09:00,0.183,,,,,,,,,,,
11/03/2023 10:00,11/03/2023 10:00,0.197,,,,,,,,,,,
11/03/2023 11:00,11/03/2023 11:00,0.182,,,,,,,,,,,
11/03/2023 12:00,11/03/2023 12:00,0.16,,,,,,,,,,,
11/03/2023 13:00,11/03/2023 13:00,0.119,,,,,,,,,,,
11/03/2023 14:00,11/03/2023 14:00,0.074,,,,,,,,,,,
11/03/2023 15:00,11/03/2023 15:00,0.045,,,,,,,,,,,
11/03/2023 16:00,11/03/2023 16:00,0.043,,,,,,,,,,,
11/03/2023 17:00,11/03/2023 17:00,0.09,,,,,,,,,,,
11/03/2023 18:00,11/03/2023 18:00,0.18,,,,,,,,,,,
11/03/2023 19:00,11/03/2023 19:00,0.27,,,,,,,,,,,
11/03/2023 20:00,11/03/2023 20:00,0.376,,,,,,,,,,,
11/03/2023 21:00,11/03/2023 21:00,0.5,,,,,,,,,,,
11/03/2023 22:00,11/03/2023 22:00,0.623,,,,,,,,,,,
11/03/2023 23:00,11/03/2023 23:00,0.743,,,,,,,,,,,
12/03/2023 00:00,12/03/2023 00:00,0.826,,,,,,,,,,,
12/03/2023 01:00,12/03/2023 01:00,0.882,,,,,,,,,,,
12/03/2023 02:00,12/03/2023 02:00,0.9,,,,,,,,,,,
12/03/2023 03:00,12/03/2023 03:00,0.877,,,,,,,,,,,
12/03/2023 04:00,12/03/2023 04:00,0.799,,,,,,,,,,,
12/03/2023 05:00,12/03/2023 05:00,0.781,,,,,,,,,,,
12/03/2023 06:00,12/03/2023 06:00,0.855,,,,,,,,,,,
12/03/2023 07:00,12/03/2023 07:00,0.862,,,,,,,,,,,
12/03/2023 08:00,12/03/2023 08:00,0.88,,,,,,,,,,,
12/03/2023 09:00,12/03/2023 09:00,0.923,,,,,,,,,,,
12/03/2023 10:00,12/03/2023 10:00,0.925,,,,,,,,,,,
12/03/2023 11:00,12/03/2023 11:00,0.891,,,,,,,,,,,
12/03/2023 12:00,12/03/2023 12:00,0.882,,,,,,,,,,,
12/03/2023 13:00,12/03/2023 13:00,0.882,,,,,,,,,,,
12/03/2023 14:00,12/03/2023 14:00,0.887,,,,,,,,,,,
12/03/2023 15:00,12/03/2023 15:00,0.886,,,,,,,,,,,
12/03/2023 16:00,12/03/2023 16:00,0.878,,,,,,,,,,,
12/03/2023 17:00,12/03/2023 17:00,0.882,,,,,,,,,,,
12/03/2023 18:00,12/03/2023 18:00,0.913,,,,,,,,,,,
12/03/2023 19:00,12/03/2023 19:00,0.935,,,,,,,,,,,
12/03/2023 20:00,12/03/2023 20:00,0.94,,,,,,,,,,,
12/03/2023 21:00,12/03/2023 21:00,0.957,,,,,,,,,,,
12/03/2023 22:00,12/03/2023 22:00,0.955,,,,,,,,,,,
12/03/2023 23:00,12/03/2023 23:00,0.982,,,,,,,,,,,
13/03/2023 00:00,13/03/2023 00:00,0.98,,,,,,,,,,,
13/03/2023 01:00,13/03/2023 01:00,0.99,,,,,,,,,,,
13/03/2023 02:00,13/03/2023 02:00,0.99,,,,,,,,,,,
13/03/2023 03:00,13/03/2023 03:00,0.988,,,,,,,,,,,
13/03/2023 04:00,13/03/2023 04:00,0.977,,,,,,,,,,,
13/03/2023 05:00,13/03/2023 05:00,0.971,,,,,,,,,,,
13/03/2023 06:00,13/03/2023 06:00,0.972,,,,,,,,,,,
13/03/2023 07:00,13/03/2023 07:00,0.958,,,,,,,,,,,
13/03/2023 08:00,13/03/2023 08:00,0.935,,,,,,,,,,,
13/03/2023 09:00,13/03/2023 09:00,0.915,,,,,,,,,,,
13/03/2023 10:00,13/03/2023 10:00,0.901,,,,,,,,,,,
13/03/2023 11:00,13/03/2023 11:00,0.908,,,,,,,,,,,
13/03/2023 12:00,13/03/2023 12:00,0.919,,,,,,,,,,,
13/03/2023 13:00,13/03/2023 13:00,0.931,,,,,,,,,,,
13/03/2023 14:00,13/03/2023 14:00,0.952,,,,,,,,,,,
13/03/2023 15:00,13/03/2023 15:00,0.97,,,,,,,,,,,
13/03/2023 16:00,13/03/2023 16:00,0.98,,,,,,,,,,,
13/03/2023 17:00,13/03/2023 17:00,0.987,,,,,,,,,,,
13/03/2023 18:00,13/03/2023 18:00,0.991,,,,,,,,,,,
13/03/2023 19:00,13/03/2023 19:00,0.988,,,,,,,,,,,
13/03/2023 20:00,13/03/2023 20:00,0.982,,,,,,,,,,,
13/03/2023 21:00,13/03/2023 21:00,0.975,,,,,,,,,,,
13/03/2023 22:00,13/03/2023 22:00,0.97,,,,,,,,,,,
13/03/2023 23:00,13/03/2023 23:00,0.966,,,,,,,,,,,
14/03/2023 00:00,14/03/2023 00:00,0.956,,,,,,,,,,,
14/03/2023 01:00,14/03/2023 01:00,0.906,,,,,,,,,,,
14/03/2023 02:00,14/03/2023 02:00,0.861,,,,,,,,,,,
14/03/2023 03:00,14/03/2023 03:00,0.917,,,,,,,,,,,
14/03/2023 04:00,14/03/2023 04:00,0.957,,,,,,,,,,,
14/03/2023 05:00,14/03/2023 05:00,0.964,,,,,,,,,,,
14/03/2023 06:00,14/03/2023 06:00,0.962,,,,,,,,,,,
14/03/2023 07:00,14/03/2023 07:00,0.945,,,,,,,,,,,
14/03/2023 08:00,14/03/2023 08:00,0.926,,,,,,,,,,,
14/03/2023 09:00,14/03/2023 09:00,0.902,,,,,,,,,,,
14/03/2023 10:00,14/03/2023 10:00,0.861,,,,,,,,,,,
14/03/2023 11:00,14/03/2023 11:00,0.844,,,,,,,,,,,
14/03/2023 12:00,14/03/2023 12:00,0.858,,,,,,,,,,,
14/03/2023 13:00,14/03/2023 13:00,0.876,,,,,,,,,,,
14/03/2023 14:00,14/03/2023 14:00,0.885,,,,,,,,,,,
14/03/2023 15:00,14/03/2023 15:00,0.877,,,,,,,,,,,
14/03/2023 16:00,14/03/2023 16:00,0.842,,,,,,,,,,,
14/03/2023 17:00,14/03/2023 17:00,0.773,,,,,,,,,,,
14/03/2023 18:00,14/03/2023 18:00,0.728,,,,,,,,,,,
14/03/2023 19:00,14/03/2023 19:00,0.737,,,,,,,,,,,
14/03/2023 20:00,14/03/2023 20:00,0.701,,,,,,,,,,,
14/03/2023 21:00,14/03/2023 21:00,0.666,,,,,,,,,,,
14/03/2023 22:00,14/03/2023 22:00,0.627,,,,,,,,,,,
14/03/2023 23:00,14/03/2023 23:00,0.577,,,,,,,,,,,
15/03/2023 00:00,15/03/2023 00:00,0.501,,,,,,,,,,,
15/03/2023 01:00,15/03/2023 01:00,0.402,,,,,,,,,,,
15/03/2023 02:00,15/03/2023 02:00,0.294,,,,,,,,,,,
15/03/2023 03:00,15/03/2023 03:00,0.21,,,,,,,,,,,
15/03/2023 04:00,15/03/2023 04:00,0.157,,,,,,,,,,,
15/03/2023 05:00,15/03/2023 05:00,0.119,,,,,,,,,,,
15/03/2023 06:00,15/03/2023 06:00,0.069,,,,,,,,,,,
15/03/2023 07:00,15/03/2023 07:00,0.04,,,,,,,,,,,
15/03/2023 08:00,15/03/2023 08:00,0.054,,,,,,,,,,,
15/03/2023 09:00,15/03/2023 09:00,0.132,,,,,,,,,,,
15/03/2023 10:00,15/03/2023 10:00,0.253,,,,,,,,,,,
15/03/2023 11:00,15/03/2023 11:00,0.395,,,,,,,,,,,
15/03/2023 12:00,15/03/2023 12:00,0.518,,,,,,,,,,,
15/03/2023 13:00,15/03/2023 13:00,0.605,,,,,,,,,,,
15/03/2023 14:00,15/03/2023 14:00,0.637,,,,,,,,,,,
15/03/2023 15:00,15/03/2023 15:00,0.628,,,,,,,,,,,
15/03/2023 16:00,15/03/2023 16:00,0.605,,,,,,,,,,,
15/03/2023 17:00,15/03/2023 17:00,0.599,,,,,,,,,,,
15/03/2023 18:00,15/03/2023 18:00,0.601,,,,,,,,,,,
15/03/2023 19:00,15/03/2023 19:00,0.63,,,,,,,,,,,
15/03/2023 20:00,15/03/2023 20:00,0.697,,,,,,,,,,,
15/03/2023 21:00,15/03/2023 21:00,0.748,,,,,,,,,,,
15/03/2023 22:00,15/03/2023 22:00,0.82,,,,,,,,,,,
15/03/2023 23:00,15/03/2023 23:00,0.885,,,,,,,,,,,
16/03/2023 00:00,16/03/2023 00:00,0.927,,,,,,,,,,,
16/03/2023 01:00,16/03/2023 01:00,0.954,,,,,,,,,,,
16/03/2023 02:00,16/03/2023 02:00,0.959,,,,,,,,,,,
16/03/2023 03:00,16/03/2023 03:00,0.961,,,,,,,,,,,
16/03/2023 04:00,16/03/2023 04:00,0.964,,,,,,,,,,,
16/03/2023 05:00,16/03/2023 05:00,0.958,,,,,,,,,,,
16/03/2023 06:00,16/03/2023 06:00,0.959,,,,,,,,,,,
16/03/2023 07:00,16/03/2023 07:00,0.953,,,,,,,,,,,
16/03/2023 08:00,16/03/2023 08:00,0.941,,,,,,,,,,,
16/03/2023 09:00,16/03/2023 09:00,0.936,,,,,,,,,,,
16/03/2023 10:00,16/03/2023 10:00,0.935,,,,,,,,,,,
16/03/2023 11:00,16/03/2023 11:00,0.934,,,,,,,,,,,
16/03/2023 12:00,16/03/2023 12:00,0.92,,,,,,,,,,,
16/03/2023 13:00,16/03/2023 13:00,0.914,,,,,,,,,,,
16/03/2023 14:00,16/03/2023 14:00,0.923,,,,,,,,,,,
16/03/2023 15:00,16/03/2023 15:00,0.914,,,,,,,,,,,
16/03/2023 16:00,16/03/2023 16:00,0.913,,,,,,,,,,,
16/03/2023 17:00,16/03/2023 17:00,0.919,,,,,,,,,,,
16/03/2023 18:00,16/03/2023 18:00,0.896,,,,,,,,,,,
16/03/2023 19:00,16/03/2023 19:00,0.906,,,,,,,,,,,
16/03/2023 20:00,16/03/2023 20:00,0.939,,,,,,,,,,,
16/03/2023 21:00,16/03/2023 21:00,0.93,,,,,,,,,,,
16/03/2023 22:00,16/03/2023 22:00,0.921,,,,,,,,,,,
16/03/2023 23:00,16/03/2023 23:00,0.903,,,,,,,,,,,
17/03/2023 00:00,17/03/2023 00:00,0.872,,,,,,,,,,,
17/03/2023 01:00,17/03/2023 01:00,0.832,,,,,,,,,,,
17/03/2023 02:00,17/03/2023 02:00,0.788,,,,,,,,,,,
17/03/2023 03:00,17/03/2023 03:00,0.744,,,,,,,,,,,
17/03/2023 04:00,17/03/2023 04:00,0.702,,,,,,,,,,,
17/03/2023 05:00,17/03/2023 05:00,0.644,,,,,,,,,,,
17/03/2023 06:00,17/03/2023 06:00,0.603,,,,,,,,,,,
17/03/2023 07:00,17/03/2023 07:00,0.571,,,,,,,,,,,
17/03/2023 08:00,17/03/2023 08:00,0.534,,,,,,,,,,,
17/03/2023 09:00,17/03/2023 09:00,0.542,,,,,,,,,,,
17/03/2023 10:00,17/03/2023 10:00,0.619,,,,,,,,,,,
17/03/2023 11:00,17/03/2023 11:00,0.663,,,,,,,,,,,
17/03/2023 12:00,17/03/2023 12:00,0.68,,,,,,,,,,,
17/03/2023 13:00,17/03/2023 13:00,0.656,,,,,,,,,,,
17/03/2023 14:00,17/03/2023 14:00,0.585,,,,,,,,,,,
17/03/2023 15:00,17/03/2023 15:00,0.539,,,,,,,,,,,
17/03/2023 16:00,17/03/2023 16:00,0.556,,,,,,,,,,,
17/03/2023 17:00,17/03/2023 17:00,0.615,,,,,,,,,,,
17/03/2023 18:00,17/03/2023 18:00,0.642,,,,,,,,,,,
17/03/2023 19:00,17/03/2023 19:00,0.65,,,,,,,,,,,
17/03/2023 20:00,17/03/2023 20:00,0.656,,,,,,,,,,,
17/03/2023 21:00,17/03/2023 21:00,0.672,,,,,,,,,,,
17/03/2023 22:00,17/03/2023 22:00,0.69,,,,,,,,,,,
17/03/2023 23:00,17/03/2023 23:00,0.692,,,,,,,,,,,
18/03/2023 00:00,18/03/2023 00:00,0.692,,,,,,,,,,,
18/03/2023 01:00,18/03/2023 01:00,0.692,,,,,,,,,,,
18/03/2023 02:00,18/03/2023 02:00,0.663,,,,,,,,,,,
18/03/2023 03:00,18/03/2023 03:00,0.624,,,,,,,,,,,
18/03/2023 04:00,18/03/2023 04:00,0.581,,,,,,,,,,,
18/03/2023 05:00,18/03/2023 05:00,0.564,,,,,,,,,,,
18/03/2023 06:00,18/03/2023 06:00,0.58,,,,,,,,,,,
18/03/2023 07:00,18/03/2023 07:00,0.603,,,,,,,,,,,
18/03/2023 08:00,18/03/2023 08:00,0.615,,,,,,,,,,,
18/03/2023 09:00,18/03/2023 09:00,0.629,,,,,,,,,,,
18/03/2023 10:00,18/03/2023 10:00,0.648,,,,,,,,,,,
18/03/2023 11:00,18/03/2023 11:00,0.666,,,,,,,,,,,
18/03/2023 12:00,18/03/2023 12:00,0.669,,,,,,,,,,,
18/03/2023 13:00,18/03/2023 13:00,0.681,,,,,,,,,,,
18/03/2023 14:00,18/03/2023 14:00,0.686,,,,,,,,,,,
18/03/2023 15:00,18/03/2023 15:00,0.633,,,,,,,,,,,
18/03/2023 16:00,18/03/2023 16:00,0.576,,,,,,,,,,,
18/03/2023 17:00,18/03/2023 17:00,0.563,,,,,,,,,,,
18/03/2023 18:00,18/03/2023 18:00,0.546,,,,,,,,,,,
18/03/2023 19:00,18/03/2023 19:00,0.536,,,,,,,,,,,
18/03/2023 20:00,18/03/2023 20:00,0.538,,,,,,,,,,,
18/03/2023 21:00,18/03/2023 21:00,0.571,,,,,,,,,,,
18/03/2023 22:00,18/03/2023 22:00,0.605,,,,,,,,,,,
18/03/2023 23:00,18/03/2023 23:00,0.61,,,,,,,,,,,
19/03/2023 00:00,19/03/2023 00:00,0.593,,,,,,,,,,,
19/03/2023 01:00,19/03/2023 01:00,0.578,,,,,,,,,,,
19/03/2023 02:00,19/03/2023 02:00,0.565,,,,,,,,,,,
19/03/2023 03:00,19/03/2023 03:00,0.569,,,,,,,,,,,
19/03/2023 04:00,19/03/2023 04:00,0.577,,,,,,,,,,,
19/03/2023 05:00,19/03/2023 05:00,0.569,,,,,,,,,,,
19/03/2023 06:00,19/03/2023 06:00,0.541,,,,,,,,,,,
19/03/2023 07:00,19/03/2023 07:00,0.554,,,,,,,,,,,
19/03/2023 08:00,19/03/2023 08:00,0.562,,,,,,,,,,,
19/03/2023 09:00,19/03/2023 09:00,0.516,,,,,,,,,,,
19/03/2023 10:00,19/03/2023 10:00,0.437,,,,,,,,,,,
19/03/2023 11:00,19/03/2023 11:00,0.382,,,,,,,,,,,
19/03/2023 12:00,19/03/2023 12:00,0.379,,,,,,,,,,,
19/03/2023 13:00,19/03/2023 13:00,0.363,,,,,,,,,,,
19/03/2023 14:00,19/03/2023 14:00,0.252,,,,,,,,,,,
19/03/2023 15:00,19/03/2023 15:00,0.156,,,,,,,,,,,
19/03/2023 16:00,19/03/2023 16:00,0.16,,,,,,,,,,,
19/03/2023 17:00,19/03/2023 17:00,0.233,,,,,,,,,,,
19/03/2023 18:00,19/03/2023 18:00,0.297,,,,,,,,,,,
19/03/2023 19:00,19/03/2023 19:00,0.41,,,,,,,,,,,
19/03/2023 20:00,19/03/2023 20:00,0.578,,,,,,,,,,,
19/03/2023 21:00,19/03/2023 21:00,0.672,,,,,,,,,,,
19/03/2023 22:00,19/03/2023 22:00,0.69,,,,,,,,,,,
19/03/2023 23:00,19/03/2023 23:00,0.692,,,,,,,,,,,
20/03/2023 00:00,20/03/2023 00:00,0.684,,,,,,,,,,,
20/03/2023 01:00,20/03/2023 01:00,0.668,,,,,,,,,,,
20/03/2023 02:00,20/03/2023 02:00,0.64,,,,,,,,,,,
20/03/2023 03:00,20/03/2023 03:00,0.599,,,,,,,,,,,
20/03/2023 04:00,20/03/2023 04:00,0.59,,,,,,,,,,,
20/03/2023 05:00,20/03/2023 05:00,0.636,,,,,,,,,,,
20/03/2023 06:00,20/03/2023 06:00,0.7,,,,,,,,,,,
20/03/2023 07:00,20/03/2023 07:00,0.751,,,,,,,,,,,
20/03/2023 08:00,20/03/2023 08:00,0.772,,,,,,,,,,,
20/03/2023 09:00,20/03/2023 09:00,0.757,,,,,,,,,,,
20/03/2023 10:00,20/03/2023 10:00,0.746,,,,,,,,,,,
20/03/2023 11:00,20/03/2023 11:00,0.723,,,,,,,,,,,
20/03/2023 12:00,20/03/2023 12:00,0.705,,,,,,,,,,,
20/03/2023 13:00,20/03/2023 13:00,0.666,,,,,,,,,,,
20/03/2023 14:00,20/03/2023 14:00,0.614,,,,,,,,,,,
20/03/2023 15:00,20/03/2023 15:00,0.565,,,,,,,,,,,
20/03/2023 16:00,20/03/2023 16:00,0.539,,,,,,,,,,,
20/03/2023 17:00,20/03/2023 17:00,0.6,,,,,,,,,,,
20/03/2023 18:00,20/03/2023 18:00,0.679,,,,,,,,,,,
20/03/2023 19:00,20/03/2023 19:00,0.737,,,,,,,,,,,
20/03/2023 20:00,20/03/2023 20:00,0.754,,,,,,,,,,,
20/03/2023 21:00,20/03/2023 21:00,0.762,,,,,,,,,,,
20/03/2023 22:00,20/03/2023 22:00,0.76,,,,,,,,,,,
20/03/2023 23:00,20/03/2023 23:00,0.766,,,,,,,,,,,
21/03/2023 00:00,21/03/2023 00:00,0.78,,,,,,,,,,,
21/03/2023 01:00,21/03/2023 01:00,0.809,,,,,,,,,,,
21/03/2023 02:00,21/03/2023 02:00,0.802,,,,,,,,,,,
21/03/2023 03:00,21/03/2023 03:00,0.768,,,,,,,,,,,
21/03/2023 04:00,21/03/2023 04:00,0.786,,,,,,,,,,,
21/03/2023 05:00,21/03/2023 05:00,0.821,,,,,,,,,,,
21/03/2023 06:00,21/03/2023 06:00,0.832,,,,,,,,,,,
21/03/2023 07:00,21/03/2023 07:00,0.846,,,,,,,,,,,
21/03/2023 08:00,21/03/2023 08:00,0.852,,,,,,,,,,,
21/03/2023 09:00,21/03/2023 09:00,0.871,,,,,,,,,,,
21/03/2023 10:00,21/03/2023 10:00,0.894,,,,,,,,,,,
21/03/2023 11:00,21/03/2023 11:00,0.907,,,,,,,,,,,
21/03/2023 12:00,21/03/2023 12:00,0.909,,,,,,,,,,,
21/03/2023 13:00,21/03/2023 13:00,0.923,,,,,,,,,,,
21/03/2023 14:00,21/03/2023 14:00,0.934,,,,,,,,,,,
21/03/2023 15:00,21/03/2023 15:00,0.943,,,,,,,,,,,
21/03/2023 16:00,21/03/2023 16:00,0.946,,,,,,,,,,,
21/03/2023 17:00,21/03/2023 17:00,0.952,,,,,,,,,,,
21/03/2023 18:00,21/03/2023 18:00,0.953,,,,,,,,,,,
21/03/2023 19:00,21/03/2023 19:00,0.934,,,,,,,,,,,
21/03/2023 20:00,21/03/2023 20:00,0.911,,,,,,,,,,,
21/03/2023 21:00,21/03/2023 21:00,0.91,,,,,,,,,,,
21/03/2023 22:00,21/03/2023 22:00,0.913,,,,,,,,,,,
21/03/2023 23:00,21/03/2023 23:00,0.924,,,,,,,,,,,
22/03/2023 00:00,22/03/2023 00:00,0.942,,,,,,,,,,,
22/03/2023 01:00,22/03/2023 01:00,0.948,,,,,,,,,,,
22/03/2023 02:00,22/03/2023 02:00,0.96,,,,,,,,,,,
22/03/2023 03:00,22/03/2023 03:00,0.971,,,,,,,,,,,
22/03/2023 04:00,22/03/2023 04:00,0.977,,,,,,,,,,,
22/03/2023 05:00,22/03/2023 05:00,0.98,,,,,,,,,,,
22/03/2023 06:00,22/03/2023 06:00,0.982,,,,,,,,,,,
22/03/2023 07:00,22/03/2023 07:00,0.991,,,,,,,,,,,
22/03/2023 08:00,22/03/2023 08:00,0.991,,,,,,,,,,,
22/03/2023 09:00,22/03/2023 09:00,0.988,,,,,,,,,,,
22/03/2023 10:00,22/03/2023 10:00,0.978,,,,,,,,,,,
22/03/2023 11:00,22/03/2023 11:00,0.972,,,,,,,,,,,
22/03/2023 12:00,22/03/2023 12:00,0.953,,,,,,,,,,,
22/03/2023 13:00,22/03/2023 13:00,0.936,,,,,,,,,,,
22/03/2023 14:00,22/03/2023 14:00,0.93,,,,,,,,,,,
22/03/2023 15:00,22/03/2023 15:00,0.926,,,,,,,,,,,
22/03/2023 16:00,22/03/2023 16:00,0.927,,,,,,,,,,,
22/03/2023 17:00,22/03/2023 17:00,0.931,,,,,,,,,,,
22/03/2023 18:00,22/03/2023 18:00,0.934,,,,,,,,,,,
22/03/2023 19:00,22/03/2023 19:00,0.93,,,,,,,,,,,
22/03/2023 20:00,22/03/2023 20:00,0.927,,,,,,,,,,,
22/03/2023 21:00,22/03/2023 21:00,0.936,,,,,,,,,,,
22/03/2023 22:00,22/03/2023 22:00,0.959,,,,,,,,,,,
22/03/2023 23:00,22/03/2023 23:00,0.97,,,,,,,,,,,
23/03/2023 00:00,23/03/2023 00:00,0.972,,,,,,,,,,,
23/03/2023 01:00,23/03/2023 01:00,0.984,,,,,,,,,,,
23/03/2023 02:00,23/03/2023 02:00,0.982,,,,,,,,,,,
23/03/2023 03:00,23/03/2023 03:00,0.975,,,,,,,,,,,
23/03/2023 04:00,23/03/2023 04:00,0.965,,,,,,,,,,,
23/03/2023 05:00,23/03/2023 05:00,0.945,,,,,,,,,,,
23/03/2023 06:00,23/03/2023 06:00,0.922,,,,,,,,,,,
23/03/2023 07:00,23/03/2023 07:00,0.901,,,,,,,,,,,
23/03/2023 08:00,23/03/2023 08:00,0.906,,,,,,,,,,,
23/03/2023 09:00,23/03/2023 09:00,0.918,,,,,,,,,,,
23/03/2023 10:00,23/03/2023 10:00,0.934,,,,,,,,,,,
23/03/2023 11:00,23/03/2023 11:00,0.947,,,,,,,,,,,
23/03/2023 12:00,23/03/2023 12:00,0.952,,,,,,,,,,,
23/03/2023 13:00,23/03/2023 13:00,0.96,,,,,,,,,,,
23/03/2023 14:00,23/03/2023 14:00,0.973,,,,,,,,,,,
23/03/2023 15:00,23/03/2023 15:00,0.967,,,,,,,,,,,
23/03/2023 16:00,23/03/2023 16:00,0.958,,,,,,,,,,,
23/03/2023 17:00,23/03/2023 17:00,0.959,,,,,,,,,,,
23/03/2023 18:00,23/03/2023 18:00,0.957,,,,,,,,,,,
23/03/2023 19:00,23/03/2023 19:00,0.961,,,,,,,,,,,
23/03/2023 20:00,23/03/2023 20:00,0.961,,,,,,,,,,,
23/03/2023 21:00,23/03/2023 21:00,0.961,,,,,,,,,,,
23/03/2023 22:00,23/03/2023 22:00,0.958,,,,,,,,,,,
23/03/2023 23:00,23/03/2023 23:00,0.94,,,,,,,,,,,
24/03/2023 00:00,24/03/2023 00:00,0.925,,,,,,,,,,,
24/03/2023 01:00,24/03/2023 01:00,0.914,,,,,,,,,,,
24/03/2023 02:00,24/03/2023 02:00,0.896,,,,,,,,,,,
24/03/2023 03:00,24/03/2023 03:00,0.861,,,,,,,,,,,
24/03/2023 04:00,24/03/2023 04:00,0.893,,,,,,,,,,,
24/03/2023 05:00,24/03/2023 05:00,0.919,,,,,,,,,,,
24/03/2023 06:00,24/03/2023 06:00,0.927,,,,,,,,,,,
24/03/2023 07:00,24/03/2023 07:00,0.92,,,,,,,,,,,
24/03/2023 08:00,24/03/2023 08:00,0.915,,,,,,,,,,,
24/03/2023 09:00,24/03/2023 09:00,0.91,,,,,,,,,,,
24/03/2023 10:00,24/03/2023 10:00,0.917,,,,,,,,,,,
24/03/2023 11:00,24/03/2023 11:00,0.921,,,,,,,,,,,
24/03/2023 12:00,24/03/2023 12:00,0.931,,,,,,,,,,,
24/03/2023 13:00,24/03/2023 13:00,0.944,,,,,,,,,,,
24/03/2023 14:00,24/03/2023 14:00,0.947,,,,,,,,,,,
24/03/2023 15:00,24/03/2023 15:00,0.942,,,,,,,,,,,
24/03/2023 16:00,24/03/2023 16:00,0.93,,,,,,,,,,,
24/03/2023 17:00,24/03/2023 17:00,0.926,,,,,,,,,,,
24/03/2023 18:00,24/03/2023 18:00,0.925,,,,,,,,,,,
24/03/2023 19:00,24/03/2023 19:00,0.917,,,,,,,,,,,
24/03/2023 20:00,24/03/2023 20:00,0.918,,,,,,,,,,,
24/03/2023 21:00,24/03/2023 21:00,0.921,,,,,,,,,,,
24/03/2023 22:00,24/03/2023 22:00,0.924,,,,,,,,,,,
24/03/2023 23:00,24/03/2023 23:00,0.926,,,,,,,,,,,
25/03/2023 00:00,25/03/2023 00:00,0.936,,,,,,,,,,,
25/03/2023 01:00,25/03/2023 01:00,0.952,,,,,,,,,,,
25/03/2023 02:00,25/03/2023 02:00,0.954,,,,,,,,,,,
25/03/2023 03:00,25/03/2023 03:00,0.962,,,,,,,,,,,
25/03/2023 04:00,25/03/2023 04:00,0.975,,,,,,,,,,,
25/03/2023 05:00,25/03/2023 05:00,0.981,,,,,,,,,,,
25/03/2023 06:00,25/03/2023 06:00,0.985,,,,,,,,,,,
25/03/2023 07:00,25/03/2023 07:00,0.986,,,,,,,,,,,
25/03/2023 08:00,25/03/2023 08:00,0.986,,,,,,,,,,,
25/03/2023 09:00,25/03/2023 09:00,0.987,,,,,,,,,,,
25/03/2023 10:00,25/03/2023 10:00,0.987,,,,,,,,,,,
25/03/2023 11:00,25/03/2023 11:00,0.984,,,,,,,,,,,
25/03/2023 12:00,25/03/2023 12:00,0.976,,,,,,,,,,,
25/03/2023 13:00,25/03/2023 13:00,0.96,,,,,,,,,,,
25/03/2023 14:00,25/03/2023 14:00,0.936,,,,,,,,,,,
25/03/2023 15:00,25/03/2023 15:00,0.9,,,,,,,,,,,
25/03/2023 16:00,25/03/2023 16:00,0.821,,,,,,,,,,,
25/03/2023 17:00,25/03/2023 17:00,0.649,,,,,,,,,,,
25/03/2023 18:00,25/03/2023 18:00,0.423,,,,,,,,,,,
25/03/2023 19:00,25/03/2023 19:00,0.212,,,,,,,,,,,
25/03/2023 20:00,25/03/2023 20:00,0.084,,,,,,,,,,,
25/03/2023 21:00,25/03/2023 21:00,0.041,,,,,,,,,,,
25/03/2023 22:00,25/03/2023 22:00,0.026,,,,,,,,,,,
25/03/2023 23:00,25/03/2023 23:00,0.027,,,,,,,,,,,
26/03/2023 00:00,26/03/2023 00:00,0.062,,,,,,,,,,,
26/03/2023 01:00,26/03/2023 01:00,0.137,,,,,,,,,,,
26/03/2023 02:00,26/03/2023 02:00,0.245,,,,,,,,,,,
26/03/2023 03:00,26/03/2023 03:00,0.376,,,,,,,,,,,
26/03/2023 04:00,26/03/2023 04:00,0.503,,,,,,,,,,,
26/03/2023 05:00,26/03/2023 05:00,0.618,,,,,,,,,,,
26/03/2023 06:00,26/03/2023 06:00,0.711,,,,,,,,,,,
26/03/2023 07:00,26/03/2023 07:00,0.763,,,,,,,,,,,
26/03/2023 08:00,26/03/2023 08:00,0.793,,,,,,,,,,,
26/03/2023 09:00,26/03/2023 09:00,0.802,,,,,,,,,,,
26/03/2023 10:00,26/03/2023 10:00,0.806,,,,,,,,,,,
26/03/2023 11:00,26/03/2023 11:00,0.8,,,,,,,,,,,
26/03/2023 12:00,26/03/2023 12:00,0.796,,,,,,,,,,,
26/03/2023 13:00,26/03/2023 13:00,0.796,,,,,,,,,,,
26/03/2023 14:00,26/03/2023 14:00,0.793,,,,,,,,,,,
26/03/2023 15:00,26/03/2023 15:00,0.793,,,,,,,,,,,
26/03/2023 16:00,26/03/2023 16:00,0.791,,,,,,,,,,,
26/03/2023 17:00,26/03/2023 17:00,0.786,,,,,,,,,,,
26/03/2023 18:00,26/03/2023 18:00,0.779,,,,,,,,,,,
26/03/2023 19:00,26/03/2023 19:00,0.775,,,,,,,,,,,
26/03/2023 20:00,26/03/2023 20:00,0.786,,,,,,,,,,,
26/03/2023 21:00,26/03/2023 21:00,0.8,,,,,,,,,,,
26/03/2023 22:00,26/03/2023 22:00,0.808,,,,,,,,,,,
26/03/2023 23:00,26/03/2023 23:00,0.8,,,,,,,,,,,
27/03/2023 00:00,27/03/2023 00:00,0.791,,,,,,,,,,,
27/03/2023 01:00,27/03/2023 01:00,0.791,,,,,,,,,,,
27/03/2023 02:00,27/03/2023 02:00,0.793,,,,,,,,,,,
27/03/2023 03:00,27/03/2023 03:00,0.799,,,,,,,,,,,
27/03/2023 04:00,27/03/2023 04:00,0.808,,,,,,,,,,,
27/03/2023 05:00,27/03/2023 05:00,0.819,,,,,,,,,,,
27/03/2023 06:00,27/03/2023 06:00,0.811,,,,,,,,,,,
27/03/2023 07:00,27/03/2023 07:00,0.798,,,,,,,,,,,
27/03/2023 08:00,27/03/2023 08:00,0.789,,,,,,,,,,,
27/03/2023 09:00,27/03/2023 09:00,0.759,,,,,,,,,,,
27/03/2023 10:00,27/03/2023 10:00,0.712,,,,,,,,,,,
27/03/2023 11:00,27/03/2023 11:00,0.653,,,,,,,,,,,
27/03/2023 12:00,27/03/2023 12:00,0.599,,,,,,,,,,,
27/03/2023 13:00,27/03/2023 13:00,0.556,,,,,,,,,,,
27/03/2023 14:00,27/03/2023 14:00,0.515,,,,,,,,,,,
27/03/2023 15:00,27/03/2023 15:00,0.447,,,,,,,,,,,
27/03/2023 16:00,27/03/2023 16:00,0.348,,,,,,,,,,,
27/03/2023 17:00,27/03/2023 17:00,0.236,,,,,,,,,,,
27/03/2023 18:00,27/03/2023 18:00,0.13,,,,,,,,,,,
27/03/2023 19:00,27/03/2023 19:00,0.054,,,,,,,,,,,
27/03/2023 20:00,27/03/2023 20:00,0.015,,,,,,,,,,,
27/03/2023 21:00,27/03/2023 21:00,0.025,,,,,,,,,,,
27/03/2023 22:00,27/03/2023 22:00,0.072,,,,,,,,,,,
27/03/2023 23:00,27/03/2023 23:00,0.167,,,,,,,,,,,
28/03/2023 00:00,28/03/2023 00:00,0.281,,,,,,,,,,,
28/03/2023 01:00,28/03/2023 01:00,0.393,,,,,,,,,,,
28/03/2023 02:00,28/03/2023 02:00,0.484,,,,,,,,,,,
28/03/2023 03:00,28/03/2023 03:00,0.544,,,,,,,,,,,
28/03/2023 04:00,28/03/2023 04:00,0.597,,,,,,,,,,,
28/03/2023 05:00,28/03/2023 05:00,0.671,,,,,,,,,,,
28/03/2023 06:00,28/03/2023 06:00,0.755,,,,,,,,,,,
28/03/2023 07:00,28/03/2023 07:00,0.837,,,,,,,,,,,
28/03/2023 08:00,28/03/2023 08:00,0.888,,,,,,,,,,,
28/03/2023 09:00,28/03/2023 09:00,0.898,,,,,,,,,,,
28/03/2023 10:00,28/03/2023 10:00,0.89,,,,,,,,,,,
28/03/2023 11:00,28/03/2023 11:00,0.891,,,,,,,,,,,
28/03/2023 12:00,28/03/2023 12:00,0.898,,,,,,,,,,,
28/03/2023 13:00,28/03/2023 13:00,0.905,,,,,,,,,,,
28/03/2023 14:00,28/03/2023 14:00,0.909,,,,,,,,,,,
28/03/2023 15:00,28/03/2023 15:00,0.9,,,,,,,,,,,
28/03/2023 16:00,28/03/2023 16:00,0.896,,,,,,,,,,,
28/03/2023 17:00,28/03/2023 17:00,0.917,,,,,,,,,,,
28/03/2023 18:00,28/03/2023 18:00,0.915,,,,,,,,,,,
28/03/2023 19:00,28/03/2023 19:00,0.914,,,,,,,,,,,
28/03/2023 20:00,28/03/2023 20:00,0.917,,,,,,,,,,,
28/03/2023 21:00,28/03/2023 21:00,0.893,,,,,,,,,,,
28/03/2023 22:00,28/03/2023 22:00,0.827,,,,,,,,,,,
28/03/2023 23:00,28/03/2023 23:00,0.774,,,,,,,,,,,
29/03/2023 00:00,29/03/2023 00:00,0.697,,,,,,,,,,,
29/03/2023 01:00,29/03/2023 01:00,0.68,,,,,,,,,,,
29/03/2023 02:00,29/03/2023 02:00,0.675,,,,,,,,,,,
29/03/2023 03:00,29/03/2023 03:00,0.637,,,,,,,,,,,
29/03/2023 04:00,29/03/2023 04:00,0.566,,,,,,,,,,,
29/03/2023 05:00,29/03/2023 05:00,0.482,,,,,,,,,,,
29/03/2023 06:00,29/03/2023 06:00,0.469,,,,,,,,,,,
29/03/2023 07:00,29/03/2023 07:00,0.491,,,,,,,,,,,
29/03/2023 08:00,29/03/2023 08:00,0.532,,,,,,,,,,,
29/03/2023 09:00,29/03/2023 09:00,0.589,,,,,,,,,,,
29/03/2023 10:00,29/03/2023 10:00,0.668,,,,,,,,,,,
29/03/2023 11:00,29/03/2023 11:00,0.75,,,,,,,,,,,
29/03/2023 12:00,29/03/2023 12:00,0.785,,,,,,,,,,,
29/03/2023 13:00,29/03/2023 13:00,0.825,,,,,,,,,,,
29/03/2023 14:00,29/03/2023 14:00,0.856,,,,,,,,,,,
29/03/2023 15:00,29/03/2023 15:00,0.891,,,,,,,,,,,
29/03/2023 16:00,29/03/2023 16:00,0.916,,,,,,,,,,,
29/03/2023 17:00,29/03/2023 17:00,0.924,,,,,,,,,,,
29/03/2023 18:00,29/03/2023 18:00,0.927,,,,,,,,,,,
29/03/2023 19:00,29/03/2023 19:00,0.942,,,,,,,,,,,
29/03/2023 20:00,29/03/2023 20:00,0.965,,,,,,,,,,,
29/03/2023 21:00,29/03/2023 21:00,0.968,,,,,,,,,,,
29/03/2023 22:00,29/03/2023 22:00,0.96,,,,,,,,,,,
29/03/2023 23:00,29/03/2023 23:00,0.97,,,,,,,,,,,
30/03/2023 00:00,30/03/2023 00:00,0.958,,,,,,,,,,,
30/03/2023 01:00,30/03/2023 01:00,0.955,,,,,,,,,,,
30/03/2023 02:00,30/03/2023 02:00,0.953,,,,,,,,,,,
30/03/2023 03:00,30/03/2023 03:00,0.946,,,,,,,,,,,
30/03/2023 04:00,30/03/2023 04:00,0.937,,,,,,,,,,,
30/03/2023 05:00,30/03/2023 05:00,0.937,,,,,,,,,,,
30/03/2023 06:00,30/03/2023 06:00,0.951,,,,,,,,,,,
30/03/2023 07:00,30/03/2023 07:00,0.964,,,,,,,,,,,
30/03/2023 08:00,30/03/2023 08:00,0.97,,,,,,,,,,,
30/03/2023 09:00,30/03/2023 09:00,0.969,,,,,,,,,,,
30/03/2023 10:00,30/03/2023 10:00,0.96,,,,,,,,,,,
30/03/2023 11:00,30/03/2023 11:00,0.952,,,,,,,,,,,
30/03/2023 12:00,30/03/2023 12:00,0.94,,,,,,,,,,,
30/03/2023 13:00,30/03/2023 13:00,0.935,,,,,,,,,,,
30/03/2023 14:00,30/03/2023 14:00,0.934,,,,,,,,,,,
30/03/2023 15:00,30/03/2023 15:00,0.925,,,,,,,,,,,
30/03/2023 16:00,30/03/2023 16:00,0.906,,,,,,,,,,,
30/03/2023 17:00,30/03/2023 17:00,0.899,,,,,,,,,,,
30/03/2023 18:00,30/03/2023 18:00,0.898,,,,,,,,,,,
30/03/2023 19:00,30/03/2023 19:00,0.884,,,,,,,,,,,
30/03/2023 20:00,30/03/2023 20:00,0.856,,,,,,,,,,,
30/03/2023 21:00,30/03/2023 21:00,0.856,,,,,,,,,,,
30/03/2023 22:00,30/03/2023 22:00,0.865,,,,,,,,,,,
30/03/2023 23:00,30/03/2023 23:00,0.843,,,,,,,,,,,
31/03/2023 00:00,31/03/2023 00:00,0.868,,,,,,,,,,,
31/03/2023 01:00,31/03/2023 01:00,0.907,,,,,,,,,,,
31/03/2023 02:00,31/03/2023 02:00,0.905,,,,,,,,,,,
31/03/2023 03:00,31/03/2023 03:00,0.927,,,,,,,,,,,
31/03/2023 04:00,31/03/2023 04:00,0.93,,,,,,,,,,,
31/03/2023 05:00,31/03/2023 05:00,0.927,,,,,,,,,,,
31/03/2023 06:00,31/03/2023 06:00,0.929,,,,,,,,,,,
31/03/2023 07:00,31/03/2023 07:00,0.909,,,,,,,,,,,
31/03/2023 08:00,31/03/2023 08:00,0.885,,,,,,,,,,,
31/03/2023 09:00,31/03/2023 09:00,0.836,,,,,,,,,,,
31/03/2023 10:00,31/03/2023 10:00,0.763,,,,,,,,,,,
31/03/2023 11:00,31/03/2023 11:00,0.684,,,,,,,,,,,
31/03/2023 12:00,31/03/2023 12:00,0.542,,,,,,,,,,,
31/03/2023 13:00,31/03/2023 13:00,0.359,,,,,,,,,,,
31/03/2023 14:00,31/03/2023 14:00,0.223,,,,,,,,,,,
31/03/2023 15:00,31/03/2023 15:00,0.164,,,,,,,,,,,
31/03/2023 16:00,31/03/2023 16:00,0.193,,,,,,,,,,,
31/03/2023 17:00,31/03/2023 17:00,0.323,,,,,,,,,,,
31/03/2023 18:00,31/03/2023 18:00,0.504,,,,,,,,,,,
31/03/2023 19:00,31/03/2023 19:00,0.649,,,,,,,,,,,
31/03/2023 20:00,31/03/2023 20:00,0.71,,,,,,,,,,,
31/03/2023 21:00,31/03/2023 21:00,0.757,,,,,,,,,,,
31/03/2023 22:00,31/03/2023 22:00,0.786,,,,,,,,,,,
31/03/2023 23:00,31/03/2023 23:00,0.812,,,,,,,,,,,
01/04/2023 00:00,01/04/2023 00:00,0.824,,,,,,,,,,,
01/04/2023 01:00,01/04/2023 01:00,0.831,,,,,,,,,,,
01/04/2023 02:00,01/04/2023 02:00,0.83,,,,,,,,,,,
01/04/2023 03:00,01/04/2023 03:00,0.813,,,,,,,,,,,
01/04/2023 04:00,01/04/2023 04:00,0.8,,,,,,,,,,,
01/04/2023 05:00,01/04/2023 05:00,0.788,,,,,,,,,,,
01/04/2023 06:00,01/04/2023 06:00,0.779,,,,,,,,,,,
01/04/2023 07:00,01/04/2023 07:00,0.777,,,,,,,,,,,
01/04/2023 08:00,01/04/2023 08:00,0.801,,,,,,,,,,,
01/04/2023 09:00,01/04/2023 09:00,0.819,,,,,,,,,,,
01/04/2023 10:00,01/04/2023 10:00,0.831,,,,,,,,,,,
01/04/2023 11:00,01/04/2023 11:00,0.837,,,,,,,,,,,
01/04/2023 12:00,01/04/2023 12:00,0.84,,,,,,,,,,,
01/04/2023 13:00,01/04/2023 13:00,0.836,,,,,,,,,,,
01/04/2023 14:00,01/04/2023 14:00,0.829,,,,,,,,,,,
01/04/2023 15:00,01/04/2023 15:00,0.826,,,,,,,,,,,
01/04/2023 16:00,01/04/2023 16:00,0.831,,,,,,,,,,,
01/04/2023 17:00,01/04/2023 17:00,0.838,,,,,,,,,,,
01/04/2023 18:00,01/04/2023 18:00,0.852,,,,,,,,,,,
01/04/2023 19:00,01/04/2023 19:00,0.862,,,,,,,,,,,
01/04/2023 20:00,01/04/2023 20:00,0.863,,,,,,,,,,,
01/04/2023 21:00,01/04/2023 21:00,0.866,,,,,,,,,,,
01/04/2023 22:00,01/04/2023 22:00,0.868,,,,,,,,,,,
01/04/2023 23:00,01/04/2023 23:00,0.855,,,,,,,,,,,
02/04/2023 00:00,02/04/2023 00:00,0.837,,,,,,,,,,,
02/04/2023 01:00,02/04/2023 01:00,0.829,,,,,,,,,,,
02/04/2023 02:00,02/04/2023 02:00,0.82,,,,,,,,,,,
02/04/2023 03:00,02/04/2023 03:00,0.818,,,,,,,,,,,
02/04/2023 04:00,02/04/2023 04:00,0.817,,,,,,,,,,,
02/04/2023 05:00,02/04/2023 05:00,0.817,,,,,,,,,,,
02/04/2023 06:00,02/04/2023 06:00,0.82,,,,,,,,,,,
02/04/2023 07:00,02/04/2023 07:00,0.832,,,,,,,,,,,
02/04/2023 08:00,02/04/2023 08:00,0.823,,,,,,,,,,,
02/04/2023 09:00,02/04/2023 09:00,0.793,,,,,,,,,,,
02/04/2023 10:00,02/04/2023 10:00,0.75,,,,,,,,,,,
02/04/2023 11:00,02/04/2023 11:00,0.707,,,,,,,,,,,
02/04/2023 12:00,02/04/2023 12:00,0.683,,,,,,,,,,,
02/04/2023 13:00,02/04/2023 13:00,0.676,,,,,,,,,,,
02/04/2023 14:00,02/04/2023 14:00,0.675,,,,,,,,,,,
02/04/2023 15:00,02/04/2023 15:00,0.677,,,,,,,,,,,
02/04/2023 16:00,02/04/2023 16:00,0.688,,,,,,,,,,,
02/04/2023 17:00,02/04/2023 17:00,0.706,,,,,,,,,,,
02/04/2023 18:00,02/04/2023 18:00,0.735,,,,,,,,,,,
02/04/2023 19:00,02/04/2023 19:00,0.757,,,,,,,,,,,
02/04/2023 20:00,02/04/2023 20:00,0.753,,,,,,,,,,,
02/04/2023 21:00,02/04/2023 21:00,0.724,,,,,,,,,,,
02/04/2023 22:00,02/04/2023 22:00,0.682,,,,,,,,,,,
02/04/2023 23:00,02/04/2023 23:00,0.644,,,,,,,,,,,
03/04/2023 00:00,03/04/2023 00:00,0.61,,,,,,,,,,,
03/04/2023 01:00,03/04/2023 01:00,0.589,,,,,,,,,,,
03/04/2023 02:00,03/04/2023 02:00,0.576,,,,,,,,,,,
03/04/2023 03:00,03/04/2023 03:00,0.566,,,,,,,,,,,
03/04/2023 04:00,03/04/2023 04:00,0.557,,,,,,,,,,,
03/04/2023 05:00,03/04/2023 05:00,0.559,,,,,,,,,,,
03/04/2023 06:00,03/04/2023 06:00,0.557,,,,,,,,,,,
03/04/2023 07:00,03/04/2023 07:00,0.552,,,,,,,,,,,
03/04/2023 08:00,03/04/2023 08:00,0.574,,,,,,,,,,,
03/04/2023 09:00,03/04/2023 09:00,0.599,,,,,,,,,,,
03/04/2023 10:00,03/04/2023 10:00,0.613,,,,,,,,,,,
03/04/2023 11:00,03/04/2023 11:00,0.608,,,,,,,,,,,
03/04/2023 12:00,03/04/2023 12:00,0.589,,,,,,,,,,,
03/04/2023 13:00,03/04/2023 13:00,0.546,,,,,,,,,,,
03/04/2023 14:00,03/04/2023 14:00,0.491,,,,,,,,,,,
03/04/2023 15:00,03/04/2023 15:00,0.471,,,,,,,,,,,
03/04/2023 16:00,03/04/2023 16:00,0.497,,,,,,,,,,,
03/04/2023 17:00,03/04/2023 17:00,0.551,,,,,,,,,,,
03/04/2023 18:00,03/04/2023 18:00,0.647,,,,,,,,,,,
03/04/2023 19:00,03/04/2023 19:00,0.73,,,,,,,,,,,
03/04/2023 20:00,03/04/2023 20:00,0.768,,,,,,,,,,,
03/04/2023 21:00,03/04/2023 21:00,0.772,,,,,,,,,,,
03/04/2023 22:00,03/04/2023 22:00,0.756,,,,,,,,,,,
03/04/2023 23:00,03/04/2023 23:00,0.709,,,,,,,,,,,
04/04/2023 00:00,04/04/2023 00:00,0.618,,,,,,,,,,,
04/04/2023 01:00,04/04/2023 01:00,0.483,,,,,,,,,,,
04/04/2023 02:00,04/04/2023 02:00,0.349,,,,,,,,,,,
04/04/2023 03:00,04/04/2023 03:00,0.245,,,,,,,,,,,
04/04/2023 04:00,04/04/2023 04:00,0.172,,,,,,,,,,,
04/04/2023 05:00,04/04/2023 05:00,0.134,,,,,,,,,,,
04/04/2023 06:00,04/04/2023 06:00,0.126,,,,,,,,,,,
04/04/2023 07:00,04/04/2023 07:00,0.127,,,,,,,,,,,
04/04/2023 08:00,04/04/2023 08:00,0.14,,,,,,,,,,,
04/04/2023 09:00,04/04/2023 09:00,0.155,,,,,,,,,,,
04/04/2023 10:00,04/04/2023 10:00,0.161,,,,,,,,,,,
04/04/2023 11:00,04/04/2023 11:00,0.161,,,,,,,,,,,
04/04/2023 12:00,04/04/2023 12:00,0.153,,,,,,,,,,,
04/04/2023 13:00,04/04/2023 13:00,0.132,,,,,,,,,,,
04/04/2023 14:00,04/04/2023 14:00,0.111,,,,,,,,,,,
04/04/2023 15:00,04/04/2023 15:00,0.102,,,,,,,,,,,
04/04/2023 16:00,04/04/2023 16:00,0.113,,,,,,,,,,,
04/04/2023 17:00,04/04/2023 17:00,0.154,,,,,,,,,,,
04/04/2023 18:00,04/04/2023 18:00,0.207,,,,,,,,,,,
04/04/2023 19:00,04/04/2023 19:00,0.233,,,,,,,,,,,
04/04/2023 20:00,04/04/2023 20:00,0.233,,,,,,,,,,,
04/04/2023 21:00,04/04/2023 21:00,0.227,,,,,,,,,,,
04/04/2023 22:00,04/04/2023 22:00,0.227,,,,,,,,,,,
04/04/2023 23:00,04/04/2023 23:00,0.225,,,,,,,,,,,
05/04/2023 00:00,05/04/2023 00:00,0.213,,,,,,,,,,,
05/04/2023 01:00,05/04/2023 01:00,0.193,,,,,,,,,,,
05/04/2023 02:00,05/04/2023 02:00,0.179,,,,,,,,,,,
05/04/2023 03:00,05/04/2023 03:00,0.171,,,,,,,,,,,
05/04/2023 04:00,05/04/2023 04:00,0.167,,,,,,,,,,,
05/04/2023 05:00,05/04/2023 05:00,0.155,,,,,,,,,,,
05/04/2023 06:00,05/04/2023 06:00,0.138,,,,,,,,,,,
05/04/2023 07:00,05/04/2023 07:00,0.117,,,,,,,,,,,
05/04/2023 08:00,05/04/2023 08:00,0.113,,,,,,,,,,,
05/04/2023 09:00,05/04/2023 09:00,0.116,,,,,,,,,,,
05/04/2023 10:00,05/04/2023 10:00,0.133,,,,,,,,,,,
05/04/2023 11:00,05/04/2023 11:00,0.167,,,,,,,,,,,
05/04/2023 12:00,05/04/2023 12:00,0.208,,,,,,,,,,,
05/04/2023 13:00,05/04/2023 13:00,0.254,,,,,,,,,,,
05/04/2023 14:00,05/04/2023 14:00,0.295,,,,,,,,,,,
05/04/2023 15:00,05/04/2023 15:00,0.317,,,,,,,,,,,
05/04/2023 16:00,05/04/2023 16:00,0.344,,,,,,,,,,,
05/04/2023 17:00,05/04/2023 17:00,0.386,,,,,,,,,,,
05/04/2023 18:00,05/04/2023 18:00,0.422,,,,,,,,,,,
05/04/2023 19:00,05/04/2023 19:00,0.447,,,,,,,,,,,
05/04/2023 20:00,05/04/2023 20:00,0.459,,,,,,,,,,,
05/04/2023 21:00,05/04/2023 21:00,0.466,,,,,,,,,,,
05/04/2023 22:00,05/04/2023 22:00,0.464,,,,,,,,,,,
05/04/2023 23:00,05/04/2023 23:00,0.445,,,,,,,,,,,
06/04/2023 00:00,06/04/2023 00:00,0.429,,,,,,,,,,,
06/04/2023 01:00,06/04/2023 01:00,0.428,,,,,,,,,,,
06/04/2023 02:00,06/04/2023 02:00,0.447,,,,,,,,,,,
06/04/2023 03:00,06/04/2023 03:00,0.495,,,,,,,,,,,
06/04/2023 04:00,06/04/2023 04:00,0.568,,,,,,,,,,,
06/04/2023 05:00,06/04/2023 05:00,0.633,,,,,,,,,,,
06/04/2023 06:00,06/04/2023 06:00,0.676,,,,,,,,,,,
06/04/2023 07:00,06/04/2023 07:00,0.678,,,,,,,,,,,
06/04/2023 08:00,06/04/2023 08:00,0.646,,,,,,,,,,,
06/04/2023 09:00,06/04/2023 09:00,0.568,,,,,,,,,,,
06/04/2023 10:00,06/04/2023 10:00,0.481,,,,,,,,,,,
06/04/2023 11:00,06/04/2023 11:00,0.436,,,,,,,,,,,
06/04/2023 12:00,06/04/2023 12:00,0.487,,,,,,,,,,,
06/04/2023 13:00,06/04/2023 13:00,0.63,,,,,,,,,,,
06/04/2023 14:00,06/04/2023 14:00,0.744,,,,,,,,,,,
06/04/2023 15:00,06/04/2023 15:00,0.739,,,,,,,,,,,
06/04/2023 16:00,06/04/2023 16:00,0.653,,,,,,,,,,,
06/04/2023 17:00,06/04/2023 17:00,0.562,,,,,,,,,,,
06/04/2023 18:00,06/04/2023 18:00,0.578,,,,,,,,,,,
06/04/2023 19:00,06/04/2023 19:00,0.644,,,,,,,,,,,
06/04/2023 20:00,06/04/2023 20:00,0.692,,,,,,,,,,,
06/04/2023 21:00,06/04/2023 21:00,0.726,,,,,,,,,,,
06/04/2023 22:00,06/04/2023 22:00,0.7,,,,,,,,,,,
06/04/2023 23:00,06/04/2023 23:00,0.693,,,,,,,,,,,
07/04/2023 00:00,07/04/2023 00:00,0.706,,,,,,,,,,,
07/04/2023 01:00,07/04/2023 01:00,0.668,,,,,,,,,,,
07/04/2023 02:00,07/04/2023 02:00,0.672,,,,,,,,,,,
07/04/2023 03:00,07/04/2023 03:00,0.693,,,,,,,,,,,
07/04/2023 04:00,07/04/2023 04:00,0.725,,,,,,,,,,,
07/04/2023 05:00,07/04/2023 05:00,0.727,,,,,,,,,,,
07/04/2023 06:00,07/04/2023 06:00,0.737,,,,,,,,,,,
07/04/2023 07:00,07/04/2023 07:00,0.746,,,,,,,,,,,
07/04/2023 08:00,07/04/2023 08:00,0.77,,,,,,,,,,,
07/04/2023 09:00,07/04/2023 09:00,0.772,,,,,,,,,,,
07/04/2023 10:00,07/04/2023 10:00,0.762,,,,,,,,,,,
07/04/2023 11:00,07/04/2023 11:00,0.732,,,,,,,,,,,
07/04/2023 12:00,07/04/2023 12:00,0.68,,,,,,,,,,,
07/04/2023 13:00,07/04/2023 13:00,0.615,,,,,,,,,,,
07/04/2023 14:00,07/04/2023 14:00,0.535,,,,,,,,,,,
07/04/2023 15:00,07/04/2023 15:00,0.46,,,,,,,,,,,
07/04/2023 16:00,07/04/2023 16:00,0.367,,,,,,,,,,,
07/04/2023 17:00,07/04/2023 17:00,0.274,,,,,,,,,,,
07/04/2023 18:00,07/04/2023 18:00,0.211,,,,,,,,,,,
07/04/2023 19:00,07/04/2023 19:00,0.169,,,,,,,,,,,
07/04/2023 20:00,07/04/2023 20:00,0.133,,,,,,,,,,,
07/04/2023 21:00,07/04/2023 21:00,0.104,,,,,,,,,,,
07/04/2023 22:00,07/04/2023 22:00,0.084,,,,,,,,,,,
07/04/2023 23:00,07/04/2023 23:00,0.078,,,,,,,,,,,
08/04/2023 00:00,08/04/2023 00:00,0.082,,,,,,,,,,,
08/04/2023 01:00,08/04/2023 01:00,0.094,,,,,,,,,,,
08/04/2023 02:00,08/04/2023 02:00,0.116,,,,,,,,,,,
08/04/2023 03:00,08/04/2023 03:00,0.142,,,,,,,,,,,
08/04/2023 04:00,08/04/2023 04:00,0.16,,,,,,,,,,,
08/04/2023 05:00,08/04/2023 05:00,0.163,,,,,,,,,,,
08/04/2023 06:00,08/04/2023 06:00,0.146,,,,,,,,,,,
08/04/2023 07:00,08/04/2023 07:00,0.122,,,,,,,,,,,
08/04/2023 08:00,08/04/2023 08:00,0.098,,,,,,,,,,,
08/04/2023 09:00,08/04/2023 09:00,0.083,,,,,,,,,,,
08/04/2023 10:00,08/04/2023 10:00,0.082,,,,,,,,,,,
08/04/2023 11:00,08/04/2023 11:00,0.094,,,,,,,,,,,
08/04/2023 12:00,08/04/2023 12:00,0.121,,,,,,,,,,,
08/04/2023 13:00,08/04/2023 13:00,0.146,,,,,,,,,,,
08/04/2023 14:00,08/04/2023 14:00,0.16,,,,,,,,,,,
08/04/2023 15:00,08/04/2023 15:00,0.171,,,,,,,,,,,
08/04/2023 16:00,08/04/2023 16:00,0.183,,,,,,,,,,,
08/04/2023 17:00,08/04/2023 17:00,0.201,,,,,,,,,,,
08/04/2023 18:00,08/04/2023 18:00,0.222,,,,,,,,,,,
08/04/2023 19:00,08/04/2023 19:00,0.227,,,,,,,,,,,
08/04/2023 20:00,08/04/2023 20:00,0.212,,,,,,,,,,,
08/04/2023 21:00,08/04/2023 21:00,0.198,,,,,,,,,,,
08/04/2023 22:00,08/04/2023 22:00,0.179,,,,,,,,,,,
08/04/2023 23:00,08/04/2023 23:00,0.152,,,,,,,,,,,
09/04/2023 00:00,09/04/2023 00:00,0.123,,,,,,,,,,,
09/04/2023 01:00,09/04/2023 01:00,0.101,,,,,,,,,,,
09/04/2023 02:00,09/04/2023 02:00,0.088,,,,,,,,,,,
09/04/2023 03:00,09/04/2023 03:00,0.088,,,,,,,,,,,
09/04/2023 04:00,09/04/2023 04:00,0.089,,,,,,,,,,,
09/04/2023 05:00,09/04/2023 05:00,0.094,,,,,,,,,,,
09/04/2023 06:00,09/04/2023 06:00,0.108,,,,,,,,,,,
09/04/2023 07:00,09/04/2023 07:00,0.126,,,,,,,,,,,
09/04/2023 08:00,09/04/2023 08:00,0.159,,,,,,,,,,,
09/04/2023 09:00,09/04/2023 09:00,0.188,,,,,,,,,,,
09/04/2023 10:00,09/04/2023 10:00,0.23,,,,,,,,,,,
09/04/2023 11:00,09/04/2023 11:00,0.301,,,,,,,,,,,
09/04/2023 12:00,09/04/2023 12:00,0.399,,,,,,,,,,,
09/04/2023 13:00,09/04/2023 13:00,0.49,,,,,,,,,,,
09/04/2023 14:00,09/04/2023 14:00,0.539,,,,,,,,,,,
09/04/2023 15:00,09/04/2023 15:00,0.56,,,,,,,,,,,
09/04/2023 16:00,09/04/2023 16:00,0.535,,,,,,,,,,,
09/04/2023 17:00,09/04/2023 17:00,0.495,,,,,,,,,,,
09/04/2023 18:00,09/04/2023 18:00,0.538,,,,,,,,,,,
09/04/2023 19:00,09/04/2023 19:00,0.627,,,,,,,,,,,
09/04/2023 20:00,09/04/2023 20:00,0.7,,,,,,,,,,,
09/04/2023 21:00,09/04/2023 21:00,0.77,,,,,,,,,,,
09/04/2023 22:00,09/04/2023 22:00,0.82,,,,,,,,,,,
09/04/2023 23:00,09/04/2023 23:00,0.857,,,,,,,,,,,
10/04/2023 00:00,10/04/2023 00:00,0.882,,,,,,,,,,,
10/04/2023 01:00,10/04/2023 01:00,0.895,,,,,,,,,,,
10/04/2023 02:00,10/04/2023 02:00,0.901,,,,,,,,,,,
10/04/2023 03:00,10/04/2023 03:00,0.908,,,,,,,,,,,
10/04/2023 04:00,10/04/2023 04:00,0.917,,,,,,,,,,,
10/04/2023 05:00,10/04/2023 05:00,0.927,,,,,,,,,,,
10/04/2023 06:00,10/04/2023 06:00,0.942,,,,,,,,,,,
10/04/2023 07:00,10/04/2023 07:00,0.959,,,,,,,,,,,
10/04/2023 08:00,10/04/2023 08:00,0.968,,,,,,,,,,,
10/04/2023 09:00,10/04/2023 09:00,0.976,,,,,,,,,,,
10/04/2023 10:00,10/04/2023 10:00,0.983,,,,,,,,,,,
10/04/2023 11:00,10/04/2023 11:00,0.986,,,,,,,,,,,
10/04/2023 12:00,10/04/2023 12:00,0.98,,,,,,,,,,,
10/04/2023 13:00,10/04/2023 13:00,0.967,,,,,,,,,,,
10/04/2023 14:00,10/04/2023 14:00,0.955,,,,,,,,,,,
10/04/2023 15:00,10/04/2023 15:00,0.955,,,,,,,,,,,
10/04/2023 16:00,10/04/2023 16:00,0.958,,,,,,,,,,,
10/04/2023 17:00,10/04/2023 17:00,0.953,,,,,,,,,,,
10/04/2023 18:00,10/04/2023 18:00,0.95,,,,,,,,,,,
10/04/2023 19:00,10/04/2023 19:00,0.956,,,,,,,,,,,
10/04/2023 20:00,10/04/2023 20:00,0.948,,,,,,,,,,,
10/04/2023 21:00,10/04/2023 21:00,0.928,,,,,,,,,,,
10/04/2023 22:00,10/04/2023 22:00,0.912,,,,,,,,,,,
10/04/2023 23:00,10/04/2023 23:00,0.913,,,,,,,,,,,
11/04/2023 00:00,11/04/2023 00:00,0.915,,,,,,,,,,,
11/04/2023 01:00,11/04/2023 01:00,0.923,,,,,,,,,,,
11/04/2023 02:00,11/04/2023 02:00,0.929,,,,,,,,,,,
11/04/2023 03:00,11/04/2023 03:00,0.935,,,,,,,,,,,
11/04/2023 04:00,11/04/2023 04:00,0.924,,,,,,,,,,,
11/04/2023 05:00,11/04/2023 05:00,0.918,,,,,,,,,,,
11/04/2023 06:00,11/04/2023 06:00,0.903,,,,,,,,,,,
11/04/2023 07:00,11/04/2023 07:00,0.89,,,,,,,,,,,
11/04/2023 08:00,11/04/2023 08:00,0.88,,,,,,,,,,,
11/04/2023 09:00,11/04/2023 09:00,0.851,,,,,,,,,,,
11/04/2023 10:00,11/04/2023 10:00,0.786,,,,,,,,,,,
11/04/2023 11:00,11/04/2023 11:00,0.73,,,,,,,,,,,
11/04/2023 12:00,11/04/2023 12:00,0.719,,,,,,,,,,,
11/04/2023 13:00,11/04/2023 13:00,0.765,,,,,,,,,,,
11/04/2023 14:00,11/04/2023 14:00,0.84,,,,,,,,,,,
11/04/2023 15:00,11/04/2023 15:00,0.906,,,,,,,,,,,
11/04/2023 16:00,11/04/2023 16:00,0.94,,,,,,,,,,,
11/04/2023 17:00,11/04/2023 17:00,0.96,,,,,,,,,,,
11/04/2023 18:00,11/04/2023 18:00,0.971,,,,,,,,,,,
11/04/2023 19:00,11/04/2023 19:00,0.979,,,,,,,,,,,
11/04/2023 20:00,11/04/2023 20:00,0.989,,,,,,,,,,,
11/04/2023 21:00,11/04/2023 21:00,0.991,,,,,,,,,,,
11/04/2023 22:00,11/04/2023 22:00,0.983,,,,,,,,,,,
11/04/2023 23:00,11/04/2023 23:00,0.975,,,,,,,,,,,
12/04/2023 00:00,12/04/2023 00:00,0.988,,,,,,,,,,,
12/04/2023 01:00,12/04/2023 01:00,0.984,,,,,,,,,,,
12/04/2023 02:00,12/04/2023 02:00,0.945,,,,,,,,,,,
12/04/2023 03:00,12/04/2023 03:00,0.905,,,,,,,,,,,
12/04/2023 04:00,12/04/2023 04:00,0.831,,,,,,,,,,,
12/04/2023 05:00,12/04/2023 05:00,0.738,,,,,,,,,,,
12/04/2023 06:00,12/04/2023 06:00,0.652,,,,,,,,,,,
12/04/2023 07:00,12/04/2023 07:00,0.644,,,,,,,,,,,
12/04/2023 08:00,12/04/2023 08:00,0.725,,,,,,,,,,,
12/04/2023 09:00,12/04/2023 09:00,0.813,,,,,,,,,,,
12/04/2023 10:00,12/04/2023 10:00,0.88,,,,,,,,,,,
12/04/2023 11:00,12/04/2023 11:00,0.921,,,,,,,,,,,
12/04/2023 12:00,12/04/2023 12:00,0.938,,,,,,,,,,,
12/04/2023 13:00,12/04/2023 13:00,0.953,,,,,,,,,,,
12/04/2023 14:00,12/04/2023 14:00,0.972,,,,,,,,,,,
12/04/2023 15:00,12/04/2023 15:00,0.982,,,,,,,,,,,
12/04/2023 16:00,12/04/2023 16:00,0.986,,,,,,,,,,,
12/04/2023 17:00,12/04/2023 17:00,0.988,,,,,,,,,,,
12/04/2023 18:00,12/04/2023 18:00,0.985,,,,,,,,,,,
12/04/2023 19:00,12/04/2023 19:00,0.964,,,,,,,,,,,
12/04/2023 20:00,12/04/2023 20:00,0.893,,,,,,,,,,,
12/04/2023 21:00,12/04/2023 21:00,0.793,,,,,,,,,,,
12/04/2023 22:00,12/04/2023 22:00,0.74,,,,,,,,,,,
12/04/2023 23:00,12/04/2023 23:00,0.73,,,,,,,,,,,
13/04/2023 00:00,13/04/2023 00:00,0.772,,,,,,,,,,,
13/04/2023 01:00,13/04/2023 01:00,0.849,,,,,,,,,,,
13/04/2023 02:00,13/04/2023 02:00,0.895,,,,,,,,,,,
13/04/2023 03:00,13/04/2023 03:00,0.929,,,,,,,,,,,
13/04/2023 04:00,13/04/2023 04:00,0.956,,,,,,,,,,,
13/04/2023 05:00,13/04/2023 05:00,0.974,,,,,,,,,,,
13/04/2023 06:00,13/04/2023 06:00,0.982,,,,,,,,,,,
13/04/2023 07:00,13/04/2023 07:00,0.984,,,,,,,,,,,
13/04/2023 08:00,13/04/2023 08:00,0.983,,,,,,,,,,,
13/04/2023 09:00,13/04/2023 09:00,0.978,,,,,,,,,,,
13/04/2023 10:00,13/04/2023 10:00,0.967,,,,,,,,,,,
13/04/2023 11:00,13/04/2023 11:00,0.955,,,,,,,,,,,
13/04/2023 12:00,13/04/2023 12:00,0.938,,,,,,,,,,,
13/04/2023 13:00,13/04/2023 13:00,0.919,,,,,,,,,,,
13/04/2023 14:00,13/04/2023 14:00,0.903,,,,,,,,,,,
13/04/2023 15:00,13/04/2023 15:00,0.882,,,,,,,,,,,
13/04/2023 16:00,13/04/2023 16:00,0.844,,,,,,,,,,,
13/04/2023 17:00,13/04/2023 17:00,0.791,,,,,,,,,,,
13/04/2023 18:00,13/04/2023 18:00,0.744,,,,,,,,,,,
13/04/2023 19:00,13/04/2023 19:00,0.739,,,,,,,,,,,
13/04/2023 20:00,13/04/2023 20:00,0.74,,,,,,,,,,,
13/04/2023 21:00,13/04/2023 21:00,0.712,,,,,,,,,,,
13/04/2023 22:00,13/04/2023 22:00,0.602,,,,,,,,,,,
13/04/2023 23:00,13/04/2023 23:00,0.448,,,,,,,,,,,
14/04/2023 00:00,14/04/2023 00:00,0.315,,,,,,,,,,,
14/04/2023 01:00,14/04/2023 01:00,0.225,,,,,,,,,,,
14/04/2023 02:00,14/04/2023 02:00,0.181,,,,,,,,,,,
14/04/2023 03:00,14/04/2023 03:00,0.177,,,,,,,,,,,
14/04/2023 04:00,14/04/2023 04:00,0.186,,,,,,,,,,,
14/04/2023 05:00,14/04/2023 05:00,0.198,,,,,,,,,,,
14/04/2023 06:00,14/04/2023 06:00,0.22,,,,,,,,,,,
14/04/2023 07:00,14/04/2023 07:00,0.292,,,,,,,,,,,
14/04/2023 08:00,14/04/2023 08:00,0.447,,,,,,,,,,,
14/04/2023 09:00,14/04/2023 09:00,0.571,,,,,,,,,,,
14/04/2023 10:00,14/04/2023 10:00,0.621,,,,,,,,,,,
14/04/2023 11:00,14/04/2023 11:00,0.615,,,,,,,,,,,
14/04/2023 12:00,14/04/2023 12:00,0.574,,,,,,,,,,,
14/04/2023 13:00,14/04/2023 13:00,0.523,,,,,,,,,,,
14/04/2023 14:00,14/04/2023 14:00,0.481,,,,,,,,,,,
14/04/2023 15:00,14/04/2023 15:00,0.459,,,,,,,,,,,
14/04/2023 16:00,14/04/2023 16:00,0.435,,,,,,,,,,,
14/04/2023 17:00,14/04/2023 17:00,0.451,,,,,,,,,,,
14/04/2023 18:00,14/04/2023 18:00,0.521,,,,,,,,,,,
14/04/2023 19:00,14/04/2023 19:00,0.581,,,,,,,,,,,
14/04/2023 20:00,14/04/2023 20:00,0.583,,,,,,,,,,,
14/04/2023 21:00,14/04/2023 21:00,0.521,,,,,,,,,,,
14/04/2023 22:00,14/04/2023 22:00,0.433,,,,,,,,,,,
14/04/2023 23:00,14/04/2023 23:00,0.363,,,,,,,,,,,
15/04/2023 00:00,15/04/2023 00:00,0.33,,,,,,,,,,,
15/04/2023 01:00,15/04/2023 01:00,0.343,,,,,,,,,,,
15/04/2023 02:00,15/04/2023 02:00,0.399,,,,,,,,,,,
15/04/2023 03:00,15/04/2023 03:00,0.47,,,,,,,,,,,
15/04/2023 04:00,15/04/2023 04:00,0.521,,,,,,,,,,,
15/04/2023 05:00,15/04/2023 05:00,0.557,,,,,,,,,,,
15/04/2023 06:00,15/04/2023 06:00,0.59,,,,,,,,,,,
15/04/2023 07:00,15/04/2023 07:00,0.63,,,,,,,,,,,
15/04/2023 08:00,15/04/2023 08:00,0.657,,,,,,,,,,,
15/04/2023 09:00,15/04/2023 09:00,0.661,,,,,,,,,,,
15/04/2023 10:00,15/04/2023 10:00,0.612,,,,,,,,,,,
15/04/2023 11:00,15/04/2023 11:00,0.567,,,,,,,,,,,
15/04/2023 12:00,15/04/2023 12:00,0.535,,,,,,,,,,,
15/04/2023 13:00,15/04/2023 13:00,0.513,,,,,,,,,,,
15/04/2023 14:00,15/04/2023 14:00,0.504,,,,,,,,,,,
15/04/2023 15:00,15/04/2023 15:00,0.515,,,,,,,,,,,
15/04/2023 16:00,15/04/2023 16:00,0.518,,,,,,,,,,,
15/04/2023 17:00,15/04/2023 17:00,0.498,,,,,,,,,,,
15/04/2023 18:00,15/04/2023 18:00,0.47,,,,,,,,,,,
15/04/2023 19:00,15/04/2023 19:00,0.46,,,,,,,,,,,
15/04/2023 20:00,15/04/2023 20:00,0.435,,,,,,,,,,,
15/04/2023 21:00,15/04/2023 21:00,0.395,,,,,,,,,,,
15/04/2023 22:00,15/04/2023 22:00,0.343,,,,,,,,,,,
15/04/2023 23:00,15/04/2023 23:00,0.3,,,,,,,,,,,
16/04/2023 00:00,16/04/2023 00:00,0.27,,,,,,,,,,,
16/04/2023 01:00,16/04/2023 01:00,0.25,,,,,,,,,,,
16/04/2023 02:00,16/04/2023 02:00,0.228,,,,,,,,,,,
16/04/2023 03:00,16/04/2023 03:00,0.195,,,,,,,,,,,
16/04/2023 04:00,16/04/2023 04:00,0.15,,,,,,,,,,,
16/04/2023 05:00,16/04/2023 05:00,0.107,,,,,,,,,,,
16/04/2023 06:00,16/04/2023 06:00,0.079,,,,,,,,,,,
16/04/2023 07:00,16/04/2023 07:00,0.067,,,,,,,,,,,
16/04/2023 08:00,16/04/2023 08:00,0.067,,,,,,,,,,,
16/04/2023 09:00,16/04/2023 09:00,0.073,,,,,,,,,,,
16/04/2023 10:00,16/04/2023 10:00,0.067,,,,,,,,,,,
16/04/2023 11:00,16/04/2023 11:00,0.062,,,,,,,,,,,
16/04/2023 12:00,16/04/2023 12:00,0.069,,,,,,,,,,,
16/04/2023 13:00,16/04/2023 13:00,0.084,,,,,,,,,,,
16/04/2023 14:00,16/04/2023 14:00,0.112,,,,,,,,,,,
16/04/2023 15:00,16/04/2023 15:00,0.132,,,,,,,,,,,
16/04/2023 16:00,16/04/2023 16:00,0.156,,,,,,,,,,,
16/04/2023 17:00,16/04/2023 17:00,0.169,,,,,,,,,,,
16/04/2023 18:00,16/04/2023 18:00,0.162,,,,,,,,,,,
16/04/2023 19:00,16/04/2023 19:00,0.144,,,,,,,,,,,
16/04/2023 20:00,16/04/2023 20:00,0.118,,,,,,,,,,,
16/04/2023 21:00,16/04/2023 21:00,0.101,,,,,,,,,,,
16/04/2023 22:00,16/04/2023 22:00,0.097,,,,,,,,,,,
16/04/2023 23:00,16/04/2023 23:00,0.104,,,,,,,,,,,
17/04/2023 00:00,17/04/2023 00:00,0.113,,,,,,,,,,,
17/04/2023 01:00,17/04/2023 01:00,0.122,,,,,,,,,,,
17/04/2023 02:00,17/04/2023 02:00,0.138,,,,,,,,,,,
17/04/2023 03:00,17/04/2023 03:00,0.156,,,,,,,,,,,
17/04/2023 04:00,17/04/2023 04:00,0.188,,,,,,,,,,,
17/04/2023 05:00,17/04/2023 05:00,0.247,,,,,,,,,,,
17/04/2023 06:00,17/04/2023 06:00,0.3,,,,,,,,,,,
17/04/2023 07:00,17/04/2023 07:00,0.334,,,,,,,,,,,
17/04/2023 08:00,17/04/2023 08:00,0.355,,,,,,,,,,,
17/04/2023 09:00,17/04/2023 09:00,0.355,,,,,,,,,,,
17/04/2023 10:00,17/04/2023 10:00,0.345,,,,,,,,,,,
17/04/2023 11:00,17/04/2023 11:00,0.337,,,,,,,,,,,
17/04/2023 12:00,17/04/2023 12:00,0.332,,,,,,,,,,,
17/04/2023 13:00,17/04/2023 13:00,0.334,,,,,,,,,,,
17/04/2023 14:00,17/04/2023 14:00,0.361,,,,,,,,,,,
17/04/2023 15:00,17/04/2023 15:00,0.407,,,,,,,,,,,
17/04/2023 16:00,17/04/2023 16:00,0.455,,,,,,,,,,,
17/04/2023 17:00,17/04/2023 17:00,0.476,,,,,,,,,,,
17/04/2023 18:00,17/04/2023 18:00,0.484,,,,,,,,,,,
17/04/2023 19:00,17/04/2023 19:00,0.513,,,,,,,,,,,
17/04/2023 20:00,17/04/2023 20:00,0.541,,,,,,,,,,,
17/04/2023 21:00,17/04/2023 21:00,0.566,,,,,,,,,,,
17/04/2023 22:00,17/04/2023 22:00,0.574,,,,,,,,,,,
17/04/2023 23:00,17/04/2023 23:00,0.605,,,,,,,,,,,
18/04/2023 00:00,18/04/2023 00:00,0.656,,,,,,,,,,,
18/04/2023 01:00,18/04/2023 01:00,0.692,,,,,,,,,,,
18/04/2023 02:00,18/04/2023 02:00,0.701,,,,,,,,,,,
18/04/2023 03:00,18/04/2023 03:00,0.716,,,,,,,,,,,
18/04/2023 04:00,18/04/2023 04:00,0.748,,,,,,,,,,,
18/04/2023 05:00,18/04/2023 05:00,0.799,,,,,,,,,,,
18/04/2023 06:00,18/04/2023 06:00,0.844,,,,,,,,,,,
18/04/2023 07:00,18/04/2023 07:00,0.889,,,,,,,,,,,
18/04/2023 08:00,18/04/2023 08:00,0.902,,,,,,,,,,,
18/04/2023 09:00,18/04/2023 09:00,0.905,,,,,,,,,,,
18/04/2023 10:00,18/04/2023 10:00,0.91,,,,,,,,,,,
18/04/2023 11:00,18/04/2023 11:00,0.91,,,,,,,,,,,
18/04/2023 12:00,18/04/2023 12:00,0.902,,,,,,,,,,,
18/04/2023 13:00,18/04/2023 13:00,0.89,,,,,,,,,,,
18/04/2023 14:00,18/04/2023 14:00,0.879,,,,,,,,,,,
18/04/2023 15:00,18/04/2023 15:00,0.875,,,,,,,,,,,
18/04/2023 16:00,18/04/2023 16:00,0.883,,,,,,,,,,,
18/04/2023 17:00,18/04/2023 17:00,0.879,,,,,,,,,,,
18/04/2023 18:00,18/04/2023 18:00,0.869,,,,,,,,,,,
18/04/2023 19:00,18/04/2023 19:00,0.873,,,,,,,,,,,
18/04/2023 20:00,18/04/2023 20:00,0.87,,,,,,,,,,,
18/04/2023 21:00,18/04/2023 21:00,0.868,,,,,,,,,,,
18/04/2023 22:00,18/04/2023 22:00,0.854,,,,,,,,,,,
18/04/2023 23:00,18/04/2023 23:00,0.831,,,,,,,,,,,
19/04/2023 00:00,19/04/2023 00:00,0.811,,,,,,,,,,,
19/04/2023 01:00,19/04/2023 01:00,0.789,,,,,,,,,,,
19/04/2023 02:00,19/04/2023 02:00,0.777,,,,,,,,,,,
19/04/2023 03:00,19/04/2023 03:00,0.78,,,,,,,,,,,
19/04/2023 04:00,19/04/2023 04:00,0.793,,,,,,,,,,,
19/04/2023 05:00,19/04/2023 05:00,0.8,,,,,,,,,,,
19/04/2023 06:00,19/04/2023 06:00,0.8,,,,,,,,,,,
19/04/2023 07:00,19/04/2023 07:00,0.816,,,,,,,,,,,
19/04/2023 08:00,19/04/2023 08:00,0.823,,,,,,,,,,,
19/04/2023 09:00,19/04/2023 09:00,0.836,,,,,,,,,,,
19/04/2023 10:00,19/04/2023 10:00,0.858,,,,,,,,,,,
19/04/2023 11:00,19/04/2023 11:00,0.878,,,,,,,,,,,
19/04/2023 12:00,19/04/2023 12:00,0.896,,,,,,,,,,,
19/04/2023 13:00,19/04/2023 13:00,0.905,,,,,,,,,,,
19/04/2023 14:00,19/04/2023 14:00,0.915,,,,,,,,,,,
19/04/2023 15:00,19/04/2023 15:00,0.922,,,,,,,,,,,
19/04/2023 16:00,19/04/2023 16:00,0.927,,,,,,,,,,,
19/04/2023 17:00,19/04/2023 17:00,0.918,,,,,,,,,,,
19/04/2023 18:00,19/04/2023 18:00,0.911,,,,,,,,,,,
19/04/2023 19:00,19/04/2023 19:00,0.913,,,,,,,,,,,
19/04/2023 20:00,19/04/2023 20:00,0.916,,,,,,,,,,,
19/04/2023 21:00,19/04/2023 21:00,0.918,,,,,,,,,,,
19/04/2023 22:00,19/04/2023 22:00,0.916,,,,,,,,,,,
19/04/2023 23:00,19/04/2023 23:00,0.899,,,,,,,,,,,
20/04/2023 00:00,20/04/2023 00:00,0.87,,,,,,,,,,,
20/04/2023 01:00,20/04/2023 01:00,0.843,,,,,,,,,,,
20/04/2023 02:00,20/04/2023 02:00,0.825,,,,,,,,,,,
20/04/2023 03:00,20/04/2023 03:00,0.819,,,,,,,,,,,
20/04/2023 04:00,20/04/2023 04:00,0.829,,,,,,,,,,,
20/04/2023 05:00,20/04/2023 05:00,0.84,,,,,,,,,,,
20/04/2023 06:00,20/04/2023 06:00,0.845,,,,,,,,,,,
20/04/2023 07:00,20/04/2023 07:00,0.871,,,,,,,,,,,
20/04/2023 08:00,20/04/2023 08:00,0.888,,,,,,,,,,,
20/04/2023 09:00,20/04/2023 09:00,0.903,,,,,,,,,,,
20/04/2023 10:00,20/04/2023 10:00,0.93,,,,,,,,,,,
20/04/2023 11:00,20/04/2023 11:00,0.954,,,,,,,,,,,
20/04/2023 12:00,20/04/2023 12:00,0.954,,,,,,,,,,,
20/04/2023 13:00,20/04/2023 13:00,0.946,,,,,,,,,,,
20/04/2023 14:00,20/04/2023 14:00,0.935,,,,,,,,,,,
20/04/2023 15:00,20/04/2023 15:00,0.923,,,,,,,,,,,
20/04/2023 16:00,20/04/2023 16:00,0.905,,,,,,,,,,,
20/04/2023 17:00,20/04/2023 17:00,0.881,,,,,,,,,,,
20/04/2023 18:00,20/04/2023 18:00,0.863,,,,,,,,,,,
20/04/2023 19:00,20/04/2023 19:00,0.863,,,,,,,,,,,
20/04/2023 20:00,20/04/2023 20:00,0.845,,,,,,,,,,,
20/04/2023 21:00,20/04/2023 21:00,0.814,,,,,,,,,,,
20/04/2023 22:00,20/04/2023 22:00,0.791,,,,,,,,,,,
20/04/2023 23:00,20/04/2023 23:00,0.762,,,,,,,,,,,
21/04/2023 00:00,21/04/2023 00:00,0.72,,,,,,,,,,,
21/04/2023 01:00,21/04/2023 01:00,0.674,,,,,,,,,,,
21/04/2023 02:00,21/04/2023 02:00,0.638,,,,,,,,,,,
21/04/2023 03:00,21/04/2023 03:00,0.71,,,,,,,,,,,
21/04/2023 04:00,21/04/2023 04:00,0.755,,,,,,,,,,,
21/04/2023 05:00,21/04/2023 05:00,0.777,,,,,,,,,,,
21/04/2023 06:00,21/04/2023 06:00,0.799,,,,,,,,,,,
21/04/2023 07:00,21/04/2023 07:00,0.786,,,,,,,,,,,
21/04/2023 08:00,21/04/2023 08:00,0.768,,,,,,,,,,,
21/04/2023 09:00,21/04/2023 09:00,0.718,,,,,,,,,,,
21/04/2023 10:00,21/04/2023 10:00,0.652,,,,,,,,,,,
21/04/2023 11:00,21/04/2023 11:00,0.586,,,,,,,,,,,
21/04/2023 12:00,21/04/2023 12:00,0.535,,,,,,,,,,,
21/04/2023 13:00,21/04/2023 13:00,0.481,,,,,,,,,,,
21/04/2023 14:00,21/04/2023 14:00,0.425,,,,,,,,,,,
21/04/2023 15:00,21/04/2023 15:00,0.374,,,,,,,,,,,
21/04/2023 16:00,21/04/2023 16:00,0.334,,,,,,,,,,,
21/04/2023 17:00,21/04/2023 17:00,0.321,,,,,,,,,,,
21/04/2023 18:00,21/04/2023 18:00,0.332,,,,,,,,,,,
21/04/2023 19:00,21/04/2023 19:00,0.31,,,,,,,,,,,
21/04/2023 20:00,21/04/2023 20:00,0.263,,,,,,,,,,,
21/04/2023 21:00,21/04/2023 21:00,0.231,,,,,,,,,,,
21/04/2023 22:00,21/04/2023 22:00,0.202,,,,,,,,,,,
21/04/2023 23:00,21/04/2023 23:00,0.163,,,,,,,,,,,
22/04/2023 00:00,22/04/2023 00:00,0.135,,,,,,,,,,,
22/04/2023 01:00,22/04/2023 01:00,0.146,,,,,,,,,,,
22/04/2023 02:00,22/04/2023 02:00,0.179,,,,,,,,,,,
22/04/2023 03:00,22/04/2023 03:00,0.245,,,,,,,,,,,
22/04/2023 04:00,22/04/2023 04:00,0.332,,,,,,,,,,,
22/04/2023 05:00,22/04/2023 05:00,0.371,,,,,,,,,,,
22/04/2023 06:00,22/04/2023 06:00,0.35,,,,,,,,,,,
22/04/2023 07:00,22/04/2023 07:00,0.305,,,,,,,,,,,
22/04/2023 08:00,22/04/2023 08:00,0.229,,,,,,,,,,,
22/04/2023 09:00,22/04/2023 09:00,0.167,,,,,,,,,,,
22/04/2023 10:00,22/04/2023 10:00,0.138,,,,,,,,,,,
22/04/2023 11:00,22/04/2023 11:00,0.12,,,,,,,,,,,
22/04/2023 12:00,22/04/2023 12:00,0.145,,,,,,,,,,,
22/04/2023 13:00,22/04/2023 13:00,0.197,,,,,,,,,,,
22/04/2023 14:00,22/04/2023 14:00,0.254,,,,,,,,,,,
22/04/2023 15:00,22/04/2023 15:00,0.313,,,,,,,,,,,
22/04/2023 16:00,22/04/2023 16:00,0.371,,,,,,,,,,,
22/04/2023 17:00,22/04/2023 17:00,0.442,,,,,,,,,,,
22/04/2023 18:00,22/04/2023 18:00,0.532,,,,,,,,,,,
22/04/2023 19:00,22/04/2023 19:00,0.607,,,,,,,,,,,
22/04/2023 20:00,22/04/2023 20:00,0.655,,,,,,,,,,,
22/04/2023 21:00,22/04/2023 21:00,0.686,,,,,,,,,,,
22/04/2023 22:00,22/04/2023 22:00,0.705,,,,,,,,,,,
22/04/2023 23:00,22/04/2023 23:00,0.728,,,,,,,,,,,
23/04/2023 00:00,23/04/2023 00:00,0.741,,,,,,,,,,,
23/04/2023 01:00,23/04/2023 01:00,0.766,,,,,,,,,,,
23/04/2023 02:00,23/04/2023 02:00,0.794,,,,,,,,,,,
23/04/2023 03:00,23/04/2023 03:00,0.809,,,,,,,,,,,
23/04/2023 04:00,23/04/2023 04:00,0.806,,,,,,,,,,,
23/04/2023 05:00,23/04/2023 05:00,0.797,,,,,,,,,,,
23/04/2023 06:00,23/04/2023 06:00,0.799,,,,,,,,,,,
23/04/2023 07:00,23/04/2023 07:00,0.808,,,,,,,,,,,
23/04/2023 08:00,23/04/2023 08:00,0.8,,,,,,,,,,,
23/04/2023 09:00,23/04/2023 09:00,0.786,,,,,,,,,,,
23/04/2023 10:00,23/04/2023 10:00,0.763,,,,,,,,,,,
23/04/2023 11:00,23/04/2023 11:00,0.737,,,,,,,,,,,
23/04/2023 12:00,23/04/2023 12:00,0.663,,,,,,,,,,,
23/04/2023 13:00,23/04/2023 13:00,0.55,,,,,,,,,,,
23/04/2023 14:00,23/04/2023 14:00,0.401,,,,,,,,,,,
23/04/2023 15:00,23/04/2023 15:00,0.241,,,,,,,,,,,
23/04/2023 16:00,23/04/2023 16:00,0.106,,,,,,,,,,,
23/04/2023 17:00,23/04/2023 17:00,0.062,,,,,,,,,,,
23/04/2023 18:00,23/04/2023 18:00,0.116,,,,,,,,,,,
23/04/2023 19:00,23/04/2023 19:00,0.364,,,,,,,,,,,
23/04/2023 20:00,23/04/2023 20:00,0.684,,,,,,,,,,,
23/04/2023 21:00,23/04/2023 21:00,0.844,,,,,,,,,,,
23/04/2023 22:00,23/04/2023 22:00,0.902,,,,,,,,,,,
23/04/2023 23:00,23/04/2023 23:00,0.924,,,,,,,,,,,
24/04/2023 00:00,24/04/2023 00:00,0.935,,,,,,,,,,,
24/04/2023 01:00,24/04/2023 01:00,0.942,,,,,,,,,,,
24/04/2023 02:00,24/04/2023 02:00,0.947,,,,,,,,,,,
24/04/2023 03:00,24/04/2023 03:00,0.946,,,,,,,,,,,
24/04/2023 04:00,24/04/2023 04:00,0.935,,,,,,,,,,,
24/04/2023 05:00,24/04/2023 05:00,0.919,,,,,,,,,,,
24/04/2023 06:00,24/04/2023 06:00,0.902,,,,,,,,,,,
24/04/2023 07:00,24/04/2023 07:00,0.889,,,,,,,,,,,
24/04/2023 08:00,24/04/2023 08:00,0.885,,,,,,,,,,,
24/04/2023 09:00,24/04/2023 09:00,0.885,,,,,,,,,,,
24/04/2023 10:00,24/04/2023 10:00,0.88,,,,,,,,,,,
24/04/2023 11:00,24/04/2023 11:00,0.87,,,,,,,,,,,
24/04/2023 12:00,24/04/2023 12:00,0.859,,,,,,,,,,,
24/04/2023 13:00,24/04/2023 13:00,0.851,,,,,,,,,,,
24/04/2023 14:00,24/04/2023 14:00,0.844,,,,,,,,,,,
24/04/2023 15:00,24/04/2023 15:00,0.837,,,,,,,,,,,
24/04/2023 16:00,24/04/2023 16:00,0.831,,,,,,,,,,,
24/04/2023 17:00,24/04/2023 17:00,0.818,,,,,,,,,,,
24/04/2023 18:00,24/04/2023 18:00,0.8,,,,,,,,,,,
24/04/2023 19:00,24/04/2023 19:00,0.786,,,,,,,,,,,
24/04/2023 20:00,24/04/2023 20:00,0.78,,,,,,,,,,,
24/04/2023 21:00,24/04/2023 21:00,0.777,,,,,,,,,,,
24/04/2023 22:00,24/04/2023 22:00,0.779,,,,,,,,,,,
24/04/2023 23:00,24/04/2023 23:00,0.783,,,,,,,,,,,
25/04/2023 00:00,25/04/2023 00:00,0.785,,,,,,,,,,,
25/04/2023 01:00,25/04/2023 01:00,0.791,,,,,,,,,,,
25/04/2023 02:00,25/04/2023 02:00,0.803,,,,,,,,,,,
25/04/2023 03:00,25/04/2023 03:00,0.807,,,,,,,,,,,
25/04/2023 04:00,25/04/2023 04:00,0.793,,,,,,,,,,,
25/04/2023 05:00,25/04/2023 05:00,0.755,,,,,,,,,,,
25/04/2023 06:00,25/04/2023 06:00,0.696,,,,,,,,,,,
25/04/2023 07:00,25/04/2023 07:00,0.646,,,,,,,,,,,
25/04/2023 08:00,25/04/2023 08:00,0.575,,,,,,,,,,,
25/04/2023 09:00,25/04/2023 09:00,0.519,,,,,,,,,,,
25/04/2023 10:00,25/04/2023 10:00,0.509,,,,,,,,,,,
25/04/2023 11:00,25/04/2023 11:00,0.532,,,,,,,,,,,
25/04/2023 12:00,25/04/2023 12:00,0.557,,,,,,,,,,,
25/04/2023 13:00,25/04/2023 13:00,0.566,,,,,,,,,,,
25/04/2023 14:00,25/04/2023 14:00,0.551,,,,,,,,,,,
25/04/2023 15:00,25/04/2023 15:00,0.503,,,,,,,,,,,
25/04/2023 16:00,25/04/2023 16:00,0.431,,,,,,,,,,,
25/04/2023 17:00,25/04/2023 17:00,0.354,,,,,,,,,,,
25/04/2023 18:00,25/04/2023 18:00,0.293,,,,,,,,,,,
25/04/2023 19:00,25/04/2023 19:00,0.243,,,,,,,,,,,
25/04/2023 20:00,25/04/2023 20:00,0.195,,,,,,,,,,,
25/04/2023 21:00,25/04/2023 21:00,0.155,,,,,,,,,,,
25/04/2023 22:00,25/04/2023 22:00,0.123,,,,,,,,,,,
25/04/2023 23:00,25/04/2023 23:00,0.093,,,,,,,,,,,
26/04/2023 00:00,26/04/2023 00:00,0.069,,,,,,,,,,,
26/04/2023 01:00,26/04/2023 01:00,0.051,,,,,,,,,,,
26/04/2023 02:00,26/04/2023 02:00,0.04,,,,,,,,,,,
26/04/2023 03:00,26/04/2023 03:00,0.034,,,,,,,,,,,
26/04/2023 04:00,26/04/2023 04:00,0.027,,,,,,,,,,,
26/04/2023 05:00,26/04/2023 05:00,0.023,,,,,,,,,,,
26/04/2023 06:00,26/04/2023 06:00,0.015,,,,,,,,,,,
26/04/2023 07:00,26/04/2023 07:00,0.007,,,,,,,,,,,
26/04/2023 08:00,26/04/2023 08:00,0.004,,,,,,,,,,,
26/04/2023 09:00,26/04/2023 09:00,0.004,,,,,,,,,,,
26/04/2023 10:00,26/04/2023 10:00,0.008,,,,,,,,,,,
26/04/2023 11:00,26/04/2023 11:00,0.014,,,,,,,,,,,
26/04/2023 12:00,26/04/2023 12:00,0.022,,,,,,,,,,,
26/04/2023 13:00,26/04/2023 13:00,0.037,,,,,,,,,,,
26/04/2023 14:00,26/04/2023 14:00,0.06,,,,,,,,,,,
26/04/2023 15:00,26/04/2023 15:00,0.092,,,,,,,,,,,
26/04/2023 16:00,26/04/2023 16:00,0.119,,,,,,,,,,,
26/04/2023 17:00,26/04/2023 17:00,0.146,,,,,,,,,,,
26/04/2023 18:00,26/04/2023 18:00,0.184,,,,,,,,,,,
26/04/2023 19:00,26/04/2023 19:00,0.229,,,,,,,,,,,
26/04/2023 20:00,26/04/2023 20:00,0.259,,,,,,,,,,,
26/04/2023 21:00,26/04/2023 21:00,0.278,,,,,,,,,,,
26/04/2023 22:00,26/04/2023 22:00,0.294,,,,,,,,,,,
26/04/2023 23:00,26/04/2023 23:00,0.318,,,,,,,,,,,
27/04/2023 00:00,27/04/2023 00:00,0.337,,,,,,,,,,,
27/04/2023 01:00,27/04/2023 01:00,0.358,,,,,,,,,,,
27/04/2023 02:00,27/04/2023 02:00,0.37,,,,,,,,,,,
27/04/2023 03:00,27/04/2023 03:00,0.386,,,,,,,,,,,
27/04/2023 04:00,27/04/2023 04:00,0.386,,,,,,,,,,,
27/04/2023 05:00,27/04/2023 05:00,0.404,,,,,,,,,,,
27/04/2023 06:00,27/04/2023 06:00,0.415,,,,,,,,,,,
27/04/2023 07:00,27/04/2023 07:00,0.47,,,,,,,,,,,
27/04/2023 08:00,27/04/2023 08:00,0.51,,,,,,,,,,,
27/04/2023 09:00,27/04/2023 09:00,0.537,,,,,,,,,,,
27/04/2023 10:00,27/04/2023 10:00,0.586,,,,,,,,,,,
27/04/2023 11:00,27/04/2023 11:00,0.652,,,,,,,,,,,
27/04/2023 12:00,27/04/2023 12:00,0.7,,,,,,,,,,,
27/04/2023 13:00,27/04/2023 13:00,0.737,,,,,,,,,,,
27/04/2023 14:00,27/04/2023 14:00,0.745,,,,,,,,,,,
27/04/2023 15:00,27/04/2023 15:00,0.753,,,,,,,,,,,
27/04/2023 16:00,27/04/2023 16:00,0.777,,,,,,,,,,,
27/04/2023 17:00,27/04/2023 17:00,0.785,,,,,,,,,,,
27/04/2023 18:00,27/04/2023 18:00,0.789,,,,,,,,,,,
27/04/2023 19:00,27/04/2023 19:00,0.802,,,,,,,,,,,
27/04/2023 20:00,27/04/2023 20:00,0.873,,,,,,,,,,,
27/04/2023 21:00,27/04/2023 21:00,0.885,,,,,,,,,,,
27/04/2023 22:00,27/04/2023 22:00,0.856,,,,,,,,,,,
27/04/2023 23:00,27/04/2023 23:00,0.873,,,,,,,,,,,
28/04/2023 00:00,28/04/2023 00:00,0.885,,,,,,,,,,,
28/04/2023 01:00,28/04/2023 01:00,0.886,,,,,,,,,,,
28/04/2023 02:00,28/04/2023 02:00,0.884,,,,,,,,,,,
28/04/2023 03:00,28/04/2023 03:00,0.87,,,,,,,,,,,
28/04/2023 04:00,28/04/2023 04:00,0.817,,,,,,,,,,,
28/04/2023 05:00,28/04/2023 05:00,0.697,,,,,,,,,,,
28/04/2023 06:00,28/04/2023 06:00,0.519,,,,,,,,,,,
28/04/2023 07:00,28/04/2023 07:00,0.325,,,,,,,,,,,
28/04/2023 08:00,28/04/2023 08:00,0.192,,,,,,,,,,,
28/04/2023 09:00,28/04/2023 09:00,0.133,,,,,,,,,,,
28/04/2023 10:00,28/04/2023 10:00,0.102,,,,,,,,,,,
28/04/2023 11:00,28/04/2023 11:00,0.102,,,,,,,,,,,
28/04/2023 12:00,28/04/2023 12:00,0.198,,,,,,,,,,,
28/04/2023 13:00,28/04/2023 13:00,0.362,,,,,,,,,,,
28/04/2023 14:00,28/04/2023 14:00,0.494,,,,,,,,,,,
28/04/2023 15:00,28/04/2023 15:00,0.544,,,,,,,,,,,
28/04/2023 16:00,28/04/2023 16:00,0.558,,,,,,,,,,,
28/04/2023 17:00,28/04/2023 17:00,0.551,,,,,,,,,,,
28/04/2023 18:00,28/04/2023 18:00,0.539,,,,,,,,,,,
28/04/2023 19:00,28/04/2023 19:00,0.525,,,,,,,,,,,
28/04/2023 20:00,28/04/2023 20:00,0.51,,,,,,,,,,,
28/04/2023 21:00,28/04/2023 21:00,0.505,,,,,,,,,,,
28/04/2023 22:00,28/04/2023 22:00,0.486,,,,,,,,,,,
28/04/2023 23:00,28/04/2023 23:00,0.432,,,,,,,,,,,
29/04/2023 00:00,29/04/2023 00:00,0.362,,,,,,,,,,,
29/04/2023 01:00,29/04/2023 01:00,0.286,,,,,,,,,,,
29/04/2023 02:00,29/04/2023 02:00,0.222,,,,,,,,,,,
29/04/2023 03:00,29/04/2023 03:00,0.179,,,,,,,,,,,
29/04/2023 04:00,29/04/2023 04:00,0.149,,,,,,,,,,,
29/04/2023 05:00,29/04/2023 05:00,0.128,,,,,,,,,,,
29/04/2023 06:00,29/04/2023 06:00,0.108,,,,,,,,,,,
29/04/2023 07:00,29/04/2023 07:00,0.085,,,,,,,,,,,
29/04/2023 08:00,29/04/2023 08:00,0.061,,,,,,,,,,,
29/04/2023 09:00,29/04/2023 09:00,0.041,,,,,,,,,,,
29/04/2023 10:00,29/04/2023 10:00,0.028,,,,,,,,,,,
29/04/2023 11:00,29/04/2023 11:00,0.024,,,,,,,,,,,
29/04/2023 12:00,29/04/2023 12:00,0.027,,,,,,,,,,,
29/04/2023 13:00,29/04/2023 13:00,0.037,,,,,,,,,,,
29/04/2023 14:00,29/04/2023 14:00,0.055,,,,,,,,,,,
29/04/2023 15:00,29/04/2023 15:00,0.084,,,,,,,,,,,
29/04/2023 16:00,29/04/2023 16:00,0.122,,,,,,,,,,,
29/04/2023 17:00,29/04/2023 17:00,0.177,,,,,,,,,,,
29/04/2023 18:00,29/04/2023 18:00,0.24,,,,,,,,,,,
29/04/2023 19:00,29/04/2023 19:00,0.288,,,,,,,,,,,
29/04/2023 20:00,29/04/2023 20:00,0.307,,,,,,,,,,,
29/04/2023 21:00,29/04/2023 21:00,0.314,,,,,,,,,,,
29/04/2023 22:00,29/04/2023 22:00,0.316,,,,,,,,,,,
29/04/2023 23:00,29/04/2023 23:00,0.312,,,,,,,,,,,
30/04/2023 00:00,30/04/2023 00:00,0.303,,,,,,,,,,,
30/04/2023 01:00,30/04/2023 01:00,0.298,,,,,,,,,,,
30/04/2023 02:00,30/04/2023 02:00,0.3,,,,,,,,,,,
30/04/2023 03:00,30/04/2023 03:00,0.297,,,,,,,,,,,
30/04/2023 04:00,30/04/2023 04:00,0.28,,,,,,,,,,,
30/04/2023 05:00,30/04/2023 05:00,0.272,,,,,,,,,,,
30/04/2023 06:00,30/04/2023 06:00,0.278,,,,,,,,,,,
30/04/2023 07:00,30/04/2023 07:00,0.314,,,,,,,,,,,
30/04/2023 08:00,30/04/2023 08:00,0.344,,,,,,,,,,,
30/04/2023 09:00,30/04/2023 09:00,0.379,,,,,,,,,,,
30/04/2023 10:00,30/04/2023 10:00,0.415,,,,,,,,,,,
30/04/2023 11:00,30/04/2023 11:00,0.433,,,,,,,,,,,
30/04/2023 12:00,30/04/2023 12:00,0.433,,,,,,,,,,,
30/04/2023 13:00,30/04/2023 13:00,0.418,,,,,,,,,,,
30/04/2023 14:00,30/04/2023 14:00,0.399,,,,,,,,,,,
30/04/2023 15:00,30/04/2023 15:00,0.395,,,,,,,,,,,
30/04/2023 16:00,30/04/2023 16:00,0.395,,,,,,,,,,,
30/04/2023 17:00,30/04/2023 17:00,0.391,,,,,,,,,,,
30/04/2023 18:00,30/04/2023 18:00,0.386,,,,,,,,,,,
30/04/2023 19:00,30/04/2023 19:00,0.37,,,,,,,,,,,
30/04/2023 20:00,30/04/2023 20:00,0.332,,,,,,,,,,,
30/04/2023 21:00,30/04/2023 21:00,0.314,,,,,,,,,,,
30/04/2023 22:00,30/04/2023 22:00,0.317,,,,,,,,,,,
30/04/2023 23:00,30/04/2023 23:00,0.314,,,,,,,,,,,
01/05/2023 00:00,01/05/2023 00:00,0.303,,,,,,,,,,,
01/05/2023 01:00,01/05/2023 01:00,0.283,,,,,,,,,,,
01/05/2023 02:00,01/05/2023 02:00,0.272,,,,,,,,,,,
01/05/2023 03:00,01/05/2023 03:00,0.283,,,,,,,,,,,
01/05/2023 04:00,01/05/2023 04:00,0.31,,,,,,,,,,,
01/05/2023 05:00,01/05/2023 05:00,0.32,,,,,,,,,,,
01/05/2023 06:00,01/05/2023 06:00,0.283,,,,,,,,,,,
01/05/2023 07:00,01/05/2023 07:00,0.261,,,,,,,,,,,
01/05/2023 08:00,01/05/2023 08:00,0.261,,,,,,,,,,,
01/05/2023 09:00,01/05/2023 09:00,0.264,,,,,,,,,,,
01/05/2023 10:00,01/05/2023 10:00,0.256,,,,,,,,,,,
01/05/2023 11:00,01/05/2023 11:00,0.251,,,,,,,,,,,
01/05/2023 12:00,01/05/2023 12:00,0.255,,,,,,,,,,,
01/05/2023 13:00,01/05/2023 13:00,0.265,,,,,,,,,,,
01/05/2023 14:00,01/05/2023 14:00,0.283,,,,,,,,,,,
01/05/2023 15:00,01/05/2023 15:00,0.305,,,,,,,,,,,
01/05/2023 16:00,01/05/2023 16:00,0.332,,,,,,,,,,,
01/05/2023 17:00,01/05/2023 17:00,0.359,,,,,,,,,,,
01/05/2023 18:00,01/05/2023 18:00,0.403,,,,,,,,,,,
01/05/2023 19:00,01/05/2023 19:00,0.443,,,,,,,,,,,
01/05/2023 20:00,01/05/2023 20:00,0.471,,,,,,,,,,,
01/05/2023 21:00,01/05/2023 21:00,0.497,,,,,,,,,,,
01/05/2023 22:00,01/05/2023 22:00,0.525,,,,,,,,,,,
01/05/2023 23:00,01/05/2023 23:00,0.541,,,,,,,,,,,
02/05/2023 00:00,02/05/2023 00:00,0.559,,,,,,,,,,,
02/05/2023 01:00,02/05/2023 01:00,0.556,,,,,,,,,,,
02/05/2023 02:00,02/05/2023 02:00,0.531,,,,,,,,,,,
02/05/2023 03:00,02/05/2023 03:00,0.503,,,,,,,,,,,
02/05/2023 04:00,02/05/2023 04:00,0.463,,,,,,,,,,,
02/05/2023 05:00,02/05/2023 05:00,0.41,,,,,,,,,,,
02/05/2023 06:00,02/05/2023 06:00,0.355,,,,,,,,,,,
02/05/2023 07:00,02/05/2023 07:00,0.309,,,,,,,,,,,
02/05/2023 08:00,02/05/2023 08:00,0.265,,,,,,,,,,,
02/05/2023 09:00,02/05/2023 09:00,0.21,,,,,,,,,,,
02/05/2023 10:00,02/05/2023 10:00,0.146,,,,,,,,,,,
02/05/2023 11:00,02/05/2023 11:00,0.087,,,,,,,,,,,
02/05/2023 12:00,02/05/2023 12:00,0.059,,,,,,,,,,,
02/05/2023 13:00,02/05/2023 13:00,0.051,,,,,,,,,,,
02/05/2023 14:00,02/05/2023 14:00,0.055,,,,,,,,,,,
02/05/2023 15:00,02/05/2023 15:00,0.077,,,,,,,,,,,
02/05/2023 16:00,02/05/2023 16:00,0.102,,,,,,,,,,,
02/05/2023 17:00,02/05/2023 17:00,0.125,,,,,,,,,,,
02/05/2023 18:00,02/05/2023 18:00,0.147,,,,,,,,,,,
02/05/2023 19:00,02/05/2023 19:00,0.17,,,,,,,,,,,
02/05/2023 20:00,02/05/2023 20:00,0.191,,,,,,,,,,,
02/05/2023 21:00,02/05/2023 21:00,0.204,,,,,,,,,,,
02/05/2023 22:00,02/05/2023 22:00,0.21,,,,,,,,,,,
02/05/2023 23:00,02/05/2023 23:00,0.201,,,,,,,,,,,
03/05/2023 00:00,03/05/2023 00:00,0.173,,,,,,,,,,,
03/05/2023 01:00,03/05/2023 01:00,0.148,,,,,,,,,,,
03/05/2023 02:00,03/05/2023 02:00,0.123,,,,,,,,,,,
03/05/2023 03:00,03/05/2023 03:00,0.104,,,,,,,,,,,
03/05/2023 04:00,03/05/2023 04:00,0.123,,,,,,,,,,,
03/05/2023 05:00,03/05/2023 05:00,0.174,,,,,,,,,,,
03/05/2023 06:00,03/05/2023 06:00,0.203,,,,,,,,,,,
03/05/2023 07:00,03/05/2023 07:00,0.22,,,,,,,,,,,
03/05/2023 08:00,03/05/2023 08:00,0.237,,,,,,,,,,,
03/05/2023 09:00,03/05/2023 09:00,0.247,,,,,,,,,,,
03/05/2023 10:00,03/05/2023 10:00,0.253,,,,,,,,,,,
03/05/2023 11:00,03/05/2023 11:00,0.278,,,,,,,,,,,
03/05/2023 12:00,03/05/2023 12:00,0.328,,,,,,,,,,,
03/05/2023 13:00,03/05/2023 13:00,0.395,,,,,,,,,,,
03/05/2023 14:00,03/05/2023 14:00,0.457,,,,,,,,,,,
03/05/2023 15:00,03/05/2023 15:00,0.494,,,,,,,,,,,
03/05/2023 16:00,03/05/2023 16:00,0.532,,,,,,,,,,,
03/05/2023 17:00,03/05/2023 17:00,0.601,,,,,,,,,,,
03/05/2023 18:00,03/05/2023 18:00,0.693,,,,,,,,,,,
03/05/2023 19:00,03/05/2023 19:00,0.788,,,,,,,,,,,
03/05/2023 20:00,03/05/2023 20:00,0.851,,,,,,,,,,,
03/05/2023 21:00,03/05/2023 21:00,0.871,,,,,,,,,,,
03/05/2023 22:00,03/05/2023 22:00,0.87,,,,,,,,,,,
03/05/2023 23:00,03/05/2023 23:00,0.863,,,,,,,,,,,
04/05/2023 00:00,04/05/2023 00:00,0.849,,,,,,,,,,,
04/05/2023 01:00,04/05/2023 01:00,0.839,,,,,,,,,,,
04/05/2023 02:00,04/05/2023 02:00,0.839,,,,,,,,,,,
04/05/2023 03:00,04/05/2023 03:00,0.849,,,,,,,,,,,
04/05/2023 04:00,04/05/2023 04:00,0.861,,,,,,,,,,,
04/05/2023 05:00,04/05/2023 05:00,0.866,,,,,,,,,,,
04/05/2023 06:00,04/05/2023 06:00,0.879,,,,,,,,,,,
04/05/2023 07:00,04/05/2023 07:00,0.886,,,,,,,,,,,
04/05/2023 08:00,04/05/2023 08:00,0.879,,,,,,,,,,,
04/05/2023 09:00,04/05/2023 09:00,0.874,,,,,,,,,,,
04/05/2023 10:00,04/05/2023 10:00,0.871,,,,,,,,,,,
04/05/2023 11:00,04/05/2023 11:00,0.879,,,,,,,,,,,
04/05/2023 12:00,04/05/2023 12:00,0.881,,,,,,,,,,,
04/05/2023 13:00,04/05/2023 13:00,0.879,,,,,,,,,,,
04/05/2023 14:00,04/05/2023 14:00,0.866,,,,,,,,,,,
04/05/2023 15:00,04/05/2023 15:00,0.85,,,,,,,,,,,
04/05/2023 16:00,04/05/2023 16:00,0.845,,,,,,,,,,,
04/05/2023 17:00,04/05/2023 17:00,0.86,,,,,,,,,,,
04/05/2023 18:00,04/05/2023 18:00,0.858,,,,,,,,,,,
04/05/2023 19:00,04/05/2023 19:00,0.799,,,,,,,,,,,
04/05/2023 20:00,04/05/2023 20:00,0.665,,,,,,,,,,,
04/05/2023 21:00,04/05/2023 21:00,0.544,,,,,,,,,,,
04/05/2023 22:00,04/05/2023 22:00,0.501,,,,,,,,,,,
04/05/2023 23:00,04/05/2023 23:00,0.518,,,,,,,,,,,
05/05/2023 00:00,05/05/2023 00:00,0.571,,,,,,,,,,,
05/05/2023 01:00,05/05/2023 01:00,0.619,,,,,,,,,,,
05/05/2023 02:00,05/05/2023 02:00,0.611,,,,,,,,,,,
05/05/2023 03:00,05/05/2023 03:00,0.583,,,,,,,,,,,
05/05/2023 04:00,05/05/2023 04:00,0.554,,,,,,,,,,,
05/05/2023 05:00,05/05/2023 05:00,0.535,,,,,,,,,,,
05/05/2023 06:00,05/05/2023 06:00,0.53,,,,,,,,,,,
05/05/2023 07:00,05/05/2023 07:00,0.567,,,,,,,,,,,
05/05/2023 08:00,05/05/2023 08:00,0.604,,,,,,,,,,,
05/05/2023 09:00,05/05/2023 09:00,0.603,,,,,,,,,,,
05/05/2023 10:00,05/05/2023 10:00,0.583,,,,,,,,,,,
05/05/2023 11:00,05/05/2023 11:00,0.571,,,,,,,,,,,
05/05/2023 12:00,05/05/2023 12:00,0.565,,,,,,,,,,,
05/05/2023 13:00,05/05/2023 13:00,0.557,,,,,,,,,,,
05/05/2023 14:00,05/05/2023 14:00,0.538,,,,,,,,,,,
05/05/2023 15:00,05/05/2023 15:00,0.522,,,,,,,,,,,
05/05/2023 16:00,05/05/2023 16:00,0.516,,,,,,,,,,,
05/05/2023 17:00,05/05/2023 17:00,0.532,,,,,,,,,,,
05/05/2023 18:00,05/05/2023 18:00,0.553,,,,,,,,,,,
05/05/2023 19:00,05/05/2023 19:00,0.552,,,,,,,,,,,
05/05/2023 20:00,05/05/2023 20:00,0.538,,,,,,,,,,,
05/05/2023 21:00,05/05/2023 21:00,0.53,,,,,,,,,,,
05/05/2023 22:00,05/05/2023 22:00,0.522,,,,,,,,,,,
05/05/2023 23:00,05/05/2023 23:00,0.501,,,,,,,,,,,
06/05/2023 00:00,06/05/2023 00:00,0.445,,,,,,,,,,,
06/05/2023 01:00,06/05/2023 01:00,0.372,,,,,,,,,,,
06/05/2023 02:00,06/05/2023 02:00,0.315,,,,,,,,,,,
06/05/2023 03:00,06/05/2023 03:00,0.264,,,,,,,,,,,
06/05/2023 04:00,06/05/2023 04:00,0.205,,,,,,,,,,,
06/05/2023 05:00,06/05/2023 05:00,0.151,,,,,,,,,,,
06/05/2023 06:00,06/05/2023 06:00,0.106,,,,,,,,,,,
06/05/2023 07:00,06/05/2023 07:00,0.093,,,,,,,,,,,
06/05/2023 08:00,06/05/2023 08:00,0.117,,,,,,,,,,,
06/05/2023 09:00,06/05/2023 09:00,0.16,,,,,,,,,,,
06/05/2023 10:00,06/05/2023 10:00,0.214,,,,,,,,,,,
06/05/2023 11:00,06/05/2023 11:00,0.276,,,,,,,,,,,
06/05/2023 12:00,06/05/2023 12:00,0.337,,,,,,,,,,,
06/05/2023 13:00,06/05/2023 13:00,0.371,,,,,,,,,,,
06/05/2023 14:00,06/05/2023 14:00,0.376,,,,,,,,,,,
06/05/2023 15:00,06/05/2023 15:00,0.362,,,,,,,,,,,
06/05/2023 16:00,06/05/2023 16:00,0.347,,,,,,,,,,,
06/05/2023 17:00,06/05/2023 17:00,0.337,,,,,,,,,,,
06/05/2023 18:00,06/05/2023 18:00,0.372,,,,,,,,,,,
06/05/2023 19:00,06/05/2023 19:00,0.458,,,,,,,,,,,
06/05/2023 20:00,06/05/2023 20:00,0.541,,,,,,,,,,,
06/05/2023 21:00,06/05/2023 21:00,0.599,,,,,,,,,,,
06/05/2023 22:00,06/05/2023 22:00,0.616,,,,,,,,,,,
06/05/2023 23:00,06/05/2023 23:00,0.598,,,,,,,,,,,
07/05/2023 00:00,07/05/2023 00:00,0.559,,,,,,,,,,,
07/05/2023 01:00,07/05/2023 01:00,0.517,,,,,,,,,,,
07/05/2023 02:00,07/05/2023 02:00,0.449,,,,,,,,,,,
07/05/2023 03:00,07/05/2023 03:00,0.367,,,,,,,,,,,
07/05/2023 04:00,07/05/2023 04:00,0.293,,,,,,,,,,,
07/05/2023 05:00,07/05/2023 05:00,0.215,,,,,,,,,,,
07/05/2023 06:00,07/05/2023 06:00,0.14,,,,,,,,,,,
07/05/2023 07:00,07/05/2023 07:00,0.109,,,,,,,,,,,
07/05/2023 08:00,07/05/2023 08:00,0.101,,,,,,,,,,,
07/05/2023 09:00,07/05/2023 09:00,0.093,,,,,,,,,,,
07/05/2023 10:00,07/05/2023 10:00,0.079,,,,,,,,,,,
07/05/2023 11:00,07/05/2023 11:00,0.068,,,,,,,,,,,
07/05/2023 12:00,07/05/2023 12:00,0.053,,,,,,,,,,,
07/05/2023 13:00,07/05/2023 13:00,0.03,,,,,,,,,,,
07/05/2023 14:00,07/05/2023 14:00,0.013,,,,,,,,,,,
07/05/2023 15:00,07/05/2023 15:00,0.011,,,,,,,,,,,
07/05/2023 16:00,07/05/2023 16:00,0.038,,,,,,,,,,,
07/05/2023 17:00,07/05/2023 17:00,0.086,,,,,,,,,,,
07/05/2023 18:00,07/05/2023 18:00,0.156,,,,,,,,,,,
07/05/2023 19:00,07/05/2023 19:00,0.248,,,,,,,,,,,
07/05/2023 20:00,07/05/2023 20:00,0.341,,,,,,,,,,,
07/05/2023 21:00,07/05/2023 21:00,0.432,,,,,,,,,,,
07/05/2023 22:00,07/05/2023 22:00,0.484,,,,,,,,,,,
07/05/2023 23:00,07/05/2023 23:00,0.492,,,,,,,,,,,
08/05/2023 00:00,08/05/2023 00:00,0.46,,,,,,,,,,,
08/05/2023 01:00,08/05/2023 01:00,0.395,,,,,,,,,,,
08/05/2023 02:00,08/05/2023 02:00,0.302,,,,,,,,,,,
08/05/2023 03:00,08/05/2023 03:00,0.238,,,,,,,,,,,
08/05/2023 04:00,08/05/2023 04:00,0.213,,,,,,,,,,,
08/05/2023 05:00,08/05/2023 05:00,0.204,,,,,,,,,,,
08/05/2023 06:00,08/05/2023 06:00,0.191,,,,,,,,,,,
08/05/2023 07:00,08/05/2023 07:00,0.203,,,,,,,,,,,
08/05/2023 08:00,08/05/2023 08:00,0.269,,,,,,,,,,,
08/05/2023 09:00,08/05/2023 09:00,0.358,,,,,,,,,,,
08/05/2023 10:00,08/05/2023 10:00,0.464,,,,,,,,,,,
08/05/2023 11:00,08/05/2023 11:00,0.556,,,,,,,,,,,
08/05/2023 12:00,08/05/2023 12:00,0.618,,,,,,,,,,,
08/05/2023 13:00,08/05/2023 13:00,0.661,,,,,,,,,,,
08/05/2023 14:00,08/05/2023 14:00,0.691,,,,,,,,,,,
08/05/2023 15:00,08/05/2023 15:00,0.711,,,,,,,,,,,
08/05/2023 16:00,08/05/2023 16:00,0.753,,,,,,,,,,,
08/05/2023 17:00,08/05/2023 17:00,0.788,,,,,,,,,,,
08/05/2023 18:00,08/05/2023 18:00,0.787,,,,,,,,,,,
08/05/2023 19:00,08/05/2023 19:00,0.788,,,,,,,,,,,
08/05/2023 20:00,08/05/2023 20:00,0.791,,,,,,,,,,,
08/05/2023 21:00,08/05/2023 21:00,0.786,,,,,,,,,,,
08/05/2023 22:00,08/05/2023 22:00,0.786,,,,,,,,,,,
08/05/2023 23:00,08/05/2023 23:00,0.792,,,,,,,,,,,
09/05/2023 00:00,09/05/2023 00:00,0.8,,,,,,,,,,,
09/05/2023 01:00,09/05/2023 01:00,0.796,,,,,,,,,,,
09/05/2023 02:00,09/05/2023 02:00,0.764,,,,,,,,,,,
09/05/2023 03:00,09/05/2023 03:00,0.733,,,,,,,,,,,
09/05/2023 04:00,09/05/2023 04:00,0.671,,,,,,,,,,,
09/05/2023 05:00,09/05/2023 05:00,0.547,,,,,,,,,,,
09/05/2023 06:00,09/05/2023 06:00,0.407,,,,,,,,,,,
09/05/2023 07:00,09/05/2023 07:00,0.297,,,,,,,,,,,
09/05/2023 08:00,09/05/2023 08:00,0.211,,,,,,,,,,,
09/05/2023 09:00,09/05/2023 09:00,0.158,,,,,,,,,,,
09/05/2023 10:00,09/05/2023 10:00,0.136,,,,,,,,,,,
09/05/2023 11:00,09/05/2023 11:00,0.13,,,,,,,,,,,
09/05/2023 12:00,09/05/2023 12:00,0.138,,,,,,,,,,,
09/05/2023 13:00,09/05/2023 13:00,0.156,,,,,,,,,,,
09/05/2023 14:00,09/05/2023 14:00,0.164,,,,,,,,,,,
09/05/2023 15:00,09/05/2023 15:00,0.156,,,,,,,,,,,
09/05/2023 16:00,09/05/2023 16:00,0.12,,,,,,,,,,,
09/05/2023 17:00,09/05/2023 17:00,0.073,,,,,,,,,,,
09/05/2023 18:00,09/05/2023 18:00,0.037,,,,,,,,,,,
09/05/2023 19:00,09/05/2023 19:00,0.017,,,,,,,,,,,
09/05/2023 20:00,09/05/2023 20:00,0.017,,,,,,,,,,,
09/05/2023 21:00,09/05/2023 21:00,0.033,,,,,,,,,,,
09/05/2023 22:00,09/05/2023 22:00,0.057,,,,,,,,,,,
09/05/2023 23:00,09/05/2023 23:00,0.09,,,,,,,,,,,
10/05/2023 00:00,10/05/2023 00:00,0.142,,,,,,,,,,,
10/05/2023 01:00,10/05/2023 01:00,0.204,,,,,,,,,,,
10/05/2023 02:00,10/05/2023 02:00,0.266,,,,,,,,,,,
10/05/2023 03:00,10/05/2023 03:00,0.292,,,,,,,,,,,
10/05/2023 04:00,10/05/2023 04:00,0.289,,,,,,,,,,,
10/05/2023 05:00,10/05/2023 05:00,0.27,,,,,,,,,,,
10/05/2023 06:00,10/05/2023 06:00,0.245,,,,,,,,,,,
10/05/2023 07:00,10/05/2023 07:00,0.237,,,,,,,,,,,
10/05/2023 08:00,10/05/2023 08:00,0.24,,,,,,,,,,,
10/05/2023 09:00,10/05/2023 09:00,0.226,,,,,,,,,,,
10/05/2023 10:00,10/05/2023 10:00,0.184,,,,,,,,,,,
10/05/2023 11:00,10/05/2023 11:00,0.132,,,,,,,,,,,
10/05/2023 12:00,10/05/2023 12:00,0.082,,,,,,,,,,,
10/05/2023 13:00,10/05/2023 13:00,0.045,,,,,,,,,,,
10/05/2023 14:00,10/05/2023 14:00,0.026,,,,,,,,,,,
10/05/2023 15:00,10/05/2023 15:00,0.033,,,,,,,,,,,
10/05/2023 16:00,10/05/2023 16:00,0.075,,,,,,,,,,,
10/05/2023 17:00,10/05/2023 17:00,0.136,,,,,,,,,,,
10/05/2023 18:00,10/05/2023 18:00,0.187,,,,,,,,,,,
10/05/2023 19:00,10/05/2023 19:00,0.211,,,,,,,,,,,
10/05/2023 20:00,10/05/2023 20:00,0.204,,,,,,,,,,,
10/05/2023 21:00,10/05/2023 21:00,0.178,,,,,,,,,,,
10/05/2023 22:00,10/05/2023 22:00,0.148,,,,,,,,,,,
10/05/2023 23:00,10/05/2023 23:00,0.126,,,,,,,,,,,
11/05/2023 00:00,11/05/2023 00:00,0.111,,,,,,,,,,,
11/05/2023 01:00,11/05/2023 01:00,0.102,,,,,,,,,,,
11/05/2023 02:00,11/05/2023 02:00,0.096,,,,,,,,,,,
11/05/2023 03:00,11/05/2023 03:00,0.092,,,,,,,,,,,
11/05/2023 04:00,11/05/2023 04:00,0.08,,,,,,,,,,,
11/05/2023 05:00,11/05/2023 05:00,0.074,,,,,,,,,,,
11/05/2023 06:00,11/05/2023 06:00,0.063,,,,,,,,,,,
11/05/2023 07:00,11/05/2023 07:00,0.055,,,,,,,,,,,
11/05/2023 08:00,11/05/2023 08:00,0.047,,,,,,,,,,,
11/05/2023 09:00,11/05/2023 09:00,0.039,,,,,,,,,,,
11/05/2023 10:00,11/05/2023 10:00,0.035,,,,,,,,,,,
11/05/2023 11:00,11/05/2023 11:00,0.038,,,,,,,,,,,
11/05/2023 12:00,11/05/2023 12:00,0.056,,,,,,,,,,,
11/05/2023 13:00,11/05/2023 13:00,0.088,,,,,,,,,,,
11/05/2023 14:00,11/05/2023 14:00,0.135,,,,,,,,,,,
11/05/2023 15:00,11/05/2023 15:00,0.178,,,,,,,,,,,
11/05/2023 16:00,11/05/2023 16:00,0.212,,,,,,,,,,,
11/05/2023 17:00,11/05/2023 17:00,0.25,,,,,,,,,,,
11/05/2023 18:00,11/05/2023 18:00,0.302,,,,,,,,,,,
11/05/2023 19:00,11/05/2023 19:00,0.367,,,,,,,,,,,
11/05/2023 20:00,11/05/2023 20:00,0.42,,,,,,,,,,,
11/05/2023 21:00,11/05/2023 21:00,0.456,,,,,,,,,,,
11/05/2023 22:00,11/05/2023 22:00,0.502,,,,,,,,,,,
11/05/2023 23:00,11/05/2023 23:00,0.566,,,,,,,,,,,
12/05/2023 00:00,12/05/2023 00:00,0.624,,,,,,,,,,,
12/05/2023 01:00,12/05/2023 01:00,0.669,,,,,,,,,,,
12/05/2023 02:00,12/05/2023 02:00,0.719,,,,,,,,,,,
12/05/2023 03:00,12/05/2023 03:00,0.774,,,,,,,,,,,
12/05/2023 04:00,12/05/2023 04:00,0.822,,,,,,,,,,,
12/05/2023 05:00,12/05/2023 05:00,0.873,,,,,,,,,,,
12/05/2023 06:00,12/05/2023 06:00,0.925,,,,,,,,,,,
12/05/2023 07:00,12/05/2023 07:00,0.951,,,,,,,,,,,
12/05/2023 08:00,12/05/2023 08:00,0.959,,,,,,,,,,,
12/05/2023 09:00,12/05/2023 09:00,0.951,,,,,,,,,,,
12/05/2023 10:00,12/05/2023 10:00,0.94,,,,,,,,,,,
12/05/2023 11:00,12/05/2023 11:00,0.929,,,,,,,,,,,
12/05/2023 12:00,12/05/2023 12:00,0.917,,,,,,,,,,,
12/05/2023 13:00,12/05/2023 13:00,0.905,,,,,,,,,,,
12/05/2023 14:00,12/05/2023 14:00,0.895,,,,,,,,,,,
12/05/2023 15:00,12/05/2023 15:00,0.882,,,,,,,,,,,
12/05/2023 16:00,12/05/2023 16:00,0.873,,,,,,,,,,,
12/05/2023 17:00,12/05/2023 17:00,0.859,,,,,,,,,,,
12/05/2023 18:00,12/05/2023 18:00,0.851,,,,,,,,,,,
12/05/2023 19:00,12/05/2023 19:00,0.847,,,,,,,,,,,
12/05/2023 20:00,12/05/2023 20:00,0.84,,,,,,,,,,,
12/05/2023 21:00,12/05/2023 21:00,0.831,,,,,,,,,,,
12/05/2023 22:00,12/05/2023 22:00,0.812,,,,,,,,,,,
12/05/2023 23:00,12/05/2023 23:00,0.804,,,,,,,,,,,
13/05/2023 00:00,13/05/2023 00:00,0.811,,,,,,,,,,,
13/05/2023 01:00,13/05/2023 01:00,0.822,,,,,,,,,,,
13/05/2023 02:00,13/05/2023 02:00,0.819,,,,,,,,,,,
13/05/2023 03:00,13/05/2023 03:00,0.785,,,,,,,,,,,
13/05/2023 04:00,13/05/2023 04:00,0.729,,,,,,,,,,,
13/05/2023 05:00,13/05/2023 05:00,0.674,,,,,,,,,,,
13/05/2023 06:00,13/05/2023 06:00,0.653,,,,,,,,,,,
13/05/2023 07:00,13/05/2023 07:00,0.646,,,,,,,,,,,
13/05/2023 08:00,13/05/2023 08:00,0.644,,,,,,,,,,,
13/05/2023 09:00,13/05/2023 09:00,0.634,,,,,,,,,,,
13/05/2023 10:00,13/05/2023 10:00,0.623,,,,,,,,,,,
13/05/2023 11:00,13/05/2023 11:00,0.613,,,,,,,,,,,
13/05/2023 12:00,13/05/2023 12:00,0.596,,,,,,,,,,,
13/05/2023 13:00,13/05/2023 13:00,0.589,,,,,,,,,,,
13/05/2023 14:00,13/05/2023 14:00,0.578,,,,,,,,,,,
13/05/2023 15:00,13/05/2023 15:00,0.574,,,,,,,,,,,
13/05/2023 16:00,13/05/2023 16:00,0.573,,,,,,,,,,,
13/05/2023 17:00,13/05/2023 17:00,0.557,,,,,,,,,,,
13/05/2023 18:00,13/05/2023 18:00,0.52,,,,,,,,,,,
13/05/2023 19:00,13/05/2023 19:00,0.472,,,,,,,,,,,
13/05/2023 20:00,13/05/2023 20:00,0.415,,,,,,,,,,,
13/05/2023 21:00,13/05/2023 21:00,0.337,,,,,,,,,,,
13/05/2023 22:00,13/05/2023 22:00,0.272,,,,,,,,,,,
13/05/2023 23:00,13/05/2023 23:00,0.233,,,,,,,,,,,
14/05/2023 00:00,14/05/2023 00:00,0.209,,,,,,,,,,,
14/05/2023 01:00,14/05/2023 01:00,0.194,,,,,,,,,,,
14/05/2023 02:00,14/05/2023 02:00,0.184,,,,,,,,,,,
14/05/2023 03:00,14/05/2023 03:00,0.182,,,,,,,,,,,
14/05/2023 04:00,14/05/2023 04:00,0.188,,,,,,,,,,,
14/05/2023 05:00,14/05/2023 05:00,0.175,,,,,,,,,,,
14/05/2023 06:00,14/05/2023 06:00,0.143,,,,,,,,,,,
14/05/2023 07:00,14/05/2023 07:00,0.103,,,,,,,,,,,
14/05/2023 08:00,14/05/2023 08:00,0.062,,,,,,,,,,,
14/05/2023 09:00,14/05/2023 09:00,0.033,,,,,,,,,,,
14/05/2023 10:00,14/05/2023 10:00,0.024,,,,,,,,,,,
14/05/2023 11:00,14/05/2023 11:00,0.036,,,,,,,,,,,
14/05/2023 12:00,14/05/2023 12:00,0.047,,,,,,,,,,,
14/05/2023 13:00,14/05/2023 13:00,0.047,,,,,,,,,,,
14/05/2023 14:00,14/05/2023 14:00,0.041,,,,,,,,,,,
14/05/2023 15:00,14/05/2023 15:00,0.027,,,,,,,,,,,
14/05/2023 16:00,14/05/2023 16:00,0.01,,,,,,,,,,,
14/05/2023 17:00,14/05/2023 17:00,0.011,,,,,,,,,,,
14/05/2023 18:00,14/05/2023 18:00,0.03,,,,,,,,,,,
14/05/2023 19:00,14/05/2023 19:00,0.089,,,,,,,,,,,
14/05/2023 20:00,14/05/2023 20:00,0.167,,,,,,,,,,,
14/05/2023 21:00,14/05/2023 21:00,0.23,,,,,,,,,,,
14/05/2023 22:00,14/05/2023 22:00,0.236,,,,,,,,,,,
14/05/2023 23:00,14/05/2023 23:00,0.185,,,,,,,,,,,
15/05/2023 00:00,15/05/2023 00:00,0.117,,,,,,,,,,,
15/05/2023 01:00,15/05/2023 01:00,0.128,,,,,,,,,,,
15/05/2023 02:00,15/05/2023 02:00,0.238,,,,,,,,,,,
15/05/2023 03:00,15/05/2023 03:00,0.404,,,,,,,,,,,
15/05/2023 04:00,15/05/2023 04:00,0.558,,,,,,,,,,,
15/05/2023 05:00,15/05/2023 05:00,0.645,,,,,,,,,,,
15/05/2023 06:00,15/05/2023 06:00,0.695,,,,,,,,,,,
15/05/2023 07:00,15/05/2023 07:00,0.759,,,,,,,,,,,
15/05/2023 08:00,15/05/2023 08:00,0.803,,,,,,,,,,,
15/05/2023 09:00,15/05/2023 09:00,0.834,,,,,,,,,,,
15/05/2023 10:00,15/05/2023 10:00,0.875,,,,,,,,,,,
15/05/2023 11:00,15/05/2023 11:00,0.906,,,,,,,,,,,
15/05/2023 12:00,15/05/2023 12:00,0.927,,,,,,,,,,,
15/05/2023 13:00,15/05/2023 13:00,0.933,,,,,,,,,,,
15/05/2023 14:00,15/05/2023 14:00,0.928,,,,,,,,,,,
15/05/2023 15:00,15/05/2023 15:00,0.91,,,,,,,,,,,
15/05/2023 16:00,15/05/2023 16:00,0.884,,,,,,,,,,,
15/05/2023 17:00,15/05/2023 17:00,0.849,,,,,,,,,,,
15/05/2023 18:00,15/05/2023 18:00,0.797,,,,,,,,,,,
15/05/2023 19:00,15/05/2023 19:00,0.734,,,,,,,,,,,
15/05/2023 20:00,15/05/2023 20:00,0.654,,,,,,,,,,,
15/05/2023 21:00,15/05/2023 21:00,0.564,,,,,,,,,,,
15/05/2023 22:00,15/05/2023 22:00,0.486,,,,,,,,,,,
15/05/2023 23:00,15/05/2023 23:00,0.438,,,,,,,,,,,
16/05/2023 00:00,16/05/2023 00:00,0.422,,,,,,,,,,,
16/05/2023 01:00,16/05/2023 01:00,0.426,,,,,,,,,,,
16/05/2023 02:00,16/05/2023 02:00,0.425,,,,,,,,,,,
16/05/2023 03:00,16/05/2023 03:00,0.393,,,,,,,,,,,
16/05/2023 04:00,16/05/2023 04:00,0.335,,,,,,,,,,,
16/05/2023 05:00,16/05/2023 05:00,0.281,,,,,,,,,,,
16/05/2023 06:00,16/05/2023 06:00,0.266,,,,,,,,,,,
16/05/2023 07:00,16/05/2023 07:00,0.295,,,,,,,,,,,
16/05/2023 08:00,16/05/2023 08:00,0.349,,,,,,,,,,,
16/05/2023 09:00,16/05/2023 09:00,0.415,,,,,,,,,,,
16/05/2023 10:00,16/05/2023 10:00,0.488,,,,,,,,,,,
16/05/2023 11:00,16/05/2023 11:00,0.554,,,,,,,,,,,
16/05/2023 12:00,16/05/2023 12:00,0.6,,,,,,,,,,,
16/05/2023 13:00,16/05/2023 13:00,0.622,,,,,,,,,,,
16/05/2023 14:00,16/05/2023 14:00,0.608,,,,,,,,,,,
16/05/2023 15:00,16/05/2023 15:00,0.573,,,,,,,,,,,
16/05/2023 16:00,16/05/2023 16:00,0.525,,,,,,,,,,,
16/05/2023 17:00,16/05/2023 17:00,0.446,,,,,,,,,,,
16/05/2023 18:00,16/05/2023 18:00,0.346,,,,,,,,,,,
16/05/2023 19:00,16/05/2023 19:00,0.278,,,,,,,,,,,
16/05/2023 20:00,16/05/2023 20:00,0.238,,,,,,,,,,,
16/05/2023 21:00,16/05/2023 21:00,0.22,,,,,,,,,,,
16/05/2023 22:00,16/05/2023 22:00,0.198,,,,,,,,,,,
16/05/2023 23:00,16/05/2023 23:00,0.179,,,,,,,,,,,
17/05/2023 00:00,17/05/2023 00:00,0.163,,,,,,,,,,,
17/05/2023 01:00,17/05/2023 01:00,0.133,,,,,,,,,,,
17/05/2023 02:00,17/05/2023 02:00,0.103,,,,,,,,,,,
17/05/2023 03:00,17/05/2023 03:00,0.089,,,,,,,,,,,
17/05/2023 04:00,17/05/2023 04:00,0.087,,,,,,,,,,,
17/05/2023 05:00,17/05/2023 05:00,0.089,,,,,,,,,,,
17/05/2023 06:00,17/05/2023 06:00,0.093,,,,,,,,,,,
17/05/2023 07:00,17/05/2023 07:00,0.095,,,,,,,,,,,
17/05/2023 08:00,17/05/2023 08:00,0.101,,,,,,,,,,,
17/05/2023 09:00,17/05/2023 09:00,0.112,,,,,,,,,,,
17/05/2023 10:00,17/05/2023 10:00,0.123,,,,,,,,,,,
17/05/2023 11:00,17/05/2023 11:00,0.127,,,,,,,,,,,
17/05/2023 12:00,17/05/2023 12:00,0.125,,,,,,,,,,,
17/05/2023 13:00,17/05/2023 13:00,0.116,,,,,,,,,,,
17/05/2023 14:00,17/05/2023 14:00,0.102,,,,,,,,,,,
17/05/2023 15:00,17/05/2023 15:00,0.085,,,,,,,,,,,
17/05/2023 16:00,17/05/2023 16:00,0.072,,,,,,,,,,,
17/05/2023 17:00,17/05/2023 17:00,0.065,,,,,,,,,,,
17/05/2023 18:00,17/05/2023 18:00,0.07,,,,,,,,,,,
17/05/2023 19:00,17/05/2023 19:00,0.086,,,,,,,,,,,
17/05/2023 20:00,17/05/2023 20:00,0.096,,,,,,,,,,,
17/05/2023 21:00,17/05/2023 21:00,0.096,,,,,,,,,,,
17/05/2023 22:00,17/05/2023 22:00,0.099,,,,,,,,,,,
17/05/2023 23:00,17/05/2023 23:00,0.101,,,,,,,,,,,
18/05/2023 00:00,18/05/2023 00:00,0.097,,,,,,,,,,,
18/05/2023 01:00,18/05/2023 01:00,0.094,,,,,,,,,,,
18/05/2023 02:00,18/05/2023 02:00,0.093,,,,,,,,,,,
18/05/2023 03:00,18/05/2023 03:00,0.084,,,,,,,,,,,
18/05/2023 04:00,18/05/2023 04:00,0.076,,,,,,,,,,,
18/05/2023 05:00,18/05/2023 05:00,0.076,,,,,,,,,,,
18/05/2023 06:00,18/05/2023 06:00,0.081,,,,,,,,,,,
18/05/2023 07:00,18/05/2023 07:00,0.1,,,,,,,,,,,
18/05/2023 08:00,18/05/2023 08:00,0.133,,,,,,,,,,,
18/05/2023 09:00,18/05/2023 09:00,0.165,,,,,,,,,,,
18/05/2023 10:00,18/05/2023 10:00,0.175,,,,,,,,,,,
18/05/2023 11:00,18/05/2023 11:00,0.174,,,,,,,,,,,
18/05/2023 12:00,18/05/2023 12:00,0.172,,,,,,,,,,,
18/05/2023 13:00,18/05/2023 13:00,0.179,,,,,,,,,,,
18/05/2023 14:00,18/05/2023 14:00,0.195,,,,,,,,,,,
18/05/2023 15:00,18/05/2023 15:00,0.218,,,,,,,,,,,
18/05/2023 16:00,18/05/2023 16:00,0.236,,,,,,,,,,,
18/05/2023 17:00,18/05/2023 17:00,0.248,,,,,,,,,,,
18/05/2023 18:00,18/05/2023 18:00,0.253,,,,,,,,,,,
18/05/2023 19:00,18/05/2023 19:00,0.267,,,,,,,,,,,
18/05/2023 20:00,18/05/2023 20:00,0.284,,,,,,,,,,,
18/05/2023 21:00,18/05/2023 21:00,0.288,,,,,,,,,,,
18/05/2023 22:00,18/05/2023 22:00,0.31,,,,,,,,,,,
18/05/2023 23:00,18/05/2023 23:00,0.32,,,,,,,,,,,
19/05/2023 00:00,19/05/2023 00:00,0.305,,,,,,,,,,,
19/05/2023 01:00,19/05/2023 01:00,0.275,,,,,,,,,,,
19/05/2023 02:00,19/05/2023 02:00,0.238,,,,,,,,,,,
19/05/2023 03:00,19/05/2023 03:00,0.183,,,,,,,,,,,
19/05/2023 04:00,19/05/2023 04:00,0.135,,,,,,,,,,,
19/05/2023 05:00,19/05/2023 05:00,0.133,,,,,,,,,,,
19/05/2023 06:00,19/05/2023 06:00,0.159,,,,,,,,,,,
19/05/2023 07:00,19/05/2023 07:00,0.182,,,,,,,,,,,
19/05/2023 08:00,19/05/2023 08:00,0.206,,,,,,,,,,,
19/05/2023 09:00,19/05/2023 09:00,0.243,,,,,,,,,,,
19/05/2023 10:00,19/05/2023 10:00,0.285,,,,,,,,,,,
19/05/2023 11:00,19/05/2023 11:00,0.322,,,,,,,,,,,
19/05/2023 12:00,19/05/2023 12:00,0.362,,,,,,,,,,,
19/05/2023 13:00,19/05/2023 13:00,0.42,,,,,,,,,,,
19/05/2023 14:00,19/05/2023 14:00,0.481,,,,,,,,,,,
19/05/2023 15:00,19/05/2023 15:00,0.524,,,,,,,,,,,
19/05/2023 16:00,19/05/2023 16:00,0.55,,,,,,,,,,,
19/05/2023 17:00,19/05/2023 17:00,0.568,,,,,,,,,,,
19/05/2023 18:00,19/05/2023 18:00,0.583,,,,,,,,,,,
19/05/2023 19:00,19/05/2023 19:00,0.613,,,,,,,,,,,
19/05/2023 20:00,19/05/2023 20:00,0.645,,,,,,,,,,,
19/05/2023 21:00,19/05/2023 21:00,0.656,,,,,,,,,,,
19/05/2023 22:00,19/05/2023 22:00,0.676,,,,,,,,,,,
19/05/2023 23:00,19/05/2023 23:00,0.674,,,,,,,,,,,
20/05/2023 00:00,20/05/2023 00:00,0.685,,,,,,,,,,,
20/05/2023 01:00,20/05/2023 01:00,0.705,,,,,,,,,,,
20/05/2023 02:00,20/05/2023 02:00,0.739,,,,,,,,,,,
20/05/2023 03:00,20/05/2023 03:00,0.737,,,,,,,,,,,
20/05/2023 04:00,20/05/2023 04:00,0.734,,,,,,,,,,,
20/05/2023 05:00,20/05/2023 05:00,0.719,,,,,,,,,,,
20/05/2023 06:00,20/05/2023 06:00,0.7,,,,,,,,,,,
20/05/2023 07:00,20/05/2023 07:00,0.696,,,,,,,,,,,
20/05/2023 08:00,20/05/2023 08:00,0.717,,,,,,,,,,,
20/05/2023 09:00,20/05/2023 09:00,0.731,,,,,,,,,,,
20/05/2023 10:00,20/05/2023 10:00,0.75,,,,,,,,,,,
20/05/2023 11:00,20/05/2023 11:00,0.764,,,,,,,,,,,
20/05/2023 12:00,20/05/2023 12:00,0.775,,,,,,,,,,,
20/05/2023 13:00,20/05/2023 13:00,0.781,,,,,,,,,,,
20/05/2023 14:00,20/05/2023 14:00,0.782,,,,,,,,,,,
20/05/2023 15:00,20/05/2023 15:00,0.77,,,,,,,,,,,
20/05/2023 16:00,20/05/2023 16:00,0.749,,,,,,,,,,,
20/05/2023 17:00,20/05/2023 17:00,0.735,,,,,,,,,,,
20/05/2023 18:00,20/05/2023 18:00,0.715,,,,,,,,,,,
20/05/2023 19:00,20/05/2023 19:00,0.714,,,,,,,,,,,
20/05/2023 20:00,20/05/2023 20:00,0.731,,,,,,,,,,,
20/05/2023 21:00,20/05/2023 21:00,0.752,,,,,,,,,,,
20/05/2023 22:00,20/05/2023 22:00,0.775,,,,,,,,,,,
20/05/2023 23:00,20/05/2023 23:00,0.776,,,,,,,,,,,
21/05/2023 00:00,21/05/2023 00:00,0.753,,,,,,,,,,,
21/05/2023 01:00,21/05/2023 01:00,0.722,,,,,,,,,,,
21/05/2023 02:00,21/05/2023 02:00,0.7,,,,,,,,,,,
21/05/2023 03:00,21/05/2023 03:00,0.686,,,,,,,,,,,
21/05/2023 04:00,21/05/2023 04:00,0.69,,,,,,,,,,,
21/05/2023 05:00,21/05/2023 05:00,0.682,,,,,,,,,,,
21/05/2023 06:00,21/05/2023 06:00,0.698,,,,,,,,,,,
21/05/2023 07:00,21/05/2023 07:00,0.731,,,,,,,,,,,
21/05/2023 08:00,21/05/2023 08:00,0.74,,,,,,,,,,,
21/05/2023 09:00,21/05/2023 09:00,0.745,,,,,,,,,,,
21/05/2023 10:00,21/05/2023 10:00,0.759,,,,,,,,,,,
21/05/2023 11:00,21/05/2023 11:00,0.765,,,,,,,,,,,
21/05/2023 12:00,21/05/2023 12:00,0.763,,,,,,,,,,,
21/05/2023 13:00,21/05/2023 13:00,0.765,,,,,,,,,,,
21/05/2023 14:00,21/05/2023 14:00,0.757,,,,,,,,,,,
21/05/2023 15:00,21/05/2023 15:00,0.735,,,,,,,,,,,
21/05/2023 16:00,21/05/2023 16:00,0.727,,,,,,,,,,,
21/05/2023 17:00,21/05/2023 17:00,0.721,,,,,,,,,,,
21/05/2023 18:00,21/05/2023 18:00,0.705,,,,,,,,,,,
21/05/2023 19:00,21/05/2023 19:00,0.7,,,,,,,,,,,
21/05/2023 20:00,21/05/2023 20:00,0.695,,,,,,,,,,,
21/05/2023 21:00,21/05/2023 21:00,0.696,,,,,,,,,,,
21/05/2023 22:00,21/05/2023 22:00,0.697,,,,,,,,,,,
21/05/2023 23:00,21/05/2023 23:00,0.682,,,,,,,,,,,
22/05/2023 00:00,22/05/2023 00:00,0.665,,,,,,,,,,,
22/05/2023 01:00,22/05/2023 01:00,0.678,,,,,,,,,,,
22/05/2023 02:00,22/05/2023 02:00,0.722,,,,,,,,,,,
22/05/2023 03:00,22/05/2023 03:00,0.755,,,,,,,,,,,
22/05/2023 04:00,22/05/2023 04:00,0.772,,,,,,,,,,,
22/05/2023 05:00,22/05/2023 05:00,0.744,,,,,,,,,,,
22/05/2023 06:00,22/05/2023 06:00,0.713,,,,,,,,,,,
22/05/2023 07:00,22/05/2023 07:00,0.707,,,,,,,,,,,
22/05/2023 08:00,22/05/2023 08:00,0.754,,,,,,,,,,,
22/05/2023 09:00,22/05/2023 09:00,0.8,,,,,,,,,,,
22/05/2023 10:00,22/05/2023 10:00,0.842,,,,,,,,,,,
22/05/2023 11:00,22/05/2023 11:00,0.879,,,,,,,,,,,
22/05/2023 12:00,22/05/2023 12:00,0.898,,,,,,,,,,,
22/05/2023 13:00,22/05/2023 13:00,0.907,,,,,,,,,,,
22/05/2023 14:00,22/05/2023 14:00,0.902,,,,,,,,,,,
22/05/2023 15:00,22/05/2023 15:00,0.886,,,,,,,,,,,
22/05/2023 16:00,22/05/2023 16:00,0.878,,,,,,,,,,,
22/05/2023 17:00,22/05/2023 17:00,0.886,,,,,,,,,,,
22/05/2023 18:00,22/05/2023 18:00,0.881,,,,,,,,,,,
22/05/2023 19:00,22/05/2023 19:00,0.856,,,,,,,,,,,
22/05/2023 20:00,22/05/2023 20:00,0.8,,,,,,,,,,,
22/05/2023 21:00,22/05/2023 21:00,0.786,,,,,,,,,,,
22/05/2023 22:00,22/05/2023 22:00,0.811,,,,,,,,,,,
22/05/2023 23:00,22/05/2023 23:00,0.818,,,,,,,,,,,
23/05/2023 00:00,23/05/2023 00:00,0.807,,,,,,,,,,,
23/05/2023 01:00,23/05/2023 01:00,0.808,,,,,,,,,,,
23/05/2023 02:00,23/05/2023 02:00,0.821,,,,,,,,,,,
23/05/2023 03:00,23/05/2023 03:00,0.831,,,,,,,,,,,
23/05/2023 04:00,23/05/2023 04:00,0.831,,,,,,,,,,,
23/05/2023 05:00,23/05/2023 05:00,0.824,,,,,,,,,,,
23/05/2023 06:00,23/05/2023 06:00,0.809,,,,,,,,,,,
23/05/2023 07:00,23/05/2023 07:00,0.788,,,,,,,,,,,
23/05/2023 08:00,23/05/2023 08:00,0.764,,,,,,,,,,,
23/05/2023 09:00,23/05/2023 09:00,0.734,,,,,,,,,,,
23/05/2023 10:00,23/05/2023 10:00,0.703,,,,,,,,,,,
23/05/2023 11:00,23/05/2023 11:00,0.688,,,,,,,,,,,
23/05/2023 12:00,23/05/2023 12:00,0.659,,,,,,,,,,,
23/05/2023 13:00,23/05/2023 13:00,0.594,,,,,,,,,,,
23/05/2023 14:00,23/05/2023 14:00,0.527,,,,,,,,,,,
23/05/2023 15:00,23/05/2023 15:00,0.465,,,,,,,,,,,
23/05/2023 16:00,23/05/2023 16:00,0.384,,,,,,,,,,,
23/05/2023 17:00,23/05/2023 17:00,0.284,,,,,,,,,,,
23/05/2023 18:00,23/05/2023 18:00,0.18,,,,,,,,,,,
23/05/2023 19:00,23/05/2023 19:00,0.087,,,,,,,,,,,
23/05/2023 20:00,23/05/2023 20:00,0.041,,,,,,,,,,,
23/05/2023 21:00,23/05/2023 21:00,0.025,,,,,,,,,,,
23/05/2023 22:00,23/05/2023 22:00,0.02,,,,,,,,,,,
23/05/2023 23:00,23/05/2023 23:00,0.031,,,,,,,,,,,
24/05/2023 00:00,24/05/2023 00:00,0.058,,,,,,,,,,,
24/05/2023 01:00,24/05/2023 01:00,0.112,,,,,,,,,,,
24/05/2023 02:00,24/05/2023 02:00,0.176,,,,,,,,,,,
24/05/2023 03:00,24/05/2023 03:00,0.207,,,,,,,,,,,
24/05/2023 04:00,24/05/2023 04:00,0.186,,,,,,,,,,,
24/05/2023 05:00,24/05/2023 05:00,0.123,,,,,,,,,,,
24/05/2023 06:00,24/05/2023 06:00,0.076,,,,,,,,,,,
24/05/2023 07:00,24/05/2023 07:00,0.053,,,,,,,,,,,
24/05/2023 08:00,24/05/2023 08:00,0.045,,,,,,,,,,,
24/05/2023 09:00,24/05/2023 09:00,0.056,,,,,,,,,,,
24/05/2023 10:00,24/05/2023 10:00,0.089,,,,,,,,,,,
24/05/2023 11:00,24/05/2023 11:00,0.13,,,,,,,,,,,
24/05/2023 12:00,24/05/2023 12:00,0.156,,,,,,,,,,,
24/05/2023 13:00,24/05/2023 13:00,0.176,,,,,,,,,,,
24/05/2023 14:00,24/05/2023 14:00,0.201,,,,,,,,,,,
24/05/2023 15:00,24/05/2023 15:00,0.251,,,,,,,,,,,
24/05/2023 16:00,24/05/2023 16:00,0.318,,,,,,,,,,,
24/05/2023 17:00,24/05/2023 17:00,0.358,,,,,,,,,,,
24/05/2023 18:00,24/05/2023 18:00,0.354,,,,,,,,,,,
24/05/2023 19:00,24/05/2023 19:00,0.339,,,,,,,,,,,
24/05/2023 20:00,24/05/2023 20:00,0.329,,,,,,,,,,,
24/05/2023 21:00,24/05/2023 21:00,0.33,,,,,,,,,,,
24/05/2023 22:00,24/05/2023 22:00,0.343,,,,,,,,,,,
24/05/2023 23:00,24/05/2023 23:00,0.366,,,,,,,,,,,
25/05/2023 00:00,25/05/2023 00:00,0.383,,,,,,,,,,,
25/05/2023 01:00,25/05/2023 01:00,0.384,,,,,,,,,,,
25/05/2023 02:00,25/05/2023 02:00,0.376,,,,,,,,,,,
25/05/2023 03:00,25/05/2023 03:00,0.364,,,,,,,,,,,
25/05/2023 04:00,25/05/2023 04:00,0.36,,,,,,,,,,,
25/05/2023 05:00,25/05/2023 05:00,0.352,,,,,,,,,,,
25/05/2023 06:00,25/05/2023 06:00,0.355,,,,,,,,,,,
25/05/2023 07:00,25/05/2023 07:00,0.372,,,,,,,,,,,
25/05/2023 08:00,25/05/2023 08:00,0.389,,,,,,,,,,,
25/05/2023 09:00,25/05/2023 09:00,0.41,,,,,,,,,,,
25/05/2023 10:00,25/05/2023 10:00,0.413,,,,,,,,,,,
25/05/2023 11:00,25/05/2023 11:00,0.402,,,,,,,,,,,
25/05/2023 12:00,25/05/2023 12:00,0.388,,,,,,,,,,,
25/05/2023 13:00,25/05/2023 13:00,0.394,,,,,,,,,,,
25/05/2023 14:00,25/05/2023 14:00,0.416,,,,,,,,,,,
25/05/2023 15:00,25/05/2023 15:00,0.45,,,,,,,,,,,
25/05/2023 16:00,25/05/2023 16:00,0.49,,,,,,,,,,,
25/05/2023 17:00,25/05/2023 17:00,0.522,,,,,,,,,,,
25/05/2023 18:00,25/05/2023 18:00,0.535,,,,,,,,,,,
25/05/2023 19:00,25/05/2023 19:00,0.538,,,,,,,,,,,
25/05/2023 20:00,25/05/2023 20:00,0.532,,,,,,,,,,,
25/05/2023 21:00,25/05/2023 21:00,0.513,,,,,,,,,,,
25/05/2023 22:00,25/05/2023 22:00,0.484,,,,,,,,,,,
25/05/2023 23:00,25/05/2023 23:00,0.451,,,,,,,,,,,
26/05/2023 00:00,26/05/2023 00:00,0.428,,,,,,,,,,,
26/05/2023 01:00,26/05/2023 01:00,0.42,,,,,,,,,,,
26/05/2023 02:00,26/05/2023 02:00,0.431,,,,,,,,,,,
26/05/2023 03:00,26/05/2023 03:00,0.447,,,,,,,,,,,
26/05/2023 04:00,26/05/2023 04:00,0.467,,,,,,,,,,,
26/05/2023 05:00,26/05/2023 05:00,0.471,,,,,,,,,,,
26/05/2023 06:00,26/05/2023 06:00,0.466,,,,,,,,,,,
26/05/2023 07:00,26/05/2023 07:00,0.451,,,,,,,,,,,
26/05/2023 08:00,26/05/2023 08:00,0.428,,,,,,,,,,,
26/05/2023 09:00,26/05/2023 09:00,0.399,,,,,,,,,,,
26/05/2023 10:00,26/05/2023 10:00,0.388,,,,,,,,,,,
26/05/2023 11:00,26/05/2023 11:00,0.399,,,,,,,,,,,
26/05/2023 12:00,26/05/2023 12:00,0.43,,,,,,,,,,,
26/05/2023 13:00,26/05/2023 13:00,0.462,,,,,,,,,,,
26/05/2023 14:00,26/05/2023 14:00,0.484,,,,,,,,,,,
26/05/2023 15:00,26/05/2023 15:00,0.502,,,,,,,,,,,
26/05/2023 16:00,26/05/2023 16:00,0.525,,,,,,,,,,,
26/05/2023 17:00,26/05/2023 17:00,0.544,,,,,,,,,,,
26/05/2023 18:00,26/05/2023 18:00,0.556,,,,,,,,,,,
26/05/2023 19:00,26/05/2023 19:00,0.574,,,,,,,,,,,
26/05/2023 20:00,26/05/2023 20:00,0.595,,,,,,,,,,,
26/05/2023 21:00,26/05/2023 21:00,0.59,,,,,,,,,,,
26/05/2023 22:00,26/05/2023 22:00,0.564,,,,,,,,,,,
26/05/2023 23:00,26/05/2023 23:00,0.532,,,,,,,,,,,
27/05/2023 00:00,27/05/2023 00:00,0.488,,,,,,,,,,,
27/05/2023 01:00,27/05/2023 01:00,0.432,,,,,,,,,,,
27/05/2023 02:00,27/05/2023 02:00,0.386,,,,,,,,,,,
27/05/2023 03:00,27/05/2023 03:00,0.365,,,,,,,,,,,
27/05/2023 04:00,27/05/2023 04:00,0.35,,,,,,,,,,,
27/05/2023 05:00,27/05/2023 05:00,0.33,,,,,,,,,,,
27/05/2023 06:00,27/05/2023 06:00,0.307,,,,,,,,,,,
27/05/2023 07:00,27/05/2023 07:00,0.281,,,,,,,,,,,
27/05/2023 08:00,27/05/2023 08:00,0.261,,,,,,,,,,,
27/05/2023 09:00,27/05/2023 09:00,0.229,,,,,,,,,,,
27/05/2023 10:00,27/05/2023 10:00,0.201,,,,,,,,,,,
27/05/2023 11:00,27/05/2023 11:00,0.179,,,,,,,,,,,
27/05/2023 12:00,27/05/2023 12:00,0.167,,,,,,,,,,,
27/05/2023 13:00,27/05/2023 13:00,0.165,,,,,,,,,,,
27/05/2023 14:00,27/05/2023 14:00,0.171,,,,,,,,,,,
27/05/2023 15:00,27/05/2023 15:00,0.179,,,,,,,,,,,
27/05/2023 16:00,27/05/2023 16:00,0.178,,,,,,,,,,,
27/05/2023 17:00,27/05/2023 17:00,0.16,,,,,,,,,,,
27/05/2023 18:00,27/05/2023 18:00,0.144,,,,,,,,,,,
27/05/2023 19:00,27/05/2023 19:00,0.14,,,,,,,,,,,
27/05/2023 20:00,27/05/2023 20:00,0.142,,,,,,,,,,,
27/05/2023 21:00,27/05/2023 21:00,0.14,,,,,,,,,,,
27/05/2023 22:00,27/05/2023 22:00,0.14,,,,,,,,,,,
27/05/2023 23:00,27/05/2023 23:00,0.142,,,,,,,,,,,
28/05/2023 00:00,28/05/2023 00:00,0.146,,,,,,,,,,,
28/05/2023 01:00,28/05/2023 01:00,0.153,,,,,,,,,,,
28/05/2023 02:00,28/05/2023 02:00,0.167,,,,,,,,,,,
28/05/2023 03:00,28/05/2023 03:00,0.193,,,,,,,,,,,
28/05/2023 04:00,28/05/2023 04:00,0.224,,,,,,,,,,,
28/05/2023 05:00,28/05/2023 05:00,0.247,,,,,,,,,,,
28/05/2023 06:00,28/05/2023 06:00,0.272,,,,,,,,,,,
28/05/2023 07:00,28/05/2023 07:00,0.329,,,,,,,,,,,
28/05/2023 08:00,28/05/2023 08:00,0.409,,,,,,,,,,,
28/05/2023 09:00,28/05/2023 09:00,0.485,,,,,,,,,,,
28/05/2023 10:00,28/05/2023 10:00,0.54,,,,,,,,,,,
28/05/2023 11:00,28/05/2023 11:00,0.575,,,,,,,,,,,
28/05/2023 12:00,28/05/2023 12:00,0.599,,,,,,,,,,,
28/05/2023 13:00,28/05/2023 13:00,0.624,,,,,,,,,,,
28/05/2023 14:00,28/05/2023 14:00,0.681,,,,,,,,,,,
28/05/2023 15:00,28/05/2023 15:00,0.739,,,,,,,,,,,
28/05/2023 16:00,28/05/2023 16:00,0.776,,,,,,,,,,,
28/05/2023 17:00,28/05/2023 17:00,0.813,,,,,,,,,,,
28/05/2023 18:00,28/05/2023 18:00,0.844,,,,,,,,,,,
28/05/2023 19:00,28/05/2023 19:00,0.874,,,,,,,,,,,
28/05/2023 20:00,28/05/2023 20:00,0.872,,,,,,,,,,,
28/05/2023 21:00,28/05/2023 21:00,0.845,,,,,,,,,,,
28/05/2023 22:00,28/05/2023 22:00,0.805,,,,,,,,,,,
28/05/2023 23:00,28/05/2023 23:00,0.772,,,,,,,,,,,
29/05/2023 00:00,29/05/2023 00:00,0.757,,,,,,,,,,,
29/05/2023 01:00,29/05/2023 01:00,0.737,,,,,,,,,,,
29/05/2023 02:00,29/05/2023 02:00,0.709,,,,,,,,,,,
29/05/2023 03:00,29/05/2023 03:00,0.697,,,,,,,,,,,
29/05/2023 04:00,29/05/2023 04:00,0.697,,,,,,,,,,,
29/05/2023 05:00,29/05/2023 05:00,0.707,,,,,,,,,,,
29/05/2023 06:00,29/05/2023 06:00,0.726,,,,,,,,,,,
29/05/2023 07:00,29/05/2023 07:00,0.744,,,,,,,,,,,
29/05/2023 08:00,29/05/2023 08:00,0.753,,,,,,,,,,,
29/05/2023 09:00,29/05/2023 09:00,0.747,,,,,,,,,,,
29/05/2023 10:00,29/05/2023 10:00,0.731,,,,,,,,,,,
29/05/2023 11:00,29/05/2023 11:00,0.72,,,,,,,,,,,
29/05/2023 12:00,29/05/2023 12:00,0.71,,,,,,,,,,,
29/05/2023 13:00,29/05/2023 13:00,0.705,,,,,,,,,,,
29/05/2023 14:00,29/05/2023 14:00,0.697,,,,,,,,,,,
29/05/2023 15:00,29/05/2023 15:00,0.695,,,,,,,,,,,
29/05/2023 16:00,29/05/2023 16:00,0.703,,,,,,,,,,,
29/05/2023 17:00,29/05/2023 17:00,0.718,,,,,,,,,,,
29/05/2023 18:00,29/05/2023 18:00,0.724,,,,,,,,,,,
29/05/2023 19:00,29/05/2023 19:00,0.72,,,,,,,,,,,
29/05/2023 20:00,29/05/2023 20:00,0.729,,,,,,,,,,,
29/05/2023 21:00,29/05/2023 21:00,0.747,,,,,,,,,,,
29/05/2023 22:00,29/05/2023 22:00,0.761,,,,,,,,,,,
29/05/2023 23:00,29/05/2023 23:00,0.753,,,,,,,,,,,
30/05/2023 00:00,30/05/2023 00:00,0.73,,,,,,,,,,,
30/05/2023 01:00,30/05/2023 01:00,0.703,,,,,,,,,,,
30/05/2023 02:00,30/05/2023 02:00,0.679,,,,,,,,,,,
30/05/2023 03:00,30/05/2023 03:00,0.652,,,,,,,,,,,
30/05/2023 04:00,30/05/2023 04:00,0.629,,,,,,,,,,,
30/05/2023 05:00,30/05/2023 05:00,0.592,,,,,,,,,,,
30/05/2023 06:00,30/05/2023 06:00,0.587,,,,,,,,,,,
30/05/2023 07:00,30/05/2023 07:00,0.606,,,,,,,,,,,
30/05/2023 08:00,30/05/2023 08:00,0.626,,,,,,,,,,,
30/05/2023 09:00,30/05/2023 09:00,0.648,,,,,,,,,,,
30/05/2023 10:00,30/05/2023 10:00,0.666,,,,,,,,,,,
30/05/2023 11:00,30/05/2023 11:00,0.674,,,,,,,,,,,
30/05/2023 12:00,30/05/2023 12:00,0.68,,,,,,,,,,,
30/05/2023 13:00,30/05/2023 13:00,0.685,,,,,,,,,,,
30/05/2023 14:00,30/05/2023 14:00,0.691,,,,,,,,,,,
30/05/2023 15:00,30/05/2023 15:00,0.7,,,,,,,,,,,
30/05/2023 16:00,30/05/2023 16:00,0.722,,,,,,,,,,,
30/05/2023 17:00,30/05/2023 17:00,0.745,,,,,,,,,,,
30/05/2023 18:00,30/05/2023 18:00,0.761,,,,,,,,,,,
30/05/2023 19:00,30/05/2023 19:00,0.761,,,,,,,,,,,
30/05/2023 20:00,30/05/2023 20:00,0.75,,,,,,,,,,,
30/05/2023 21:00,30/05/2023 21:00,0.737,,,,,,,,,,,
30/05/2023 22:00,30/05/2023 22:00,0.703,,,,,,,,,,,
30/05/2023 23:00,30/05/2023 23:00,0.657,,,,,,,,,,,
31/05/2023 00:00,31/05/2023 00:00,0.594,,,,,,,,,,,
31/05/2023 01:00,31/05/2023 01:00,0.531,,,,,,,,,,,
31/05/2023 02:00,31/05/2023 02:00,0.471,,,,,,,,,,,
31/05/2023 03:00,31/05/2023 03:00,0.439,,,,,,,,,,,
31/05/2023 04:00,31/05/2023 04:00,0.444,,,,,,,,,,,
31/05/2023 05:00,31/05/2023 05:00,0.461,,,,,,,,,,,
31/05/2023 06:00,31/05/2023 06:00,0.501,,,,,,,,,,,
31/05/2023 07:00,31/05/2023 07:00,0.528,,,,,,,,,,,
31/05/2023 08:00,31/05/2023 08:00,0.539,,,,,,,,,,,
31/05/2023 09:00,31/05/2023 09:00,0.538,,,,,,,,,,,
31/05/2023 10:00,31/05/2023 10:00,0.549,,,,,,,,,,,
31/05/2023 11:00,31/05/2023 11:00,0.569,,,,,,,,,,,
31/05/2023 12:00,31/05/2023 12:00,0.603,,,,,,,,,,,
31/05/2023 13:00,31/05/2023 13:00,0.638,,,,,,,,,,,
31/05/2023 14:00,31/05/2023 14:00,0.661,,,,,,,,,,,
31/05/2023 15:00,31/05/2023 15:00,0.677,,,,,,,,,,,
31/05/2023 16:00,31/05/2023 16:00,0.695,,,,,,,,,,,
31/05/2023 17:00,31/05/2023 17:00,0.707,,,,,,,,,,,
31/05/2023 18:00,31/05/2023 18:00,0.717,,,,,,,,,,,
31/05/2023 19:00,31/05/2023 19:00,0.714,,,,,,,,,,,
31/05/2023 20:00,31/05/2023 20:00,0.71,,,,,,,,,,,
31/05/2023 21:00,31/05/2023 21:00,0.692,,,,,,,,,,,
31/05/2023 22:00,31/05/2023 22:00,0.663,,,,,,,,,,,
31/05/2023 23:00,31/05/2023 23:00,0.635,,,,,,,,,,,
01/06/2023 00:00,01/06/2023 00:00,0.613,,,,,,,,,,,
01/06/2023 01:00,01/06/2023 01:00,0.593,,,,,,,,,,,
01/06/2023 02:00,01/06/2023 02:00,0.568,,,,,,,,,,,
01/06/2023 03:00,01/06/2023 03:00,0.533,,,,,,,,,,,
01/06/2023 04:00,01/06/2023 04:00,0.491,,,,,,,,,,,
01/06/2023 05:00,01/06/2023 05:00,0.459,,,,,,,,,,,
01/06/2023 06:00,01/06/2023 06:00,0.451,,,,,,,,,,,
01/06/2023 07:00,01/06/2023 07:00,0.468,,,,,,,,,,,
01/06/2023 08:00,01/06/2023 08:00,0.498,,,,,,,,,,,
01/06/2023 09:00,01/06/2023 09:00,0.524,,,,,,,,,,,
01/06/2023 10:00,01/06/2023 10:00,0.538,,,,,,,,,,,
01/06/2023 11:00,01/06/2023 11:00,0.55,,,,,,,,,,,
01/06/2023 12:00,01/06/2023 12:00,0.576,,,,,,,,,,,
01/06/2023 13:00,01/06/2023 13:00,0.615,,,,,,,,,,,
01/06/2023 14:00,01/06/2023 14:00,0.651,,,,,,,,,,,
01/06/2023 15:00,01/06/2023 15:00,0.689,,,,,,,,,,,
01/06/2023 16:00,01/06/2023 16:00,0.721,,,,,,,,,,,
01/06/2023 17:00,01/06/2023 17:00,0.744,,,,,,,,,,,
01/06/2023 18:00,01/06/2023 18:00,0.755,,,,,,,,,,,
01/06/2023 19:00,01/06/2023 19:00,0.761,,,,,,,,,,,
01/06/2023 20:00,01/06/2023 20:00,0.768,,,,,,,,,,,
01/06/2023 21:00,01/06/2023 21:00,0.774,,,,,,,,,,,
01/06/2023 22:00,01/06/2023 22:00,0.777,,,,,,,,,,,
01/06/2023 23:00,01/06/2023 23:00,0.77,,,,,,,,,,,
02/06/2023 00:00,02/06/2023 00:00,0.762,,,,,,,,,,,
02/06/2023 01:00,02/06/2023 01:00,0.751,,,,,,,,,,,
02/06/2023 02:00,02/06/2023 02:00,0.748,,,,,,,,,,,
02/06/2023 03:00,02/06/2023 03:00,0.742,,,,,,,,,,,
02/06/2023 04:00,02/06/2023 04:00,0.726,,,,,,,,,,,
02/06/2023 05:00,02/06/2023 05:00,0.696,,,,,,,,,,,
02/06/2023 06:00,02/06/2023 06:00,0.678,,,,,,,,,,,
02/06/2023 07:00,02/06/2023 07:00,0.661,,,,,,,,,,,
02/06/2023 08:00,02/06/2023 08:00,0.642,,,,,,,,,,,
02/06/2023 09:00,02/06/2023 09:00,0.635,,,,,,,,,,,
02/06/2023 10:00,02/06/2023 10:00,0.651,,,,,,,,,,,
02/06/2023 11:00,02/06/2023 11:00,0.662,,,,,,,,,,,
02/06/2023 12:00,02/06/2023 12:00,0.659,,,,,,,,,,,
02/06/2023 13:00,02/06/2023 13:00,0.646,,,,,,,,,,,
02/06/2023 14:00,02/06/2023 14:00,0.637,,,,,,,,,,,
02/06/2023 15:00,02/06/2023 15:00,0.633,,,,,,,,,,,
02/06/2023 16:00,02/06/2023 16:00,0.635,,,,,,,,,,,
02/06/2023 17:00,02/06/2023 17:00,0.645,,,,,,,,,,,
02/06/2023 18:00,02/06/2023 18:00,0.643,,,,,,,,,,,
02/06/2023 19:00,02/06/2023 19:00,0.636,,,,,,,,,,,
02/06/2023 20:00,02/06/2023 20:00,0.65,,,,,,,,,,,
02/06/2023 21:00,02/06/2023 21:00,0.652,,,,,,,,,,,
02/06/2023 22:00,02/06/2023 22:00,0.651,,,,,,,,,,,
02/06/2023 23:00,02/06/2023 23:00,0.642,,,,,,,,,,,
03/06/2023 00:00,03/06/2023 00:00,0.637,,,,,,,,,,,
03/06/2023 01:00,03/06/2023 01:00,0.642,,,,,,,,,,,
03/06/2023 02:00,03/06/2023 02:00,0.642,,,,,,,,,,,
03/06/2023 03:00,03/06/2023 03:00,0.633,,,,,,,,,,,
03/06/2023 04:00,03/06/2023 04:00,0.625,,,,,,,,,,,
03/06/2023 05:00,03/06/2023 05:00,0.605,,,,,,,,,,,
03/06/2023 06:00,03/06/2023 06:00,0.613,,,,,,,,,,,
03/06/2023 07:00,03/06/2023 07:00,0.627,,,,,,,,,,,
03/06/2023 08:00,03/06/2023 08:00,0.615,,,,,,,,,,,
03/06/2023 09:00,03/06/2023 09:00,0.606,,,,,,,,,,,
03/06/2023 10:00,03/06/2023 10:00,0.615,,,,,,,,,,,
03/06/2023 11:00,03/06/2023 11:00,0.644,,,,,,,,,,,
03/06/2023 12:00,03/06/2023 12:00,0.674,,,,,,,,,,,
03/06/2023 13:00,03/06/2023 13:00,0.706,,,,,,,,,,,
03/06/2023 14:00,03/06/2023 14:00,0.725,,,,,,,,,,,
03/06/2023 15:00,03/06/2023 15:00,0.72,,,,,,,,,,,
03/06/2023 16:00,03/06/2023 16:00,0.7,,,,,,,,,,,
03/06/2023 17:00,03/06/2023 17:00,0.675,,,,,,,,,,,
03/06/2023 18:00,03/06/2023 18:00,0.645,,,,,,,,,,,
03/06/2023 19:00,03/06/2023 19:00,0.615,,,,,,,,,,,
03/06/2023 20:00,03/06/2023 20:00,0.601,,,,,,,,,,,
03/06/2023 21:00,03/06/2023 21:00,0.59,,,,,,,,,,,
03/06/2023 22:00,03/06/2023 22:00,0.589,,,,,,,,,,,
03/06/2023 23:00,03/06/2023 23:00,0.597,,,,,,,,,,,
04/06/2023 00:00,04/06/2023 00:00,0.61,,,,,,,,,,,
04/06/2023 01:00,04/06/2023 01:00,0.61,,,,,,,,,,,
04/06/2023 02:00,04/06/2023 02:00,0.599,,,,,,,,,,,
04/06/2023 03:00,04/06/2023 03:00,0.579,,,,,,,,,,,
04/06/2023 04:00,04/06/2023 04:00,0.558,,,,,,,,,,,
04/06/2023 05:00,04/06/2023 05:00,0.525,,,,,,,,,,,
04/06/2023 06:00,04/06/2023 06:00,0.507,,,,,,,,,,,
04/06/2023 07:00,04/06/2023 07:00,0.49,,,,,,,,,,,
04/06/2023 08:00,04/06/2023 08:00,0.472,,,,,,,,,,,
04/06/2023 09:00,04/06/2023 09:00,0.457,,,,,,,,,,,
04/06/2023 10:00,04/06/2023 10:00,0.444,,,,,,,,,,,
04/06/2023 11:00,04/06/2023 11:00,0.437,,,,,,,,,,,
04/06/2023 12:00,04/06/2023 12:00,0.439,,,,,,,,,,,
04/06/2023 13:00,04/06/2023 13:00,0.453,,,,,,,,,,,
04/06/2023 14:00,04/06/2023 14:00,0.479,,,,,,,,,,,
04/06/2023 15:00,04/06/2023 15:00,0.514,,,,,,,,,,,
04/06/2023 16:00,04/06/2023 16:00,0.544,,,,,,,,,,,
04/06/2023 17:00,04/06/2023 17:00,0.557,,,,,,,,,,,
04/06/2023 18:00,04/06/2023 18:00,0.56,,,,,,,,,,,
04/06/2023 19:00,04/06/2023 19:00,0.557,,,,,,,,,,,
04/06/2023 20:00,04/06/2023 20:00,0.562,,,,,,,,,,,
04/06/2023 21:00,04/06/2023 21:00,0.556,,,,,,,,,,,
04/06/2023 22:00,04/06/2023 22:00,0.523,,,,,,,,,,,
04/06/2023 23:00,04/06/2023 23:00,0.481,,,,,,,,,,,
05/06/2023 00:00,05/06/2023 00:00,0.444,,,,,,,,,,,
05/06/2023 01:00,05/06/2023 01:00,0.418,,,,,,,,,,,
05/06/2023 02:00,05/06/2023 02:00,0.401,,,,,,,,,,,
05/06/2023 03:00,05/06/2023 03:00,0.39,,,,,,,,,,,
05/06/2023 04:00,05/06/2023 04:00,0.382,,,,,,,,,,,
05/06/2023 05:00,05/06/2023 05:00,0.37,,,,,,,,,,,
05/06/2023 06:00,05/06/2023 06:00,0.36,,,,,,,,,,,
05/06/2023 07:00,05/06/2023 07:00,0.352,,,,,,,,,,,
05/06/2023 08:00,05/06/2023 08:00,0.347,,,,,,,,,,,
05/06/2023 09:00,05/06/2023 09:00,0.349,,,,,,,,,,,
05/06/2023 10:00,05/06/2023 10:00,0.369,,,,,,,,,,,
05/06/2023 11:00,05/06/2023 11:00,0.405,,,,,,,,,,,
05/06/2023 12:00,05/06/2023 12:00,0.447,,,,,,,,,,,
05/06/2023 13:00,05/06/2023 13:00,0.481,,,,,,,,,,,
05/06/2023 14:00,05/06/2023 14:00,0.505,,,,,,,,,,,
05/06/2023 15:00,05/06/2023 15:00,0.535,,,,,,,,,,,
05/06/2023 16:00,05/06/2023 16:00,0.566,,,,,,,,,,,
05/06/2023 17:00,05/06/2023 17:00,0.59,,,,,,,,,,,
05/06/2023 18:00,05/06/2023 18:00,0.607,,,,,,,,,,,
05/06/2023 19:00,05/06/2023 19:00,0.627,,,,,,,,,,,
05/06/2023 20:00,05/06/2023 20:00,0.647,,,,,,,,,,,
05/06/2023 21:00,05/06/2023 21:00,0.663,,,,,,,,,,,
05/06/2023 22:00,05/06/2023 22:00,0.67,,,,,,,,,,,
05/06/2023 23:00,05/06/2023 23:00,0.671,,,,,,,,,,,
06/06/2023 00:00,06/06/2023 00:00,0.671,,,,,,,,,,,
06/06/2023 01:00,06/06/2023 01:00,0.669,,,,,,,,,,,
06/06/2023 02:00,06/06/2023 02:00,0.663,,,,,,,,,,,
06/06/2023 03:00,06/06/2023 03:00,0.652,,,,,,,,,,,
06/06/2023 04:00,06/06/2023 04:00,0.637,,,,,,,,,,,
06/06/2023 05:00,06/06/2023 05:00,0.618,,,,,,,,,,,
06/06/2023 06:00,06/06/2023 06:00,0.595,,,,,,,,,,,
06/06/2023 07:00,06/06/2023 07:00,0.568,,,,,,,,,,,
06/06/2023 08:00,06/06/2023 08:00,0.542,,,,,,,,,,,
06/06/2023 09:00,06/06/2023 09:00,0.523,,,,,,,,,,,
06/06/2023 10:00,06/06/2023 10:00,0.51,,,,,,,,,,,
06/06/2023 11:00,06/06/2023 11:00,0.514,,,,,,,,,,,
06/06/2023 12:00,06/06/2023 12:00,0.538,,,,,,,,,,,
06/06/2023 13:00,06/06/2023 13:00,0.568,,,,,,,,,,,
06/06/2023 14:00,06/06/2023 14:00,0.59,,,,,,,,,,,
06/06/2023 15:00,06/06/2023 15:00,0.602,,,,,,,,,,,
06/06/2023 16:00,06/06/2023 16:00,0.613,,,,,,,,,,,
06/06/2023 17:00,06/06/2023 17:00,0.61,,,,,,,,,,,
06/06/2023 18:00,06/06/2023 18:00,0.594,,,,,,,,,,,
06/06/2023 19:00,06/06/2023 19:00,0.586,,,,,,,,,,,
06/06/2023 20:00,06/06/2023 20:00,0.591,,,,,,,,,,,
06/06/2023 21:00,06/06/2023 21:00,0.595,,,,,,,,,,,
06/06/2023 22:00,06/06/2023 22:00,0.59,,,,,,,,,,,
06/06/2023 23:00,06/06/2023 23:00,0.583,,,,,,,,,,,
07/06/2023 00:00,07/06/2023 00:00,0.577,,,,,,,,,,,
07/06/2023 01:00,07/06/2023 01:00,0.563,,,,,,,,,,,
07/06/2023 02:00,07/06/2023 02:00,0.54,,,,,,,,,,,
07/06/2023 03:00,07/06/2023 03:00,0.515,,,,,,,,,,,
07/06/2023 04:00,07/06/2023 04:00,0.495,,,,,,,,,,,
07/06/2023 05:00,07/06/2023 05:00,0.476,,,,,,,,,,,
07/06/2023 06:00,07/06/2023 06:00,0.45,,,,,,,,,,,
07/06/2023 07:00,07/06/2023 07:00,0.425,,,,,,,,,,,
07/06/2023 08:00,07/06/2023 08:00,0.407,,,,,,,,,,,
07/06/2023 09:00,07/06/2023 09:00,0.403,,,,,,,,,,,
07/06/2023 10:00,07/06/2023 10:00,0.413,,,,,,,,,,,
07/06/2023 11:00,07/06/2023 11:00,0.435,,,,,,,,,,,
07/06/2023 12:00,07/06/2023 12:00,0.476,,,,,,,,,,,
07/06/2023 13:00,07/06/2023 13:00,0.525,,,,,,,,,,,
07/06/2023 14:00,07/06/2023 14:00,0.574,,,,,,,,,,,
07/06/2023 15:00,07/06/2023 15:00,0.605,,,,,,,,,,,
07/06/2023 16:00,07/06/2023 16:00,0.618,,,,,,,,,,,
07/06/2023 17:00,07/06/2023 17:00,0.615,,,,,,,,,,,
07/06/2023 18:00,07/06/2023 18:00,0.597,,,,,,,,,,,
07/06/2023 19:00,07/06/2023 19:00,0.57,,,,,,,,,,,
07/06/2023 20:00,07/06/2023 20:00,0.558,,,,,,,,,,,
07/06/2023 21:00,07/06/2023 21:00,0.563,,,,,,,,,,,
07/06/2023 22:00,07/06/2023 22:00,0.574,,,,,,,,,,,
07/06/2023 23:00,07/06/2023 23:00,0.586,,,,,,,,,,,
08/06/2023 00:00,08/06/2023 00:00,0.6,,,,,,,,,,,
08/06/2023 01:00,08/06/2023 01:00,0.615,,,,,,,,,,,
08/06/2023 02:00,08/06/2023 02:00,0.624,,,,,,,,,,,
08/06/2023 03:00,08/06/2023 03:00,0.623,,,,,,,,,,,
08/06/2023 04:00,08/06/2023 04:00,0.606,,,,,,,,,,,
08/06/2023 05:00,08/06/2023 05:00,0.579,,,,,,,,,,,
08/06/2023 06:00,08/06/2023 06:00,0.56,,,,,,,,,,,
08/06/2023 07:00,08/06/2023 07:00,0.55,,,,,,,,,,,
08/06/2023 08:00,08/06/2023 08:00,0.552,,,,,,,,,,,
08/06/2023 09:00,08/06/2023 09:00,0.574,,,,,,,,,,,
08/06/2023 10:00,08/06/2023 10:00,0.605,,,,,,,,,,,
08/06/2023 11:00,08/06/2023 11:00,0.635,,,,,,,,,,,
08/06/2023 12:00,08/06/2023 12:00,0.66,,,,,,,,,,,
08/06/2023 13:00,08/06/2023 13:00,0.676,,,,,,,,,,,
08/06/2023 14:00,08/06/2023 14:00,0.684,,,,,,,,,,,
08/06/2023 15:00,08/06/2023 15:00,0.703,,,,,,,,,,,
08/06/2023 16:00,08/06/2023 16:00,0.733,,,,,,,,,,,
08/06/2023 17:00,08/06/2023 17:00,0.765,,,,,,,,,,,
08/06/2023 18:00,08/06/2023 18:00,0.791,,,,,,,,,,,
08/06/2023 19:00,08/06/2023 19:00,0.808,,,,,,,,,,,
08/06/2023 20:00,08/06/2023 20:00,0.827,,,,,,,,,,,
08/06/2023 21:00,08/06/2023 21:00,0.849,,,,,,,,,,,
08/06/2023 22:00,08/06/2023 22:00,0.858,,,,,,,,,,,
08/06/2023 23:00,08/06/2023 23:00,0.849,,,,,,,,,,,
09/06/2023 00:00,09/06/2023 00:00,0.835,,,,,,,,,,,
09/06/2023 01:00,09/06/2023 01:00,0.821,,,,,,,,,,,
09/06/2023 02:00,09/06/2023 02:00,0.8,,,,,,,,,,,
09/06/2023 03:00,09/06/2023 03:00,0.793,,,,,,,,,,,
09/06/2023 04:00,09/06/2023 04:00,0.792,,,,,,,,,,,
09/06/2023 05:00,09/06/2023 05:00,0.785,,,,,,,,,,,
09/06/2023 06:00,09/06/2023 06:00,0.778,,,,,,,,,,,
09/06/2023 07:00,09/06/2023 07:00,0.766,,,,,,,,,,,
09/06/2023 08:00,09/06/2023 08:00,0.761,,,,,,,,,,,
09/06/2023 09:00,09/06/2023 09:00,0.767,,,,,,,,,,,
09/06/2023 10:00,09/06/2023 10:00,0.777,,,,,,,,,,,
09/06/2023 11:00,09/06/2023 11:00,0.778,,,,,,,,,,,
09/06/2023 12:00,09/06/2023 12:00,0.785,,,,,,,,,,,
09/06/2023 13:00,09/06/2023 13:00,0.791,,,,,,,,,,,
09/06/2023 14:00,09/06/2023 14:00,0.788,,,,,,,,,,,
09/06/2023 15:00,09/06/2023 15:00,0.788,,,,,,,,,,,
09/06/2023 16:00,09/06/2023 16:00,0.79,,,,,,,,,,,
09/06/2023 17:00,09/06/2023 17:00,0.798,,,,,,,,,,,
09/06/2023 18:00,09/06/2023 18:00,0.801,,,,,,,,,,,
09/06/2023 19:00,09/06/2023 19:00,0.802,,,,,,,,,,,
09/06/2023 20:00,09/06/2023 20:00,0.819,,,,,,,,,,,
09/06/2023 21:00,09/06/2023 21:00,0.82,,,,,,,,,,,
09/06/2023 22:00,09/06/2023 22:00,0.829,,,,,,,,,,,
09/06/2023 23:00,09/06/2023 23:00,0.862,,,,,,,,,,,
10/06/2023 00:00,10/06/2023 00:00,0.868,,,,,,,,,,,
10/06/2023 01:00,10/06/2023 01:00,0.844,,,,,,,,,,,
10/06/2023 02:00,10/06/2023 02:00,0.818,,,,,,,,,,,
10/06/2023 03:00,10/06/2023 03:00,0.803,,,,,,,,,,,
10/06/2023 04:00,10/06/2023 04:00,0.799,,,,,,,,,,,
10/06/2023 05:00,10/06/2023 05:00,0.794,,,,,,,,,,,
10/06/2023 06:00,10/06/2023 06:00,0.791,,,,,,,,,,,
10/06/2023 07:00,10/06/2023 07:00,0.808,,,,,,,,,,,
10/06/2023 08:00,10/06/2023 08:00,0.828,,,,,,,,,,,
10/06/2023 09:00,10/06/2023 09:00,0.84,,,,,,,,,,,
10/06/2023 10:00,10/06/2023 10:00,0.857,,,,,,,,,,,
10/06/2023 11:00,10/06/2023 11:00,0.866,,,,,,,,,,,
10/06/2023 12:00,10/06/2023 12:00,0.871,,,,,,,,,,,
10/06/2023 13:00,10/06/2023 13:00,0.871,,,,,,,,,,,
10/06/2023 14:00,10/06/2023 14:00,0.871,,,,,,,,,,,
10/06/2023 15:00,10/06/2023 15:00,0.877,,,,,,,,,,,
10/06/2023 16:00,10/06/2023 16:00,0.882,,,,,,,,,,,
10/06/2023 17:00,10/06/2023 17:00,0.879,,,,,,,,,,,
10/06/2023 18:00,10/06/2023 18:00,0.871,,,,,,,,,,,
10/06/2023 19:00,10/06/2023 19:00,0.866,,,,,,,,,,,
10/06/2023 20:00,10/06/2023 20:00,0.857,,,,,,,,,,,
10/06/2023 21:00,10/06/2023 21:00,0.826,,,,,,,,,,,
10/06/2023 22:00,10/06/2023 22:00,0.786,,,,,,,,,,,
10/06/2023 23:00,10/06/2023 23:00,0.755,,,,,,,,,,,
11/06/2023 00:00,11/06/2023 00:00,0.685,,,,,,,,,,,
11/06/2023 01:00,11/06/2023 01:00,0.637,,,,,,,,,,,
11/06/2023 02:00,11/06/2023 02:00,0.58,,,,,,,,,,,
11/06/2023 03:00,11/06/2023 03:00,0.484,,,,,,,,,,,
11/06/2023 04:00,11/06/2023 04:00,0.4,,,,,,,,,,,
11/06/2023 05:00,11/06/2023 05:00,0.331,,,,,,,,,,,
11/06/2023 06:00,11/06/2023 06:00,0.278,,,,,,,,,,,
11/06/2023 07:00,11/06/2023 07:00,0.242,,,,,,,,,,,
11/06/2023 08:00,11/06/2023 08:00,0.227,,,,,,,,,,,
11/06/2023 09:00,11/06/2023 09:00,0.231,,,,,,,,,,,
11/06/2023 10:00,11/06/2023 10:00,0.259,,,,,,,,,,,
11/06/2023 11:00,11/06/2023 11:00,0.308,,,,,,,,,,,
11/06/2023 12:00,11/06/2023 12:00,0.362,,,,,,,,,,,
11/06/2023 13:00,11/06/2023 13:00,0.413,,,,,,,,,,,
11/06/2023 14:00,11/06/2023 14:00,0.454,,,,,,,,,,,
11/06/2023 15:00,11/06/2023 15:00,0.488,,,,,,,,,,,
11/06/2023 16:00,11/06/2023 16:00,0.52,,,,,,,,,,,
11/06/2023 17:00,11/06/2023 17:00,0.549,,,,,,,,,,,
11/06/2023 18:00,11/06/2023 18:00,0.584,,,,,,,,,,,
11/06/2023 19:00,11/06/2023 19:00,0.615,,,,,,,,,,,
11/06/2023 20:00,11/06/2023 20:00,0.627,,,,,,,,,,,
11/06/2023 21:00,11/06/2023 21:00,0.58,,,,,,,,,,,
11/06/2023 22:00,11/06/2023 22:00,0.5,,,,,,,,,,,
11/06/2023 23:00,11/06/2023 23:00,0.416,,,,,,,,,,,
12/06/2023 00:00,12/06/2023 00:00,0.367,,,,,,,,,,,
12/06/2023 01:00,12/06/2023 01:00,0.358,,,,,,,,,,,
12/06/2023 02:00,12/06/2023 02:00,0.388,,,,,,,,,,,
12/06/2023 03:00,12/06/2023 03:00,0.435,,,,,,,,,,,
12/06/2023 04:00,12/06/2023 04:00,0.471,,,,,,,,,,,
12/06/2023 05:00,12/06/2023 05:00,0.479,,,,,,,,,,,
12/06/2023 06:00,12/06/2023 06:00,0.457,,,,,,,,,,,
12/06/2023 07:00,12/06/2023 07:00,0.422,,,,,,,,,,,
12/06/2023 08:00,12/06/2023 08:00,0.394,,,,,,,,,,,
12/06/2023 09:00,12/06/2023 09:00,0.367,,,,,,,,,,,
12/06/2023 10:00,12/06/2023 10:00,0.364,,,,,,,,,,,
12/06/2023 11:00,12/06/2023 11:00,0.425,,,,,,,,,,,
12/06/2023 12:00,12/06/2023 12:00,0.519,,,,,,,,,,,
12/06/2023 13:00,12/06/2023 13:00,0.599,,,,,,,,,,,
12/06/2023 14:00,12/06/2023 14:00,0.668,,,,,,,,,,,
12/06/2023 15:00,12/06/2023 15:00,0.718,,,,,,,,,,,
12/06/2023 16:00,12/06/2023 16:00,0.736,,,,,,,,,,,
12/06/2023 17:00,12/06/2023 17:00,0.741,,,,,,,,,,,
12/06/2023 18:00,12/06/2023 18:00,0.725,,,,,,,,,,,
12/06/2023 19:00,12/06/2023 19:00,0.706,,,,,,,,,,,
12/06/2023 20:00,12/06/2023 20:00,0.717,,,,,,,,,,,
12/06/2023 21:00,12/06/2023 21:00,0.724,,,,,,,,,,,
12/06/2023 22:00,12/06/2023 22:00,0.729,,,,,,,,,,,
12/06/2023 23:00,12/06/2023 23:00,0.701,,,,,,,,,,,
13/06/2023 00:00,13/06/2023 00:00,0.638,,,,,,,,,,,
13/06/2023 01:00,13/06/2023 01:00,0.586,,,,,,,,,,,
13/06/2023 02:00,13/06/2023 02:00,0.549,,,,,,,,,,,
13/06/2023 03:00,13/06/2023 03:00,0.525,,,,,,,,,,,
13/06/2023 04:00,13/06/2023 04:00,0.556,,,,,,,,,,,
13/06/2023 05:00,13/06/2023 05:00,0.613,,,,,,,,,,,
13/06/2023 06:00,13/06/2023 06:00,0.69,,,,,,,,,,,
13/06/2023 07:00,13/06/2023 07:00,0.772,,,,,,,,,,,
13/06/2023 08:00,13/06/2023 08:00,0.828,,,,,,,,,,,
13/06/2023 09:00,13/06/2023 09:00,0.841,,,,,,,,,,,
13/06/2023 10:00,13/06/2023 10:00,0.839,,,,,,,,,,,
13/06/2023 11:00,13/06/2023 11:00,0.839,,,,,,,,,,,
13/06/2023 12:00,13/06/2023 12:00,0.845,,,,,,,,,,,
13/06/2023 13:00,13/06/2023 13:00,0.852,,,,,,,,,,,
13/06/2023 14:00,13/06/2023 14:00,0.862,,,,,,,,,,,
13/06/2023 15:00,13/06/2023 15:00,0.868,,,,,,,,,,,
13/06/2023 16:00,13/06/2023 16:00,0.86,,,,,,,,,,,
13/06/2023 17:00,13/06/2023 17:00,0.84,,,,,,,,,,,
13/06/2023 18:00,13/06/2023 18:00,0.819,,,,,,,,,,,
13/06/2023 19:00,13/06/2023 19:00,0.788,,,,,,,,,,,
13/06/2023 20:00,13/06/2023 20:00,0.783,,,,,,,,,,,
13/06/2023 21:00,13/06/2023 21:00,0.772,,,,,,,,,,,
13/06/2023 22:00,13/06/2023 22:00,0.765,,,,,,,,,,,
13/06/2023 23:00,13/06/2023 23:00,0.742,,,,,,,,,,,
14/06/2023 00:00,14/06/2023 00:00,0.718,,,,,,,,,,,
14/06/2023 01:00,14/06/2023 01:00,0.696,,,,,,,,,,,
14/06/2023 02:00,14/06/2023 02:00,0.7,,,,,,,,,,,
14/06/2023 03:00,14/06/2023 03:00,0.72,,,,,,,,,,,
14/06/2023 04:00,14/06/2023 04:00,0.739,,,,,,,,,,,
14/06/2023 05:00,14/06/2023 05:00,0.733,,,,,,,,,,,
14/06/2023 06:00,14/06/2023 06:00,0.728,,,,,,,,,,,
14/06/2023 07:00,14/06/2023 07:00,0.724,,,,,,,,,,,
14/06/2023 08:00,14/06/2023 08:00,0.718,,,,,,,,,,,
14/06/2023 09:00,14/06/2023 09:00,0.697,,,,,,,,,,,
14/06/2023 10:00,14/06/2023 10:00,0.675,,,,,,,,,,,
14/06/2023 11:00,14/06/2023 11:00,0.656,,,,,,,,,,,
14/06/2023 12:00,14/06/2023 12:00,0.656,,,,,,,,,,,
14/06/2023 13:00,14/06/2023 13:00,0.682,,,,,,,,,,,
14/06/2023 14:00,14/06/2023 14:00,0.721,,,,,,,,,,,
14/06/2023 15:00,14/06/2023 15:00,0.756,,,,,,,,,,,
14/06/2023 16:00,14/06/2023 16:00,0.765,,,,,,,,,,,
14/06/2023 17:00,14/06/2023 17:00,0.751,,,,,,,,,,,
14/06/2023 18:00,14/06/2023 18:00,0.733,,,,,,,,,,,
14/06/2023 19:00,14/06/2023 19:00,0.726,,,,,,,,,,,
14/06/2023 20:00,14/06/2023 20:00,0.754,,,,,,,,,,,
14/06/2023 21:00,14/06/2023 21:00,0.755,,,,,,,,,,,
14/06/2023 22:00,14/06/2023 22:00,0.746,,,,,,,,,,,
14/06/2023 23:00,14/06/2023 23:00,0.734,,,,,,,,,,,
15/06/2023 00:00,15/06/2023 00:00,0.712,,,,,,,,,,,
15/06/2023 01:00,15/06/2023 01:00,0.674,,,,,,,,,,,
15/06/2023 02:00,15/06/2023 02:00,0.63,,,,,,,,,,,
15/06/2023 03:00,15/06/2023 03:00,0.594,,,,,,,,,,,
15/06/2023 04:00,15/06/2023 04:00,0.556,,,,,,,,,,,
15/06/2023 05:00,15/06/2023 05:00,0.498,,,,,,,,,,,
15/06/2023 06:00,15/06/2023 06:00,0.463,,,,,,,,,,,
15/06/2023 07:00,15/06/2023 07:00,0.446,,,,,,,,,,,
15/06/2023 08:00,15/06/2023 08:00,0.439,,,,,,,,,,,
15/06/2023 09:00,15/06/2023 09:00,0.452,,,,,,,,,,,
15/06/2023 10:00,15/06/2023 10:00,0.471,,,,,,,,,,,
15/06/2023 11:00,15/06/2023 11:00,0.487,,,,,,,,,,,
15/06/2023 12:00,15/06/2023 12:00,0.495,,,,,,,,,,,
15/06/2023 13:00,15/06/2023 13:00,0.51,,,,,,,,,,,
15/06/2023 14:00,15/06/2023 14:00,0.535,,,,,,,,,,,
15/06/2023 15:00,15/06/2023 15:00,0.56,,,,,,,,,,,
15/06/2023 16:00,15/06/2023 16:00,0.568,,,,,,,,,,,
15/06/2023 17:00,15/06/2023 17:00,0.551,,,,,,,,,,,
15/06/2023 18:00,15/06/2023 18:00,0.523,,,,,,,,,,,
15/06/2023 19:00,15/06/2023 19:00,0.503,,,,,,,,,,,
15/06/2023 20:00,15/06/2023 20:00,0.498,,,,,,,,,,,
15/06/2023 21:00,15/06/2023 21:00,0.477,,,,,,,,,,,
15/06/2023 22:00,15/06/2023 22:00,0.457,,,,,,,,,,,
15/06/2023 23:00,15/06/2023 23:00,0.45,,,,,,,,,,,
16/06/2023 00:00,16/06/2023 00:00,0.44,,,,,,,,,,,
16/06/2023 01:00,16/06/2023 01:00,0.416,,,,,,,,,,,
16/06/2023 02:00,16/06/2023 02:00,0.391,,,,,,,,,,,
16/06/2023 03:00,16/06/2023 03:00,0.362,,,,,,,,,,,
16/06/2023 04:00,16/06/2023 04:00,0.322,,,,,,,,,,,
16/06/2023 05:00,16/06/2023 05:00,0.262,,,,,,,,,,,
16/06/2023 06:00,16/06/2023 06:00,0.198,,,,,,,,,,,
16/06/2023 07:00,16/06/2023 07:00,0.165,,,,,,,,,,,
16/06/2023 08:00,16/06/2023 08:00,0.155,,,,,,,,,,,
16/06/2023 09:00,16/06/2023 09:00,0.163,,,,,,,,,,,
16/06/2023 10:00,16/06/2023 10:00,0.181,,,,,,,,,,,
16/06/2023 11:00,16/06/2023 11:00,0.187,,,,,,,,,,,
16/06/2023 12:00,16/06/2023 12:00,0.185,,,,,,,,,,,
16/06/2023 13:00,16/06/2023 13:00,0.183,,,,,,,,,,,
16/06/2023 14:00,16/06/2023 14:00,0.179,,,,,,,,,,,
16/06/2023 15:00,16/06/2023 15:00,0.169,,,,,,,,,,,
16/06/2023 16:00,16/06/2023 16:00,0.155,,,,,,,,,,,
16/06/2023 17:00,16/06/2023 17:00,0.14,,,,,,,,,,,
16/06/2023 18:00,16/06/2023 18:00,0.148,,,,,,,,,,,
16/06/2023 19:00,16/06/2023 19:00,0.178,,,,,,,,,,,
16/06/2023 20:00,16/06/2023 20:00,0.195,,,,,,,,,,,
16/06/2023 21:00,16/06/2023 21:00,0.196,,,,,,,,,,,
16/06/2023 22:00,16/06/2023 22:00,0.174,,,,,,,,,,,
16/06/2023 23:00,16/06/2023 23:00,0.169,,,,,,,,,,,
17/06/2023 00:00,17/06/2023 00:00,0.199,,,,,,,,,,,
17/06/2023 01:00,17/06/2023 01:00,0.206,,,,,,,,,,,
17/06/2023 02:00,17/06/2023 02:00,0.193,,,,,,,,,,,
17/06/2023 03:00,17/06/2023 03:00,0.171,,,,,,,,,,,
17/06/2023 04:00,17/06/2023 04:00,0.161,,,,,,,,,,,
17/06/2023 05:00,17/06/2023 05:00,0.165,,,,,,,,,,,
17/06/2023 06:00,17/06/2023 06:00,0.148,,,,,,,,,,,
17/06/2023 07:00,17/06/2023 07:00,0.123,,,,,,,,,,,
17/06/2023 08:00,17/06/2023 08:00,0.136,,,,,,,,,,,
17/06/2023 09:00,17/06/2023 09:00,0.165,,,,,,,,,,,
17/06/2023 10:00,17/06/2023 10:00,0.197,,,,,,,,,,,
17/06/2023 11:00,17/06/2023 11:00,0.246,,,,,,,,,,,
17/06/2023 12:00,17/06/2023 12:00,0.295,,,,,,,,,,,
17/06/2023 13:00,17/06/2023 13:00,0.329,,,,,,,,,,,
17/06/2023 14:00,17/06/2023 14:00,0.361,,,,,,,,,,,
17/06/2023 15:00,17/06/2023 15:00,0.388,,,,,,,,,,,
17/06/2023 16:00,17/06/2023 16:00,0.387,,,,,,,,,,,
17/06/2023 17:00,17/06/2023 17:00,0.367,,,,,,,,,,,
17/06/2023 18:00,17/06/2023 18:00,0.349,,,,,,,,,,,
17/06/2023 19:00,17/06/2023 19:00,0.324,,,,,,,,,,,
17/06/2023 20:00,17/06/2023 20:00,0.265,,,,,,,,,,,
17/06/2023 21:00,17/06/2023 21:00,0.235,,,,,,,,,,,
17/06/2023 22:00,17/06/2023 22:00,0.267,,,,,,,,,,,
17/06/2023 23:00,17/06/2023 23:00,0.347,,,,,,,,,,,
18/06/2023 00:00,18/06/2023 00:00,0.436,,,,,,,,,,,
18/06/2023 01:00,18/06/2023 01:00,0.478,,,,,,,,,,,
18/06/2023 02:00,18/06/2023 02:00,0.466,,,,,,,,,,,
18/06/2023 03:00,18/06/2023 03:00,0.464,,,,,,,,,,,
18/06/2023 04:00,18/06/2023 04:00,0.42,,,,,,,,,,,
18/06/2023 05:00,18/06/2023 05:00,0.335,,,,,,,,,,,
18/06/2023 06:00,18/06/2023 06:00,0.298,,,,,,,,,,,
18/06/2023 07:00,18/06/2023 07:00,0.305,,,,,,,,,,,
18/06/2023 08:00,18/06/2023 08:00,0.354,,,,,,,,,,,
18/06/2023 09:00,18/06/2023 09:00,0.41,,,,,,,,,,,
18/06/2023 10:00,18/06/2023 10:00,0.429,,,,,,,,,,,
18/06/2023 11:00,18/06/2023 11:00,0.442,,,,,,,,,,,
18/06/2023 12:00,18/06/2023 12:00,0.511,,,,,,,,,,,
18/06/2023 13:00,18/06/2023 13:00,0.595,,,,,,,,,,,
18/06/2023 14:00,18/06/2023 14:00,0.631,,,,,,,,,,,
18/06/2023 15:00,18/06/2023 15:00,0.612,,,,,,,,,,,
18/06/2023 16:00,18/06/2023 16:00,0.656,,,,,,,,,,,
18/06/2023 17:00,18/06/2023 17:00,0.702,,,,,,,,,,,
18/06/2023 18:00,18/06/2023 18:00,0.663,,,,,,,,,,,
18/06/2023 19:00,18/06/2023 19:00,0.7,,,,,,,,,,,
18/06/2023 20:00,18/06/2023 20:00,0.752,,,,,,,,,,,
18/06/2023 21:00,18/06/2023 21:00,0.774,,,,,,,,,,,
18/06/2023 22:00,18/06/2023 22:00,0.777,,,,,,,,,,,
18/06/2023 23:00,18/06/2023 23:00,0.744,,,,,,,,,,,
19/06/2023 00:00,19/06/2023 00:00,0.646,,,,,,,,,,,
19/06/2023 01:00,19/06/2023 01:00,0.543,,,,,,,,,,,
19/06/2023 02:00,19/06/2023 02:00,0.563,,,,,,,,,,,
19/06/2023 03:00,19/06/2023 03:00,0.705,,,,,,,,,,,
19/06/2023 04:00,19/06/2023 04:00,0.788,,,,,,,,,,,
19/06/2023 05:00,19/06/2023 05:00,0.787,,,,,,,,,,,
19/06/2023 06:00,19/06/2023 06:00,0.743,,,,,,,,,,,
19/06/2023 07:00,19/06/2023 07:00,0.684,,,,,,,,,,,
19/06/2023 08:00,19/06/2023 08:00,0.611,,,,,,,,,,,
19/06/2023 09:00,19/06/2023 09:00,0.544,,,,,,,,,,,
19/06/2023 10:00,19/06/2023 10:00,0.497,,,,,,,,,,,
19/06/2023 11:00,19/06/2023 11:00,0.477,,,,,,,,,,,
19/06/2023 12:00,19/06/2023 12:00,0.476,,,,,,,,,,,
19/06/2023 13:00,19/06/2023 13:00,0.518,,,,,,,,,,,
19/06/2023 14:00,19/06/2023 14:00,0.574,,,,,,,,,,,
19/06/2023 15:00,19/06/2023 15:00,0.613,,,,,,,,,,,
19/06/2023 16:00,19/06/2023 16:00,0.635,,,,,,,,,,,
19/06/2023 17:00,19/06/2023 17:00,0.61,,,,,,,,,,,
19/06/2023 18:00,19/06/2023 18:00,0.573,,,,,,,,,,,
19/06/2023 19:00,19/06/2023 19:00,0.56,,,,,,,,,,,
19/06/2023 20:00,19/06/2023 20:00,0.541,,,,,,,,,,,
19/06/2023 21:00,19/06/2023 21:00,0.476,,,,,,,,,,,
19/06/2023 22:00,19/06/2023 22:00,0.388,,,,,,,,,,,
19/06/2023 23:00,19/06/2023 23:00,0.286,,,,,,,,,,,
20/06/2023 00:00,20/06/2023 00:00,0.231,,,,,,,,,,,
20/06/2023 01:00,20/06/2023 01:00,0.268,,,,,,,,,,,
20/06/2023 02:00,20/06/2023 02:00,0.337,,,,,,,,,,,
20/06/2023 03:00,20/06/2023 03:00,0.442,,,,,,,,,,,
20/06/2023 04:00,20/06/2023 04:00,0.528,,,,,,,,,,,
20/06/2023 05:00,20/06/2023 05:00,0.585,,,,,,,,,,,
20/06/2023 06:00,20/06/2023 06:00,0.65,,,,,,,,,,,
20/06/2023 07:00,20/06/2023 07:00,0.72,,,,,,,,,,,
20/06/2023 08:00,20/06/2023 08:00,0.777,,,,,,,,,,,
20/06/2023 09:00,20/06/2023 09:00,0.799,,,,,,,,,,,
20/06/2023 10:00,20/06/2023 10:00,0.779,,,,,,,,,,,
20/06/2023 11:00,20/06/2023 11:00,0.75,,,,,,,,,,,
20/06/2023 12:00,20/06/2023 12:00,0.744,,,,,,,,,,,
20/06/2023 13:00,20/06/2023 13:00,0.772,,,,,,,,,,,
20/06/2023 14:00,20/06/2023 14:00,0.782,,,,,,,,,,,
20/06/2023 15:00,20/06/2023 15:00,0.758,,,,,,,,,,,
20/06/2023 16:00,20/06/2023 16:00,0.768,,,,,,,,,,,
20/06/2023 17:00,20/06/2023 17:00,0.785,,,,,,,,,,,
20/06/2023 18:00,20/06/2023 18:00,0.794,,,,,,,,,,,
20/06/2023 19:00,20/06/2023 19:00,0.787,,,,,,,,,,,
20/06/2023 20:00,20/06/2023 20:00,0.777,,,,,,,,,,,
20/06/2023 21:00,20/06/2023 21:00,0.798,,,,,,,,,,,
20/06/2023 22:00,20/06/2023 22:00,0.789,,,,,,,,,,,
20/06/2023 23:00,20/06/2023 23:00,0.726,,,,,,,,,,,
21/06/2023 00:00,21/06/2023 00:00,0.644,,,,,,,,,,,
21/06/2023 01:00,21/06/2023 01:00,0.556,,,,,,,,,,,
21/06/2023 02:00,21/06/2023 02:00,0.474,,,,,,,,,,,
21/06/2023 03:00,21/06/2023 03:00,0.414,,,,,,,,,,,
21/06/2023 04:00,21/06/2023 04:00,0.374,,,,,,,,,,,
21/06/2023 05:00,21/06/2023 05:00,0.319,,,,,,,,,,,
21/06/2023 06:00,21/06/2023 06:00,0.28,,,,,,,,,,,
21/06/2023 07:00,21/06/2023 07:00,0.312,,,,,,,,,,,
21/06/2023 08:00,21/06/2023 08:00,0.378,,,,,,,,,,,
21/06/2023 09:00,21/06/2023 09:00,0.413,,,,,,,,,,,
21/06/2023 10:00,21/06/2023 10:00,0.416,,,,,,,,,,,
21/06/2023 11:00,21/06/2023 11:00,0.398,,,,,,,,,,,
21/06/2023 12:00,21/06/2023 12:00,0.358,,,,,,,,,,,
21/06/2023 13:00,21/06/2023 13:00,0.308,,,,,,,,,,,
21/06/2023 14:00,21/06/2023 14:00,0.259,,,,,,,,,,,
21/06/2023 15:00,21/06/2023 15:00,0.227,,,,,,,,,,,
21/06/2023 16:00,21/06/2023 16:00,0.218,,,,,,,,,,,
21/06/2023 17:00,21/06/2023 17:00,0.226,,,,,,,,,,,
21/06/2023 18:00,21/06/2023 18:00,0.251,,,,,,,,,,,
21/06/2023 19:00,21/06/2023 19:00,0.259,,,,,,,,,,,
21/06/2023 20:00,21/06/2023 20:00,0.267,,,,,,,,,,,
21/06/2023 21:00,21/06/2023 21:00,0.254,,,,,,,,,,,
21/06/2023 22:00,21/06/2023 22:00,0.207,,,,,,,,,,,
21/06/2023 23:00,21/06/2023 23:00,0.123,,,,,,,,,,,
22/06/2023 00:00,22/06/2023 00:00,0.05,,,,,,,,,,,
22/06/2023 01:00,22/06/2023 01:00,0.012,,,,,,,,,,,
22/06/2023 02:00,22/06/2023 02:00,0.019,,,,,,,,,,,
22/06/2023 03:00,22/06/2023 03:00,0.056,,,,,,,,,,,
22/06/2023 04:00,22/06/2023 04:00,0.121,,,,,,,,,,,
22/06/2023 05:00,22/06/2023 05:00,0.2,,,,,,,,,,,
22/06/2023 06:00,22/06/2023 06:00,0.219,,,,,,,,,,,
22/06/2023 07:00,22/06/2023 07:00,0.176,,,,,,,,,,,
22/06/2023 08:00,22/06/2023 08:00,0.119,,,,,,,,,,,
22/06/2023 09:00,22/06/2023 09:00,0.096,,,,,,,,,,,
22/06/2023 10:00,22/06/2023 10:00,0.1,,,,,,,,,,,
22/06/2023 11:00,22/06/2023 11:00,0.117,,,,,,,,,,,
22/06/2023 12:00,22/06/2023 12:00,0.147,,,,,,,,,,,
22/06/2023 13:00,22/06/2023 13:00,0.187,,,,,,,,,,,
22/06/2023 14:00,22/06/2023 14:00,0.225,,,,,,,,,,,
22/06/2023 15:00,22/06/2023 15:00,0.255,,,,,,,,,,,
22/06/2023 16:00,22/06/2023 16:00,0.275,,,,,,,,,,,
22/06/2023 17:00,22/06/2023 17:00,0.278,,,,,,,,,,,
22/06/2023 18:00,22/06/2023 18:00,0.267,,,,,,,,,,,
22/06/2023 19:00,22/06/2023 19:00,0.249,,,,,,,,,,,
22/06/2023 20:00,22/06/2023 20:00,0.23,,,,,,,,,,,
22/06/2023 21:00,22/06/2023 21:00,0.236,,,,,,,,,,,
22/06/2023 22:00,22/06/2023 22:00,0.245,,,,,,,,,,,
22/06/2023 23:00,22/06/2023 23:00,0.225,,,,,,,,,,,
23/06/2023 00:00,23/06/2023 00:00,0.201,,,,,,,,,,,
23/06/2023 01:00,23/06/2023 01:00,0.195,,,,,,,,,,,
23/06/2023 02:00,23/06/2023 02:00,0.187,,,,,,,,,,,
23/06/2023 03:00,23/06/2023 03:00,0.155,,,,,,,,,,,
23/06/2023 04:00,23/06/2023 04:00,0.107,,,,,,,,,,,
23/06/2023 05:00,23/06/2023 05:00,0.067,,,,,,,,,,,
23/06/2023 06:00,23/06/2023 06:00,0.035,,,,,,,,,,,
23/06/2023 07:00,23/06/2023 07:00,0.021,,,,,,,,,,,
23/06/2023 08:00,23/06/2023 08:00,0.025,,,,,,,,,,,
23/06/2023 09:00,23/06/2023 09:00,0.047,,,,,,,,,,,
23/06/2023 10:00,23/06/2023 10:00,0.088,,,,,,,,,,,
23/06/2023 11:00,23/06/2023 11:00,0.132,,,,,,,,,,,
23/06/2023 12:00,23/06/2023 12:00,0.169,,,,,,,,,,,
23/06/2023 13:00,23/06/2023 13:00,0.201,,,,,,,,,,,
23/06/2023 14:00,23/06/2023 14:00,0.23,,,,,,,,,,,
23/06/2023 15:00,23/06/2023 15:00,0.253,,,,,,,,,,,
23/06/2023 16:00,23/06/2023 16:00,0.274,,,,,,,,,,,
23/06/2023 17:00,23/06/2023 17:00,0.289,,,,,,,,,,,
23/06/2023 18:00,23/06/2023 18:00,0.294,,,,,,,,,,,
23/06/2023 19:00,23/06/2023 19:00,0.295,,,,,,,,,,,
23/06/2023 20:00,23/06/2023 20:00,0.307,,,,,,,,,,,
23/06/2023 21:00,23/06/2023 21:00,0.329,,,,,,,,,,,
23/06/2023 22:00,23/06/2023 22:00,0.337,,,,,,,,,,,
23/06/2023 23:00,23/06/2023 23:00,0.334,,,,,,,,,,,
24/06/2023 00:00,24/06/2023 00:00,0.323,,,,,,,,,,,
24/06/2023 01:00,24/06/2023 01:00,0.312,,,,,,,,,,,
24/06/2023 02:00,24/06/2023 02:00,0.312,,,,,,,,,,,
24/06/2023 03:00,24/06/2023 03:00,0.328,,,,,,,,,,,
24/06/2023 04:00,24/06/2023 04:00,0.334,,,,,,,,,,,
24/06/2023 05:00,24/06/2023 05:00,0.289,,,,,,,,,,,
24/06/2023 06:00,24/06/2023 06:00,0.245,,,,,,,,,,,
24/06/2023 07:00,24/06/2023 07:00,0.241,,,,,,,,,,,
24/06/2023 08:00,24/06/2023 08:00,0.231,,,,,,,,,,,
24/06/2023 09:00,24/06/2023 09:00,0.197,,,,,,,,,,,
24/06/2023 10:00,24/06/2023 10:00,0.156,,,,,,,,,,,
24/06/2023 11:00,24/06/2023 11:00,0.13,,,,,,,,,,,
24/06/2023 12:00,24/06/2023 12:00,0.116,,,,,,,,,,,
24/06/2023 13:00,24/06/2023 13:00,0.111,,,,,,,,,,,
24/06/2023 14:00,24/06/2023 14:00,0.111,,,,,,,,,,,
24/06/2023 15:00,24/06/2023 15:00,0.135,,,,,,,,,,,
24/06/2023 16:00,24/06/2023 16:00,0.187,,,,,,,,,,,
24/06/2023 17:00,24/06/2023 17:00,0.26,,,,,,,,,,,
24/06/2023 18:00,24/06/2023 18:00,0.339,,,,,,,,,,,
24/06/2023 19:00,24/06/2023 19:00,0.425,,,,,,,,,,,
24/06/2023 20:00,24/06/2023 20:00,0.491,,,,,,,,,,,
24/06/2023 21:00,24/06/2023 21:00,0.491,,,,,,,,,,,
24/06/2023 22:00,24/06/2023 22:00,0.459,,,,,,,,,,,
24/06/2023 23:00,24/06/2023 23:00,0.432,,,,,,,,,,,
25/06/2023 00:00,25/06/2023 00:00,0.409,,,,,,,,,,,
25/06/2023 01:00,25/06/2023 01:00,0.379,,,,,,,,,,,
25/06/2023 02:00,25/06/2023 02:00,0.347,,,,,,,,,,,
25/06/2023 03:00,25/06/2023 03:00,0.322,,,,,,,,,,,
25/06/2023 04:00,25/06/2023 04:00,0.306,,,,,,,,,,,
25/06/2023 05:00,25/06/2023 05:00,0.294,,,,,,,,,,,
25/06/2023 06:00,25/06/2023 06:00,0.313,,,,,,,,,,,
25/06/2023 07:00,25/06/2023 07:00,0.367,,,,,,,,,,,
25/06/2023 08:00,25/06/2023 08:00,0.425,,,,,,,,,,,
25/06/2023 09:00,25/06/2023 09:00,0.484,,,,,,,,,,,
25/06/2023 10:00,25/06/2023 10:00,0.546,,,,,,,,,,,
25/06/2023 11:00,25/06/2023 11:00,0.606,,,,,,,,,,,
25/06/2023 12:00,25/06/2023 12:00,0.663,,,,,,,,,,,
25/06/2023 13:00,25/06/2023 13:00,0.711,,,,,,,,,,,
25/06/2023 14:00,25/06/2023 14:00,0.749,,,,,,,,,,,
25/06/2023 15:00,25/06/2023 15:00,0.782,,,,,,,,,,,
25/06/2023 16:00,25/06/2023 16:00,0.796,,,,,,,,,,,
25/06/2023 17:00,25/06/2023 17:00,0.814,,,,,,,,,,,
25/06/2023 18:00,25/06/2023 18:00,0.851,,,,,,,,,,,
25/06/2023 19:00,25/06/2023 19:00,0.878,,,,,,,,,,,
25/06/2023 20:00,25/06/2023 20:00,0.872,,,,,,,,,,,
25/06/2023 21:00,25/06/2023 21:00,0.858,,,,,,,,,,,
25/06/2023 22:00,25/06/2023 22:00,0.873,,,,,,,,,,,
25/06/2023 23:00,25/06/2023 23:00,0.87,,,,,,,,,,,
26/06/2023 00:00,26/06/2023 00:00,0.827,,,,,,,,,,,
26/06/2023 01:00,26/06/2023 01:00,0.73,,,,,,,,,,,
26/06/2023 02:00,26/06/2023 02:00,0.684,,,,,,,,,,,
26/06/2023 03:00,26/06/2023 03:00,0.686,,,,,,,,,,,
26/06/2023 04:00,26/06/2023 04:00,0.661,,,,,,,,,,,
26/06/2023 05:00,26/06/2023 05:00,0.633,,,,,,,,,,,
26/06/2023 06:00,26/06/2023 06:00,0.643,,,,,,,,,,,
26/06/2023 07:00,26/06/2023 07:00,0.656,,,,,,,,,,,
26/06/2023 08:00,26/06/2023 08:00,0.666,,,,,,,,,,,
26/06/2023 09:00,26/06/2023 09:00,0.661,,,,,,,,,,,
26/06/2023 10:00,26/06/2023 10:00,0.625,,,,,,,,,,,
26/06/2023 11:00,26/06/2023 11:00,0.556,,,,,,,,,,,
26/06/2023 12:00,26/06/2023 12:00,0.46,,,,,,,,,,,
26/06/2023 13:00,26/06/2023 13:00,0.385,,,,,,,,,,,
26/06/2023 14:00,26/06/2023 14:00,0.328,,,,,,,,,,,
26/06/2023 15:00,26/06/2023 15:00,0.285,,,,,,,,,,,
26/06/2023 16:00,26/06/2023 16:00,0.278,,,,,,,,,,,
26/06/2023 17:00,26/06/2023 17:00,0.281,,,,,,,,,,,
26/06/2023 18:00,26/06/2023 18:00,0.285,,,,,,,,,,,
26/06/2023 19:00,26/06/2023 19:00,0.291,,,,,,,,,,,
26/06/2023 20:00,26/06/2023 20:00,0.289,,,,,,,,,,,
26/06/2023 21:00,26/06/2023 21:00,0.328,,,,,,,,,,,
26/06/2023 22:00,26/06/2023 22:00,0.387,,,,,,,,,,,
26/06/2023 23:00,26/06/2023 23:00,0.441,,,,,,,,,,,
27/06/2023 00:00,27/06/2023 00:00,0.46,,,,,,,,,,,
27/06/2023 01:00,27/06/2023 01:00,0.437,,,,,,,,,,,
27/06/2023 02:00,27/06/2023 02:00,0.409,,,,,,,,,,,
27/06/2023 03:00,27/06/2023 03:00,0.336,,,,,,,,,,,
27/06/2023 04:00,27/06/2023 04:00,0.284,,,,,,,,,,,
27/06/2023 05:00,27/06/2023 05:00,0.231,,,,,,,,,,,
27/06/2023 06:00,27/06/2023 06:00,0.186,,,,,,,,,,,
27/06/2023 07:00,27/06/2023 07:00,0.174,,,,,,,,,,,
27/06/2023 08:00,27/06/2023 08:00,0.188,,,,,,,,,,,
27/06/2023 09:00,27/06/2023 09:00,0.211,,,,,,,,,,,
27/06/2023 10:00,27/06/2023 10:00,0.233,,,,,,,,,,,
27/06/2023 11:00,27/06/2023 11:00,0.243,,,,,,,,,,,
27/06/2023 12:00,27/06/2023 12:00,0.226,,,,,,,,,,,
27/06/2023 13:00,27/06/2023 13:00,0.201,,,,,,,,,,,
27/06/2023 14:00,27/06/2023 14:00,0.172,,,,,,,,,,,
27/06/2023 15:00,27/06/2023 15:00,0.155,,,,,,,,,,,
27/06/2023 16:00,27/06/2023 16:00,0.167,,,,,,,,,,,
27/06/2023 17:00,27/06/2023 17:00,0.189,,,,,,,,,,,
27/06/2023 18:00,27/06/2023 18:00,0.209,,,,,,,,,,,
27/06/2023 19:00,27/06/2023 19:00,0.248,,,,,,,,,,,
27/06/2023 20:00,27/06/2023 20:00,0.314,,,,,,,,,,,
27/06/2023 21:00,27/06/2023 21:00,0.412,,,,,,,,,,,
27/06/2023 22:00,27/06/2023 22:00,0.508,,,,,,,,,,,
27/06/2023 23:00,27/06/2023 23:00,0.571,,,,,,,,,,,
28/06/2023 00:00,28/06/2023 00:00,0.606,,,,,,,,,,,
28/06/2023 01:00,28/06/2023 01:00,0.619,,,,,,,,,,,
28/06/2023 02:00,28/06/2023 02:00,0.599,,,,,,,,,,,
28/06/2023 03:00,28/06/2023 03:00,0.532,,,,,,,,,,,
28/06/2023 04:00,28/06/2023 04:00,0.469,,,,,,,,,,,
28/06/2023 05:00,28/06/2023 05:00,0.391,,,,,,,,,,,
28/06/2023 06:00,28/06/2023 06:00,0.334,,,,,,,,,,,
28/06/2023 07:00,28/06/2023 07:00,0.291,,,,,,,,,,,
28/06/2023 08:00,28/06/2023 08:00,0.267,,,,,,,,,,,
28/06/2023 09:00,28/06/2023 09:00,0.259,,,,,,,,,,,
28/06/2023 10:00,28/06/2023 10:00,0.259,,,,,,,,,,,
28/06/2023 11:00,28/06/2023 11:00,0.264,,,,,,,,,,,
28/06/2023 12:00,28/06/2023 12:00,0.274,,,,,,,,,,,
28/06/2023 13:00,28/06/2023 13:00,0.31,,,,,,,,,,,
28/06/2023 14:00,28/06/2023 14:00,0.37,,,,,,,,,,,
28/06/2023 15:00,28/06/2023 15:00,0.454,,,,,,,,,,,
28/06/2023 16:00,28/06/2023 16:00,0.529,,,,,,,,,,,
28/06/2023 17:00,28/06/2023 17:00,0.576,,,,,,,,,,,
28/06/2023 18:00,28/06/2023 18:00,0.601,,,,,,,,,,,
28/06/2023 19:00,28/06/2023 19:00,0.597,,,,,,,,,,,
28/06/2023 20:00,28/06/2023 20:00,0.569,,,,,,,,,,,
28/06/2023 21:00,28/06/2023 21:00,0.532,,,,,,,,,,,
28/06/2023 22:00,28/06/2023 22:00,0.483,,,,,,,,,,,
28/06/2023 23:00,28/06/2023 23:00,0.418,,,,,,,,,,,
29/06/2023 00:00,29/06/2023 00:00,0.346,,,,,,,,,,,
29/06/2023 01:00,29/06/2023 01:00,0.28,,,,,,,,,,,
29/06/2023 02:00,29/06/2023 02:00,0.219,,,,,,,,,,,
29/06/2023 03:00,29/06/2023 03:00,0.187,,,,,,,,,,,
29/06/2023 04:00,29/06/2023 04:00,0.201,,,,,,,,,,,
29/06/2023 05:00,29/06/2023 05:00,0.252,,,,,,,,,,,
29/06/2023 06:00,29/06/2023 06:00,0.343,,,,,,,,,,,
29/06/2023 07:00,29/06/2023 07:00,0.484,,,,,,,,,,,
29/06/2023 08:00,29/06/2023 08:00,0.619,,,,,,,,,,,
29/06/2023 09:00,29/06/2023 09:00,0.698,,,,,,,,,,,
29/06/2023 10:00,29/06/2023 10:00,0.687,,,,,,,,,,,
29/06/2023 11:00,29/06/2023 11:00,0.637,,,,,,,,,,,
29/06/2023 12:00,29/06/2023 12:00,0.585,,,,,,,,,,,
29/06/2023 13:00,29/06/2023 13:00,0.544,,,,,,,,,,,
29/06/2023 14:00,29/06/2023 14:00,0.516,,,,,,,,,,,
29/06/2023 15:00,29/06/2023 15:00,0.454,,,,,,,,,,,
29/06/2023 16:00,29/06/2023 16:00,0.328,,,,,,,,,,,
29/06/2023 17:00,29/06/2023 17:00,0.177,,,,,,,,,,,
29/06/2023 18:00,29/06/2023 18:00,0.068,,,,,,,,,,,
29/06/2023 19:00,29/06/2023 19:00,0.018,,,,,,,,,,,
29/06/2023 20:00,29/06/2023 20:00,0.013,,,,,,,,,,,
29/06/2023 21:00,29/06/2023 21:00,0.048,,,,,,,,,,,
29/06/2023 22:00,29/06/2023 22:00,0.106,,,,,,,,,,,
29/06/2023 23:00,29/06/2023 23:00,0.168,,,,,,,,,,,
30/06/2023 00:00,30/06/2023 00:00,0.233,,,,,,,,,,,
30/06/2023 01:00,30/06/2023 01:00,0.261,,,,,,,,,,,
30/06/2023 02:00,30/06/2023 02:00,0.237,,,,,,,,,,,
30/06/2023 03:00,30/06/2023 03:00,0.183,,,,,,,,,,,
30/06/2023 04:00,30/06/2023 04:00,0.13,,,,,,,,,,,
30/06/2023 05:00,30/06/2023 05:00,0.085,,,,,,,,,,,
30/06/2023 06:00,30/06/2023 06:00,0.068,,,,,,,,,,,
30/06/2023 07:00,30/06/2023 07:00,0.091,,,,,,,,,,,
30/06/2023 08:00,30/06/2023 08:00,0.136,,,,,,,,,,,
30/06/2023 09:00,30/06/2023 09:00,0.199,,,,,,,,,,,
30/06/2023 10:00,30/06/2023 10:00,0.285,,,,,,,,,,,
30/06/2023 11:00,30/06/2023 11:00,0.401,,,,,,,,,,,
30/06/2023 12:00,30/06/2023 12:00,0.535,,,,,,,,,,,
30/06/2023 13:00,30/06/2023 13:00,0.679,,,,,,,,,,,
30/06/2023 14:00,30/06/2023 14:00,0.794,,,,,,,,,,,
30/06/2023 15:00,30/06/2023 15:00,0.855,,,,,,,,,,,
30/06/2023 16:00,30/06/2023 16:00,0.861,,,,,,,,,,,
30/06/2023 17:00,30/06/2023 17:00,0.861,,,,,,,,,,,
30/06/2023 18:00,30/06/2023 18:00,0.865,,,,,,,,,,,
30/06/2023 19:00,30/06/2023 19:00,0.863,,,,,,,,,,,
30/06/2023 20:00,30/06/2023 20:00,0.855,,,,,,,,,,,
30/06/2023 21:00,30/06/2023 21:00,0.84,,,,,,,,,,,
30/06/2023 22:00,30/06/2023 22:00,0.831,,,,,,,,,,,
30/06/2023 23:00,30/06/2023 23:00,0.818,,,,,,,,,,,
01/07/2023 00:00,01/07/2023 00:00,0.803,,,,,,,,,,,
01/07/2023 01:00,01/07/2023 01:00,0.786,,,,,,,,,,,
01/07/2023 02:00,01/07/2023 02:00,0.759,,,,,,,,,,,
01/07/2023 03:00,01/07/2023 03:00,0.727,,,,,,,,,,,
01/07/2023 04:00,01/07/2023 04:00,0.701,,,,,,,,,,,
01/07/2023 05:00,01/07/2023 05:00,0.668,,,,,,,,,,,
01/07/2023 06:00,01/07/2023 06:00,0.69,,,,,,,,,,,
01/07/2023 07:00,01/07/2023 07:00,0.716,,,,,,,,,,,
01/07/2023 08:00,01/07/2023 08:00,0.736,,,,,,,,,,,
01/07/2023 09:00,01/07/2023 09:00,0.743,,,,,,,,,,,
01/07/2023 10:00,01/07/2023 10:00,0.737,,,,,,,,,,,
01/07/2023 11:00,01/07/2023 11:00,0.737,,,,,,,,,,,
01/07/2023 12:00,01/07/2023 12:00,0.75,,,,,,,,,,,
01/07/2023 13:00,01/07/2023 13:00,0.778,,,,,,,,,,,
01/07/2023 14:00,01/07/2023 14:00,0.799,,,,,,,,,,,
01/07/2023 15:00,01/07/2023 15:00,0.812,,,,,,,,,,,
01/07/2023 16:00,01/07/2023 16:00,0.819,,,,,,,,,,,
01/07/2023 17:00,01/07/2023 17:00,0.839,,,,,,,,,,,
01/07/2023 18:00,01/07/2023 18:00,0.86,,,,,,,,,,,
01/07/2023 19:00,01/07/2023 19:00,0.852,,,,,,,,,,,
01/07/2023 20:00,01/07/2023 20:00,0.842,,,,,,,,,,,
01/07/2023 21:00,01/07/2023 21:00,0.846,,,,,,,,,,,
01/07/2023 22:00,01/07/2023 22:00,0.849,,,,,,,,,,,
01/07/2023 23:00,01/07/2023 23:00,0.865,,,,,,,,,,,
02/07/2023 00:00,02/07/2023 00:00,0.886,,,,,,,,,,,
02/07/2023 01:00,02/07/2023 01:00,0.884,,,,,,,,,,,
02/07/2023 02:00,02/07/2023 02:00,0.859,,,,,,,,,,,
02/07/2023 03:00,02/07/2023 03:00,0.837,,,,,,,,,,,
02/07/2023 04:00,02/07/2023 04:00,0.812,,,,,,,,,,,
02/07/2023 05:00,02/07/2023 05:00,0.806,,,,,,,,,,,
02/07/2023 06:00,02/07/2023 06:00,0.839,,,,,,,,,,,
02/07/2023 07:00,02/07/2023 07:00,0.851,,,,,,,,,,,
02/07/2023 08:00,02/07/2023 08:00,0.85,,,,,,,,,,,
02/07/2023 09:00,02/07/2023 09:00,0.845,,,,,,,,,,,
02/07/2023 10:00,02/07/2023 10:00,0.838,,,,,,,,,,,
02/07/2023 11:00,02/07/2023 11:00,0.823,,,,,,,,,,,
02/07/2023 12:00,02/07/2023 12:00,0.796,,,,,,,,,,,
02/07/2023 13:00,02/07/2023 13:00,0.773,,,,,,,,,,,
02/07/2023 14:00,02/07/2023 14:00,0.759,,,,,,,,,,,
02/07/2023 15:00,02/07/2023 15:00,0.74,,,,,,,,,,,
02/07/2023 16:00,02/07/2023 16:00,0.688,,,,,,,,,,,
02/07/2023 17:00,02/07/2023 17:00,0.652,,,,,,,,,,,
02/07/2023 18:00,02/07/2023 18:00,0.644,,,,,,,,,,,
02/07/2023 19:00,02/07/2023 19:00,0.666,,,,,,,,,,,
02/07/2023 20:00,02/07/2023 20:00,0.704,,,,,,,,,,,
02/07/2023 21:00,02/07/2023 21:00,0.753,,,,,,,,,,,
02/07/2023 22:00,02/07/2023 22:00,0.792,,,,,,,,,,,
02/07/2023 23:00,02/07/2023 23:00,0.808,,,,,,,,,,,
03/07/2023 00:00,03/07/2023 00:00,0.805,,,,,,,,,,,
03/07/2023 01:00,03/07/2023 01:00,0.768,,,,,,,,,,,
03/07/2023 02:00,03/07/2023 02:00,0.754,,,,,,,,,,,
03/07/2023 03:00,03/07/2023 03:00,0.719,,,,,,,,,,,
03/07/2023 04:00,03/07/2023 04:00,0.675,,,,,,,,,,,
03/07/2023 05:00,03/07/2023 05:00,0.601,,,,,,,,,,,
03/07/2023 06:00,03/07/2023 06:00,0.591,,,,,,,,,,,
03/07/2023 07:00,03/07/2023 07:00,0.642,,,,,,,,,,,
03/07/2023 08:00,03/07/2023 08:00,0.72,,,,,,,,,,,
03/07/2023 09:00,03/07/2023 09:00,0.78,,,,,,,,,,,
03/07/2023 10:00,03/07/2023 10:00,0.816,,,,,,,,,,,
03/07/2023 11:00,03/07/2023 11:00,0.842,,,,,,,,,,,
03/07/2023 12:00,03/07/2023 12:00,0.866,,,,,,,,,,,
03/07/2023 13:00,03/07/2023 13:00,0.87,,,,,,,,,,,
03/07/2023 14:00,03/07/2023 14:00,0.848,,,,,,,,,,,
03/07/2023 15:00,03/07/2023 15:00,0.808,,,,,,,,,,,
03/07/2023 16:00,03/07/2023 16:00,0.823,,,,,,,,,,,
03/07/2023 17:00,03/07/2023 17:00,0.853,,,,,,,,,,,
03/07/2023 18:00,03/07/2023 18:00,0.853,,,,,,,,,,,
03/07/2023 19:00,03/07/2023 19:00,0.835,,,,,,,,,,,
03/07/2023 20:00,03/07/2023 20:00,0.784,,,,,,,,,,,
03/07/2023 21:00,03/07/2023 21:00,0.722,,,,,,,,,,,
03/07/2023 22:00,03/07/2023 22:00,0.716,,,,,,,,,,,
03/07/2023 23:00,03/07/2023 23:00,0.711,,,,,,,,,,,
04/07/2023 00:00,04/07/2023 00:00,0.701,,,,,,,,,,,
04/07/2023 01:00,04/07/2023 01:00,0.745,,,,,,,,,,,
04/07/2023 02:00,04/07/2023 02:00,0.777,,,,,,,,,,,
04/07/2023 03:00,04/07/2023 03:00,0.785,,,,,,,,,,,
04/07/2023 04:00,04/07/2023 04:00,0.786,,,,,,,,,,,
04/07/2023 05:00,04/07/2023 05:00,0.75,,,,,,,,,,,
04/07/2023 06:00,04/07/2023 06:00,0.736,,,,,,,,,,,
04/07/2023 07:00,04/07/2023 07:00,0.712,,,,,,,,,,,
04/07/2023 08:00,04/07/2023 08:00,0.682,,,,,,,,,,,
04/07/2023 09:00,04/07/2023 09:00,0.644,,,,,,,,,,,
04/07/2023 10:00,04/07/2023 10:00,0.614,,,,,,,,,,,
04/07/2023 11:00,04/07/2023 11:00,0.605,,,,,,,,,,,
04/07/2023 12:00,04/07/2023 12:00,0.599,,,,,,,,,,,
04/07/2023 13:00,04/07/2023 13:00,0.556,,,,,,,,,,,
04/07/2023 14:00,04/07/2023 14:00,0.479,,,,,,,,,,,
04/07/2023 15:00,04/07/2023 15:00,0.374,,,,,,,,,,,
04/07/2023 16:00,04/07/2023 16:00,0.264,,,,,,,,,,,
04/07/2023 17:00,04/07/2023 17:00,0.205,,,,,,,,,,,
04/07/2023 18:00,04/07/2023 18:00,0.217,,,,,,,,,,,
04/07/2023 19:00,04/07/2023 19:00,0.264,,,,,,,,,,,
04/07/2023 20:00,04/07/2023 20:00,0.318,,,,,,,,,,,
04/07/2023 21:00,04/07/2023 21:00,0.349,,,,,,,,,,,
04/07/2023 22:00,04/07/2023 22:00,0.381,,,,,,,,,,,
04/07/2023 23:00,04/07/2023 23:00,0.311,,,,,,,,,,,
05/07/2023 00:00,05/07/2023 00:00,0.298,,,,,,,,,,,
05/07/2023 01:00,05/07/2023 01:00,0.465,,,,,,,,,,,
05/07/2023 02:00,05/07/2023 02:00,0.829,,,,,,,,,,,
05/07/2023 03:00,05/07/2023 03:00,0.967,,,,,,,,,,,
05/07/2023 04:00,05/07/2023 04:00,0.989,,,,,,,,,,,
05/07/2023 05:00,05/07/2023 05:00,0.991,,,,,,,,,,,
05/07/2023 06:00,05/07/2023 06:00,0.988,,,,,,,,,,,
05/07/2023 07:00,05/07/2023 07:00,0.979,,,,,,,,,,,
05/07/2023 08:00,05/07/2023 08:00,0.965,,,,,,,,,,,
05/07/2023 09:00,05/07/2023 09:00,0.946,,,,,,,,,,,
05/07/2023 10:00,05/07/2023 10:00,0.914,,,,,,,,,,,
05/07/2023 11:00,05/07/2023 11:00,0.858,,,,,,,,,,,
05/07/2023 12:00,05/07/2023 12:00,0.791,,,,,,,,,,,
05/07/2023 13:00,05/07/2023 13:00,0.722,,,,,,,,,,,
05/07/2023 14:00,05/07/2023 14:00,0.674,,,,,,,,,,,
05/07/2023 15:00,05/07/2023 15:00,0.62,,,,,,,,,,,
05/07/2023 16:00,05/07/2023 16:00,0.544,,,,,,,,,,,
05/07/2023 17:00,05/07/2023 17:00,0.433,,,,,,,,,,,
05/07/2023 18:00,05/07/2023 18:00,0.327,,,,,,,,,,,
05/07/2023 19:00,05/07/2023 19:00,0.273,,,,,,,,,,,
05/07/2023 20:00,05/07/2023 20:00,0.264,,,,,,,,,,,
05/07/2023 21:00,05/07/2023 21:00,0.311,,,,,,,,,,,
05/07/2023 22:00,05/07/2023 22:00,0.379,,,,,,,,,,,
05/07/2023 23:00,05/07/2023 23:00,0.442,,,,,,,,,,,
06/07/2023 00:00,06/07/2023 00:00,0.481,,,,,,,,,,,
06/07/2023 01:00,06/07/2023 01:00,0.47,,,,,,,,,,,
06/07/2023 02:00,06/07/2023 02:00,0.435,,,,,,,,,,,
06/07/2023 03:00,06/07/2023 03:00,0.383,,,,,,,,,,,
06/07/2023 04:00,06/07/2023 04:00,0.344,,,,,,,,,,,
06/07/2023 05:00,06/07/2023 05:00,0.291,,,,,,,,,,,
06/07/2023 06:00,06/07/2023 06:00,0.254,,,,,,,,,,,
06/07/2023 07:00,06/07/2023 07:00,0.273,,,,,,,,,,,
06/07/2023 08:00,06/07/2023 08:00,0.319,,,,,,,,,,,
06/07/2023 09:00,06/07/2023 09:00,0.358,,,,,,,,,,,
06/07/2023 10:00,06/07/2023 10:00,0.386,,,,,,,,,,,
06/07/2023 11:00,06/07/2023 11:00,0.418,,,,,,,,,,,
06/07/2023 12:00,06/07/2023 12:00,0.448,,,,,,,,,,,
06/07/2023 13:00,06/07/2023 13:00,0.476,,,,,,,,,,,
06/07/2023 14:00,06/07/2023 14:00,0.514,,,,,,,,,,,
06/07/2023 15:00,06/07/2023 15:00,0.561,,,,,,,,,,,
06/07/2023 16:00,06/07/2023 16:00,0.613,,,,,,,,,,,
06/07/2023 17:00,06/07/2023 17:00,0.653,,,,,,,,,,,
06/07/2023 18:00,06/07/2023 18:00,0.705,,,,,,,,,,,
06/07/2023 19:00,06/07/2023 19:00,0.756,,,,,,,,,,,
06/07/2023 20:00,06/07/2023 20:00,0.786,,,,,,,,,,,
06/07/2023 21:00,06/07/2023 21:00,0.772,,,,,,,,,,,
06/07/2023 22:00,06/07/2023 22:00,0.711,,,,,,,,,,,
06/07/2023 23:00,06/07/2023 23:00,0.644,,,,,,,,,,,
07/07/2023 00:00,07/07/2023 00:00,0.592,,,,,,,,,,,
07/07/2023 01:00,07/07/2023 01:00,0.538,,,,,,,,,,,
07/07/2023 02:00,07/07/2023 02:00,0.479,,,,,,,,,,,
07/07/2023 03:00,07/07/2023 03:00,0.407,,,,,,,,,,,
07/07/2023 04:00,07/07/2023 04:00,0.349,,,,,,,,,,,
07/07/2023 05:00,07/07/2023 05:00,0.289,,,,,,,,,,,
07/07/2023 06:00,07/07/2023 06:00,0.245,,,,,,,,,,,
07/07/2023 07:00,07/07/2023 07:00,0.245,,,,,,,,,,,
07/07/2023 08:00,07/07/2023 08:00,0.245,,,,,,,,,,,
07/07/2023 09:00,07/07/2023 09:00,0.27,,,,,,,,,,,
07/07/2023 10:00,07/07/2023 10:00,0.33,,,,,,,,,,,
07/07/2023 11:00,07/07/2023 11:00,0.396,,,,,,,,,,,
07/07/2023 12:00,07/07/2023 12:00,0.452,,,,,,,,,,,
07/07/2023 13:00,07/07/2023 13:00,0.499,,,,,,,,,,,
07/07/2023 14:00,07/07/2023 14:00,0.539,,,,,,,,,,,
07/07/2023 15:00,07/07/2023 15:00,0.583,,,,,,,,,,,
07/07/2023 16:00,07/07/2023 16:00,0.642,,,,,,,,,,,
07/07/2023 17:00,07/07/2023 17:00,0.71,,,,,,,,,,,
07/07/2023 18:00,07/07/2023 18:00,0.779,,,,,,,,,,,
07/07/2023 19:00,07/07/2023 19:00,0.832,,,,,,,,,,,
07/07/2023 20:00,07/07/2023 20:00,0.866,,,,,,,,,,,
07/07/2023 21:00,07/07/2023 21:00,0.885,,,,,,,,,,,
07/07/2023 22:00,07/07/2023 22:00,0.895,,,,,,,,,,,
07/07/2023 23:00,07/07/2023 23:00,0.895,,,,,,,,,,,
08/07/2023 00:00,08/07/2023 00:00,0.889,,,,,,,,,,,
08/07/2023 01:00,08/07/2023 01:00,0.876,,,,,,,,,,,
08/07/2023 02:00,08/07/2023 02:00,0.87,,,,,,,,,,,
08/07/2023 03:00,08/07/2023 03:00,0.851,,,,,,,,,,,
08/07/2023 04:00,08/07/2023 04:00,0.818,,,,,,,,,,,
08/07/2023 05:00,08/07/2023 05:00,0.774,,,,,,,,,,,
08/07/2023 06:00,08/07/2023 06:00,0.717,,,,,,,,,,,
08/07/2023 07:00,08/07/2023 07:00,0.66,,,,,,,,,,,
08/07/2023 08:00,08/07/2023 08:00,0.617,,,,,,,,,,,
08/07/2023 09:00,08/07/2023 09:00,0.58,,,,,,,,,,,
08/07/2023 10:00,08/07/2023 10:00,0.568,,,,,,,,,,,
08/07/2023 11:00,08/07/2023 11:00,0.587,,,,,,,,,,,
08/07/2023 12:00,08/07/2023 12:00,0.604,,,,,,,,,,,
08/07/2023 13:00,08/07/2023 13:00,0.516,,,,,,,,,,,
08/07/2023 14:00,08/07/2023 14:00,0.278,,,,,,,,,,,
08/07/2023 15:00,08/07/2023 15:00,0.109,,,,,,,,,,,
08/07/2023 16:00,08/07/2023 16:00,0.041,,,,,,,,,,,
08/07/2023 17:00,08/07/2023 17:00,0.027,,,,,,,,,,,
08/07/2023 18:00,08/07/2023 18:00,0.04,,,,,,,,,,,
08/07/2023 19:00,08/07/2023 19:00,0.045,,,,,,,,,,,
08/07/2023 20:00,08/07/2023 20:00,0.035,,,,,,,,,,,
08/07/2023 21:00,08/07/2023 21:00,0.045,,,,,,,,,,,
08/07/2023 22:00,08/07/2023 22:00,0.108,,,,,,,,,,,
08/07/2023 23:00,08/07/2023 23:00,0.085,,,,,,,,,,,
09/07/2023 00:00,09/07/2023 00:00,0.034,,,,,,,,,,,
09/07/2023 01:00,09/07/2023 01:00,0.031,,,,,,,,,,,
09/07/2023 02:00,09/07/2023 02:00,0.069,,,,,,,,,,,
09/07/2023 03:00,09/07/2023 03:00,0.133,,,,,,,,,,,
09/07/2023 04:00,09/07/2023 04:00,0.167,,,,,,,,,,,
09/07/2023 05:00,09/07/2023 05:00,0.165,,,,,,,,,,,
09/07/2023 06:00,09/07/2023 06:00,0.164,,,,,,,,,,,
09/07/2023 07:00,09/07/2023 07:00,0.209,,,,,,,,,,,
09/07/2023 08:00,09/07/2023 08:00,0.3,,,,,,,,,,,
09/07/2023 09:00,09/07/2023 09:00,0.347,,,,,,,,,,,
09/07/2023 10:00,09/07/2023 10:00,0.356,,,,,,,,,,,
09/07/2023 11:00,09/07/2023 11:00,0.265,,,,,,,,,,,
09/07/2023 12:00,09/07/2023 12:00,0.191,,,,,,,,,,,
09/07/2023 13:00,09/07/2023 13:00,0.163,,,,,,,,,,,
09/07/2023 14:00,09/07/2023 14:00,0.093,,,,,,,,,,,
09/07/2023 15:00,09/07/2023 15:00,0.049,,,,,,,,,,,
09/07/2023 16:00,09/07/2023 16:00,0.019,,,,,,,,,,,
09/07/2023 17:00,09/07/2023 17:00,0.027,,,,,,,,,,,
09/07/2023 18:00,09/07/2023 18:00,0.07,,,,,,,,,,,
09/07/2023 19:00,09/07/2023 19:00,0.181,,,,,,,,,,,
09/07/2023 20:00,09/07/2023 20:00,0.317,,,,,,,,,,,
09/07/2023 21:00,09/07/2023 21:00,0.435,,,,,,,,,,,
09/07/2023 22:00,09/07/2023 22:00,0.546,,,,,,,,,,,
09/07/2023 23:00,09/07/2023 23:00,0.622,,,,,,,,,,,
10/07/2023 00:00,10/07/2023 00:00,0.654,,,,,,,,,,,
10/07/2023 01:00,10/07/2023 01:00,0.636,,,,,,,,,,,
10/07/2023 02:00,10/07/2023 02:00,0.599,,,,,,,,,,,
10/07/2023 03:00,10/07/2023 03:00,0.571,,,,,,,,,,,
10/07/2023 04:00,10/07/2023 04:00,0.542,,,,,,,,,,,
10/07/2023 05:00,10/07/2023 05:00,0.491,,,,,,,,,,,
10/07/2023 06:00,10/07/2023 06:00,0.442,,,,,,,,,,,
10/07/2023 07:00,10/07/2023 07:00,0.415,,,,,,,,,,,
10/07/2023 08:00,10/07/2023 08:00,0.428,,,,,,,,,,,
10/07/2023 09:00,10/07/2023 09:00,0.431,,,,,,,,,,,
10/07/2023 10:00,10/07/2023 10:00,0.398,,,,,,,,,,,
10/07/2023 11:00,10/07/2023 11:00,0.37,,,,,,,,,,,
10/07/2023 12:00,10/07/2023 12:00,0.386,,,,,,,,,,,
10/07/2023 13:00,10/07/2023 13:00,0.476,,,,,,,,,,,
10/07/2023 14:00,10/07/2023 14:00,0.597,,,,,,,,,,,
10/07/2023 15:00,10/07/2023 15:00,0.695,,,,,,,,,,,
10/07/2023 16:00,10/07/2023 16:00,0.753,,,,,,,,,,,
10/07/2023 17:00,10/07/2023 17:00,0.788,,,,,,,,,,,
10/07/2023 18:00,10/07/2023 18:00,0.809,,,,,,,,,,,
10/07/2023 19:00,10/07/2023 19:00,0.821,,,,,,,,,,,
10/07/2023 20:00,10/07/2023 20:00,0.808,,,,,,,,,,,
10/07/2023 21:00,10/07/2023 21:00,0.804,,,,,,,,,,,
10/07/2023 22:00,10/07/2023 22:00,0.819,,,,,,,,,,,
10/07/2023 23:00,10/07/2023 23:00,0.844,,,,,,,,,,,
11/07/2023 00:00,11/07/2023 00:00,0.84,,,,,,,,,,,
11/07/2023 01:00,11/07/2023 01:00,0.836,,,,,,,,,,,
11/07/2023 02:00,11/07/2023 02:00,0.856,,,,,,,,,,,
11/07/2023 03:00,11/07/2023 03:00,0.862,,,,,,,,,,,
11/07/2023 04:00,11/07/2023 04:00,0.866,,,,,,,,,,,
11/07/2023 05:00,11/07/2023 05:00,0.892,,,,,,,,,,,
11/07/2023 06:00,11/07/2023 06:00,0.924,,,,,,,,,,,
11/07/2023 07:00,11/07/2023 07:00,0.92,,,,,,,,,,,
11/07/2023 08:00,11/07/2023 08:00,0.905,,,,,,,,,,,
11/07/2023 09:00,11/07/2023 09:00,0.887,,,,,,,,,,,
11/07/2023 10:00,11/07/2023 10:00,0.863,,,,,,,,,,,
11/07/2023 11:00,11/07/2023 11:00,0.835,,,,,,,,,,,
11/07/2023 12:00,11/07/2023 12:00,0.808,,,,,,,,,,,
11/07/2023 13:00,11/07/2023 13:00,0.786,,,,,,,,,,,
11/07/2023 14:00,11/07/2023 14:00,0.77,,,,,,,,,,,
11/07/2023 15:00,11/07/2023 15:00,0.769,,,,,,,,,,,
11/07/2023 16:00,11/07/2023 16:00,0.766,,,,,,,,,,,
11/07/2023 17:00,11/07/2023 17:00,0.769,,,,,,,,,,,
11/07/2023 18:00,11/07/2023 18:00,0.78,,,,,,,,,,,
11/07/2023 19:00,11/07/2023 19:00,0.794,,,,,,,,,,,
11/07/2023 20:00,11/07/2023 20:00,0.793,,,,,,,,,,,
11/07/2023 21:00,11/07/2023 21:00,0.791,,,,,,,,,,,
11/07/2023 22:00,11/07/2023 22:00,0.766,,,,,,,,,,,
11/07/2023 23:00,11/07/2023 23:00,0.737,,,,,,,,,,,
12/07/2023 00:00,12/07/2023 00:00,0.708,,,,,,,,,,,
12/07/2023 01:00,12/07/2023 01:00,0.666,,,,,,,,,,,
12/07/2023 02:00,12/07/2023 02:00,0.61,,,,,,,,,,,
12/07/2023 03:00,12/07/2023 03:00,0.567,,,,,,,,,,,
12/07/2023 04:00,12/07/2023 04:00,0.502,,,,,,,,,,,
12/07/2023 05:00,12/07/2023 05:00,0.424,,,,,,,,,,,
12/07/2023 06:00,12/07/2023 06:00,0.391,,,,,,,,,,,
12/07/2023 07:00,12/07/2023 07:00,0.422,,,,,,,,,,,
12/07/2023 08:00,12/07/2023 08:00,0.49,,,,,,,,,,,
12/07/2023 09:00,12/07/2023 09:00,0.552,,,,,,,,,,,
12/07/2023 10:00,12/07/2023 10:00,0.613,,,,,,,,,,,
12/07/2023 11:00,12/07/2023 11:00,0.673,,,,,,,,,,,
12/07/2023 12:00,12/07/2023 12:00,0.719,,,,,,,,,,,
12/07/2023 13:00,12/07/2023 13:00,0.766,,,,,,,,,,,
12/07/2023 14:00,12/07/2023 14:00,0.785,,,,,,,,,,,
12/07/2023 15:00,12/07/2023 15:00,0.768,,,,,,,,,,,
12/07/2023 16:00,12/07/2023 16:00,0.733,,,,,,,,,,,
12/07/2023 17:00,12/07/2023 17:00,0.7,,,,,,,,,,,
12/07/2023 18:00,12/07/2023 18:00,0.702,,,,,,,,,,,
12/07/2023 19:00,12/07/2023 19:00,0.72,,,,,,,,,,,
12/07/2023 20:00,12/07/2023 20:00,0.729,,,,,,,,,,,
12/07/2023 21:00,12/07/2023 21:00,0.712,,,,,,,,,,,
12/07/2023 22:00,12/07/2023 22:00,0.692,,,,,,,,,,,
12/07/2023 23:00,12/07/2023 23:00,0.666,,,,,,,,,,,
13/07/2023 00:00,13/07/2023 00:00,0.651,,,,,,,,,,,
13/07/2023 01:00,13/07/2023 01:00,0.619,,,,,,,,,,,
13/07/2023 02:00,13/07/2023 02:00,0.568,,,,,,,,,,,
13/07/2023 03:00,13/07/2023 03:00,0.539,,,,,,,,,,,
13/07/2023 04:00,13/07/2023 04:00,0.501,,,,,,,,,,,
13/07/2023 05:00,13/07/2023 05:00,0.439,,,,,,,,,,,
13/07/2023 06:00,13/07/2023 06:00,0.396,,,,,,,,,,,
13/07/2023 07:00,13/07/2023 07:00,0.385,,,,,,,,,,,
13/07/2023 08:00,13/07/2023 08:00,0.391,,,,,,,,,,,
13/07/2023 09:00,13/07/2023 09:00,0.402,,,,,,,,,,,
13/07/2023 10:00,13/07/2023 10:00,0.409,,,,,,,,,,,
13/07/2023 11:00,13/07/2023 11:00,0.4,,,,,,,,,,,
13/07/2023 12:00,13/07/2023 12:00,0.366,,,,,,,,,,,
13/07/2023 13:00,13/07/2023 13:00,0.311,,,,,,,,,,,
13/07/2023 14:00,13/07/2023 14:00,0.284,,,,,,,,,,,
13/07/2023 15:00,13/07/2023 15:00,0.27,,,,,,,,,,,
13/07/2023 16:00,13/07/2023 16:00,0.283,,,,,,,,,,,
13/07/2023 17:00,13/07/2023 17:00,0.323,,,,,,,,,,,
13/07/2023 18:00,13/07/2023 18:00,0.386,,,,,,,,,,,
13/07/2023 19:00,13/07/2023 19:00,0.462,,,,,,,,,,,
13/07/2023 20:00,13/07/2023 20:00,0.535,,,,,,,,,,,
13/07/2023 21:00,13/07/2023 21:00,0.567,,,,,,,,,,,
13/07/2023 22:00,13/07/2023 22:00,0.557,,,,,,,,,,,
13/07/2023 23:00,13/07/2023 23:00,0.519,,,,,,,,,,,
14/07/2023 00:00,14/07/2023 00:00,0.468,,,,,,,,,,,
14/07/2023 01:00,14/07/2023 01:00,0.432,,,,,,,,,,,
14/07/2023 02:00,14/07/2023 02:00,0.382,,,,,,,,,,,
14/07/2023 03:00,14/07/2023 03:00,0.323,,,,,,,,,,,
14/07/2023 04:00,14/07/2023 04:00,0.281,,,,,,,,,,,
14/07/2023 05:00,14/07/2023 05:00,0.245,,,,,,,,,,,
14/07/2023 06:00,14/07/2023 06:00,0.211,,,,,,,,,,,
14/07/2023 07:00,14/07/2023 07:00,0.224,,,,,,,,,,,
14/07/2023 08:00,14/07/2023 08:00,0.289,,,,,,,,,,,
14/07/2023 09:00,14/07/2023 09:00,0.352,,,,,,,,,,,
14/07/2023 10:00,14/07/2023 10:00,0.355,,,,,,,,,,,
14/07/2023 11:00,14/07/2023 11:00,0.428,,,,,,,,,,,
14/07/2023 12:00,14/07/2023 12:00,0.523,,,,,,,,,,,
14/07/2023 13:00,14/07/2023 13:00,0.537,,,,,,,,,,,
14/07/2023 14:00,14/07/2023 14:00,0.595,,,,,,,,,,,
14/07/2023 15:00,14/07/2023 15:00,0.749,,,,,,,,,,,
14/07/2023 16:00,14/07/2023 16:00,0.845,,,,,,,,,,,
14/07/2023 17:00,14/07/2023 17:00,0.889,,,,,,,,,,,
14/07/2023 18:00,14/07/2023 18:00,0.914,,,,,,,,,,,
14/07/2023 19:00,14/07/2023 19:00,0.931,,,,,,,,,,,
14/07/2023 20:00,14/07/2023 20:00,0.927,,,,,,,,,,,
14/07/2023 21:00,14/07/2023 21:00,0.898,,,,,,,,,,,
14/07/2023 22:00,14/07/2023 22:00,0.87,,,,,,,,,,,
14/07/2023 23:00,14/07/2023 23:00,0.852,,,,,,,,,,,
15/07/2023 00:00,15/07/2023 00:00,0.841,,,,,,,,,,,
15/07/2023 01:00,15/07/2023 01:00,0.801,,,,,,,,,,,
15/07/2023 02:00,15/07/2023 02:00,0.749,,,,,,,,,,,
15/07/2023 03:00,15/07/2023 03:00,0.714,,,,,,,,,,,
15/07/2023 04:00,15/07/2023 04:00,0.718,,,,,,,,,,,
15/07/2023 05:00,15/07/2023 05:00,0.75,,,,,,,,,,,
15/07/2023 06:00,15/07/2023 06:00,0.819,,,,,,,,,,,
15/07/2023 07:00,15/07/2023 07:00,0.867,,,,,,,,,,,
15/07/2023 08:00,15/07/2023 08:00,0.905,,,,,,,,,,,
15/07/2023 09:00,15/07/2023 09:00,0.938,,,,,,,,,,,
15/07/2023 10:00,15/07/2023 10:00,0.96,,,,,,,,,,,
15/07/2023 11:00,15/07/2023 11:00,0.972,,,,,,,,,,,
15/07/2023 12:00,15/07/2023 12:00,0.979,,,,,,,,,,,
15/07/2023 13:00,15/07/2023 13:00,0.984,,,,,,,,,,,
15/07/2023 14:00,15/07/2023 14:00,0.987,,,,,,,,,,,
15/07/2023 15:00,15/07/2023 15:00,0.989,,,,,,,,,,,
15/07/2023 16:00,15/07/2023 16:00,0.991,,,,,,,,,,,
15/07/2023 17:00,15/07/2023 17:00,0.991,,,,,,,,,,,
15/07/2023 18:00,15/07/2023 18:00,0.991,,,,,,,,,,,
15/07/2023 19:00,15/07/2023 19:00,0.991,,,,,,,,,,,
15/07/2023 20:00,15/07/2023 20:00,0.989,,,,,,,,,,,
15/07/2023 21:00,15/07/2023 21:00,0.988,,,,,,,,,,,
15/07/2023 22:00,15/07/2023 22:00,0.989,,,,,,,,,,,
15/07/2023 23:00,15/07/2023 23:00,0.99,,,,,,,,,,,
16/07/2023 00:00,16/07/2023 00:00,0.991,,,,,,,,,,,
16/07/2023 01:00,16/07/2023 01:00,0.991,,,,,,,,,,,
16/07/2023 02:00,16/07/2023 02:00,0.99,,,,,,,,,,,
16/07/2023 03:00,16/07/2023 03:00,0.988,,,,,,,,,,,
16/07/2023 04:00,16/07/2023 04:00,0.985,,,,,,,,,,,
16/07/2023 05:00,16/07/2023 05:00,0.981,,,,,,,,,,,
16/07/2023 06:00,16/07/2023 06:00,0.977,,,,,,,,,,,
16/07/2023 07:00,16/07/2023 07:00,0.975,,,,,,,,,,,
16/07/2023 08:00,16/07/2023 08:00,0.972,,,,,,,,,,,
16/07/2023 09:00,16/07/2023 09:00,0.967,,,,,,,,,,,
16/07/2023 10:00,16/07/2023 10:00,0.959,,,,,,,,,,,
16/07/2023 11:00,16/07/2023 11:00,0.946,,,,,,,,,,,
16/07/2023 12:00,16/07/2023 12:00,0.935,,,,,,,,,,,
16/07/2023 13:00,16/07/2023 13:00,0.932,,,,,,,,,,,
16/07/2023 14:00,16/07/2023 14:00,0.927,,,,,,,,,,,
16/07/2023 15:00,16/07/2023 15:00,0.919,,,,,,,,,,,
16/07/2023 16:00,16/07/2023 16:00,0.895,,,,,,,,,,,
16/07/2023 17:00,16/07/2023 17:00,0.862,,,,,,,,,,,
16/07/2023 18:00,16/07/2023 18:00,0.826,,,,,,,,,,,
16/07/2023 19:00,16/07/2023 19:00,0.787,,,,,,,,,,,
16/07/2023 20:00,16/07/2023 20:00,0.765,,,,,,,,,,,
16/07/2023 21:00,16/07/2023 21:00,0.766,,,,,,,,,,,
16/07/2023 22:00,16/07/2023 22:00,0.768,,,,,,,,,,,
16/07/2023 23:00,16/07/2023 23:00,0.772,,,,,,,,,,,
17/07/2023 00:00,17/07/2023 00:00,0.766,,,,,,,,,,,
17/07/2023 01:00,17/07/2023 01:00,0.772,,,,,,,,,,,
17/07/2023 02:00,17/07/2023 02:00,0.783,,,,,,,,,,,
17/07/2023 03:00,17/07/2023 03:00,0.772,,,,,,,,,,,
17/07/2023 04:00,17/07/2023 04:00,0.749,,,,,,,,,,,
17/07/2023 05:00,17/07/2023 05:00,0.721,,,,,,,,,,,
17/07/2023 06:00,17/07/2023 06:00,0.706,,,,,,,,,,,
17/07/2023 07:00,17/07/2023 07:00,0.703,,,,,,,,,,,
17/07/2023 08:00,17/07/2023 08:00,0.681,,,,,,,,,,,
17/07/2023 09:00,17/07/2023 09:00,0.647,,,,,,,,,,,
17/07/2023 10:00,17/07/2023 10:00,0.619,,,,,,,,,,,
17/07/2023 11:00,17/07/2023 11:00,0.61,,,,,,,,,,,
17/07/2023 12:00,17/07/2023 12:00,0.594,,,,,,,,,,,
17/07/2023 13:00,17/07/2023 13:00,0.571,,,,,,,,,,,
17/07/2023 14:00,17/07/2023 14:00,0.535,,,,,,,,,,,
17/07/2023 15:00,17/07/2023 15:00,0.492,,,,,,,,,,,
17/07/2023 16:00,17/07/2023 16:00,0.454,,,,,,,,,,,
17/07/2023 17:00,17/07/2023 17:00,0.432,,,,,,,,,,,
17/07/2023 18:00,17/07/2023 18:00,0.416,,,,,,,,,,,
17/07/2023 19:00,17/07/2023 19:00,0.4,,,,,,,,,,,
17/07/2023 20:00,17/07/2023 20:00,0.379,,,,,,,,,,,
17/07/2023 21:00,17/07/2023 21:00,0.337,,,,,,,,,,,
17/07/2023 22:00,17/07/2023 22:00,0.272,,,,,,,,,,,
17/07/2023 23:00,17/07/2023 23:00,0.205,,,,,,,,,,,
18/07/2023 00:00,18/07/2023 00:00,0.153,,,,,,,,,,,
18/07/2023 01:00,18/07/2023 01:00,0.11,,,,,,,,,,,
18/07/2023 02:00,18/07/2023 02:00,0.071,,,,,,,,,,,
18/07/2023 03:00,18/07/2023 03:00,0.042,,,,,,,,,,,
18/07/2023 04:00,18/07/2023 04:00,0.02,,,,,,,,,,,
18/07/2023 05:00,18/07/2023 05:00,0.007,,,,,,,,,,,
18/07/2023 06:00,18/07/2023 06:00,0.005,,,,,,,,,,,
18/07/2023 07:00,18/07/2023 07:00,0.019,,,,,,,,,,,
18/07/2023 08:00,18/07/2023 08:00,0.042,,,,,,,,,,,
18/07/2023 09:00,18/07/2023 09:00,0.065,,,,,,,,,,,
18/07/2023 10:00,18/07/2023 10:00,0.083,,,,,,,,,,,
18/07/2023 11:00,18/07/2023 11:00,0.094,,,,,,,,,,,
18/07/2023 12:00,18/07/2023 12:00,0.093,,,,,,,,,,,
18/07/2023 13:00,18/07/2023 13:00,0.09,,,,,,,,,,,
18/07/2023 14:00,18/07/2023 14:00,0.093,,,,,,,,,,,
18/07/2023 15:00,18/07/2023 15:00,0.102,,,,,,,,,,,
18/07/2023 16:00,18/07/2023 16:00,0.126,,,,,,,,,,,
18/07/2023 17:00,18/07/2023 17:00,0.127,,,,,,,,,,,
18/07/2023 18:00,18/07/2023 18:00,0.103,,,,,,,,,,,
18/07/2023 19:00,18/07/2023 19:00,0.071,,,,,,,,,,,
18/07/2023 20:00,18/07/2023 20:00,0.054,,,,,,,,,,,
18/07/2023 21:00,18/07/2023 21:00,0.047,,,,,,,,,,,
18/07/2023 22:00,18/07/2023 22:00,0.035,,,,,,,,,,,
18/07/2023 23:00,18/07/2023 23:00,0.031,,,,,,,,,,,
19/07/2023 00:00,19/07/2023 00:00,0.027,,,,,,,,,,,
19/07/2023 01:00,19/07/2023 01:00,0.018,,,,,,,,,,,
19/07/2023 02:00,19/07/2023 02:00,0.01,,,,,,,,,,,
19/07/2023 03:00,19/07/2023 03:00,0.008,,,,,,,,,,,
19/07/2023 04:00,19/07/2023 04:00,0.014,,,,,,,,,,,
19/07/2023 05:00,19/07/2023 05:00,0.031,,,,,,,,,,,
19/07/2023 06:00,19/07/2023 06:00,0.054,,,,,,,,,,,
19/07/2023 07:00,19/07/2023 07:00,0.072,,,,,,,,,,,
19/07/2023 08:00,19/07/2023 08:00,0.089,,,,,,,,,,,
19/07/2023 09:00,19/07/2023 09:00,0.091,,,,,,,,,,,
19/07/2023 10:00,19/07/2023 10:00,0.082,,,,,,,,,,,
19/07/2023 11:00,19/07/2023 11:00,0.073,,,,,,,,,,,
19/07/2023 12:00,19/07/2023 12:00,0.069,,,,,,,,,,,
19/07/2023 13:00,19/07/2023 13:00,0.07,,,,,,,,,,,
19/07/2023 14:00,19/07/2023 14:00,0.082,,,,,,,,,,,
19/07/2023 15:00,19/07/2023 15:00,0.101,,,,,,,,,,,
19/07/2023 16:00,19/07/2023 16:00,0.123,,,,,,,,,,,
19/07/2023 17:00,19/07/2023 17:00,0.149,,,,,,,,,,,
19/07/2023 18:00,19/07/2023 18:00,0.177,,,,,,,,,,,
19/07/2023 19:00,19/07/2023 19:00,0.198,,,,,,,,,,,
19/07/2023 20:00,19/07/2023 20:00,0.194,,,,,,,,,,,
19/07/2023 21:00,19/07/2023 21:00,0.19,,,,,,,,,,,
19/07/2023 22:00,19/07/2023 22:00,0.185,,,,,,,,,,,
19/07/2023 23:00,19/07/2023 23:00,0.168,,,,,,,,,,,
20/07/2023 00:00,20/07/2023 00:00,0.141,,,,,,,,,,,
20/07/2023 01:00,20/07/2023 01:00,0.112,,,,,,,,,,,
20/07/2023 02:00,20/07/2023 02:00,0.086,,,,,,,,,,,
20/07/2023 03:00,20/07/2023 03:00,0.062,,,,,,,,,,,
20/07/2023 04:00,20/07/2023 04:00,0.041,,,,,,,,,,,
20/07/2023 05:00,20/07/2023 05:00,0.024,,,,,,,,,,,
20/07/2023 06:00,20/07/2023 06:00,0.012,,,,,,,,,,,
20/07/2023 07:00,20/07/2023 07:00,0.01,,,,,,,,,,,
20/07/2023 08:00,20/07/2023 08:00,0.016,,,,,,,,,,,
20/07/2023 09:00,20/07/2023 09:00,0.03,,,,,,,,,,,
20/07/2023 10:00,20/07/2023 10:00,0.042,,,,,,,,,,,
20/07/2023 11:00,20/07/2023 11:00,0.047,,,,,,,,,,,
20/07/2023 12:00,20/07/2023 12:00,0.043,,,,,,,,,,,
20/07/2023 13:00,20/07/2023 13:00,0.035,,,,,,,,,,,
20/07/2023 14:00,20/07/2023 14:00,0.025,,,,,,,,,,,
20/07/2023 15:00,20/07/2023 15:00,0.017,,,,,,,,,,,
20/07/2023 16:00,20/07/2023 16:00,0.012,,,,,,,,,,,
20/07/2023 17:00,20/07/2023 17:00,0.009,,,,,,,,,,,
20/07/2023 18:00,20/07/2023 18:00,0.007,,,,,,,,,,,
20/07/2023 19:00,20/07/2023 19:00,0.007,,,,,,,,,,,
20/07/2023 20:00,20/07/2023 20:00,0.011,,,,,,,,,,,
20/07/2023 21:00,20/07/2023 21:00,0.014,,,,,,,,,,,
20/07/2023 22:00,20/07/2023 22:00,0.018,,,,,,,,,,,
20/07/2023 23:00,20/07/2023 23:00,0.027,,,,,,,,,,,
21/07/2023 00:00,21/07/2023 00:00,0.045,,,,,,,,,,,
21/07/2023 01:00,21/07/2023 01:00,0.072,,,,,,,,,,,
21/07/2023 02:00,21/07/2023 02:00,0.103,,,,,,,,,,,
21/07/2023 03:00,21/07/2023 03:00,0.139,,,,,,,,,,,
21/07/2023 04:00,21/07/2023 04:00,0.186,,,,,,,,,,,
21/07/2023 05:00,21/07/2023 05:00,0.245,,,,,,,,,,,
21/07/2023 06:00,21/07/2023 06:00,0.317,,,,,,,,,,,
21/07/2023 07:00,21/07/2023 07:00,0.393,,,,,,,,,,,
21/07/2023 08:00,21/07/2023 08:00,0.447,,,,,,,,,,,
21/07/2023 09:00,21/07/2023 09:00,0.466,,,,,,,,,,,
21/07/2023 10:00,21/07/2023 10:00,0.461,,,,,,,,,,,
21/07/2023 11:00,21/07/2023 11:00,0.466,,,,,,,,,,,
21/07/2023 12:00,21/07/2023 12:00,0.47,,,,,,,,,,,
21/07/2023 13:00,21/07/2023 13:00,0.45,,,,,,,,,,,
21/07/2023 14:00,21/07/2023 14:00,0.4,,,,,,,,,,,
21/07/2023 15:00,21/07/2023 15:00,0.331,,,,,,,,,,,
21/07/2023 16:00,21/07/2023 16:00,0.259,,,,,,,,,,,
21/07/2023 17:00,21/07/2023 17:00,0.184,,,,,,,,,,,
21/07/2023 18:00,21/07/2023 18:00,0.124,,,,,,,,,,,
21/07/2023 19:00,21/07/2023 19:00,0.075,,,,,,,,,,,
21/07/2023 20:00,21/07/2023 20:00,0.049,,,,,,,,,,,
21/07/2023 21:00,21/07/2023 21:00,0.061,,,,,,,,,,,
21/07/2023 22:00,21/07/2023 22:00,0.092,,,,,,,,,,,
21/07/2023 23:00,21/07/2023 23:00,0.133,,,,,,,,,,,
22/07/2023 00:00,22/07/2023 00:00,0.176,,,,,,,,,,,
22/07/2023 01:00,22/07/2023 01:00,0.205,,,,,,,,,,,
22/07/2023 02:00,22/07/2023 02:00,0.223,,,,,,,,,,,
22/07/2023 03:00,22/07/2023 03:00,0.227,,,,,,,,,,,
22/07/2023 04:00,22/07/2023 04:00,0.224,,,,,,,,,,,
22/07/2023 05:00,22/07/2023 05:00,0.233,,,,,,,,,,,
22/07/2023 06:00,22/07/2023 06:00,0.305,,,,,,,,,,,
22/07/2023 07:00,22/07/2023 07:00,0.464,,,,,,,,,,,
22/07/2023 08:00,22/07/2023 08:00,0.639,,,,,,,,,,,
22/07/2023 09:00,22/07/2023 09:00,0.744,,,,,,,,,,,
22/07/2023 10:00,22/07/2023 10:00,0.802,,,,,,,,,,,
22/07/2023 11:00,22/07/2023 11:00,0.85,,,,,,,,,,,
22/07/2023 12:00,22/07/2023 12:00,0.87,,,,,,,,,,,
22/07/2023 13:00,22/07/2023 13:00,0.862,,,,,,,,,,,
22/07/2023 14:00,22/07/2023 14:00,0.838,,,,,,,,,,,
22/07/2023 15:00,22/07/2023 15:00,0.86,,,,,,,,,,,
22/07/2023 16:00,22/07/2023 16:00,0.894,,,,,,,,,,,
22/07/2023 17:00,22/07/2023 17:00,0.915,,,,,,,,,,,
22/07/2023 18:00,22/07/2023 18:00,0.934,,,,,,,,,,,
22/07/2023 19:00,22/07/2023 19:00,0.944,,,,,,,,,,,
22/07/2023 20:00,22/07/2023 20:00,0.948,,,,,,,,,,,
22/07/2023 21:00,22/07/2023 21:00,0.95,,,,,,,,,,,
22/07/2023 22:00,22/07/2023 22:00,0.953,,,,,,,,,,,
22/07/2023 23:00,22/07/2023 23:00,0.962,,,,,,,,,,,
23/07/2023 00:00,23/07/2023 00:00,0.969,,,,,,,,,,,
23/07/2023 01:00,23/07/2023 01:00,0.964,,,,,,,,,,,
23/07/2023 02:00,23/07/2023 02:00,0.95,,,,,,,,,,,
23/07/2023 03:00,23/07/2023 03:00,0.932,,,,,,,,,,,
23/07/2023 04:00,23/07/2023 04:00,0.925,,,,,,,,,,,
23/07/2023 05:00,23/07/2023 05:00,0.911,,,,,,,,,,,
23/07/2023 06:00,23/07/2023 06:00,0.899,,,,,,,,,,,
23/07/2023 07:00,23/07/2023 07:00,0.903,,,,,,,,,,,
23/07/2023 08:00,23/07/2023 08:00,0.9,,,,,,,,,,,
23/07/2023 09:00,23/07/2023 09:00,0.893,,,,,,,,,,,
23/07/2023 10:00,23/07/2023 10:00,0.881,,,,,,,,,,,
23/07/2023 11:00,23/07/2023 11:00,0.877,,,,,,,,,,,
23/07/2023 12:00,23/07/2023 12:00,0.877,,,,,,,,,,,
23/07/2023 13:00,23/07/2023 13:00,0.874,,,,,,,,,,,
23/07/2023 14:00,23/07/2023 14:00,0.868,,,,,,,,,,,
23/07/2023 15:00,23/07/2023 15:00,0.849,,,,,,,,,,,
23/07/2023 16:00,23/07/2023 16:00,0.801,,,,,,,,,,,
23/07/2023 17:00,23/07/2023 17:00,0.733,,,,,,,,,,,
23/07/2023 18:00,23/07/2023 18:00,0.678,,,,,,,,,,,
23/07/2023 19:00,23/07/2023 19:00,0.64,,,,,,,,,,,
23/07/2023 20:00,23/07/2023 20:00,0.591,,,,,,,,,,,
23/07/2023 21:00,23/07/2023 21:00,0.494,,,,,,,,,,,
23/07/2023 22:00,23/07/2023 22:00,0.398,,,,,,,,,,,
23/07/2023 23:00,23/07/2023 23:00,0.302,,,,,,,,,,,
24/07/2023 00:00,24/07/2023 00:00,0.255,,,,,,,,,,,
24/07/2023 01:00,24/07/2023 01:00,0.241,,,,,,,,,,,
24/07/2023 02:00,24/07/2023 02:00,0.241,,,,,,,,,,,
24/07/2023 03:00,24/07/2023 03:00,0.264,,,,,,,,,,,
24/07/2023 04:00,24/07/2023 04:00,0.3,,,,,,,,,,,
24/07/2023 05:00,24/07/2023 05:00,0.346,,,,,,,,,,,
24/07/2023 06:00,24/07/2023 06:00,0.44,,,,,,,,,,,
24/07/2023 07:00,24/07/2023 07:00,0.574,,,,,,,,,,,
24/07/2023 08:00,24/07/2023 08:00,0.692,,,,,,,,,,,
24/07/2023 09:00,24/07/2023 09:00,0.784,,,,,,,,,,,
24/07/2023 10:00,24/07/2023 10:00,0.82,,,,,,,,,,,
24/07/2023 11:00,24/07/2023 11:00,0.805,,,,,,,,,,,
24/07/2023 12:00,24/07/2023 12:00,0.762,,,,,,,,,,,
24/07/2023 13:00,24/07/2023 13:00,0.731,,,,,,,,,,,
24/07/2023 14:00,24/07/2023 14:00,0.726,,,,,,,,,,,
24/07/2023 15:00,24/07/2023 15:00,0.735,,,,,,,,,,,
24/07/2023 16:00,24/07/2023 16:00,0.752,,,,,,,,,,,
24/07/2023 17:00,24/07/2023 17:00,0.756,,,,,,,,,,,
24/07/2023 18:00,24/07/2023 18:00,0.727,,,,,,,,,,,
24/07/2023 19:00,24/07/2023 19:00,0.668,,,,,,,,,,,
24/07/2023 20:00,24/07/2023 20:00,0.592,,,,,,,,,,,
24/07/2023 21:00,24/07/2023 21:00,0.513,,,,,,,,,,,
24/07/2023 22:00,24/07/2023 22:00,0.448,,,,,,,,,,,
24/07/2023 23:00,24/07/2023 23:00,0.403,,,,,,,,,,,
25/07/2023 00:00,25/07/2023 00:00,0.383,,,,,,,,,,,
25/07/2023 01:00,25/07/2023 01:00,0.383,,,,,,,,,,,
25/07/2023 02:00,25/07/2023 02:00,0.391,,,,,,,,,,,
25/07/2023 03:00,25/07/2023 03:00,0.394,,,,,,,,,,,
25/07/2023 04:00,25/07/2023 04:00,0.384,,,,,,,,,,,
25/07/2023 05:00,25/07/2023 05:00,0.355,,,,,,,,,,,
25/07/2023 06:00,25/07/2023 06:00,0.303,,,,,,,,,,,
25/07/2023 07:00,25/07/2023 07:00,0.249,,,,,,,,,,,
25/07/2023 08:00,25/07/2023 08:00,0.207,,,,,,,,,,,
25/07/2023 09:00,25/07/2023 09:00,0.202,,,,,,,,,,,
25/07/2023 10:00,25/07/2023 10:00,0.225,,,,,,,,,,,
25/07/2023 11:00,25/07/2023 11:00,0.245,,,,,,,,,,,
25/07/2023 12:00,25/07/2023 12:00,0.249,,,,,,,,,,,
25/07/2023 13:00,25/07/2023 13:00,0.243,,,,,,,,,,,
25/07/2023 14:00,25/07/2023 14:00,0.233,,,,,,,,,,,
25/07/2023 15:00,25/07/2023 15:00,0.22,,,,,,,,,,,
25/07/2023 16:00,25/07/2023 16:00,0.193,,,,,,,,,,,
25/07/2023 17:00,25/07/2023 17:00,0.165,,,,,,,,,,,
25/07/2023 18:00,25/07/2023 18:00,0.152,,,,,,,,,,,
25/07/2023 19:00,25/07/2023 19:00,0.161,,,,,,,,,,,
25/07/2023 20:00,25/07/2023 20:00,0.188,,,,,,,,,,,
25/07/2023 21:00,25/07/2023 21:00,0.241,,,,,,,,,,,
25/07/2023 22:00,25/07/2023 22:00,0.324,,,,,,,,,,,
25/07/2023 23:00,25/07/2023 23:00,0.43,,,,,,,,,,,
26/07/2023 00:00,26/07/2023 00:00,0.525,,,,,,,,,,,
26/07/2023 01:00,26/07/2023 01:00,0.586,,,,,,,,,,,
26/07/2023 02:00,26/07/2023 02:00,0.62,,,,,,,,,,,
26/07/2023 03:00,26/07/2023 03:00,0.643,,,,,,,,,,,
26/07/2023 04:00,26/07/2023 04:00,0.632,,,,,,,,,,,
26/07/2023 05:00,26/07/2023 05:00,0.575,,,,,,,,,,,
26/07/2023 06:00,26/07/2023 06:00,0.491,,,,,,,,,,,
26/07/2023 07:00,26/07/2023 07:00,0.429,,,,,,,,,,,
26/07/2023 08:00,26/07/2023 08:00,0.384,,,,,,,,,,,
26/07/2023 09:00,26/07/2023 09:00,0.37,,,,,,,,,,,
26/07/2023 10:00,26/07/2023 10:00,0.362,,,,,,,,,,,
26/07/2023 11:00,26/07/2023 11:00,0.345,,,,,,,,,,,
26/07/2023 12:00,26/07/2023 12:00,0.342,,,,,,,,,,,
26/07/2023 13:00,26/07/2023 13:00,0.374,,,,,,,,,,,
26/07/2023 14:00,26/07/2023 14:00,0.476,,,,,,,,,,,
26/07/2023 15:00,26/07/2023 15:00,0.586,,,,,,,,,,,
26/07/2023 16:00,26/07/2023 16:00,0.633,,,,,,,,,,,
26/07/2023 17:00,26/07/2023 17:00,0.635,,,,,,,,,,,
26/07/2023 18:00,26/07/2023 18:00,0.645,,,,,,,,,,,
26/07/2023 19:00,26/07/2023 19:00,0.668,,,,,,,,,,,
26/07/2023 20:00,26/07/2023 20:00,0.675,,,,,,,,,,,
26/07/2023 21:00,26/07/2023 21:00,0.661,,,,,,,,,,,
26/07/2023 22:00,26/07/2023 22:00,0.605,,,,,,,,,,,
26/07/2023 23:00,26/07/2023 23:00,0.686,,,,,,,,,,,
27/07/2023 00:00,27/07/2023 00:00,0.791,,,,,,,,,,,
27/07/2023 01:00,27/07/2023 01:00,0.801,,,,,,,,,,,
27/07/2023 02:00,27/07/2023 02:00,0.765,,,,,,,,,,,
27/07/2023 03:00,27/07/2023 03:00,0.735,,,,,,,,,,,
27/07/2023 04:00,27/07/2023 04:00,0.736,,,,,,,,,,,
27/07/2023 05:00,27/07/2023 05:00,0.671,,,,,,,,,,,
27/07/2023 06:00,27/07/2023 06:00,0.606,,,,,,,,,,,
27/07/2023 07:00,27/07/2023 07:00,0.584,,,,,,,,,,,
27/07/2023 08:00,27/07/2023 08:00,0.559,,,,,,,,,,,
27/07/2023 09:00,27/07/2023 09:00,0.552,,,,,,,,,,,
27/07/2023 10:00,27/07/2023 10:00,0.557,,,,,,,,,,,
27/07/2023 11:00,27/07/2023 11:00,0.554,,,,,,,,,,,
27/07/2023 12:00,27/07/2023 12:00,0.565,,,,,,,,,,,
27/07/2023 13:00,27/07/2023 13:00,0.59,,,,,,,,,,,
27/07/2023 14:00,27/07/2023 14:00,0.574,,,,,,,,,,,
27/07/2023 15:00,27/07/2023 15:00,0.51,,,,,,,,,,,
27/07/2023 16:00,27/07/2023 16:00,0.434,,,,,,,,,,,
27/07/2023 17:00,27/07/2023 17:00,0.376,,,,,,,,,,,
27/07/2023 18:00,27/07/2023 18:00,0.367,,,,,,,,,,,
27/07/2023 19:00,27/07/2023 19:00,0.365,,,,,,,,,,,
27/07/2023 20:00,27/07/2023 20:00,0.355,,,,,,,,,,,
27/07/2023 21:00,27/07/2023 21:00,0.349,,,,,,,,,,,
27/07/2023 22:00,27/07/2023 22:00,0.365,,,,,,,,,,,
27/07/2023 23:00,27/07/2023 23:00,0.386,,,,,,,,,,,
28/07/2023 00:00,28/07/2023 00:00,0.403,,,,,,,,,,,
28/07/2023 01:00,28/07/2023 01:00,0.384,,,,,,,,,,,
28/07/2023 02:00,28/07/2023 02:00,0.308,,,,,,,,,,,
28/07/2023 03:00,28/07/2023 03:00,0.207,,,,,,,,,,,
28/07/2023 04:00,28/07/2023 04:00,0.144,,,,,,,,,,,
28/07/2023 05:00,28/07/2023 05:00,0.124,,,,,,,,,,,
28/07/2023 06:00,28/07/2023 06:00,0.115,,,,,,,,,,,
28/07/2023 07:00,28/07/2023 07:00,0.118,,,,,,,,,,,
28/07/2023 08:00,28/07/2023 08:00,0.135,,,,,,,,,,,
28/07/2023 09:00,28/07/2023 09:00,0.154,,,,,,,,,,,
28/07/2023 10:00,28/07/2023 10:00,0.176,,,,,,,,,,,
28/07/2023 11:00,28/07/2023 11:00,0.22,,,,,,,,,,,
28/07/2023 12:00,28/07/2023 12:00,0.279,,,,,,,,,,,
28/07/2023 13:00,28/07/2023 13:00,0.341,,,,,,,,,,,
28/07/2023 14:00,28/07/2023 14:00,0.391,,,,,,,,,,,
28/07/2023 15:00,28/07/2023 15:00,0.437,,,,,,,,,,,
28/07/2023 16:00,28/07/2023 16:00,0.484,,,,,,,,,,,
28/07/2023 17:00,28/07/2023 17:00,0.519,,,,,,,,,,,
28/07/2023 18:00,28/07/2023 18:00,0.544,,,,,,,,,,,
28/07/2023 19:00,28/07/2023 19:00,0.568,,,,,,,,,,,
28/07/2023 20:00,28/07/2023 20:00,0.604,,,,,,,,,,,
28/07/2023 21:00,28/07/2023 21:00,0.682,,,,,,,,,,,
28/07/2023 22:00,28/07/2023 22:00,0.753,,,,,,,,,,,
28/07/2023 23:00,28/07/2023 23:00,0.793,,,,,,,,,,,
29/07/2023 00:00,29/07/2023 00:00,0.779,,,,,,,,,,,
29/07/2023 01:00,29/07/2023 01:00,0.733,,,,,,,,,,,
29/07/2023 02:00,29/07/2023 02:00,0.69,,,,,,,,,,,
29/07/2023 03:00,29/07/2023 03:00,0.668,,,,,,,,,,,
29/07/2023 04:00,29/07/2023 04:00,0.666,,,,,,,,,,,
29/07/2023 05:00,29/07/2023 05:00,0.653,,,,,,,,,,,
29/07/2023 06:00,29/07/2023 06:00,0.636,,,,,,,,,,,
29/07/2023 07:00,29/07/2023 07:00,0.611,,,,,,,,,,,
29/07/2023 08:00,29/07/2023 08:00,0.591,,,,,,,,,,,
29/07/2023 09:00,29/07/2023 09:00,0.574,,,,,,,,,,,
29/07/2023 10:00,29/07/2023 10:00,0.587,,,,,,,,,,,
29/07/2023 11:00,29/07/2023 11:00,0.622,,,,,,,,,,,
29/07/2023 12:00,29/07/2023 12:00,0.663,,,,,,,,,,,
29/07/2023 13:00,29/07/2023 13:00,0.694,,,,,,,,,,,
29/07/2023 14:00,29/07/2023 14:00,0.703,,,,,,,,,,,
29/07/2023 15:00,29/07/2023 15:00,0.7,,,,,,,,,,,
29/07/2023 16:00,29/07/2023 16:00,0.675,,,,,,,,,,,
29/07/2023 17:00,29/07/2023 17:00,0.652,,,,,,,,,,,
29/07/2023 18:00,29/07/2023 18:00,0.645,,,,,,,,,,,
29/07/2023 19:00,29/07/2023 19:00,0.663,,,,,,,,,,,
29/07/2023 20:00,29/07/2023 20:00,0.703,,,,,,,,,,,
29/07/2023 21:00,29/07/2023 21:00,0.748,,,,,,,,,,,
29/07/2023 22:00,29/07/2023 22:00,0.786,,,,,,,,,,,
29/07/2023 23:00,29/07/2023 23:00,0.791,,,,,,,,,,,
30/07/2023 00:00,30/07/2023 00:00,0.761,,,,,,,,,,,
30/07/2023 01:00,30/07/2023 01:00,0.764,,,,,,,,,,,
30/07/2023 02:00,30/07/2023 02:00,0.831,,,,,,,,,,,
30/07/2023 03:00,30/07/2023 03:00,0.856,,,,,,,,,,,
30/07/2023 04:00,30/07/2023 04:00,0.865,,,,,,,,,,,
30/07/2023 05:00,30/07/2023 05:00,0.87,,,,,,,,,,,
30/07/2023 06:00,30/07/2023 06:00,0.87,,,,,,,,,,,
30/07/2023 07:00,30/07/2023 07:00,0.879,,,,,,,,,,,
30/07/2023 08:00,30/07/2023 08:00,0.894,,,,,,,,,,,
30/07/2023 09:00,30/07/2023 09:00,0.899,,,,,,,,,,,
30/07/2023 10:00,30/07/2023 10:00,0.89,,,,,,,,,,,
30/07/2023 11:00,30/07/2023 11:00,0.877,,,,,,,,,,,
30/07/2023 12:00,30/07/2023 12:00,0.865,,,,,,,,,,,
30/07/2023 13:00,30/07/2023 13:00,0.863,,,,,,,,,,,
30/07/2023 14:00,30/07/2023 14:00,0.834,,,,,,,,,,,
30/07/2023 15:00,30/07/2023 15:00,0.786,,,,,,,,,,,
30/07/2023 16:00,30/07/2023 16:00,0.72,,,,,,,,,,,
30/07/2023 17:00,30/07/2023 17:00,0.662,,,,,,,,,,,
30/07/2023 18:00,30/07/2023 18:00,0.664,,,,,,,,,,,
30/07/2023 19:00,30/07/2023 19:00,0.718,,,,,,,,,,,
30/07/2023 20:00,30/07/2023 20:00,0.754,,,,,,,,,,,
30/07/2023 21:00,30/07/2023 21:00,0.785,,,,,,,,,,,
30/07/2023 22:00,30/07/2023 22:00,0.796,,,,,,,,,,,
30/07/2023 23:00,30/07/2023 23:00,0.791,,,,,,,,,,,
31/07/2023 00:00,31/07/2023 00:00,0.826,,,,,,,,,,,
31/07/2023 01:00,31/07/2023 01:00,0.853,,,,,,,,,,,
31/07/2023 02:00,31/07/2023 02:00,0.88,,,,,,,,,,,
31/07/2023 03:00,31/07/2023 03:00,0.917,,,,,,,,,,,
31/07/2023 04:00,31/07/2023 04:00,0.91,,,,,,,,,,,
31/07/2023 05:00,31/07/2023 05:00,0.894,,,,,,,,,,,
31/07/2023 06:00,31/07/2023 06:00,0.865,,,,,,,,,,,
31/07/2023 07:00,31/07/2023 07:00,0.845,,,,,,,,,,,
31/07/2023 08:00,31/07/2023 08:00,0.797,,,,,,,,,,,
31/07/2023 09:00,31/07/2023 09:00,0.754,,,,,,,,,,,
31/07/2023 10:00,31/07/2023 10:00,0.703,,,,,,,,,,,
31/07/2023 11:00,31/07/2023 11:00,0.625,,,,,,,,,,,
31/07/2023 12:00,31/07/2023 12:00,0.621,,,,,,,,,,,
31/07/2023 13:00,31/07/2023 13:00,0.729,,,,,,,,,,,
31/07/2023 14:00,31/07/2023 14:00,0.704,,,,,,,,,,,
31/07/2023 15:00,31/07/2023 15:00,0.612,,,,,,,,,,,
31/07/2023 16:00,31/07/2023 16:00,0.646,,,,,,,,,,,
31/07/2023 17:00,31/07/2023 17:00,0.682,,,,,,,,,,,
31/07/2023 18:00,31/07/2023 18:00,0.683,,,,,,,,,,,
31/07/2023 19:00,31/07/2023 19:00,0.639,,,,,,,,,,,
31/07/2023 20:00,31/07/2023 20:00,0.65,,,,,,,,,,,
31/07/2023 21:00,31/07/2023 21:00,0.648,,,,,,,,,,,
31/07/2023 22:00,31/07/2023 22:00,0.666,,,,,,,,,,,
31/07/2023 23:00,31/07/2023 23:00,0.703,,,,,,,,,,,
01/08/2023 00:00,01/08/2023 00:00,0.77,,,,,,,,,,,
01/08/2023 01:00,01/08/2023 01:00,0.786,,,,,,,,,,,
01/08/2023 02:00,01/08/2023 02:00,0.8,,,,,,,,,,,
01/08/2023 03:00,01/08/2023 03:00,0.847,,,,,,,,,,,
01/08/2023 04:00,01/08/2023 04:00,0.879,,,,,,,,,,,
01/08/2023 05:00,01/08/2023 05:00,0.891,,,,,,,,,,,
01/08/2023 06:00,01/08/2023 06:00,0.895,,,,,,,,,,,
01/08/2023 07:00,01/08/2023 07:00,0.897,,,,,,,,,,,
01/08/2023 08:00,01/08/2023 08:00,0.896,,,,,,,,,,,
01/08/2023 09:00,01/08/2023 09:00,0.88,,,,,,,,,,,
01/08/2023 10:00,01/08/2023 10:00,0.852,,,,,,,,,,,
01/08/2023 11:00,01/08/2023 11:00,0.816,,,,,,,,,,,
01/08/2023 12:00,01/08/2023 12:00,0.757,,,,,,,,,,,
01/08/2023 13:00,01/08/2023 13:00,0.664,,,,,,,,,,,
01/08/2023 14:00,01/08/2023 14:00,0.571,,,,,,,,,,,
01/08/2023 15:00,01/08/2023 15:00,0.488,,,,,,,,,,,
01/08/2023 16:00,01/08/2023 16:00,0.395,,,,,,,,,,,
01/08/2023 17:00,01/08/2023 17:00,0.296,,,,,,,,,,,
01/08/2023 18:00,01/08/2023 18:00,0.204,,,,,,,,,,,
01/08/2023 19:00,01/08/2023 19:00,0.164,,,,,,,,,,,
01/08/2023 20:00,01/08/2023 20:00,0.201,,,,,,,,,,,
01/08/2023 21:00,01/08/2023 21:00,0.274,,,,,,,,,,,
01/08/2023 22:00,01/08/2023 22:00,0.346,,,,,,,,,,,
01/08/2023 23:00,01/08/2023 23:00,0.391,,,,,,,,,,,
02/08/2023 00:00,02/08/2023 00:00,0.422,,,,,,,,,,,
02/08/2023 01:00,02/08/2023 01:00,0.484,,,,,,,,,,,
02/08/2023 02:00,02/08/2023 02:00,0.568,,,,,,,,,,,
02/08/2023 03:00,02/08/2023 03:00,0.696,,,,,,,,,,,
02/08/2023 04:00,02/08/2023 04:00,0.836,,,,,,,,,,,
02/08/2023 05:00,02/08/2023 05:00,0.911,,,,,,,,,,,
02/08/2023 06:00,02/08/2023 06:00,0.928,,,,,,,,,,,
02/08/2023 07:00,02/08/2023 07:00,0.881,,,,,,,,,,,
02/08/2023 08:00,02/08/2023 08:00,0.794,,,,,,,,,,,
02/08/2023 09:00,02/08/2023 09:00,0.784,,,,,,,,,,,
02/08/2023 10:00,02/08/2023 10:00,0.879,,,,,,,,,,,
02/08/2023 11:00,02/08/2023 11:00,0.933,,,,,,,,,,,
02/08/2023 12:00,02/08/2023 12:00,0.935,,,,,,,,,,,
02/08/2023 13:00,02/08/2023 13:00,0.921,,,,,,,,,,,
02/08/2023 14:00,02/08/2023 14:00,0.905,,,,,,,,,,,
02/08/2023 15:00,02/08/2023 15:00,0.874,,,,,,,,,,,
02/08/2023 16:00,02/08/2023 16:00,0.801,,,,,,,,,,,
02/08/2023 17:00,02/08/2023 17:00,0.63,,,,,,,,,,,
02/08/2023 18:00,02/08/2023 18:00,0.381,,,,,,,,,,,
02/08/2023 19:00,02/08/2023 19:00,0.302,,,,,,,,,,,
02/08/2023 20:00,02/08/2023 20:00,0.464,,,,,,,,,,,
02/08/2023 21:00,02/08/2023 21:00,0.735,,,,,,,,,,,
02/08/2023 22:00,02/08/2023 22:00,0.896,,,,,,,,,,,
02/08/2023 23:00,02/08/2023 23:00,0.954,,,,,,,,,,,
03/08/2023 00:00,03/08/2023 00:00,0.979,,,,,,,,,,,
03/08/2023 01:00,03/08/2023 01:00,0.989,,,,,,,,,,,
03/08/2023 02:00,03/08/2023 02:00,0.991,,,,,,,,,,,
03/08/2023 03:00,03/08/2023 03:00,0.991,,,,,,,,,,,
03/08/2023 04:00,03/08/2023 04:00,0.991,,,,,,,,,,,
03/08/2023 05:00,03/08/2023 05:00,0.988,,,,,,,,,,,
03/08/2023 06:00,03/08/2023 06:00,0.981,,,,,,,,,,,
03/08/2023 07:00,03/08/2023 07:00,0.969,,,,,,,,,,,
03/08/2023 08:00,03/08/2023 08:00,0.948,,,,,,,,,,,
03/08/2023 09:00,03/08/2023 09:00,0.921,,,,,,,,,,,
03/08/2023 10:00,03/08/2023 10:00,0.896,,,,,,,,,,,
03/08/2023 11:00,03/08/2023 11:00,0.867,,,,,,,,,,,
03/08/2023 12:00,03/08/2023 12:00,0.834,,,,,,,,,,,
03/08/2023 13:00,03/08/2023 13:00,0.794,,,,,,,,,,,
03/08/2023 14:00,03/08/2023 14:00,0.753,,,,,,,,,,,
03/08/2023 15:00,03/08/2023 15:00,0.723,,,,,,,,,,,
03/08/2023 16:00,03/08/2023 16:00,0.695,,,,,,,,,,,
03/08/2023 17:00,03/08/2023 17:00,0.668,,,,,,,,,,,
03/08/2023 18:00,03/08/2023 18:00,0.639,,,,,,,,,,,
03/08/2023 19:00,03/08/2023 19:00,0.615,,,,,,,,,,,
03/08/2023 20:00,03/08/2023 20:00,0.601,,,,,,,,,,,
03/08/2023 21:00,03/08/2023 21:00,0.596,,,,,,,,,,,
03/08/2023 22:00,03/08/2023 22:00,0.607,,,,,,,,,,,
03/08/2023 23:00,03/08/2023 23:00,0.622,,,,,,,,,,,
04/08/2023 00:00,04/08/2023 00:00,0.633,,,,,,,,,,,
04/08/2023 01:00,04/08/2023 01:00,0.62,,,,,,,,,,,
04/08/2023 02:00,04/08/2023 02:00,0.604,,,,,,,,,,,
04/08/2023 03:00,04/08/2023 03:00,0.592,,,,,,,,,,,
04/08/2023 04:00,04/08/2023 04:00,0.578,,,,,,,,,,,
04/08/2023 05:00,04/08/2023 05:00,0.556,,,,,,,,,,,
04/08/2023 06:00,04/08/2023 06:00,0.535,,,,,,,,,,,
04/08/2023 07:00,04/08/2023 07:00,0.538,,,,,,,,,,,
04/08/2023 08:00,04/08/2023 08:00,0.531,,,,,,,,,,,
04/08/2023 09:00,04/08/2023 09:00,0.503,,,,,,,,,,,
04/08/2023 10:00,04/08/2023 10:00,0.464,,,,,,,,,,,
04/08/2023 11:00,04/08/2023 11:00,0.425,,,,,,,,,,,
04/08/2023 12:00,04/08/2023 12:00,0.386,,,,,,,,,,,
04/08/2023 13:00,04/08/2023 13:00,0.348,,,,,,,,,,,
04/08/2023 14:00,04/08/2023 14:00,0.311,,,,,,,,,,,
04/08/2023 15:00,04/08/2023 15:00,0.27,,,,,,,,,,,
04/08/2023 16:00,04/08/2023 16:00,0.214,,,,,,,,,,,
04/08/2023 17:00,04/08/2023 17:00,0.175,,,,,,,,,,,
04/08/2023 18:00,04/08/2023 18:00,0.133,,,,,,,,,,,
04/08/2023 19:00,04/08/2023 19:00,0.089,,,,,,,,,,,
04/08/2023 20:00,04/08/2023 20:00,0.046,,,,,,,,,,,
04/08/2023 21:00,04/08/2023 21:00,0.019,,,,,,,,,,,
04/08/2023 22:00,04/08/2023 22:00,0.017,,,,,,,,,,,
04/08/2023 23:00,04/08/2023 23:00,0.035,,,,,,,,,,,
05/08/2023 00:00,05/08/2023 00:00,0.079,,,,,,,,,,,
05/08/2023 01:00,05/08/2023 01:00,0.135,,,,,,,,,,,
05/08/2023 02:00,05/08/2023 02:00,0.192,,,,,,,,,,,
05/08/2023 03:00,05/08/2023 03:00,0.231,,,,,,,,,,,
05/08/2023 04:00,05/08/2023 04:00,0.244,,,,,,,,,,,
05/08/2023 05:00,05/08/2023 05:00,0.26,,,,,,,,,,,
05/08/2023 06:00,05/08/2023 06:00,0.28,,,,,,,,,,,
05/08/2023 07:00,05/08/2023 07:00,0.328,,,,,,,,,,,
05/08/2023 08:00,05/08/2023 08:00,0.388,,,,,,,,,,,
05/08/2023 09:00,05/08/2023 09:00,0.441,,,,,,,,,,,
05/08/2023 10:00,05/08/2023 10:00,0.479,,,,,,,,,,,
05/08/2023 11:00,05/08/2023 11:00,0.502,,,,,,,,,,,
05/08/2023 12:00,05/08/2023 12:00,0.516,,,,,,,,,,,
05/08/2023 13:00,05/08/2023 13:00,0.488,,,,,,,,,,,
05/08/2023 14:00,05/08/2023 14:00,0.424,,,,,,,,,,,
05/08/2023 15:00,05/08/2023 15:00,0.375,,,,,,,,,,,
05/08/2023 16:00,05/08/2023 16:00,0.332,,,,,,,,,,,
05/08/2023 17:00,05/08/2023 17:00,0.314,,,,,,,,,,,
05/08/2023 18:00,05/08/2023 18:00,0.348,,,,,,,,,,,
05/08/2023 19:00,05/08/2023 19:00,0.447,,,,,,,,,,,
05/08/2023 20:00,05/08/2023 20:00,0.571,,,,,,,,,,,
05/08/2023 21:00,05/08/2023 21:00,0.653,,,,,,,,,,,
05/08/2023 22:00,05/08/2023 22:00,0.668,,,,,,,,,,,
05/08/2023 23:00,05/08/2023 23:00,0.682,,,,,,,,,,,
06/08/2023 00:00,06/08/2023 00:00,0.734,,,,,,,,,,,
06/08/2023 01:00,06/08/2023 01:00,0.809,,,,,,,,,,,
06/08/2023 02:00,06/08/2023 02:00,0.877,,,,,,,,,,,
06/08/2023 03:00,06/08/2023 03:00,0.925,,,,,,,,,,,
06/08/2023 04:00,06/08/2023 04:00,0.956,,,,,,,,,,,
06/08/2023 05:00,06/08/2023 05:00,0.971,,,,,,,,,,,
06/08/2023 06:00,06/08/2023 06:00,0.978,,,,,,,,,,,
06/08/2023 07:00,06/08/2023 07:00,0.981,,,,,,,,,,,
06/08/2023 08:00,06/08/2023 08:00,0.98,,,,,,,,,,,
06/08/2023 09:00,06/08/2023 09:00,0.977,,,,,,,,,,,
06/08/2023 10:00,06/08/2023 10:00,0.974,,,,,,,,,,,
06/08/2023 11:00,06/08/2023 11:00,0.971,,,,,,,,,,,
06/08/2023 12:00,06/08/2023 12:00,0.968,,,,,,,,,,,
06/08/2023 13:00,06/08/2023 13:00,0.963,,,,,,,,,,,
06/08/2023 14:00,06/08/2023 14:00,0.958,,,,,,,,,,,
06/08/2023 15:00,06/08/2023 15:00,0.953,,,,,,,,,,,
06/08/2023 16:00,06/08/2023 16:00,0.95,,,,,,,,,,,
06/08/2023 17:00,06/08/2023 17:00,0.946,,,,,,,,,,,
06/08/2023 18:00,06/08/2023 18:00,0.938,,,,,,,,,,,
06/08/2023 19:00,06/08/2023 19:00,0.93,,,,,,,,,,,
06/08/2023 20:00,06/08/2023 20:00,0.919,,,,,,,,,,,
06/08/2023 21:00,06/08/2023 21:00,0.905,,,,,,,,,,,
06/08/2023 22:00,06/08/2023 22:00,0.894,,,,,,,,,,,
06/08/2023 23:00,06/08/2023 23:00,0.885,,,,,,,,,,,
07/08/2023 00:00,07/08/2023 00:00,0.872,,,,,,,,,,,
07/08/2023 01:00,07/08/2023 01:00,0.855,,,,,,,,,,,
07/08/2023 02:00,07/08/2023 02:00,0.837,,,,,,,,,,,
07/08/2023 03:00,07/08/2023 03:00,0.82,,,,,,,,,,,
07/08/2023 04:00,07/08/2023 04:00,0.786,,,,,,,,,,,
07/08/2023 05:00,07/08/2023 05:00,0.729,,,,,,,,,,,
07/08/2023 06:00,07/08/2023 06:00,0.648,,,,,,,,,,,
07/08/2023 07:00,07/08/2023 07:00,0.586,,,,,,,,,,,
07/08/2023 08:00,07/08/2023 08:00,0.551,,,,,,,,,,,
07/08/2023 09:00,07/08/2023 09:00,0.506,,,,,,,,,,,
07/08/2023 10:00,07/08/2023 10:00,0.486,,,,,,,,,,,
07/08/2023 11:00,07/08/2023 11:00,0.501,,,,,,,,,,,
07/08/2023 12:00,07/08/2023 12:00,0.538,,,,,,,,,,,
07/08/2023 13:00,07/08/2023 13:00,0.523,,,,,,,,,,,
07/08/2023 14:00,07/08/2023 14:00,0.484,,,,,,,,,,,
07/08/2023 15:00,07/08/2023 15:00,0.464,,,,,,,,,,,
07/08/2023 16:00,07/08/2023 16:00,0.432,,,,,,,,,,,
07/08/2023 17:00,07/08/2023 17:00,0.391,,,,,,,,,,,
07/08/2023 18:00,07/08/2023 18:00,0.407,,,,,,,,,,,
07/08/2023 19:00,07/08/2023 19:00,0.432,,,,,,,,,,,
07/08/2023 20:00,07/08/2023 20:00,0.452,,,,,,,,,,,
07/08/2023 21:00,07/08/2023 21:00,0.498,,,,,,,,,,,
07/08/2023 22:00,07/08/2023 22:00,0.576,,,,,,,,,,,
07/08/2023 23:00,07/08/2023 23:00,0.664,,,,,,,,,,,
08/08/2023 00:00,08/08/2023 00:00,0.71,,,,,,,,,,,
08/08/2023 01:00,08/08/2023 01:00,0.724,,,,,,,,,,,
08/08/2023 02:00,08/08/2023 02:00,0.744,,,,,,,,,,,
08/08/2023 03:00,08/08/2023 03:00,0.748,,,,,,,,,,,
08/08/2023 04:00,08/08/2023 04:00,0.736,,,,,,,,,,,
08/08/2023 05:00,08/08/2023 05:00,0.707,,,,,,,,,,,
08/08/2023 06:00,08/08/2023 06:00,0.696,,,,,,,,,,,
08/08/2023 07:00,08/08/2023 07:00,0.712,,,,,,,,,,,
08/08/2023 08:00,08/08/2023 08:00,0.718,,,,,,,,,,,
08/08/2023 09:00,08/08/2023 09:00,0.71,,,,,,,,,,,
08/08/2023 10:00,08/08/2023 10:00,0.711,,,,,,,,,,,
08/08/2023 11:00,08/08/2023 11:00,0.718,,,,,,,,,,,
08/08/2023 12:00,08/08/2023 12:00,0.692,,,,,,,,,,,
08/08/2023 13:00,08/08/2023 13:00,0.603,,,,,,,,,,,
08/08/2023 14:00,08/08/2023 14:00,0.484,,,,,,,,,,,
08/08/2023 15:00,08/08/2023 15:00,0.355,,,,,,,,,,,
08/08/2023 16:00,08/08/2023 16:00,0.275,,,,,,,,,,,
08/08/2023 17:00,08/08/2023 17:00,0.224,,,,,,,,,,,
08/08/2023 18:00,08/08/2023 18:00,0.194,,,,,,,,,,,
08/08/2023 19:00,08/08/2023 19:00,0.207,,,,,,,,,,,
08/08/2023 20:00,08/08/2023 20:00,0.263,,,,,,,,,,,
08/08/2023 21:00,08/08/2023 21:00,0.302,,,,,,,,,,,
08/08/2023 22:00,08/08/2023 22:00,0.334,,,,,,,,,,,
08/08/2023 23:00,08/08/2023 23:00,0.355,,,,,,,,,,,
09/08/2023 00:00,09/08/2023 00:00,0.394,,,,,,,,,,,
09/08/2023 01:00,09/08/2023 01:00,0.401,,,,,,,,,,,
09/08/2023 02:00,09/08/2023 02:00,0.395,,,,,,,,,,,
09/08/2023 03:00,09/08/2023 03:00,0.403,,,,,,,,,,,
09/08/2023 04:00,09/08/2023 04:00,0.437,,,,,,,,,,,
09/08/2023 05:00,09/08/2023 05:00,0.456,,,,,,,,,,,
09/08/2023 06:00,09/08/2023 06:00,0.448,,,,,,,,,,,
09/08/2023 07:00,09/08/2023 07:00,0.449,,,,,,,,,,,
09/08/2023 08:00,09/08/2023 08:00,0.43,,,,,,,,,,,
09/08/2023 09:00,09/08/2023 09:00,0.41,,,,,,,,,,,
09/08/2023 10:00,09/08/2023 10:00,0.402,,,,,,,,,,,
09/08/2023 11:00,09/08/2023 11:00,0.391,,,,,,,,,,,
09/08/2023 12:00,09/08/2023 12:00,0.348,,,,,,,,,,,
09/08/2023 13:00,09/08/2023 13:00,0.283,,,,,,,,,,,
09/08/2023 14:00,09/08/2023 14:00,0.208,,,,,,,,,,,
09/08/2023 15:00,09/08/2023 15:00,0.122,,,,,,,,,,,
09/08/2023 16:00,09/08/2023 16:00,0.051,,,,,,,,,,,
09/08/2023 17:00,09/08/2023 17:00,0.017,,,,,,,,,,,
09/08/2023 18:00,09/08/2023 18:00,0.02,,,,,,,,,,,
09/08/2023 19:00,09/08/2023 19:00,0.053,,,,,,,,,,,
09/08/2023 20:00,09/08/2023 20:00,0.118,,,,,,,,,,,
09/08/2023 21:00,09/08/2023 21:00,0.181,,,,,,,,,,,
09/08/2023 22:00,09/08/2023 22:00,0.216,,,,,,,,,,,
09/08/2023 23:00,09/08/2023 23:00,0.225,,,,,,,,,,,
10/08/2023 00:00,10/08/2023 00:00,0.214,,,,,,,,,,,
10/08/2023 01:00,10/08/2023 01:00,0.206,,,,,,,,,,,
10/08/2023 02:00,10/08/2023 02:00,0.207,,,,,,,,,,,
10/08/2023 03:00,10/08/2023 03:00,0.232,,,,,,,,,,,
10/08/2023 04:00,10/08/2023 04:00,0.262,,,,,,,,,,,
10/08/2023 05:00,10/08/2023 05:00,0.254,,,,,,,,,,,
10/08/2023 06:00,10/08/2023 06:00,0.198,,,,,,,,,,,
10/08/2023 07:00,10/08/2023 07:00,0.176,,,,,,,,,,,
10/08/2023 08:00,10/08/2023 08:00,0.266,,,,,,,,,,,
10/08/2023 09:00,10/08/2023 09:00,0.371,,,,,,,,,,,
10/08/2023 10:00,10/08/2023 10:00,0.363,,,,,,,,,,,
10/08/2023 11:00,10/08/2023 11:00,0.308,,,,,,,,,,,
10/08/2023 12:00,10/08/2023 12:00,0.34,,,,,,,,,,,
10/08/2023 13:00,10/08/2023 13:00,0.427,,,,,,,,,,,
10/08/2023 14:00,10/08/2023 14:00,0.494,,,,,,,,,,,
10/08/2023 15:00,10/08/2023 15:00,0.518,,,,,,,,,,,
10/08/2023 16:00,10/08/2023 16:00,0.516,,,,,,,,,,,
10/08/2023 17:00,10/08/2023 17:00,0.506,,,,,,,,,,,
10/08/2023 18:00,10/08/2023 18:00,0.525,,,,,,,,,,,
10/08/2023 19:00,10/08/2023 19:00,0.578,,,,,,,,,,,
10/08/2023 20:00,10/08/2023 20:00,0.637,,,,,,,,,,,
10/08/2023 21:00,10/08/2023 21:00,0.687,,,,,,,,,,,
10/08/2023 22:00,10/08/2023 22:00,0.71,,,,,,,,,,,
10/08/2023 23:00,10/08/2023 23:00,0.695,,,,,,,,,,,
11/08/2023 00:00,11/08/2023 00:00,0.655,,,,,,,,,,,
11/08/2023 01:00,11/08/2023 01:00,0.613,,,,,,,,,,,
11/08/2023 02:00,11/08/2023 02:00,0.588,,,,,,,,,,,
11/08/2023 03:00,11/08/2023 03:00,0.571,,,,,,,,,,,
11/08/2023 04:00,11/08/2023 04:00,0.555,,,,,,,,,,,
11/08/2023 05:00,11/08/2023 05:00,0.53,,,,,,,,,,,
11/08/2023 06:00,11/08/2023 06:00,0.528,,,,,,,,,,,
11/08/2023 07:00,11/08/2023 07:00,0.574,,,,,,,,,,,
11/08/2023 08:00,11/08/2023 08:00,0.636,,,,,,,,,,,
11/08/2023 09:00,11/08/2023 09:00,0.707,,,,,,,,,,,
11/08/2023 10:00,11/08/2023 10:00,0.71,,,,,,,,,,,
11/08/2023 11:00,11/08/2023 11:00,0.703,,,,,,,,,,,
11/08/2023 12:00,11/08/2023 12:00,0.684,,,,,,,,,,,
11/08/2023 13:00,11/08/2023 13:00,0.674,,,,,,,,,,,
11/08/2023 14:00,11/08/2023 14:00,0.64,,,,,,,,,,,
11/08/2023 15:00,11/08/2023 15:00,0.607,,,,,,,,,,,
11/08/2023 16:00,11/08/2023 16:00,0.58,,,,,,,,,,,
11/08/2023 17:00,11/08/2023 17:00,0.613,,,,,,,,,,,
11/08/2023 18:00,11/08/2023 18:00,0.674,,,,,,,,,,,
11/08/2023 19:00,11/08/2023 19:00,0.69,,,,,,,,,,,
11/08/2023 20:00,11/08/2023 20:00,0.672,,,,,,,,,,,
11/08/2023 21:00,11/08/2023 21:00,0.675,,,,,,,,,,,
11/08/2023 22:00,11/08/2023 22:00,0.677,,,,,,,,,,,
11/08/2023 23:00,11/08/2023 23:00,0.67,,,,,,,,,,,
12/08/2023 00:00,12/08/2023 00:00,0.646,,,,,,,,,,,
12/08/2023 01:00,12/08/2023 01:00,0.604,,,,,,,,,,,
12/08/2023 02:00,12/08/2023 02:00,0.547,,,,,,,,,,,
12/08/2023 03:00,12/08/2023 03:00,0.469,,,,,,,,,,,
12/08/2023 04:00,12/08/2023 04:00,0.4,,,,,,,,,,,
12/08/2023 05:00,12/08/2023 05:00,0.389,,,,,,,,,,,
12/08/2023 06:00,12/08/2023 06:00,0.398,,,,,,,,,,,
12/08/2023 07:00,12/08/2023 07:00,0.485,,,,,,,,,,,
12/08/2023 08:00,12/08/2023 08:00,0.574,,,,,,,,,,,
12/08/2023 09:00,12/08/2023 09:00,0.638,,,,,,,,,,,
12/08/2023 10:00,12/08/2023 10:00,0.694,,,,,,,,,,,
12/08/2023 11:00,12/08/2023 11:00,0.753,,,,,,,,,,,
12/08/2023 12:00,12/08/2023 12:00,0.812,,,,,,,,,,,
12/08/2023 13:00,12/08/2023 13:00,0.855,,,,,,,,,,,
12/08/2023 14:00,12/08/2023 14:00,0.874,,,,,,,,,,,
12/08/2023 15:00,12/08/2023 15:00,0.881,,,,,,,,,,,
12/08/2023 16:00,12/08/2023 16:00,0.881,,,,,,,,,,,
12/08/2023 17:00,12/08/2023 17:00,0.876,,,,,,,,,,,
12/08/2023 18:00,12/08/2023 18:00,0.874,,,,,,,,,,,
12/08/2023 19:00,12/08/2023 19:00,0.865,,,,,,,,,,,
12/08/2023 20:00,12/08/2023 20:00,0.853,,,,,,,,,,,
12/08/2023 21:00,12/08/2023 21:00,0.845,,,,,,,,,,,
12/08/2023 22:00,12/08/2023 22:00,0.831,,,,,,,,,,,
12/08/2023 23:00,12/08/2023 23:00,0.808,,,,,,,,,,,
13/08/2023 00:00,13/08/2023 00:00,0.768,,,,,,,,,,,
13/08/2023 01:00,13/08/2023 01:00,0.722,,,,,,,,,,,
13/08/2023 02:00,13/08/2023 02:00,0.695,,,,,,,,,,,
13/08/2023 03:00,13/08/2023 03:00,0.684,,,,,,,,,,,
13/08/2023 04:00,13/08/2023 04:00,0.687,,,,,,,,,,,
13/08/2023 05:00,13/08/2023 05:00,0.672,,,,,,,,,,,
13/08/2023 06:00,13/08/2023 06:00,0.683,,,,,,,,,,,
13/08/2023 07:00,13/08/2023 07:00,0.698,,,,,,,,,,,
13/08/2023 08:00,13/08/2023 08:00,0.695,,,,,,,,,,,
13/08/2023 09:00,13/08/2023 09:00,0.678,,,,,,,,,,,
13/08/2023 10:00,13/08/2023 10:00,0.666,,,,,,,,,,,
13/08/2023 11:00,13/08/2023 11:00,0.665,,,,,,,,,,,
13/08/2023 12:00,13/08/2023 12:00,0.674,,,,,,,,,,,
13/08/2023 13:00,13/08/2023 13:00,0.682,,,,,,,,,,,
13/08/2023 14:00,13/08/2023 14:00,0.68,,,,,,,,,,,
13/08/2023 15:00,13/08/2023 15:00,0.697,,,,,,,,,,,
13/08/2023 16:00,13/08/2023 16:00,0.725,,,,,,,,,,,
13/08/2023 17:00,13/08/2023 17:00,0.708,,,,,,,,,,,
13/08/2023 18:00,13/08/2023 18:00,0.668,,,,,,,,,,,
13/08/2023 19:00,13/08/2023 19:00,0.676,,,,,,,,,,,
13/08/2023 20:00,13/08/2023 20:00,0.707,,,,,,,,,,,
13/08/2023 21:00,13/08/2023 21:00,0.701,,,,,,,,,,,
13/08/2023 22:00,13/08/2023 22:00,0.676,,,,,,,,,,,
13/08/2023 23:00,13/08/2023 23:00,0.654,,,,,,,,,,,
14/08/2023 00:00,14/08/2023 00:00,0.625,,,,,,,,,,,
14/08/2023 01:00,14/08/2023 01:00,0.588,,,,,,,,,,,
14/08/2023 02:00,14/08/2023 02:00,0.58,,,,,,,,,,,
14/08/2023 03:00,14/08/2023 03:00,0.58,,,,,,,,,,,
14/08/2023 04:00,14/08/2023 04:00,0.597,,,,,,,,,,,
14/08/2023 05:00,14/08/2023 05:00,0.56,,,,,,,,,,,
14/08/2023 06:00,14/08/2023 06:00,0.547,,,,,,,,,,,
14/08/2023 07:00,14/08/2023 07:00,0.528,,,,,,,,,,,
14/08/2023 08:00,14/08/2023 08:00,0.545,,,,,,,,,,,
14/08/2023 09:00,14/08/2023 09:00,0.555,,,,,,,,,,,
14/08/2023 10:00,14/08/2023 10:00,0.628,,,,,,,,,,,
14/08/2023 11:00,14/08/2023 11:00,0.7,,,,,,,,,,,
14/08/2023 12:00,14/08/2023 12:00,0.751,,,,,,,,,,,
14/08/2023 13:00,14/08/2023 13:00,0.767,,,,,,,,,,,
14/08/2023 14:00,14/08/2023 14:00,0.77,,,,,,,,,,,
14/08/2023 15:00,14/08/2023 15:00,0.785,,,,,,,,,,,
14/08/2023 16:00,14/08/2023 16:00,0.793,,,,,,,,,,,
14/08/2023 17:00,14/08/2023 17:00,0.793,,,,,,,,,,,
14/08/2023 18:00,14/08/2023 18:00,0.801,,,,,,,,,,,
14/08/2023 19:00,14/08/2023 19:00,0.788,,,,,,,,,,,
14/08/2023 20:00,14/08/2023 20:00,0.765,,,,,,,,,,,
14/08/2023 21:00,14/08/2023 21:00,0.741,,,,,,,,,,,
14/08/2023 22:00,14/08/2023 22:00,0.709,,,,,,,,,,,
14/08/2023 23:00,14/08/2023 23:00,0.669,,,,,,,,,,,
15/08/2023 00:00,15/08/2023 00:00,0.622,,,,,,,,,,,
15/08/2023 01:00,15/08/2023 01:00,0.574,,,,,,,,,,,
15/08/2023 02:00,15/08/2023 02:00,0.533,,,,,,,,,,,
15/08/2023 03:00,15/08/2023 03:00,0.506,,,,,,,,,,,
15/08/2023 04:00,15/08/2023 04:00,0.488,,,,,,,,,,,
15/08/2023 05:00,15/08/2023 05:00,0.476,,,,,,,,,,,
15/08/2023 06:00,15/08/2023 06:00,0.448,,,,,,,,,,,
15/08/2023 07:00,15/08/2023 07:00,0.442,,,,,,,,,,,
15/08/2023 08:00,15/08/2023 08:00,0.447,,,,,,,,,,,
15/08/2023 09:00,15/08/2023 09:00,0.439,,,,,,,,,,,
15/08/2023 10:00,15/08/2023 10:00,0.363,,,,,,,,,,,
15/08/2023 11:00,15/08/2023 11:00,0.26,,,,,,,,,,,
15/08/2023 12:00,15/08/2023 12:00,0.183,,,,,,,,,,,
15/08/2023 13:00,15/08/2023 13:00,0.127,,,,,,,,,,,
15/08/2023 14:00,15/08/2023 14:00,0.085,,,,,,,,,,,
15/08/2023 15:00,15/08/2023 15:00,0.049,,,,,,,,,,,
15/08/2023 16:00,15/08/2023 16:00,0.025,,,,,,,,,,,
15/08/2023 17:00,15/08/2023 17:00,0.021,,,,,,,,,,,
15/08/2023 18:00,15/08/2023 18:00,0.043,,,,,,,,,,,
15/08/2023 19:00,15/08/2023 19:00,0.077,,,,,,,,,,,
15/08/2023 20:00,15/08/2023 20:00,0.101,,,,,,,,,,,
15/08/2023 21:00,15/08/2023 21:00,0.093,,,,,,,,,,,
15/08/2023 22:00,15/08/2023 22:00,0.058,,,,,,,,,,,
15/08/2023 23:00,15/08/2023 23:00,0.028,,,,,,,,,,,
16/08/2023 00:00,16/08/2023 00:00,0.022,,,,,,,,,,,
16/08/2023 01:00,16/08/2023 01:00,0.042,,,,,,,,,,,
16/08/2023 02:00,16/08/2023 02:00,0.067,,,,,,,,,,,
16/08/2023 03:00,16/08/2023 03:00,0.079,,,,,,,,,,,
16/08/2023 04:00,16/08/2023 04:00,0.082,,,,,,,,,,,
16/08/2023 05:00,16/08/2023 05:00,0.082,,,,,,,,,,,
16/08/2023 06:00,16/08/2023 06:00,0.079,,,,,,,,,,,
16/08/2023 07:00,16/08/2023 07:00,0.087,,,,,,,,,,,
16/08/2023 08:00,16/08/2023 08:00,0.101,,,,,,,,,,,
16/08/2023 09:00,16/08/2023 09:00,0.114,,,,,,,,,,,
16/08/2023 10:00,16/08/2023 10:00,0.124,,,,,,,,,,,
16/08/2023 11:00,16/08/2023 11:00,0.126,,,,,,,,,,,
16/08/2023 12:00,16/08/2023 12:00,0.135,,,,,,,,,,,
16/08/2023 13:00,16/08/2023 13:00,0.153,,,,,,,,,,,
16/08/2023 14:00,16/08/2023 14:00,0.179,,,,,,,,,,,
16/08/2023 15:00,16/08/2023 15:00,0.213,,,,,,,,,,,
16/08/2023 16:00,16/08/2023 16:00,0.256,,,,,,,,,,,
16/08/2023 17:00,16/08/2023 17:00,0.319,,,,,,,,,,,
16/08/2023 18:00,16/08/2023 18:00,0.407,,,,,,,,,,,
16/08/2023 19:00,16/08/2023 19:00,0.497,,,,,,,,,,,
16/08/2023 20:00,16/08/2023 20:00,0.552,,,,,,,,,,,
16/08/2023 21:00,16/08/2023 21:00,0.57,,,,,,,,,,,
16/08/2023 22:00,16/08/2023 22:00,0.571,,,,,,,,,,,
16/08/2023 23:00,16/08/2023 23:00,0.579,,,,,,,,,,,
17/08/2023 00:00,17/08/2023 00:00,0.574,,,,,,,,,,,
17/08/2023 01:00,17/08/2023 01:00,0.583,,,,,,,,,,,
17/08/2023 02:00,17/08/2023 02:00,0.583,,,,,,,,,,,
17/08/2023 03:00,17/08/2023 03:00,0.58,,,,,,,,,,,
17/08/2023 04:00,17/08/2023 04:00,0.575,,,,,,,,,,,
17/08/2023 05:00,17/08/2023 05:00,0.571,,,,,,,,,,,
17/08/2023 06:00,17/08/2023 06:00,0.571,,,,,,,,,,,
17/08/2023 07:00,17/08/2023 07:00,0.58,,,,,,,,,,,
17/08/2023 08:00,17/08/2023 08:00,0.578,,,,,,,,,,,
17/08/2023 09:00,17/08/2023 09:00,0.559,,,,,,,,,,,
17/08/2023 10:00,17/08/2023 10:00,0.546,,,,,,,,,,,
17/08/2023 11:00,17/08/2023 11:00,0.547,,,,,,,,,,,
17/08/2023 12:00,17/08/2023 12:00,0.573,,,,,,,,,,,
17/08/2023 13:00,17/08/2023 13:00,0.615,,,,,,,,,,,
17/08/2023 14:00,17/08/2023 14:00,0.665,,,,,,,,,,,
17/08/2023 15:00,17/08/2023 15:00,0.701,,,,,,,,,,,
17/08/2023 16:00,17/08/2023 16:00,0.727,,,,,,,,,,,
17/08/2023 17:00,17/08/2023 17:00,0.746,,,,,,,,,,,
17/08/2023 18:00,17/08/2023 18:00,0.748,,,,,,,,,,,
17/08/2023 19:00,17/08/2023 19:00,0.759,,,,,,,,,,,
17/08/2023 20:00,17/08/2023 20:00,0.763,,,,,,,,,,,
17/08/2023 21:00,17/08/2023 21:00,0.774,,,,,,,,,,,
17/08/2023 22:00,17/08/2023 22:00,0.772,,,,,,,,,,,
17/08/2023 23:00,17/08/2023 23:00,0.746,,,,,,,,,,,
18/08/2023 00:00,18/08/2023 00:00,0.71,,,,,,,,,,,
18/08/2023 01:00,18/08/2023 01:00,0.686,,,,,,,,,,,
18/08/2023 02:00,18/08/2023 02:00,0.655,,,,,,,,,,,
18/08/2023 03:00,18/08/2023 03:00,0.644,,,,,,,,,,,
18/08/2023 04:00,18/08/2023 04:00,0.63,,,,,,,,,,,
18/08/2023 05:00,18/08/2023 05:00,0.63,,,,,,,,,,,
18/08/2023 06:00,18/08/2023 06:00,0.63,,,,,,,,,,,
18/08/2023 07:00,18/08/2023 07:00,0.63,,,,,,,,,,,
18/08/2023 08:00,18/08/2023 08:00,0.606,,,,,,,,,,,
18/08/2023 09:00,18/08/2023 09:00,0.574,,,,,,,,,,,
18/08/2023 10:00,18/08/2023 10:00,0.562,,,,,,,,,,,
18/08/2023 11:00,18/08/2023 11:00,0.561,,,,,,,,,,,
18/08/2023 12:00,18/08/2023 12:00,0.535,,,,,,,,,,,
18/08/2023 13:00,18/08/2023 13:00,0.457,,,,,,,,,,,
18/08/2023 14:00,18/08/2023 14:00,0.371,,,,,,,,,,,
18/08/2023 15:00,18/08/2023 15:00,0.391,,,,,,,,,,,
18/08/2023 16:00,18/08/2023 16:00,0.501,,,,,,,,,,,
18/08/2023 17:00,18/08/2023 17:00,0.573,,,,,,,,,,,
18/08/2023 18:00,18/08/2023 18:00,0.613,,,,,,,,,,,
18/08/2023 19:00,18/08/2023 19:00,0.68,,,,,,,,,,,
18/08/2023 20:00,18/08/2023 20:00,0.751,,,,,,,,,,,
18/08/2023 21:00,18/08/2023 21:00,0.803,,,,,,,,,,,
18/08/2023 22:00,18/08/2023 22:00,0.815,,,,,,,,,,,
18/08/2023 23:00,18/08/2023 23:00,0.796,,,,,,,,,,,
19/08/2023 00:00,19/08/2023 00:00,0.779,,,,,,,,,,,
19/08/2023 01:00,19/08/2023 01:00,0.785,,,,,,,,,,,
19/08/2023 02:00,19/08/2023 02:00,0.779,,,,,,,,,,,
19/08/2023 03:00,19/08/2023 03:00,0.75,,,,,,,,,,,
19/08/2023 04:00,19/08/2023 04:00,0.709,,,,,,,,,,,
19/08/2023 05:00,19/08/2023 05:00,0.693,,,,,,,,,,,
19/08/2023 06:00,19/08/2023 06:00,0.746,,,,,,,,,,,
19/08/2023 07:00,19/08/2023 07:00,0.783,,,,,,,,,,,
19/08/2023 08:00,19/08/2023 08:00,0.774,,,,,,,,,,,
19/08/2023 09:00,19/08/2023 09:00,0.758,,,,,,,,,,,
19/08/2023 10:00,19/08/2023 10:00,0.742,,,,,,,,,,,
19/08/2023 11:00,19/08/2023 11:00,0.739,,,,,,,,,,,
19/08/2023 12:00,19/08/2023 12:00,0.737,,,,,,,,,,,
19/08/2023 13:00,19/08/2023 13:00,0.749,,,,,,,,,,,
19/08/2023 14:00,19/08/2023 14:00,0.774,,,,,,,,,,,
19/08/2023 15:00,19/08/2023 15:00,0.794,,,,,,,,,,,
19/08/2023 16:00,19/08/2023 16:00,0.792,,,,,,,,,,,
19/08/2023 17:00,19/08/2023 17:00,0.806,,,,,,,,,,,
19/08/2023 18:00,19/08/2023 18:00,0.822,,,,,,,,,,,
19/08/2023 19:00,19/08/2023 19:00,0.819,,,,,,,,,,,
19/08/2023 20:00,19/08/2023 20:00,0.786,,,,,,,,,,,
19/08/2023 21:00,19/08/2023 21:00,0.75,,,,,,,,,,,
19/08/2023 22:00,19/08/2023 22:00,0.714,,,,,,,,,,,
19/08/2023 23:00,19/08/2023 23:00,0.677,,,,,,,,,,,
20/08/2023 00:00,20/08/2023 00:00,0.604,,,,,,,,,,,
20/08/2023 01:00,20/08/2023 01:00,0.528,,,,,,,,,,,
20/08/2023 02:00,20/08/2023 02:00,0.448,,,,,,,,,,,
20/08/2023 03:00,20/08/2023 03:00,0.37,,,,,,,,,,,
20/08/2023 04:00,20/08/2023 04:00,0.32,,,,,,,,,,,
20/08/2023 05:00,20/08/2023 05:00,0.298,,,,,,,,,,,
20/08/2023 06:00,20/08/2023 06:00,0.283,,,,,,,,,,,
20/08/2023 07:00,20/08/2023 07:00,0.291,,,,,,,,,,,
20/08/2023 08:00,20/08/2023 08:00,0.313,,,,,,,,,,,
20/08/2023 09:00,20/08/2023 09:00,0.317,,,,,,,,,,,
20/08/2023 10:00,20/08/2023 10:00,0.302,,,,,,,,,,,
20/08/2023 11:00,20/08/2023 11:00,0.298,,,,,,,,,,,
20/08/2023 12:00,20/08/2023 12:00,0.308,,,,,,,,,,,
20/08/2023 13:00,20/08/2023 13:00,0.332,,,,,,,,,,,
20/08/2023 14:00,20/08/2023 14:00,0.358,,,,,,,,,,,
20/08/2023 15:00,20/08/2023 15:00,0.395,,,,,,,,,,,
20/08/2023 16:00,20/08/2023 16:00,0.437,,,,,,,,,,,
20/08/2023 17:00,20/08/2023 17:00,0.479,,,,,,,,,,,
20/08/2023 18:00,20/08/2023 18:00,0.526,,,,,,,,,,,
20/08/2023 19:00,20/08/2023 19:00,0.559,,,,,,,,,,,
20/08/2023 20:00,20/08/2023 20:00,0.574,,,,,,,,,,,
20/08/2023 21:00,20/08/2023 21:00,0.561,,,,,,,,,,,
20/08/2023 22:00,20/08/2023 22:00,0.519,,,,,,,,,,,
20/08/2023 23:00,20/08/2023 23:00,0.457,,,,,,,,,,,
21/08/2023 00:00,21/08/2023 00:00,0.405,,,,,,,,,,,
21/08/2023 01:00,21/08/2023 01:00,0.352,,,,,,,,,,,
21/08/2023 02:00,21/08/2023 02:00,0.302,,,,,,,,,,,
21/08/2023 03:00,21/08/2023 03:00,0.256,,,,,,,,,,,
21/08/2023 04:00,21/08/2023 04:00,0.234,,,,,,,,,,,
21/08/2023 05:00,21/08/2023 05:00,0.233,,,,,,,,,,,
21/08/2023 06:00,21/08/2023 06:00,0.199,,,,,,,,,,,
21/08/2023 07:00,21/08/2023 07:00,0.171,,,,,,,,,,,
21/08/2023 08:00,21/08/2023 08:00,0.176,,,,,,,,,,,
21/08/2023 09:00,21/08/2023 09:00,0.187,,,,,,,,,,,
21/08/2023 10:00,21/08/2023 10:00,0.194,,,,,,,,,,,
21/08/2023 11:00,21/08/2023 11:00,0.202,,,,,,,,,,,
21/08/2023 12:00,21/08/2023 12:00,0.227,,,,,,,,,,,
21/08/2023 13:00,21/08/2023 13:00,0.267,,,,,,,,,,,
21/08/2023 14:00,21/08/2023 14:00,0.332,,,,,,,,,,,
21/08/2023 15:00,21/08/2023 15:00,0.395,,,,,,,,,,,
21/08/2023 16:00,21/08/2023 16:00,0.451,,,,,,,,,,,
21/08/2023 17:00,21/08/2023 17:00,0.523,,,,,,,,,,,
21/08/2023 18:00,21/08/2023 18:00,0.599,,,,,,,,,,,
21/08/2023 19:00,21/08/2023 19:00,0.644,,,,,,,,,,,
21/08/2023 20:00,21/08/2023 20:00,0.642,,,,,,,,,,,
21/08/2023 21:00,21/08/2023 21:00,0.63,,,,,,,,,,,
21/08/2023 22:00,21/08/2023 22:00,0.62,,,,,,,,,,,
21/08/2023 23:00,21/08/2023 23:00,0.585,,,,,,,,,,,
22/08/2023 00:00,22/08/2023 00:00,0.526,,,,,,,,,,,
22/08/2023 01:00,22/08/2023 01:00,0.471,,,,,,,,,,,
22/08/2023 02:00,22/08/2023 02:00,0.458,,,,,,,,,,,
22/08/2023 03:00,22/08/2023 03:00,0.433,,,,,,,,,,,
22/08/2023 04:00,22/08/2023 04:00,0.396,,,,,,,,,,,
22/08/2023 05:00,22/08/2023 05:00,0.374,,,,,,,,,,,
22/08/2023 06:00,22/08/2023 06:00,0.365,,,,,,,,,,,
22/08/2023 07:00,22/08/2023 07:00,0.381,,,,,,,,,,,
22/08/2023 08:00,22/08/2023 08:00,0.404,,,,,,,,,,,
22/08/2023 09:00,22/08/2023 09:00,0.391,,,,,,,,,,,
22/08/2023 10:00,22/08/2023 10:00,0.374,,,,,,,,,,,
22/08/2023 11:00,22/08/2023 11:00,0.371,,,,,,,,,,,
22/08/2023 12:00,22/08/2023 12:00,0.381,,,,,,,,,,,
22/08/2023 13:00,22/08/2023 13:00,0.392,,,,,,,,,,,
22/08/2023 14:00,22/08/2023 14:00,0.391,,,,,,,,,,,
22/08/2023 15:00,22/08/2023 15:00,0.404,,,,,,,,,,,
22/08/2023 16:00,22/08/2023 16:00,0.428,,,,,,,,,,,
22/08/2023 17:00,22/08/2023 17:00,0.442,,,,,,,,,,,
22/08/2023 18:00,22/08/2023 18:00,0.448,,,,,,,,,,,
22/08/2023 19:00,22/08/2023 19:00,0.424,,,,,,,,,,,
22/08/2023 20:00,22/08/2023 20:00,0.376,,,,,,,,,,,
22/08/2023 21:00,22/08/2023 21:00,0.352,,,,,,,,,,,
22/08/2023 22:00,22/08/2023 22:00,0.358,,,,,,,,,,,
22/08/2023 23:00,22/08/2023 23:00,0.339,,,,,,,,,,,
23/08/2023 00:00,23/08/2023 00:00,0.31,,,,,,,,,,,
23/08/2023 01:00,23/08/2023 01:00,0.259,,,,,,,,,,,
23/08/2023 02:00,23/08/2023 02:00,0.212,,,,,,,,,,,
23/08/2023 03:00,23/08/2023 03:00,0.188,,,,,,,,,,,
23/08/2023 04:00,23/08/2023 04:00,0.161,,,,,,,,,,,
23/08/2023 05:00,23/08/2023 05:00,0.135,,,,,,,,,,,
23/08/2023 06:00,23/08/2023 06:00,0.107,,,,,,,,,,,
23/08/2023 07:00,23/08/2023 07:00,0.074,,,,,,,,,,,
23/08/2023 08:00,23/08/2023 08:00,0.052,,,,,,,,,,,
23/08/2023 09:00,23/08/2023 09:00,0.04,,,,,,,,,,,
23/08/2023 10:00,23/08/2023 10:00,0.034,,,,,,,,,,,
23/08/2023 11:00,23/08/2023 11:00,0.021,,,,,,,,,,,
23/08/2023 12:00,23/08/2023 12:00,0.011,,,,,,,,,,,
23/08/2023 13:00,23/08/2023 13:00,0.005,,,,,,,,,,,
23/08/2023 14:00,23/08/2023 14:00,0.011,,,,,,,,,,,
23/08/2023 15:00,23/08/2023 15:00,0.042,,,,,,,,,,,
23/08/2023 16:00,23/08/2023 16:00,0.107,,,,,,,,,,,
23/08/2023 17:00,23/08/2023 17:00,0.206,,,,,,,,,,,
23/08/2023 18:00,23/08/2023 18:00,0.289,,,,,,,,,,,
23/08/2023 19:00,23/08/2023 19:00,0.35,,,,,,,,,,,
23/08/2023 20:00,23/08/2023 20:00,0.396,,,,,,,,,,,
23/08/2023 21:00,23/08/2023 21:00,0.424,,,,,,,,,,,
23/08/2023 22:00,23/08/2023 22:00,0.454,,,,,,,,,,,
23/08/2023 23:00,23/08/2023 23:00,0.481,,,,,,,,,,,
24/08/2023 00:00,24/08/2023 00:00,0.498,,,,,,,,,,,
24/08/2023 01:00,24/08/2023 01:00,0.529,,,,,,,,,,,
24/08/2023 02:00,24/08/2023 02:00,0.583,,,,,,,,,,,
24/08/2023 03:00,24/08/2023 03:00,0.592,,,,,,,,,,,
24/08/2023 04:00,24/08/2023 04:00,0.586,,,,,,,,,,,
24/08/2023 05:00,24/08/2023 05:00,0.61,,,,,,,,,,,
24/08/2023 06:00,24/08/2023 06:00,0.583,,,,,,,,,,,
24/08/2023 07:00,24/08/2023 07:00,0.495,,,,,,,,,,,
24/08/2023 08:00,24/08/2023 08:00,0.439,,,,,,,,,,,
24/08/2023 09:00,24/08/2023 09:00,0.447,,,,,,,,,,,
24/08/2023 10:00,24/08/2023 10:00,0.489,,,,,,,,,,,
24/08/2023 11:00,24/08/2023 11:00,0.396,,,,,,,,,,,
24/08/2023 12:00,24/08/2023 12:00,0.309,,,,,,,,,,,
24/08/2023 13:00,24/08/2023 13:00,0.284,,,,,,,,,,,
24/08/2023 14:00,24/08/2023 14:00,0.328,,,,,,,,,,,
24/08/2023 15:00,24/08/2023 15:00,0.321,,,,,,,,,,,
24/08/2023 16:00,24/08/2023 16:00,0.271,,,,,,,,,,,
24/08/2023 17:00,24/08/2023 17:00,0.197,,,,,,,,,,,
24/08/2023 18:00,24/08/2023 18:00,0.177,,,,,,,,,,,
24/08/2023 19:00,24/08/2023 19:00,0.256,,,,,,,,,,,
24/08/2023 20:00,24/08/2023 20:00,0.182,,,,,,,,,,,
24/08/2023 21:00,24/08/2023 21:00,0.189,,,,,,,,,,,
24/08/2023 22:00,24/08/2023 22:00,0.25,,,,,,,,,,,
24/08/2023 23:00,24/08/2023 23:00,0.31,,,,,,,,,,,
25/08/2023 00:00,25/08/2023 00:00,0.365,,,,,,,,,,,
25/08/2023 01:00,25/08/2023 01:00,0.388,,,,,,,,,,,
25/08/2023 02:00,25/08/2023 02:00,0.383,,,,,,,,,,,
25/08/2023 03:00,25/08/2023 03:00,0.364,,,,,,,,,,,
25/08/2023 04:00,25/08/2023 04:00,0.323,,,,,,,,,,,
25/08/2023 05:00,25/08/2023 05:00,0.264,,,,,,,,,,,
25/08/2023 06:00,25/08/2023 06:00,0.206,,,,,,,,,,,
25/08/2023 07:00,25/08/2023 07:00,0.18,,,,,,,,,,,
25/08/2023 08:00,25/08/2023 08:00,0.181,,,,,,,,,,,
25/08/2023 09:00,25/08/2023 09:00,0.185,,,,,,,,,,,
25/08/2023 10:00,25/08/2023 10:00,0.172,,,,,,,,,,,
25/08/2023 11:00,25/08/2023 11:00,0.144,,,,,,,,,,,
25/08/2023 12:00,25/08/2023 12:00,0.113,,,,,,,,,,,
25/08/2023 13:00,25/08/2023 13:00,0.088,,,,,,,,,,,
25/08/2023 14:00,25/08/2023 14:00,0.068,,,,,,,,,,,
25/08/2023 15:00,25/08/2023 15:00,0.045,,,,,,,,,,,
25/08/2023 16:00,25/08/2023 16:00,0.034,,,,,,,,,,,
25/08/2023 17:00,25/08/2023 17:00,0.041,,,,,,,,,,,
25/08/2023 18:00,25/08/2023 18:00,0.08,,,,,,,,,,,
25/08/2023 19:00,25/08/2023 19:00,0.141,,,,,,,,,,,
25/08/2023 20:00,25/08/2023 20:00,0.191,,,,,,,,,,,
25/08/2023 21:00,25/08/2023 21:00,0.217,,,,,,,,,,,
25/08/2023 22:00,25/08/2023 22:00,0.234,,,,,,,,,,,
25/08/2023 23:00,25/08/2023 23:00,0.249,,,,,,,,,,,
26/08/2023 00:00,26/08/2023 00:00,0.251,,,,,,,,,,,
26/08/2023 01:00,26/08/2023 01:00,0.23,,,,,,,,,,,
26/08/2023 02:00,26/08/2023 02:00,0.195,,,,,,,,,,,
26/08/2023 03:00,26/08/2023 03:00,0.171,,,,,,,,,,,
26/08/2023 04:00,26/08/2023 04:00,0.168,,,,,,,,,,,
26/08/2023 05:00,26/08/2023 05:00,0.175,,,,,,,,,,,
26/08/2023 06:00,26/08/2023 06:00,0.172,,,,,,,,,,,
26/08/2023 07:00,26/08/2023 07:00,0.171,,,,,,,,,,,
26/08/2023 08:00,26/08/2023 08:00,0.174,,,,,,,,,,,
26/08/2023 09:00,26/08/2023 09:00,0.177,,,,,,,,,,,
26/08/2023 10:00,26/08/2023 10:00,0.184,,,,,,,,,,,
26/08/2023 11:00,26/08/2023 11:00,0.182,,,,,,,,,,,
26/08/2023 12:00,26/08/2023 12:00,0.162,,,,,,,,,,,
26/08/2023 13:00,26/08/2023 13:00,0.138,,,,,,,,,,,
26/08/2023 14:00,26/08/2023 14:00,0.122,,,,,,,,,,,
26/08/2023 15:00,26/08/2023 15:00,0.111,,,,,,,,,,,
26/08/2023 16:00,26/08/2023 16:00,0.112,,,,,,,,,,,
26/08/2023 17:00,26/08/2023 17:00,0.128,,,,,,,,,,,
26/08/2023 18:00,26/08/2023 18:00,0.145,,,,,,,,,,,
26/08/2023 19:00,26/08/2023 19:00,0.164,,,,,,,,,,,
26/08/2023 20:00,26/08/2023 20:00,0.186,,,,,,,,,,,
26/08/2023 21:00,26/08/2023 21:00,0.192,,,,,,,,,,,
26/08/2023 22:00,26/08/2023 22:00,0.185,,,,,,,,,,,
26/08/2023 23:00,26/08/2023 23:00,0.178,,,,,,,,,,,
27/08/2023 00:00,27/08/2023 00:00,0.172,,,,,,,,,,,
27/08/2023 01:00,27/08/2023 01:00,0.17,,,,,,,,,,,
27/08/2023 02:00,27/08/2023 02:00,0.182,,,,,,,,,,,
27/08/2023 03:00,27/08/2023 03:00,0.207,,,,,,,,,,,
27/08/2023 04:00,27/08/2023 04:00,0.237,,,,,,,,,,,
27/08/2023 05:00,27/08/2023 05:00,0.277,,,,,,,,,,,
27/08/2023 06:00,27/08/2023 06:00,0.325,,,,,,,,,,,
27/08/2023 07:00,27/08/2023 07:00,0.405,,,,,,,,,,,
27/08/2023 08:00,27/08/2023 08:00,0.483,,,,,,,,,,,
27/08/2023 09:00,27/08/2023 09:00,0.527,,,,,,,,,,,
27/08/2023 10:00,27/08/2023 10:00,0.549,,,,,,,,,,,
27/08/2023 11:00,27/08/2023 11:00,0.566,,,,,,,,,,,
27/08/2023 12:00,27/08/2023 12:00,0.567,,,,,,,,,,,
27/08/2023 13:00,27/08/2023 13:00,0.544,,,,,,,,,,,
27/08/2023 14:00,27/08/2023 14:00,0.501,,,,,,,,,,,
27/08/2023 15:00,27/08/2023 15:00,0.415,,,,,,,,,,,
27/08/2023 16:00,27/08/2023 16:00,0.32,,,,,,,,,,,
27/08/2023 17:00,27/08/2023 17:00,0.259,,,,,,,,,,,
27/08/2023 18:00,27/08/2023 18:00,0.235,,,,,,,,,,,
27/08/2023 19:00,27/08/2023 19:00,0.243,,,,,,,,,,,
27/08/2023 20:00,27/08/2023 20:00,0.262,,,,,,,,,,,
27/08/2023 21:00,27/08/2023 21:00,0.292,,,,,,,,,,,
27/08/2023 22:00,27/08/2023 22:00,0.323,,,,,,,,,,,
27/08/2023 23:00,27/08/2023 23:00,0.336,,,,,,,,,,,
28/08/2023 00:00,28/08/2023 00:00,0.325,,,,,,,,,,,
28/08/2023 01:00,28/08/2023 01:00,0.305,,,,,,,,,,,
28/08/2023 02:00,28/08/2023 02:00,0.285,,,,,,,,,,,
28/08/2023 03:00,28/08/2023 03:00,0.252,,,,,,,,,,,
28/08/2023 04:00,28/08/2023 04:00,0.205,,,,,,,,,,,
28/08/2023 05:00,28/08/2023 05:00,0.162,,,,,,,,,,,
28/08/2023 06:00,28/08/2023 06:00,0.12,,,,,,,,,,,
28/08/2023 07:00,28/08/2023 07:00,0.105,,,,,,,,,,,
28/08/2023 08:00,28/08/2023 08:00,0.089,,,,,,,,,,,
28/08/2023 09:00,28/08/2023 09:00,0.067,,,,,,,,,,,
28/08/2023 10:00,28/08/2023 10:00,0.071,,,,,,,,,,,
28/08/2023 11:00,28/08/2023 11:00,0.117,,,,,,,,,,,
28/08/2023 12:00,28/08/2023 12:00,0.176,,,,,,,,,,,
28/08/2023 13:00,28/08/2023 13:00,0.203,,,,,,,,,,,
28/08/2023 14:00,28/08/2023 14:00,0.169,,,,,,,,,,,
28/08/2023 15:00,28/08/2023 15:00,0.119,,,,,,,,,,,
28/08/2023 16:00,28/08/2023 16:00,0.087,,,,,,,,,,,
28/08/2023 17:00,28/08/2023 17:00,0.068,,,,,,,,,,,
28/08/2023 18:00,28/08/2023 18:00,0.047,,,,,,,,,,,
28/08/2023 19:00,28/08/2023 19:00,0.027,,,,,,,,,,,
28/08/2023 20:00,28/08/2023 20:00,0.017,,,,,,,,,,,
28/08/2023 21:00,28/08/2023 21:00,0.015,,,,,,,,,,,
28/08/2023 22:00,28/08/2023 22:00,0.022,,,,,,,,,,,
28/08/2023 23:00,28/08/2023 23:00,0.03,,,,,,,,,,,
29/08/2023 00:00,29/08/2023 00:00,0.038,,,,,,,,,,,
29/08/2023 01:00,29/08/2023 01:00,0.048,,,,,,,,,,,
29/08/2023 02:00,29/08/2023 02:00,0.058,,,,,,,,,,,
29/08/2023 03:00,29/08/2023 03:00,0.057,,,,,,,,,,,
29/08/2023 04:00,29/08/2023 04:00,0.051,,,,,,,,,,,
29/08/2023 05:00,29/08/2023 05:00,0.064,,,,,,,,,,,
29/08/2023 06:00,29/08/2023 06:00,0.105,,,,,,,,,,,
29/08/2023 07:00,29/08/2023 07:00,0.154,,,,,,,,,,,
29/08/2023 08:00,29/08/2023 08:00,0.185,,,,,,,,,,,
29/08/2023 09:00,29/08/2023 09:00,0.188,,,,,,,,,,,
29/08/2023 10:00,29/08/2023 10:00,0.17,,,,,,,,,,,
29/08/2023 11:00,29/08/2023 11:00,0.155,,,,,,,,,,,
29/08/2023 12:00,29/08/2023 12:00,0.144,,,,,,,,,,,
29/08/2023 13:00,29/08/2023 13:00,0.143,,,,,,,,,,,
29/08/2023 14:00,29/08/2023 14:00,0.147,,,,,,,,,,,
29/08/2023 15:00,29/08/2023 15:00,0.162,,,,,,,,,,,
29/08/2023 16:00,29/08/2023 16:00,0.207,,,,,,,,,,,
29/08/2023 17:00,29/08/2023 17:00,0.281,,,,,,,,,,,
29/08/2023 18:00,29/08/2023 18:00,0.379,,,,,,,,,,,
29/08/2023 19:00,29/08/2023 19:00,0.447,,,,,,,,,,,
29/08/2023 20:00,29/08/2023 20:00,0.473,,,,,,,,,,,
29/08/2023 21:00,29/08/2023 21:00,0.464,,,,,,,,,,,
29/08/2023 22:00,29/08/2023 22:00,0.425,,,,,,,,,,,
29/08/2023 23:00,29/08/2023 23:00,0.398,,,,,,,,,,,
30/08/2023 00:00,30/08/2023 00:00,0.398,,,,,,,,,,,
30/08/2023 01:00,30/08/2023 01:00,0.403,,,,,,,,,,,
30/08/2023 02:00,30/08/2023 02:00,0.41,,,,,,,,,,,
30/08/2023 03:00,30/08/2023 03:00,0.425,,,,,,,,,,,
30/08/2023 04:00,30/08/2023 04:00,0.452,,,,,,,,,,,
30/08/2023 05:00,30/08/2023 05:00,0.477,,,,,,,,,,,
30/08/2023 06:00,30/08/2023 06:00,0.501,,,,,,,,,,,
30/08/2023 07:00,30/08/2023 07:00,0.544,,,,,,,,,,,
30/08/2023 08:00,30/08/2023 08:00,0.599,,,,,,,,,,,
30/08/2023 09:00,30/08/2023 09:00,0.633,,,,,,,,,,,
30/08/2023 10:00,30/08/2023 10:00,0.638,,,,,,,,,,,
30/08/2023 11:00,30/08/2023 11:00,0.619,,,,,,,,,,,
30/08/2023 12:00,30/08/2023 12:00,0.592,,,,,,,,,,,
30/08/2023 13:00,30/08/2023 13:00,0.556,,,,,,,,,,,
30/08/2023 14:00,30/08/2023 14:00,0.509,,,,,,,,,,,
30/08/2023 15:00,30/08/2023 15:00,0.469,,,,,,,,,,,
30/08/2023 16:00,30/08/2023 16:00,0.448,,,,,,,,,,,
30/08/2023 17:00,30/08/2023 17:00,0.432,,,,,,,,,,,
30/08/2023 18:00,30/08/2023 18:00,0.42,,,,,,,,,,,
30/08/2023 19:00,30/08/2023 19:00,0.423,,,,,,,,,,,
30/08/2023 20:00,30/08/2023 20:00,0.457,,,,,,,,,,,
30/08/2023 21:00,30/08/2023 21:00,0.537,,,,,,,,,,,
30/08/2023 22:00,30/08/2023 22:00,0.591,,,,,,,,,,,
30/08/2023 23:00,30/08/2023 23:00,0.605,,,,,,,,,,,
31/08/2023 00:00,31/08/2023 00:00,0.578,,,,,,,,,,,
31/08/2023 01:00,31/08/2023 01:00,0.532,,,,,,,,,,,
31/08/2023 02:00,31/08/2023 02:00,0.498,,,,,,,,,,,
31/08/2023 03:00,31/08/2023 03:00,0.46,,,,,,,,,,,
31/08/2023 04:00,31/08/2023 04:00,0.422,,,,,,,,,,,
31/08/2023 05:00,31/08/2023 05:00,0.375,,,,,,,,,,,
31/08/2023 06:00,31/08/2023 06:00,0.328,,,,,,,,,,,
31/08/2023 07:00,31/08/2023 07:00,0.283,,,,,,,,,,,
31/08/2023 08:00,31/08/2023 08:00,0.247,,,,,,,,,,,
31/08/2023 09:00,31/08/2023 09:00,0.201,,,,,,,,,,,
31/08/2023 10:00,31/08/2023 10:00,0.148,,,,,,,,,,,
31/08/2023 11:00,31/08/2023 11:00,0.104,,,,,,,,,,,
31/08/2023 12:00,31/08/2023 12:00,0.066,,,,,,,,,,,
31/08/2023 13:00,31/08/2023 13:00,0.041,,,,,,,,,,,
31/08/2023 14:00,31/08/2023 14:00,0.035,,,,,,,,,,,
31/08/2023 15:00,31/08/2023 15:00,0.056,,,,,,,,,,,
31/08/2023 16:00,31/08/2023 16:00,0.093,,,,,,,,,,,
31/08/2023 17:00,31/08/2023 17:00,0.149,,,,,,,,,,,
31/08/2023 18:00,31/08/2023 18:00,0.207,,,,,,,,,,,
31/08/2023 19:00,31/08/2023 19:00,0.249,,,,,,,,,,,
31/08/2023 20:00,31/08/2023 20:00,0.257,,,,,,,,,,,
31/08/2023 21:00,31/08/2023 21:00,0.236,,,,,,,,,,,
31/08/2023 22:00,31/08/2023 22:00,0.197,,,,,,,,,,,
31/08/2023 23:00,31/08/2023 23:00,0.17,,,,,,,,,,,
01/09/2023 00:00,01/09/2023 00:00,0.147,,,,,,,,,,,
01/09/2023 01:00,01/09/2023 01:00,0.133,,,,,,,,,,,
01/09/2023 02:00,01/09/2023 02:00,0.135,,,,,,,,,,,
01/09/2023 03:00,01/09/2023 03:00,0.152,,,,,,,,,,,
01/09/2023 04:00,01/09/2023 04:00,0.186,,,,,,,,,,,
01/09/2023 05:00,01/09/2023 05:00,0.231,,,,,,,,,,,
01/09/2023 06:00,01/09/2023 06:00,0.262,,,,,,,,,,,
01/09/2023 07:00,01/09/2023 07:00,0.278,,,,,,,,,,,
01/09/2023 08:00,01/09/2023 08:00,0.274,,,,,,,,,,,
01/09/2023 09:00,01/09/2023 09:00,0.256,,,,,,,,,,,
01/09/2023 10:00,01/09/2023 10:00,0.243,,,,,,,,,,,
01/09/2023 11:00,01/09/2023 11:00,0.22,,,,,,,,,,,
01/09/2023 12:00,01/09/2023 12:00,0.197,,,,,,,,,,,
01/09/2023 13:00,01/09/2023 13:00,0.179,,,,,,,,,,,
01/09/2023 14:00,01/09/2023 14:00,0.172,,,,,,,,,,,
01/09/2023 15:00,01/09/2023 15:00,0.182,,,,,,,,,,,
01/09/2023 16:00,01/09/2023 16:00,0.203,,,,,,,,,,,
01/09/2023 17:00,01/09/2023 17:00,0.221,,,,,,,,,,,
01/09/2023 18:00,01/09/2023 18:00,0.249,,,,,,,,,,,
01/09/2023 19:00,01/09/2023 19:00,0.277,,,,,,,,,,,
01/09/2023 20:00,01/09/2023 20:00,0.283,,,,,,,,,,,
01/09/2023 21:00,01/09/2023 21:00,0.279,,,,,,,,,,,
01/09/2023 22:00,01/09/2023 22:00,0.296,,,,,,,,,,,
01/09/2023 23:00,01/09/2023 23:00,0.334,,,,,,,,,,,
02/09/2023 00:00,02/09/2023 00:00,0.374,,,,,,,,,,,
02/09/2023 01:00,02/09/2023 01:00,0.405,,,,,,,,,,,
02/09/2023 02:00,02/09/2023 02:00,0.428,,,,,,,,,,,
02/09/2023 03:00,02/09/2023 03:00,0.445,,,,,,,,,,,
02/09/2023 04:00,02/09/2023 04:00,0.464,,,,,,,,,,,
02/09/2023 05:00,02/09/2023 05:00,0.478,,,,,,,,,,,
02/09/2023 06:00,02/09/2023 06:00,0.469,,,,,,,,,,,
02/09/2023 07:00,02/09/2023 07:00,0.457,,,,,,,,,,,
02/09/2023 08:00,02/09/2023 08:00,0.437,,,,,,,,,,,
02/09/2023 09:00,02/09/2023 09:00,0.416,,,,,,,,,,,
02/09/2023 10:00,02/09/2023 10:00,0.379,,,,,,,,,,,
02/09/2023 11:00,02/09/2023 11:00,0.314,,,,,,,,,,,
02/09/2023 12:00,02/09/2023 12:00,0.243,,,,,,,,,,,
02/09/2023 13:00,02/09/2023 13:00,0.199,,,,,,,,,,,
02/09/2023 14:00,02/09/2023 14:00,0.176,,,,,,,,,,,
02/09/2023 15:00,02/09/2023 15:00,0.164,,,,,,,,,,,
02/09/2023 16:00,02/09/2023 16:00,0.184,,,,,,,,,,,
02/09/2023 17:00,02/09/2023 17:00,0.183,,,,,,,,,,,
02/09/2023 18:00,02/09/2023 18:00,0.162,,,,,,,,,,,
02/09/2023 19:00,02/09/2023 19:00,0.143,,,,,,,,,,,
02/09/2023 20:00,02/09/2023 20:00,0.121,,,,,,,,,,,
02/09/2023 21:00,02/09/2023 21:00,0.107,,,,,,,,,,,
02/09/2023 22:00,02/09/2023 22:00,0.094,,,,,,,,,,,
02/09/2023 23:00,02/09/2023 23:00,0.082,,,,,,,,,,,
03/09/2023 00:00,03/09/2023 00:00,0.068,,,,,,,,,,,
03/09/2023 01:00,03/09/2023 01:00,0.059,,,,,,,,,,,
03/09/2023 02:00,03/09/2023 02:00,0.05,,,,,,,,,,,
03/09/2023 03:00,03/09/2023 03:00,0.037,,,,,,,,,,,
03/09/2023 04:00,03/09/2023 04:00,0.032,,,,,,,,,,,
03/09/2023 05:00,03/09/2023 05:00,0.031,,,,,,,,,,,
03/09/2023 06:00,03/09/2023 06:00,0.035,,,,,,,,,,,
03/09/2023 07:00,03/09/2023 07:00,0.037,,,,,,,,,,,
03/09/2023 08:00,03/09/2023 08:00,0.03,,,,,,,,,,,
03/09/2023 09:00,03/09/2023 09:00,0.027,,,,,,,,,,,
03/09/2023 10:00,03/09/2023 10:00,0.032,,,,,,,,,,,
03/09/2023 11:00,03/09/2023 11:00,0.037,,,,,,,,,,,
03/09/2023 12:00,03/09/2023 12:00,0.039,,,,,,,,,,,
03/09/2023 13:00,03/09/2023 13:00,0.04,,,,,,,,,,,
03/09/2023 14:00,03/09/2023 14:00,0.046,,,,,,,,,,,
03/09/2023 15:00,03/09/2023 15:00,0.062,,,,,,,,,,,
03/09/2023 16:00,03/09/2023 16:00,0.094,,,,,,,,,,,
03/09/2023 17:00,03/09/2023 17:00,0.147,,,,,,,,,,,
03/09/2023 18:00,03/09/2023 18:00,0.206,,,,,,,,,,,
03/09/2023 19:00,03/09/2023 19:00,0.243,,,,,,,,,,,
03/09/2023 20:00,03/09/2023 20:00,0.251,,,,,,,,,,,
03/09/2023 21:00,03/09/2023 21:00,0.234,,,,,,,,,,,
03/09/2023 22:00,03/09/2023 22:00,0.205,,,,,,,,,,,
03/09/2023 23:00,03/09/2023 23:00,0.178,,,,,,,,,,,
04/09/2023 00:00,04/09/2023 00:00,0.155,,,,,,,,,,,
04/09/2023 01:00,04/09/2023 01:00,0.14,,,,,,,,,,,
04/09/2023 02:00,04/09/2023 02:00,0.138,,,,,,,,,,,
04/09/2023 03:00,04/09/2023 03:00,0.148,,,,,,,,,,,
04/09/2023 04:00,04/09/2023 04:00,0.161,,,,,,,,,,,
04/09/2023 05:00,04/09/2023 05:00,0.172,,,,,,,,,,,
04/09/2023 06:00,04/09/2023 06:00,0.179,,,,,,,,,,,
04/09/2023 07:00,04/09/2023 07:00,0.172,,,,,,,,,,,
04/09/2023 08:00,04/09/2023 08:00,0.169,,,,,,,,,,,
04/09/2023 09:00,04/09/2023 09:00,0.177,,,,,,,,,,,
04/09/2023 10:00,04/09/2023 10:00,0.195,,,,,,,,,,,
04/09/2023 11:00,04/09/2023 11:00,0.22,,,,,,,,,,,
04/09/2023 12:00,04/09/2023 12:00,0.248,,,,,,,,,,,
04/09/2023 13:00,04/09/2023 13:00,0.276,,,,,,,,,,,
04/09/2023 14:00,04/09/2023 14:00,0.313,,,,,,,,,,,
04/09/2023 15:00,04/09/2023 15:00,0.37,,,,,,,,,,,
04/09/2023 16:00,04/09/2023 16:00,0.442,,,,,,,,,,,
04/09/2023 17:00,04/09/2023 17:00,0.513,,,,,,,,,,,
04/09/2023 18:00,04/09/2023 18:00,0.59,,,,,,,,,,,
04/09/2023 19:00,04/09/2023 19:00,0.642,,,,,,,,,,,
04/09/2023 20:00,04/09/2023 20:00,0.655,,,,,,,,,,,
04/09/2023 21:00,04/09/2023 21:00,0.635,,,,,,,,,,,
04/09/2023 22:00,04/09/2023 22:00,0.601,,,,,,,,,,,
04/09/2023 23:00,04/09/2023 23:00,0.578,,,,,,,,,,,
05/09/2023 00:00,05/09/2023 00:00,0.562,,,,,,,,,,,
05/09/2023 01:00,05/09/2023 01:00,0.557,,,,,,,,,,,
05/09/2023 02:00,05/09/2023 02:00,0.556,,,,,,,,,,,
05/09/2023 03:00,05/09/2023 03:00,0.542,,,,,,,,,,,
05/09/2023 04:00,05/09/2023 04:00,0.51,,,,,,,,,,,
05/09/2023 05:00,05/09/2023 05:00,0.476,,,,,,,,,,,
05/09/2023 06:00,05/09/2023 06:00,0.444,,,,,,,,,,,
05/09/2023 07:00,05/09/2023 07:00,0.4,,,,,,,,,,,
05/09/2023 08:00,05/09/2023 08:00,0.363,,,,,,,,,,,
05/09/2023 09:00,05/09/2023 09:00,0.359,,,,,,,,,,,
05/09/2023 10:00,05/09/2023 10:00,0.382,,,,,,,,,,,
05/09/2023 11:00,05/09/2023 11:00,0.397,,,,,,,,,,,
05/09/2023 12:00,05/09/2023 12:00,0.387,,,,,,,,,,,
05/09/2023 13:00,05/09/2023 13:00,0.367,,,,,,,,,,,
05/09/2023 14:00,05/09/2023 14:00,0.344,,,,,,,,,,,
05/09/2023 15:00,05/09/2023 15:00,0.328,,,,,,,,,,,
05/09/2023 16:00,05/09/2023 16:00,0.325,,,,,,,,,,,
05/09/2023 17:00,05/09/2023 17:00,0.339,,,,,,,,,,,
05/09/2023 18:00,05/09/2023 18:00,0.376,,,,,,,,,,,
05/09/2023 19:00,05/09/2023 19:00,0.415,,,,,,,,,,,
05/09/2023 20:00,05/09/2023 20:00,0.44,,,,,,,,,,,
05/09/2023 21:00,05/09/2023 21:00,0.433,,,,,,,,,,,
05/09/2023 22:00,05/09/2023 22:00,0.4,,,,,,,,,,,
05/09/2023 23:00,05/09/2023 23:00,0.349,,,,,,,,,,,
06/09/2023 00:00,06/09/2023 00:00,0.285,,,,,,,,,,,
06/09/2023 01:00,06/09/2023 01:00,0.218,,,,,,,,,,,
06/09/2023 02:00,06/09/2023 02:00,0.159,,,,,,,,,,,
06/09/2023 03:00,06/09/2023 03:00,0.113,,,,,,,,,,,
06/09/2023 04:00,06/09/2023 04:00,0.074,,,,,,,,,,,
06/09/2023 05:00,06/09/2023 05:00,0.041,,,,,,,,,,,
06/09/2023 06:00,06/09/2023 06:00,0.019,,,,,,,,,,,
06/09/2023 07:00,06/09/2023 07:00,0.009,,,,,,,,,,,
06/09/2023 08:00,06/09/2023 08:00,0.006,,,,,,,,,,,
06/09/2023 09:00,06/09/2023 09:00,0.009,,,,,,,,,,,
06/09/2023 10:00,06/09/2023 10:00,0.018,,,,,,,,,,,
06/09/2023 11:00,06/09/2023 11:00,0.029,,,,,,,,,,,
06/09/2023 12:00,06/09/2023 12:00,0.041,,,,,,,,,,,
06/09/2023 13:00,06/09/2023 13:00,0.049,,,,,,,,,,,
06/09/2023 14:00,06/09/2023 14:00,0.055,,,,,,,,,,,
06/09/2023 15:00,06/09/2023 15:00,0.058,,,,,,,,,,,
06/09/2023 16:00,06/09/2023 16:00,0.067,,,,,,,,,,,
06/09/2023 17:00,06/09/2023 17:00,0.087,,,,,,,,,,,
06/09/2023 18:00,06/09/2023 18:00,0.124,,,,,,,,,,,
06/09/2023 19:00,06/09/2023 19:00,0.167,,,,,,,,,,,
06/09/2023 20:00,06/09/2023 20:00,0.217,,,,,,,,,,,
06/09/2023 21:00,06/09/2023 21:00,0.281,,,,,,,,,,,
06/09/2023 22:00,06/09/2023 22:00,0.337,,,,,,,,,,,
06/09/2023 23:00,06/09/2023 23:00,0.352,,,,,,,,,,,
07/09/2023 00:00,07/09/2023 00:00,0.302,,,,,,,,,,,
07/09/2023 01:00,07/09/2023 01:00,0.192,,,,,,,,,,,
07/09/2023 02:00,07/09/2023 02:00,0.092,,,,,,,,,,,
07/09/2023 03:00,07/09/2023 03:00,0.056,,,,,,,,,,,
07/09/2023 04:00,07/09/2023 04:00,0.088,,,,,,,,,,,
07/09/2023 05:00,07/09/2023 05:00,0.17,,,,,,,,,,,
07/09/2023 06:00,07/09/2023 06:00,0.264,,,,,,,,,,,
07/09/2023 07:00,07/09/2023 07:00,0.311,,,,,,,,,,,
07/09/2023 08:00,07/09/2023 08:00,0.337,,,,,,,,,,,
07/09/2023 09:00,07/09/2023 09:00,0.362,,,,,,,,,,,
07/09/2023 10:00,07/09/2023 10:00,0.379,,,,,,,,,,,
07/09/2023 11:00,07/09/2023 11:00,0.398,,,,,,,,,,,
07/09/2023 12:00,07/09/2023 12:00,0.411,,,,,,,,,,,
07/09/2023 13:00,07/09/2023 13:00,0.4,,,,,,,,,,,
07/09/2023 14:00,07/09/2023 14:00,0.37,,,,,,,,,,,
07/09/2023 15:00,07/09/2023 15:00,0.344,,,,,,,,,,,
07/09/2023 16:00,07/09/2023 16:00,0.323,,,,,,,,,,,
07/09/2023 17:00,07/09/2023 17:00,0.326,,,,,,,,,,,
07/09/2023 18:00,07/09/2023 18:00,0.358,,,,,,,,,,,
07/09/2023 19:00,07/09/2023 19:00,0.386,,,,,,,,,,,
07/09/2023 20:00,07/09/2023 20:00,0.379,,,,,,,,,,,
07/09/2023 21:00,07/09/2023 21:00,0.328,,,,,,,,,,,
07/09/2023 22:00,07/09/2023 22:00,0.243,,,,,,,,,,,
07/09/2023 23:00,07/09/2023 23:00,0.156,,,,,,,,,,,
08/09/2023 00:00,08/09/2023 00:00,0.098,,,,,,,,,,,
08/09/2023 01:00,08/09/2023 01:00,0.076,,,,,,,,,,,
08/09/2023 02:00,08/09/2023 02:00,0.082,,,,,,,,,,,
08/09/2023 03:00,08/09/2023 03:00,0.101,,,,,,,,,,,
08/09/2023 04:00,08/09/2023 04:00,0.107,,,,,,,,,,,
08/09/2023 05:00,08/09/2023 05:00,0.095,,,,,,,,,,,
08/09/2023 06:00,08/09/2023 06:00,0.077,,,,,,,,,,,
08/09/2023 07:00,08/09/2023 07:00,0.064,,,,,,,,,,,
08/09/2023 08:00,08/09/2023 08:00,0.065,,,,,,,,,,,
08/09/2023 09:00,08/09/2023 09:00,0.075,,,,,,,,,,,
08/09/2023 10:00,08/09/2023 10:00,0.087,,,,,,,,,,,
08/09/2023 11:00,08/09/2023 11:00,0.088,,,,,,,,,,,
08/09/2023 12:00,08/09/2023 12:00,0.08,,,,,,,,,,,
08/09/2023 13:00,08/09/2023 13:00,0.072,,,,,,,,,,,
08/09/2023 14:00,08/09/2023 14:00,0.063,,,,,,,,,,,
08/09/2023 15:00,08/09/2023 15:00,0.049,,,,,,,,,,,
08/09/2023 16:00,08/09/2023 16:00,0.029,,,,,,,,,,,
08/09/2023 17:00,08/09/2023 17:00,0.009,,,,,,,,,,,
08/09/2023 18:00,08/09/2023 18:00,0.005,,,,,,,,,,,
08/09/2023 19:00,08/09/2023 19:00,0.011,,,,,,,,,,,
08/09/2023 20:00,08/09/2023 20:00,0.025,,,,,,,,,,,
08/09/2023 21:00,08/09/2023 21:00,0.037,,,,,,,,,,,
08/09/2023 22:00,08/09/2023 22:00,0.047,,,,,,,,,,,
08/09/2023 23:00,08/09/2023 23:00,0.054,,,,,,,,,,,
09/09/2023 00:00,09/09/2023 00:00,0.059,,,,,,,,,,,
09/09/2023 01:00,09/09/2023 01:00,0.061,,,,,,,,,,,
09/09/2023 02:00,09/09/2023 02:00,0.061,,,,,,,,,,,
09/09/2023 03:00,09/09/2023 03:00,0.061,,,,,,,,,,,
09/09/2023 04:00,09/09/2023 04:00,0.064,,,,,,,,,,,
09/09/2023 05:00,09/09/2023 05:00,0.068,,,,,,,,,,,
09/09/2023 06:00,09/09/2023 06:00,0.071,,,,,,,,,,,
09/09/2023 07:00,09/09/2023 07:00,0.063,,,,,,,,,,,
09/09/2023 08:00,09/09/2023 08:00,0.041,,,,,,,,,,,
09/09/2023 09:00,09/09/2023 09:00,0.021,,,,,,,,,,,
09/09/2023 10:00,09/09/2023 10:00,0.015,,,,,,,,,,,
09/09/2023 11:00,09/09/2023 11:00,0.02,,,,,,,,,,,
09/09/2023 12:00,09/09/2023 12:00,0.034,,,,,,,,,,,
09/09/2023 13:00,09/09/2023 13:00,0.055,,,,,,,,,,,
09/09/2023 14:00,09/09/2023 14:00,0.076,,,,,,,,,,,
09/09/2023 15:00,09/09/2023 15:00,0.098,,,,,,,,,,,
09/09/2023 16:00,09/09/2023 16:00,0.12,,,,,,,,,,,
09/09/2023 17:00,09/09/2023 17:00,0.134,,,,,,,,,,,
09/09/2023 18:00,09/09/2023 18:00,0.145,,,,,,,,,,,
09/09/2023 19:00,09/09/2023 19:00,0.15,,,,,,,,,,,
09/09/2023 20:00,09/09/2023 20:00,0.154,,,,,,,,,,,
09/09/2023 21:00,09/09/2023 21:00,0.144,,,,,,,,,,,
09/09/2023 22:00,09/09/2023 22:00,0.131,,,,,,,,,,,
09/09/2023 23:00,09/09/2023 23:00,0.13,,,,,,,,,,,
10/09/2023 00:00,10/09/2023 00:00,0.138,,,,,,,,,,,
10/09/2023 01:00,10/09/2023 01:00,0.154,,,,,,,,,,,
10/09/2023 02:00,10/09/2023 02:00,0.185,,,,,,,,,,,
10/09/2023 03:00,10/09/2023 03:00,0.213,,,,,,,,,,,
10/09/2023 04:00,10/09/2023 04:00,0.187,,,,,,,,,,,
10/09/2023 05:00,10/09/2023 05:00,0.155,,,,,,,,,,,
10/09/2023 06:00,10/09/2023 06:00,0.144,,,,,,,,,,,
10/09/2023 07:00,10/09/2023 07:00,0.144,,,,,,,,,,,
10/09/2023 08:00,10/09/2023 08:00,0.144,,,,,,,,,,,
10/09/2023 09:00,10/09/2023 09:00,0.141,,,,,,,,,,,
10/09/2023 10:00,10/09/2023 10:00,0.141,,,,,,,,,,,
10/09/2023 11:00,10/09/2023 11:00,0.155,,,,,,,,,,,
10/09/2023 12:00,10/09/2023 12:00,0.183,,,,,,,,,,,
10/09/2023 13:00,10/09/2023 13:00,0.223,,,,,,,,,,,
10/09/2023 14:00,10/09/2023 14:00,0.282,,,,,,,,,,,
10/09/2023 15:00,10/09/2023 15:00,0.346,,,,,,,,,,,
10/09/2023 16:00,10/09/2023 16:00,0.42,,,,,,,,,,,
10/09/2023 17:00,10/09/2023 17:00,0.513,,,,,,,,,,,
10/09/2023 18:00,10/09/2023 18:00,0.569,,,,,,,,,,,
10/09/2023 19:00,10/09/2023 19:00,0.592,,,,,,,,,,,
10/09/2023 20:00,10/09/2023 20:00,0.603,,,,,,,,,,,
10/09/2023 21:00,10/09/2023 21:00,0.613,,,,,,,,,,,
10/09/2023 22:00,10/09/2023 22:00,0.622,,,,,,,,,,,
10/09/2023 23:00,10/09/2023 23:00,0.629,,,,,,,,,,,
11/09/2023 00:00,11/09/2023 00:00,0.635,,,,,,,,,,,
11/09/2023 01:00,11/09/2023 01:00,0.625,,,,,,,,,,,
11/09/2023 02:00,11/09/2023 02:00,0.596,,,,,,,,,,,
11/09/2023 03:00,11/09/2023 03:00,0.556,,,,,,,,,,,
11/09/2023 04:00,11/09/2023 04:00,0.523,,,,,,,,,,,
11/09/2023 05:00,11/09/2023 05:00,0.511,,,,,,,,,,,
11/09/2023 06:00,11/09/2023 06:00,0.494,,,,,,,,,,,
11/09/2023 07:00,11/09/2023 07:00,0.454,,,,,,,,,,,
11/09/2023 08:00,11/09/2023 08:00,0.425,,,,,,,,,,,
11/09/2023 09:00,11/09/2023 09:00,0.42,,,,,,,,,,,
11/09/2023 10:00,11/09/2023 10:00,0.466,,,,,,,,,,,
11/09/2023 11:00,11/09/2023 11:00,0.463,,,,,,,,,,,
11/09/2023 12:00,11/09/2023 12:00,0.381,,,,,,,,,,,
11/09/2023 13:00,11/09/2023 13:00,0.3,,,,,,,,,,,
11/09/2023 14:00,11/09/2023 14:00,0.274,,,,,,,,,,,
11/09/2023 15:00,11/09/2023 15:00,0.286,,,,,,,,,,,
11/09/2023 16:00,11/09/2023 16:00,0.302,,,,,,,,,,,
11/09/2023 17:00,11/09/2023 17:00,0.353,,,,,,,,,,,
11/09/2023 18:00,11/09/2023 18:00,0.413,,,,,,,,,,,
11/09/2023 19:00,11/09/2023 19:00,0.438,,,,,,,,,,,
11/09/2023 20:00,11/09/2023 20:00,0.434,,,,,,,,,,,
11/09/2023 21:00,11/09/2023 21:00,0.407,,,,,,,,,,,
11/09/2023 22:00,11/09/2023 22:00,0.383,,,,,,,,,,,
11/09/2023 23:00,11/09/2023 23:00,0.355,,,,,,,,,,,
12/09/2023 00:00,12/09/2023 00:00,0.323,,,,,,,,,,,
12/09/2023 01:00,12/09/2023 01:00,0.291,,,,,,,,,,,
12/09/2023 02:00,12/09/2023 02:00,0.263,,,,,,,,,,,
12/09/2023 03:00,12/09/2023 03:00,0.231,,,,,,,,,,,
12/09/2023 04:00,12/09/2023 04:00,0.217,,,,,,,,,,,
12/09/2023 05:00,12/09/2023 05:00,0.228,,,,,,,,,,,
12/09/2023 06:00,12/09/2023 06:00,0.247,,,,,,,,,,,
12/09/2023 07:00,12/09/2023 07:00,0.223,,,,,,,,,,,
12/09/2023 08:00,12/09/2023 08:00,0.18,,,,,,,,,,,
12/09/2023 09:00,12/09/2023 09:00,0.151,,,,,,,,,,,
12/09/2023 10:00,12/09/2023 10:00,0.135,,,,,,,,,,,
12/09/2023 11:00,12/09/2023 11:00,0.152,,,,,,,,,,,
12/09/2023 12:00,12/09/2023 12:00,0.19,,,,,,,,,,,
12/09/2023 13:00,12/09/2023 13:00,0.249,,,,,,,,,,,
12/09/2023 14:00,12/09/2023 14:00,0.323,,,,,,,,,,,
12/09/2023 15:00,12/09/2023 15:00,0.404,,,,,,,,,,,
12/09/2023 16:00,12/09/2023 16:00,0.467,,,,,,,,,,,
12/09/2023 17:00,12/09/2023 17:00,0.486,,,,,,,,,,,
12/09/2023 18:00,12/09/2023 18:00,0.494,,,,,,,,,,,
12/09/2023 19:00,12/09/2023 19:00,0.508,,,,,,,,,,,
12/09/2023 20:00,12/09/2023 20:00,0.561,,,,,,,,,,,
12/09/2023 21:00,12/09/2023 21:00,0.658,,,,,,,,,,,
12/09/2023 22:00,12/09/2023 22:00,0.77,,,,,,,,,,,
12/09/2023 23:00,12/09/2023 23:00,0.863,,,,,,,,,,,
13/09/2023 00:00,13/09/2023 00:00,0.909,,,,,,,,,,,
13/09/2023 01:00,13/09/2023 01:00,0.92,,,,,,,,,,,
13/09/2023 02:00,13/09/2023 02:00,0.899,,,,,,,,,,,
13/09/2023 03:00,13/09/2023 03:00,0.856,,,,,,,,,,,
13/09/2023 04:00,13/09/2023 04:00,0.806,,,,,,,,,,,
13/09/2023 05:00,13/09/2023 05:00,0.765,,,,,,,,,,,
13/09/2023 06:00,13/09/2023 06:00,0.739,,,,,,,,,,,
13/09/2023 07:00,13/09/2023 07:00,0.73,,,,,,,,,,,
13/09/2023 08:00,13/09/2023 08:00,0.726,,,,,,,,,,,
13/09/2023 09:00,13/09/2023 09:00,0.675,,,,,,,,,,,
13/09/2023 10:00,13/09/2023 10:00,0.58,,,,,,,,,,,
13/09/2023 11:00,13/09/2023 11:00,0.473,,,,,,,,,,,
13/09/2023 12:00,13/09/2023 12:00,0.386,,,,,,,,,,,
13/09/2023 13:00,13/09/2023 13:00,0.323,,,,,,,,,,,
13/09/2023 14:00,13/09/2023 14:00,0.273,,,,,,,,,,,
13/09/2023 15:00,13/09/2023 15:00,0.22,,,,,,,,,,,
13/09/2023 16:00,13/09/2023 16:00,0.156,,,,,,,,,,,
13/09/2023 17:00,13/09/2023 17:00,0.099,,,,,,,,,,,
13/09/2023 18:00,13/09/2023 18:00,0.064,,,,,,,,,,,
13/09/2023 19:00,13/09/2023 19:00,0.043,,,,,,,,,,,
13/09/2023 20:00,13/09/2023 20:00,0.035,,,,,,,,,,,
13/09/2023 21:00,13/09/2023 21:00,0.045,,,,,,,,,,,
13/09/2023 22:00,13/09/2023 22:00,0.076,,,,,,,,,,,
13/09/2023 23:00,13/09/2023 23:00,0.115,,,,,,,,,,,
14/09/2023 00:00,14/09/2023 00:00,0.155,,,,,,,,,,,
14/09/2023 01:00,14/09/2023 01:00,0.214,,,,,,,,,,,
14/09/2023 02:00,14/09/2023 02:00,0.278,,,,,,,,,,,
14/09/2023 03:00,14/09/2023 03:00,0.336,,,,,,,,,,,
14/09/2023 04:00,14/09/2023 04:00,0.381,,,,,,,,,,,
14/09/2023 05:00,14/09/2023 05:00,0.406,,,,,,,,,,,
14/09/2023 06:00,14/09/2023 06:00,0.401,,,,,,,,,,,
14/09/2023 07:00,14/09/2023 07:00,0.386,,,,,,,,,,,
14/09/2023 08:00,14/09/2023 08:00,0.407,,,,,,,,,,,
14/09/2023 09:00,14/09/2023 09:00,0.394,,,,,,,,,,,
14/09/2023 10:00,14/09/2023 10:00,0.355,,,,,,,,,,,
14/09/2023 11:00,14/09/2023 11:00,0.311,,,,,,,,,,,
14/09/2023 12:00,14/09/2023 12:00,0.27,,,,,,,,,,,
14/09/2023 13:00,14/09/2023 13:00,0.243,,,,,,,,,,,
14/09/2023 14:00,14/09/2023 14:00,0.225,,,,,,,,,,,
14/09/2023 15:00,14/09/2023 15:00,0.218,,,,,,,,,,,
14/09/2023 16:00,14/09/2023 16:00,0.226,,,,,,,,,,,
14/09/2023 17:00,14/09/2023 17:00,0.267,,,,,,,,,,,
14/09/2023 18:00,14/09/2023 18:00,0.321,,,,,,,,,,,
14/09/2023 19:00,14/09/2023 19:00,0.352,,,,,,,,,,,
14/09/2023 20:00,14/09/2023 20:00,0.362,,,,,,,,,,,
14/09/2023 21:00,14/09/2023 21:00,0.367,,,,,,,,,,,
14/09/2023 22:00,14/09/2023 22:00,0.368,,,,,,,,,,,
14/09/2023 23:00,14/09/2023 23:00,0.367,,,,,,,,,,,
15/09/2023 00:00,15/09/2023 00:00,0.352,,,,,,,,,,,
15/09/2023 01:00,15/09/2023 01:00,0.323,,,,,,,,,,,
15/09/2023 02:00,15/09/2023 02:00,0.312,,,,,,,,,,,
15/09/2023 03:00,15/09/2023 03:00,0.316,,,,,,,,,,,
15/09/2023 04:00,15/09/2023 04:00,0.342,,,,,,,,,,,
15/09/2023 05:00,15/09/2023 05:00,0.374,,,,,,,,,,,
15/09/2023 06:00,15/09/2023 06:00,0.407,,,,,,,,,,,
15/09/2023 07:00,15/09/2023 07:00,0.425,,,,,,,,,,,
15/09/2023 08:00,15/09/2023 08:00,0.444,,,,,,,,,,,
15/09/2023 09:00,15/09/2023 09:00,0.46,,,,,,,,,,,
15/09/2023 10:00,15/09/2023 10:00,0.459,,,,,,,,,,,
15/09/2023 11:00,15/09/2023 11:00,0.473,,,,,,,,,,,
15/09/2023 12:00,15/09/2023 12:00,0.51,,,,,,,,,,,
15/09/2023 13:00,15/09/2023 13:00,0.539,,,,,,,,,,,
15/09/2023 14:00,15/09/2023 14:00,0.547,,,,,,,,,,,
15/09/2023 15:00,15/09/2023 15:00,0.539,,,,,,,,,,,
15/09/2023 16:00,15/09/2023 16:00,0.51,,,,,,,,,,,
15/09/2023 17:00,15/09/2023 17:00,0.498,,,,,,,,,,,
15/09/2023 18:00,15/09/2023 18:00,0.522,,,,,,,,,,,
15/09/2023 19:00,15/09/2023 19:00,0.544,,,,,,,,,,,
15/09/2023 20:00,15/09/2023 20:00,0.552,,,,,,,,,,,
15/09/2023 21:00,15/09/2023 21:00,0.529,,,,,,,,,,,
15/09/2023 22:00,15/09/2023 22:00,0.503,,,,,,,,,,,
15/09/2023 23:00,15/09/2023 23:00,0.484,,,,,,,,,,,
16/09/2023 00:00,16/09/2023 00:00,0.455,,,,,,,,,,,
16/09/2023 01:00,16/09/2023 01:00,0.428,,,,,,,,,,,
16/09/2023 02:00,16/09/2023 02:00,0.409,,,,,,,,,,,
16/09/2023 03:00,16/09/2023 03:00,0.383,,,,,,,,,,,
16/09/2023 04:00,16/09/2023 04:00,0.336,,,,,,,,,,,
16/09/2023 05:00,16/09/2023 05:00,0.276,,,,,,,,,,,
16/09/2023 06:00,16/09/2023 06:00,0.226,,,,,,,,,,,
16/09/2023 07:00,16/09/2023 07:00,0.201,,,,,,,,,,,
16/09/2023 08:00,16/09/2023 08:00,0.203,,,,,,,,,,,
16/09/2023 09:00,16/09/2023 09:00,0.223,,,,,,,,,,,
16/09/2023 10:00,16/09/2023 10:00,0.236,,,,,,,,,,,
16/09/2023 11:00,16/09/2023 11:00,0.239,,,,,,,,,,,
16/09/2023 12:00,16/09/2023 12:00,0.249,,,,,,,,,,,
16/09/2023 13:00,16/09/2023 13:00,0.297,,,,,,,,,,,
16/09/2023 14:00,16/09/2023 14:00,0.379,,,,,,,,,,,
16/09/2023 15:00,16/09/2023 15:00,0.467,,,,,,,,,,,
16/09/2023 16:00,16/09/2023 16:00,0.527,,,,,,,,,,,
16/09/2023 17:00,16/09/2023 17:00,0.562,,,,,,,,,,,
16/09/2023 18:00,16/09/2023 18:00,0.597,,,,,,,,,,,
16/09/2023 19:00,16/09/2023 19:00,0.613,,,,,,,,,,,
16/09/2023 20:00,16/09/2023 20:00,0.616,,,,,,,,,,,
16/09/2023 21:00,16/09/2023 21:00,0.615,,,,,,,,,,,
16/09/2023 22:00,16/09/2023 22:00,0.618,,,,,,,,,,,
16/09/2023 23:00,16/09/2023 23:00,0.623,,,,,,,,,,,
17/09/2023 00:00,17/09/2023 00:00,0.624,,,,,,,,,,,
17/09/2023 01:00,17/09/2023 01:00,0.63,,,,,,,,,,,
17/09/2023 02:00,17/09/2023 02:00,0.64,,,,,,,,,,,
17/09/2023 03:00,17/09/2023 03:00,0.668,,,,,,,,,,,
17/09/2023 04:00,17/09/2023 04:00,0.7,,,,,,,,,,,
17/09/2023 05:00,17/09/2023 05:00,0.726,,,,,,,,,,,
17/09/2023 06:00,17/09/2023 06:00,0.731,,,,,,,,,,,
17/09/2023 07:00,17/09/2023 07:00,0.715,,,,,,,,,,,
17/09/2023 08:00,17/09/2023 08:00,0.69,,,,,,,,,,,
17/09/2023 09:00,17/09/2023 09:00,0.622,,,,,,,,,,,
17/09/2023 10:00,17/09/2023 10:00,0.538,,,,,,,,,,,
17/09/2023 11:00,17/09/2023 11:00,0.459,,,,,,,,,,,
17/09/2023 12:00,17/09/2023 12:00,0.432,,,,,,,,,,,
17/09/2023 13:00,17/09/2023 13:00,0.437,,,,,,,,,,,
17/09/2023 14:00,17/09/2023 14:00,0.43,,,,,,,,,,,
17/09/2023 15:00,17/09/2023 15:00,0.414,,,,,,,,,,,
17/09/2023 16:00,17/09/2023 16:00,0.391,,,,,,,,,,,
17/09/2023 17:00,17/09/2023 17:00,0.347,,,,,,,,,,,
17/09/2023 18:00,17/09/2023 18:00,0.319,,,,,,,,,,,
17/09/2023 19:00,17/09/2023 19:00,0.306,,,,,,,,,,,
17/09/2023 20:00,17/09/2023 20:00,0.315,,,,,,,,,,,
17/09/2023 21:00,17/09/2023 21:00,0.381,,,,,,,,,,,
17/09/2023 22:00,17/09/2023 22:00,0.488,,,,,,,,,,,
17/09/2023 23:00,17/09/2023 23:00,0.587,,,,,,,,,,,
18/09/2023 00:00,18/09/2023 00:00,0.659,,,,,,,,,,,
18/09/2023 01:00,18/09/2023 01:00,0.65,,,,,,,,,,,
18/09/2023 02:00,18/09/2023 02:00,0.635,,,,,,,,,,,
18/09/2023 03:00,18/09/2023 03:00,0.641,,,,,,,,,,,
18/09/2023 04:00,18/09/2023 04:00,0.627,,,,,,,,,,,
18/09/2023 05:00,18/09/2023 05:00,0.63,,,,,,,,,,,
18/09/2023 06:00,18/09/2023 06:00,0.626,,,,,,,,,,,
18/09/2023 07:00,18/09/2023 07:00,0.567,,,,,,,,,,,
18/09/2023 08:00,18/09/2023 08:00,0.535,,,,,,,,,,,
18/09/2023 09:00,18/09/2023 09:00,0.65,,,,,,,,,,,
18/09/2023 10:00,18/09/2023 10:00,0.801,,,,,,,,,,,
18/09/2023 11:00,18/09/2023 11:00,0.888,,,,,,,,,,,
18/09/2023 12:00,18/09/2023 12:00,0.94,,,,,,,,,,,
18/09/2023 13:00,18/09/2023 13:00,0.961,,,,,,,,,,,
18/09/2023 14:00,18/09/2023 14:00,0.958,,,,,,,,,,,
18/09/2023 15:00,18/09/2023 15:00,0.922,,,,,,,,,,,
18/09/2023 16:00,18/09/2023 16:00,0.872,,,,,,,,,,,
18/09/2023 17:00,18/09/2023 17:00,0.889,,,,,,,,,,,
18/09/2023 18:00,18/09/2023 18:00,0.919,,,,,,,,,,,
18/09/2023 19:00,18/09/2023 19:00,0.928,,,,,,,,,,,
18/09/2023 20:00,18/09/2023 20:00,0.924,,,,,,,,,,,
18/09/2023 21:00,18/09/2023 21:00,0.926,,,,,,,,,,,
18/09/2023 22:00,18/09/2023 22:00,0.934,,,,,,,,,,,
18/09/2023 23:00,18/09/2023 23:00,0.944,,,,,,,,,,,
19/09/2023 00:00,19/09/2023 00:00,0.944,,,,,,,,,,,
19/09/2023 01:00,19/09/2023 01:00,0.935,,,,,,,,,,,
19/09/2023 02:00,19/09/2023 02:00,0.931,,,,,,,,,,,
19/09/2023 03:00,19/09/2023 03:00,0.927,,,,,,,,,,,
19/09/2023 04:00,19/09/2023 04:00,0.92,,,,,,,,,,,
19/09/2023 05:00,19/09/2023 05:00,0.917,,,,,,,,,,,
19/09/2023 06:00,19/09/2023 06:00,0.94,,,,,,,,,,,
19/09/2023 07:00,19/09/2023 07:00,0.972,,,,,,,,,,,
19/09/2023 08:00,19/09/2023 08:00,0.991,,,,,,,,,,,
19/09/2023 09:00,19/09/2023 09:00,0.98,,,,,,,,,,,
19/09/2023 10:00,19/09/2023 10:00,0.964,,,,,,,,,,,
19/09/2023 11:00,19/09/2023 11:00,0.957,,,,,,,,,,,
19/09/2023 12:00,19/09/2023 12:00,0.96,,,,,,,,,,,
19/09/2023 13:00,19/09/2023 13:00,0.97,,,,,,,,,,,
19/09/2023 14:00,19/09/2023 14:00,0.981,,,,,,,,,,,
19/09/2023 15:00,19/09/2023 15:00,0.989,,,,,,,,,,,
19/09/2023 16:00,19/09/2023 16:00,0.991,,,,,,,,,,,
19/09/2023 17:00,19/09/2023 17:00,0.991,,,,,,,,,,,
19/09/2023 18:00,19/09/2023 18:00,0.99,,,,,,,,,,,
19/09/2023 19:00,19/09/2023 19:00,0.988,,,,,,,,,,,
19/09/2023 20:00,19/09/2023 20:00,0.988,,,,,,,,,,,
19/09/2023 21:00,19/09/2023 21:00,0.986,,,,,,,,,,,
19/09/2023 22:00,19/09/2023 22:00,0.984,,,,,,,,,,,
19/09/2023 23:00,19/09/2023 23:00,0.984,,,,,,,,,,,
20/09/2023 00:00,20/09/2023 00:00,0.984,,,,,,,,,,,
20/09/2023 01:00,20/09/2023 01:00,0.985,,,,,,,,,,,
20/09/2023 02:00,20/09/2023 02:00,0.986,,,,,,,,,,,
20/09/2023 03:00,20/09/2023 03:00,0.984,,,,,,,,,,,
20/09/2023 04:00,20/09/2023 04:00,0.983,,,,,,,,,,,
20/09/2023 05:00,20/09/2023 05:00,0.986,,,,,,,,,,,
20/09/2023 06:00,20/09/2023 06:00,0.989,,,,,,,,,,,
20/09/2023 07:00,20/09/2023 07:00,0.991,,,,,,,,,,,
20/09/2023 08:00,20/09/2023 08:00,0.991,,,,,,,,,,,
20/09/2023 09:00,20/09/2023 09:00,0.989,,,,,,,,,,,
20/09/2023 10:00,20/09/2023 10:00,0.99,,,,,,,,,,,
20/09/2023 11:00,20/09/2023 11:00,0.991,,,,,,,,,,,
20/09/2023 12:00,20/09/2023 12:00,0.99,,,,,,,,,,,
20/09/2023 13:00,20/09/2023 13:00,0.989,,,,,,,,,,,
20/09/2023 14:00,20/09/2023 14:00,0.989,,,,,,,,,,,
20/09/2023 15:00,20/09/2023 15:00,0.991,,,,,,,,,,,
20/09/2023 16:00,20/09/2023 16:00,0.991,,,,,,,,,,,
20/09/2023 17:00,20/09/2023 17:00,0.991,,,,,,,,,,,
20/09/2023 18:00,20/09/2023 18:00,0.991,,,,,,,,,,,
20/09/2023 19:00,20/09/2023 19:00,0.99,,,,,,,,,,,
20/09/2023 20:00,20/09/2023 20:00,0.989,,,,,,,,,,,
20/09/2023 21:00,20/09/2023 21:00,0.986,,,,,,,,,,,
20/09/2023 22:00,20/09/2023 22:00,0.964,,,,,,,,,,,
20/09/2023 23:00,20/09/2023 23:00,0.935,,,,,,,,,,,
21/09/2023 00:00,21/09/2023 00:00,0.862,,,,,,,,,,,
21/09/2023 01:00,21/09/2023 01:00,0.69,,,,,,,,,,,
21/09/2023 02:00,21/09/2023 02:00,0.473,,,,,,,,,,,
21/09/2023 03:00,21/09/2023 03:00,0.446,,,,,,,,,,,
21/09/2023 04:00,21/09/2023 04:00,0.473,,,,,,,,,,,
21/09/2023 05:00,21/09/2023 05:00,0.394,,,,,,,,,,,
21/09/2023 06:00,21/09/2023 06:00,0.362,,,,,,,,,,,
21/09/2023 07:00,21/09/2023 07:00,0.384,,,,,,,,,,,
21/09/2023 08:00,21/09/2023 08:00,0.28,,,,,,,,,,,
21/09/2023 09:00,21/09/2023 09:00,0.251,,,,,,,,,,,
21/09/2023 10:00,21/09/2023 10:00,0.233,,,,,,,,,,,
21/09/2023 11:00,21/09/2023 11:00,0.204,,,,,,,,,,,
21/09/2023 12:00,21/09/2023 12:00,0.154,,,,,,,,,,,
21/09/2023 13:00,21/09/2023 13:00,0.121,,,,,,,,,,,
21/09/2023 14:00,21/09/2023 14:00,0.099,,,,,,,,,,,
21/09/2023 15:00,21/09/2023 15:00,0.126,,,,,,,,,,,
21/09/2023 16:00,21/09/2023 16:00,0.118,,,,,,,,,,,
21/09/2023 17:00,21/09/2023 17:00,0.119,,,,,,,,,,,
21/09/2023 18:00,21/09/2023 18:00,0.136,,,,,,,,,,,
21/09/2023 19:00,21/09/2023 19:00,0.146,,,,,,,,,,,
21/09/2023 20:00,21/09/2023 20:00,0.171,,,,,,,,,,,
21/09/2023 21:00,21/09/2023 21:00,0.213,,,,,,,,,,,
21/09/2023 22:00,21/09/2023 22:00,0.232,,,,,,,,,,,
21/09/2023 23:00,21/09/2023 23:00,0.237,,,,,,,,,,,
22/09/2023 00:00,22/09/2023 00:00,0.25,,,,,,,,,,,
22/09/2023 01:00,22/09/2023 01:00,0.242,,,,,,,,,,,
22/09/2023 02:00,22/09/2023 02:00,0.176,,,,,,,,,,,
22/09/2023 03:00,22/09/2023 03:00,0.095,,,,,,,,,,,
22/09/2023 04:00,22/09/2023 04:00,0.06,,,,,,,,,,,
22/09/2023 05:00,22/09/2023 05:00,0.056,,,,,,,,,,,
22/09/2023 06:00,22/09/2023 06:00,0.066,,,,,,,,,,,
22/09/2023 07:00,22/09/2023 07:00,0.086,,,,,,,,,,,
22/09/2023 08:00,22/09/2023 08:00,0.126,,,,,,,,,,,
22/09/2023 09:00,22/09/2023 09:00,0.18,,,,,,,,,,,
22/09/2023 10:00,22/09/2023 10:00,0.213,,,,,,,,,,,
22/09/2023 11:00,22/09/2023 11:00,0.217,,,,,,,,,,,
22/09/2023 12:00,22/09/2023 12:00,0.211,,,,,,,,,,,
22/09/2023 13:00,22/09/2023 13:00,0.224,,,,,,,,,,,
22/09/2023 14:00,22/09/2023 14:00,0.259,,,,,,,,,,,
22/09/2023 15:00,22/09/2023 15:00,0.287,,,,,,,,,,,
22/09/2023 16:00,22/09/2023 16:00,0.297,,,,,,,,,,,
22/09/2023 17:00,22/09/2023 17:00,0.318,,,,,,,,,,,
22/09/2023 18:00,22/09/2023 18:00,0.358,,,,,,,,,,,
22/09/2023 19:00,22/09/2023 19:00,0.39,,,,,,,,,,,
22/09/2023 20:00,22/09/2023 20:00,0.42,,,,,,,,,,,
22/09/2023 21:00,22/09/2023 21:00,0.457,,,,,,,,,,,
22/09/2023 22:00,22/09/2023 22:00,0.491,,,,,,,,,,,
22/09/2023 23:00,22/09/2023 23:00,0.519,,,,,,,,,,,
23/09/2023 00:00,23/09/2023 00:00,0.541,,,,,,,,,,,
23/09/2023 01:00,23/09/2023 01:00,0.566,,,,,,,,,,,
23/09/2023 02:00,23/09/2023 02:00,0.583,,,,,,,,,,,
23/09/2023 03:00,23/09/2023 03:00,0.58,,,,,,,,,,,
23/09/2023 04:00,23/09/2023 04:00,0.58,,,,,,,,,,,
23/09/2023 05:00,23/09/2023 05:00,0.592,,,,,,,,,,,
23/09/2023 06:00,23/09/2023 06:00,0.587,,,,,,,,,,,
23/09/2023 07:00,23/09/2023 07:00,0.538,,,,,,,,,,,
23/09/2023 08:00,23/09/2023 08:00,0.485,,,,,,,,,,,
23/09/2023 09:00,23/09/2023 09:00,0.448,,,,,,,,,,,
23/09/2023 10:00,23/09/2023 10:00,0.407,,,,,,,,,,,
23/09/2023 11:00,23/09/2023 11:00,0.345,,,,,,,,,,,
23/09/2023 12:00,23/09/2023 12:00,0.268,,,,,,,,,,,
23/09/2023 13:00,23/09/2023 13:00,0.188,,,,,,,,,,,
23/09/2023 14:00,23/09/2023 14:00,0.107,,,,,,,,,,,
23/09/2023 15:00,23/09/2023 15:00,0.047,,,,,,,,,,,
23/09/2023 16:00,23/09/2023 16:00,0.031,,,,,,,,,,,
23/09/2023 17:00,23/09/2023 17:00,0.061,,,,,,,,,,,
23/09/2023 18:00,23/09/2023 18:00,0.135,,,,,,,,,,,
23/09/2023 19:00,23/09/2023 19:00,0.225,,,,,,,,,,,
23/09/2023 20:00,23/09/2023 20:00,0.333,,,,,,,,,,,
23/09/2023 21:00,23/09/2023 21:00,0.474,,,,,,,,,,,
23/09/2023 22:00,23/09/2023 22:00,0.592,,,,,,,,,,,
23/09/2023 23:00,23/09/2023 23:00,0.655,,,,,,,,,,,
24/09/2023 00:00,24/09/2023 00:00,0.7,,,,,,,,,,,
24/09/2023 01:00,24/09/2023 01:00,0.739,,,,,,,,,,,
24/09/2023 02:00,24/09/2023 02:00,0.781,,,,,,,,,,,
24/09/2023 03:00,24/09/2023 03:00,0.826,,,,,,,,,,,
24/09/2023 04:00,24/09/2023 04:00,0.875,,,,,,,,,,,
24/09/2023 05:00,24/09/2023 05:00,0.912,,,,,,,,,,,
24/09/2023 06:00,24/09/2023 06:00,0.932,,,,,,,,,,,
24/09/2023 07:00,24/09/2023 07:00,0.945,,,,,,,,,,,
24/09/2023 08:00,24/09/2023 08:00,0.959,,,,,,,,,,,
24/09/2023 09:00,24/09/2023 09:00,0.966,,,,,,,,,,,
24/09/2023 10:00,24/09/2023 10:00,0.97,,,,,,,,,,,
24/09/2023 11:00,24/09/2023 11:00,0.974,,,,,,,,,,,
24/09/2023 12:00,24/09/2023 12:00,0.974,,,,,,,,,,,
24/09/2023 13:00,24/09/2023 13:00,0.973,,,,,,,,,,,
24/09/2023 14:00,24/09/2023 14:00,0.973,,,,,,,,,,,
24/09/2023 15:00,24/09/2023 15:00,0.972,,,,,,,,,,,
24/09/2023 16:00,24/09/2023 16:00,0.968,,,,,,,,,,,
24/09/2023 17:00,24/09/2023 17:00,0.966,,,,,,,,,,,
24/09/2023 18:00,24/09/2023 18:00,0.967,,,,,,,,,,,
24/09/2023 19:00,24/09/2023 19:00,0.966,,,,,,,,,,,
24/09/2023 20:00,24/09/2023 20:00,0.968,,,,,,,,,,,
24/09/2023 21:00,24/09/2023 21:00,0.977,,,,,,,,,,,
24/09/2023 22:00,24/09/2023 22:00,0.982,,,,,,,,,,,
24/09/2023 23:00,24/09/2023 23:00,0.982,,,,,,,,,,,
25/09/2023 00:00,25/09/2023 00:00,0.979,,,,,,,,,,,
25/09/2023 01:00,25/09/2023 01:00,0.972,,,,,,,,,,,
25/09/2023 02:00,25/09/2023 02:00,0.953,,,,,,,,,,,
25/09/2023 03:00,25/09/2023 03:00,0.912,,,,,,,,,,,
25/09/2023 04:00,25/09/2023 04:00,0.859,,,,,,,,,,,
25/09/2023 05:00,25/09/2023 05:00,0.785,,,,,,,,,,,
25/09/2023 06:00,25/09/2023 06:00,0.697,,,,,,,,,,,
25/09/2023 07:00,25/09/2023 07:00,0.583,,,,,,,,,,,
25/09/2023 08:00,25/09/2023 08:00,0.52,,,,,,,,,,,
25/09/2023 09:00,25/09/2023 09:00,0.458,,,,,,,,,,,
25/09/2023 10:00,25/09/2023 10:00,0.416,,,,,,,,,,,
25/09/2023 11:00,25/09/2023 11:00,0.407,,,,,,,,,,,
25/09/2023 12:00,25/09/2023 12:00,0.41,,,,,,,,,,,
25/09/2023 13:00,25/09/2023 13:00,0.413,,,,,,,,,,,
25/09/2023 14:00,25/09/2023 14:00,0.421,,,,,,,,,,,
25/09/2023 15:00,25/09/2023 15:00,0.398,,,,,,,,,,,
25/09/2023 16:00,25/09/2023 16:00,0.409,,,,,,,,,,,
25/09/2023 17:00,25/09/2023 17:00,0.438,,,,,,,,,,,
25/09/2023 18:00,25/09/2023 18:00,0.466,,,,,,,,,,,
25/09/2023 19:00,25/09/2023 19:00,0.484,,,,,,,,,,,
25/09/2023 20:00,25/09/2023 20:00,0.481,,,,,,,,,,,
25/09/2023 21:00,25/09/2023 21:00,0.447,,,,,,,,,,,
25/09/2023 22:00,25/09/2023 22:00,0.399,,,,,,,,,,,
25/09/2023 23:00,25/09/2023 23:00,0.352,,,,,,,,,,,
26/09/2023 00:00,26/09/2023 00:00,0.318,,,,,,,,,,,
26/09/2023 01:00,26/09/2023 01:00,0.313,,,,,,,,,,,
26/09/2023 02:00,26/09/2023 02:00,0.338,,,,,,,,,,,
26/09/2023 03:00,26/09/2023 03:00,0.358,,,,,,,,,,,
26/09/2023 04:00,26/09/2023 04:00,0.373,,,,,,,,,,,
26/09/2023 05:00,26/09/2023 05:00,0.402,,,,,,,,,,,
26/09/2023 06:00,26/09/2023 06:00,0.478,,,,,,,,,,,
26/09/2023 07:00,26/09/2023 07:00,0.562,,,,,,,,,,,
26/09/2023 08:00,26/09/2023 08:00,0.69,,,,,,,,,,,
26/09/2023 09:00,26/09/2023 09:00,0.796,,,,,,,,,,,
26/09/2023 10:00,26/09/2023 10:00,0.834,,,,,,,,,,,
26/09/2023 11:00,26/09/2023 11:00,0.851,,,,,,,,,,,
26/09/2023 12:00,26/09/2023 12:00,0.846,,,,,,,,,,,
26/09/2023 13:00,26/09/2023 13:00,0.831,,,,,,,,,,,
26/09/2023 14:00,26/09/2023 14:00,0.82,,,,,,,,,,,
26/09/2023 15:00,26/09/2023 15:00,0.818,,,,,,,,,,,
26/09/2023 16:00,26/09/2023 16:00,0.804,,,,,,,,,,,
26/09/2023 17:00,26/09/2023 17:00,0.804,,,,,,,,,,,
26/09/2023 18:00,26/09/2023 18:00,0.776,,,,,,,,,,,
26/09/2023 19:00,26/09/2023 19:00,0.715,,,,,,,,,,,
26/09/2023 20:00,26/09/2023 20:00,0.638,,,,,,,,,,,
26/09/2023 21:00,26/09/2023 21:00,0.633,,,,,,,,,,,
26/09/2023 22:00,26/09/2023 22:00,0.559,,,,,,,,,,,
26/09/2023 23:00,26/09/2023 23:00,0.388,,,,,,,,,,,
27/09/2023 00:00,27/09/2023 00:00,0.289,,,,,,,,,,,
27/09/2023 01:00,27/09/2023 01:00,0.252,,,,,,,,,,,
27/09/2023 02:00,27/09/2023 02:00,0.195,,,,,,,,,,,
27/09/2023 03:00,27/09/2023 03:00,0.14,,,,,,,,,,,
27/09/2023 04:00,27/09/2023 04:00,0.109,,,,,,,,,,,
27/09/2023 05:00,27/09/2023 05:00,0.015,,,,,,,,,,,
27/09/2023 06:00,27/09/2023 06:00,0.054,,,,,,,,,,,
27/09/2023 07:00,27/09/2023 07:00,0.281,,,,,,,,,,,
27/09/2023 08:00,27/09/2023 08:00,0.407,,,,,,,,,,,
27/09/2023 09:00,27/09/2023 09:00,0.409,,,,,,,,,,,
27/09/2023 10:00,27/09/2023 10:00,0.454,,,,,,,,,,,
27/09/2023 11:00,27/09/2023 11:00,0.513,,,,,,,,,,,
27/09/2023 12:00,27/09/2023 12:00,0.558,,,,,,,,,,,
27/09/2023 13:00,27/09/2023 13:00,0.609,,,,,,,,,,,
27/09/2023 14:00,27/09/2023 14:00,0.71,,,,,,,,,,,
27/09/2023 15:00,27/09/2023 15:00,0.811,,,,,,,,,,,
27/09/2023 16:00,27/09/2023 16:00,0.846,,,,,,,,,,,
27/09/2023 17:00,27/09/2023 17:00,0.886,,,,,,,,,,,
27/09/2023 18:00,27/09/2023 18:00,0.938,,,,,,,,,,,
27/09/2023 19:00,27/09/2023 19:00,0.952,,,,,,,,,,,
27/09/2023 20:00,27/09/2023 20:00,0.961,,,,,,,,,,,
27/09/2023 21:00,27/09/2023 21:00,0.964,,,,,,,,,,,
27/09/2023 22:00,27/09/2023 22:00,0.971,,,,,,,,,,,
27/09/2023 23:00,27/09/2023 23:00,0.975,,,,,,,,,,,
28/09/2023 00:00,28/09/2023 00:00,0.978,,,,,,,,,,,
28/09/2023 01:00,28/09/2023 01:00,0.965,,,,,,,,,,,
28/09/2023 02:00,28/09/2023 02:00,0.947,,,,,,,,,,,
28/09/2023 03:00,28/09/2023 03:00,0.917,,,,,,,,,,,
28/09/2023 04:00,28/09/2023 04:00,0.898,,,,,,,,,,,
28/09/2023 05:00,28/09/2023 05:00,0.891,,,,,,,,,,,
28/09/2023 06:00,28/09/2023 06:00,0.877,,,,,,,,,,,
28/09/2023 07:00,28/09/2023 07:00,0.822,,,,,,,,,,,
28/09/2023 08:00,28/09/2023 08:00,0.737,,,,,,,,,,,
28/09/2023 09:00,28/09/2023 09:00,0.668,,,,,,,,,,,
28/09/2023 10:00,28/09/2023 10:00,0.603,,,,,,,,,,,
28/09/2023 11:00,28/09/2023 11:00,0.578,,,,,,,,,,,
28/09/2023 12:00,28/09/2023 12:00,0.62,,,,,,,,,,,
28/09/2023 13:00,28/09/2023 13:00,0.685,,,,,,,,,,,
28/09/2023 14:00,28/09/2023 14:00,0.744,,,,,,,,,,,
28/09/2023 15:00,28/09/2023 15:00,0.75,,,,,,,,,,,
28/09/2023 16:00,28/09/2023 16:00,0.737,,,,,,,,,,,
28/09/2023 17:00,28/09/2023 17:00,0.746,,,,,,,,,,,
28/09/2023 18:00,28/09/2023 18:00,0.76,,,,,,,,,,,
28/09/2023 19:00,28/09/2023 19:00,0.774,,,,,,,,,,,
28/09/2023 20:00,28/09/2023 20:00,0.77,,,,,,,,,,,
28/09/2023 21:00,28/09/2023 21:00,0.728,,,,,,,,,,,
28/09/2023 22:00,28/09/2023 22:00,0.715,,,,,,,,,,,
28/09/2023 23:00,28/09/2023 23:00,0.795,,,,,,,,,,,
29/09/2023 00:00,29/09/2023 00:00,0.868,,,,,,,,,,,
29/09/2023 01:00,29/09/2023 01:00,0.901,,,,,,,,,,,
29/09/2023 02:00,29/09/2023 02:00,0.854,,,,,,,,,,,
29/09/2023 03:00,29/09/2023 03:00,0.779,,,,,,,,,,,
29/09/2023 04:00,29/09/2023 04:00,0.714,,,,,,,,,,,
29/09/2023 05:00,29/09/2023 05:00,0.647,,,,,,,,,,,
29/09/2023 06:00,29/09/2023 06:00,0.652,,,,,,,,,,,
29/09/2023 07:00,29/09/2023 07:00,0.705,,,,,,,,,,,
29/09/2023 08:00,29/09/2023 08:00,0.752,,,,,,,,,,,
29/09/2023 09:00,29/09/2023 09:00,0.764,,,,,,,,,,,
29/09/2023 10:00,29/09/2023 10:00,0.762,,,,,,,,,,,
29/09/2023 11:00,29/09/2023 11:00,0.739,,,,,,,,,,,
29/09/2023 12:00,29/09/2023 12:00,0.703,,,,,,,,,,,
29/09/2023 13:00,29/09/2023 13:00,0.664,,,,,,,,,,,
29/09/2023 14:00,29/09/2023 14:00,0.626,,,,,,,,,,,
29/09/2023 15:00,29/09/2023 15:00,0.588,,,,,,,,,,,
29/09/2023 16:00,29/09/2023 16:00,0.531,,,,,,,,,,,
29/09/2023 17:00,29/09/2023 17:00,0.493,,,,,,,,,,,
29/09/2023 18:00,29/09/2023 18:00,0.504,,,,,,,,,,,
29/09/2023 19:00,29/09/2023 19:00,0.47,,,,,,,,,,,
29/09/2023 20:00,29/09/2023 20:00,0.442,,,,,,,,,,,
29/09/2023 21:00,29/09/2023 21:00,0.397,,,,,,,,,,,
29/09/2023 22:00,29/09/2023 22:00,0.352,,,,,,,,,,,
29/09/2023 23:00,29/09/2023 23:00,0.306,,,,,,,,,,,
30/09/2023 00:00,30/09/2023 00:00,0.232,,,,,,,,,,,
30/09/2023 01:00,30/09/2023 01:00,0.183,,,,,,,,,,,
30/09/2023 02:00,30/09/2023 02:00,0.165,,,,,,,,,,,
30/09/2023 03:00,30/09/2023 03:00,0.135,,,,,,,,,,,
30/09/2023 04:00,30/09/2023 04:00,0.102,,,,,,,,,,,
30/09/2023 05:00,30/09/2023 05:00,0.086,,,,,,,,,,,
30/09/2023 06:00,30/09/2023 06:00,0.084,,,,,,,,,,,
30/09/2023 07:00,30/09/2023 07:00,0.065,,,,,,,,,,,
30/09/2023 08:00,30/09/2023 08:00,0.059,,,,,,,,,,,
30/09/2023 09:00,30/09/2023 09:00,0.097,,,,,,,,,,,
30/09/2023 10:00,30/09/2023 10:00,0.138,,,,,,,,,,,
30/09/2023 11:00,30/09/2023 11:00,0.16,,,,,,,,,,,
30/09/2023 12:00,30/09/2023 12:00,0.203,,,,,,,,,,,
30/09/2023 13:00,30/09/2023 13:00,0.233,,,,,,,,,,,
30/09/2023 14:00,30/09/2023 14:00,0.201,,,,,,,,,,,
30/09/2023 15:00,30/09/2023 15:00,0.152,,,,,,,,,,,
30/09/2023 16:00,30/09/2023 16:00,0.137,,,,,,,,,,,
30/09/2023 17:00,30/09/2023 17:00,0.187,,,,,,,,,,,
30/09/2023 18:00,30/09/2023 18:00,0.343,,,,,,,,,,,
30/09/2023 19:00,30/09/2023 19:00,0.556,,,,,,,,,,,
30/09/2023 20:00,30/09/2023 20:00,0.704,,,,,,,,,,,
30/09/2023 21:00,30/09/2023 21:00,0.795,,,,,,,,,,,
30/09/2023 22:00,30/09/2023 22:00,0.834,,,,,,,,,,,
30/09/2023 23:00,30/09/2023 23:00,0.846,,,,,,,,,,,
01/10/2023 00:00,01/10/2023 00:00,0.841,,,,,,,,,,,
01/10/2023 01:00,01/10/2023 01:00,0.825,,,,,,,,,,,
01/10/2023 02:00,01/10/2023 02:00,0.815,,,,,,,,,,,
01/10/2023 03:00,01/10/2023 03:00,0.797,,,,,,,,,,,
01/10/2023 04:00,01/10/2023 04:00,0.765,,,,,,,,,,,
01/10/2023 05:00,01/10/2023 05:00,0.75,,,,,,,,,,,
01/10/2023 06:00,01/10/2023 06:00,0.738,,,,,,,,,,,
01/10/2023 07:00,01/10/2023 07:00,0.725,,,,,,,,,,,
01/10/2023 08:00,01/10/2023 08:00,0.736,,,,,,,,,,,
01/10/2023 09:00,01/10/2023 09:00,0.777,,,,,,,,,,,
01/10/2023 10:00,01/10/2023 10:00,0.785,,,,,,,,,,,
01/10/2023 11:00,01/10/2023 11:00,0.763,,,,,,,,,,,
01/10/2023 12:00,01/10/2023 12:00,0.726,,,,,,,,,,,
01/10/2023 13:00,01/10/2023 13:00,0.68,,,,,,,,,,,
01/10/2023 14:00,01/10/2023 14:00,0.642,,,,,,,,,,,
01/10/2023 15:00,01/10/2023 15:00,0.615,,,,,,,,,,,
01/10/2023 16:00,01/10/2023 16:00,0.615,,,,,,,,,,,
01/10/2023 17:00,01/10/2023 17:00,0.641,,,,,,,,,,,
01/10/2023 18:00,01/10/2023 18:00,0.652,,,,,,,,,,,
01/10/2023 19:00,01/10/2023 19:00,0.647,,,,,,,,,,,
01/10/2023 20:00,01/10/2023 20:00,0.626,,,,,,,,,,,
01/10/2023 21:00,01/10/2023 21:00,0.594,,,,,,,,,,,
01/10/2023 22:00,01/10/2023 22:00,0.578,,,,,,,,,,,
01/10/2023 23:00,01/10/2023 23:00,0.53,,,,,,,,,,,
02/10/2023 00:00,02/10/2023 00:00,0.46,,,,,,,,,,,
02/10/2023 01:00,02/10/2023 01:00,0.403,,,,,,,,,,,
02/10/2023 02:00,02/10/2023 02:00,0.349,,,,,,,,,,,
02/10/2023 03:00,02/10/2023 03:00,0.303,,,,,,,,,,,
02/10/2023 04:00,02/10/2023 04:00,0.261,,,,,,,,,,,
02/10/2023 05:00,02/10/2023 05:00,0.22,,,,,,,,,,,
02/10/2023 06:00,02/10/2023 06:00,0.184,,,,,,,,,,,
02/10/2023 07:00,02/10/2023 07:00,0.145,,,,,,,,,,,
02/10/2023 08:00,02/10/2023 08:00,0.095,,,,,,,,,,,
02/10/2023 09:00,02/10/2023 09:00,0.051,,,,,,,,,,,
02/10/2023 10:00,02/10/2023 10:00,0.023,,,,,,,,,,,
02/10/2023 11:00,02/10/2023 11:00,0.009,,,,,,,,,,,
02/10/2023 12:00,02/10/2023 12:00,0.011,,,,,,,,,,,
02/10/2023 13:00,02/10/2023 13:00,0.033,,,,,,,,,,,
02/10/2023 14:00,02/10/2023 14:00,0.079,,,,,,,,,,,
02/10/2023 15:00,02/10/2023 15:00,0.114,,,,,,,,,,,
02/10/2023 16:00,02/10/2023 16:00,0.163,,,,,,,,,,,
02/10/2023 17:00,02/10/2023 17:00,0.258,,,,,,,,,,,
02/10/2023 18:00,02/10/2023 18:00,0.327,,,,,,,,,,,
02/10/2023 19:00,02/10/2023 19:00,0.266,,,,,,,,,,,
02/10/2023 20:00,02/10/2023 20:00,0.316,,,,,,,,,,,
02/10/2023 21:00,02/10/2023 21:00,0.361,,,,,,,,,,,
02/10/2023 22:00,02/10/2023 22:00,0.388,,,,,,,,,,,
02/10/2023 23:00,02/10/2023 23:00,0.425,,,,,,,,,,,
03/10/2023 00:00,03/10/2023 00:00,0.432,,,,,,,,,,,
03/10/2023 01:00,03/10/2023 01:00,0.47,,,,,,,,,,,
03/10/2023 02:00,03/10/2023 02:00,0.588,,,,,,,,,,,
03/10/2023 03:00,03/10/2023 03:00,0.764,,,,,,,,,,,
03/10/2023 04:00,03/10/2023 04:00,0.884,,,,,,,,,,,
03/10/2023 05:00,03/10/2023 05:00,0.916,,,,,,,,,,,
03/10/2023 06:00,03/10/2023 06:00,0.896,,,,,,,,,,,
03/10/2023 07:00,03/10/2023 07:00,0.85,,,,,,,,,,,
03/10/2023 08:00,03/10/2023 08:00,0.802,,,,,,,,,,,
03/10/2023 09:00,03/10/2023 09:00,0.779,,,,,,,,,,,
03/10/2023 10:00,03/10/2023 10:00,0.832,,,,,,,,,,,
03/10/2023 11:00,03/10/2023 11:00,0.896,,,,,,,,,,,
03/10/2023 12:00,03/10/2023 12:00,0.924,,,,,,,,,,,
03/10/2023 13:00,03/10/2023 13:00,0.938,,,,,,,,,,,
03/10/2023 14:00,03/10/2023 14:00,0.932,,,,,,,,,,,
03/10/2023 15:00,03/10/2023 15:00,0.92,,,,,,,,,,,
03/10/2023 16:00,03/10/2023 16:00,0.92,,,,,,,,,,,
03/10/2023 17:00,03/10/2023 17:00,0.92,,,,,,,,,,,
03/10/2023 18:00,03/10/2023 18:00,0.915,,,,,,,,,,,
03/10/2023 19:00,03/10/2023 19:00,0.92,,,,,,,,,,,
03/10/2023 20:00,03/10/2023 20:00,0.927,,,,,,,,,,,
03/10/2023 21:00,03/10/2023 21:00,0.92,,,,,,,,,,,
03/10/2023 22:00,03/10/2023 22:00,0.894,,,,,,,,,,,
03/10/2023 23:00,03/10/2023 23:00,0.844,,,,,,,,,,,
04/10/2023 00:00,04/10/2023 00:00,0.794,,,,,,,,,,,
04/10/2023 01:00,04/10/2023 01:00,0.73,,,,,,,,,,,
04/10/2023 02:00,04/10/2023 02:00,0.673,,,,,,,,,,,
04/10/2023 03:00,04/10/2023 03:00,0.646,,,,,,,,,,,
04/10/2023 04:00,04/10/2023 04:00,0.666,,,,,,,,,,,
04/10/2023 05:00,04/10/2023 05:00,0.707,,,,,,,,,,,
04/10/2023 06:00,04/10/2023 06:00,0.724,,,,,,,,,,,
04/10/2023 07:00,04/10/2023 07:00,0.721,,,,,,,,,,,
04/10/2023 08:00,04/10/2023 08:00,0.72,,,,,,,,,,,
04/10/2023 09:00,04/10/2023 09:00,0.739,,,,,,,,,,,
04/10/2023 10:00,04/10/2023 10:00,0.78,,,,,,,,,,,
04/10/2023 11:00,04/10/2023 11:00,0.809,,,,,,,,,,,
04/10/2023 12:00,04/10/2023 12:00,0.834,,,,,,,,,,,
04/10/2023 13:00,04/10/2023 13:00,0.853,,,,,,,,,,,
04/10/2023 14:00,04/10/2023 14:00,0.868,,,,,,,,,,,
04/10/2023 15:00,04/10/2023 15:00,0.876,,,,,,,,,,,
04/10/2023 16:00,04/10/2023 16:00,0.867,,,,,,,,,,,
04/10/2023 17:00,04/10/2023 17:00,0.851,,,,,,,,,,,
04/10/2023 18:00,04/10/2023 18:00,0.866,,,,,,,,,,,
04/10/2023 19:00,04/10/2023 19:00,0.894,,,,,,,,,,,
04/10/2023 20:00,04/10/2023 20:00,0.896,,,,,,,,,,,
04/10/2023 21:00,04/10/2023 21:00,0.9,,,,,,,,,,,
04/10/2023 22:00,04/10/2023 22:00,0.914,,,,,,,,,,,
04/10/2023 23:00,04/10/2023 23:00,0.914,,,,,,,,,,,
05/10/2023 00:00,05/10/2023 00:00,0.893,,,,,,,,,,,
05/10/2023 01:00,05/10/2023 01:00,0.881,,,,,,,,,,,
05/10/2023 02:00,05/10/2023 02:00,0.86,,,,,,,,,,,
05/10/2023 03:00,05/10/2023 03:00,0.82,,,,,,,,,,,
05/10/2023 04:00,05/10/2023 04:00,0.763,,,,,,,,,,,
05/10/2023 05:00,05/10/2023 05:00,0.725,,,,,,,,,,,
05/10/2023 06:00,05/10/2023 06:00,0.715,,,,,,,,,,,
05/10/2023 07:00,05/10/2023 07:00,0.659,,,,,,,,,,,
05/10/2023 08:00,05/10/2023 08:00,0.55,,,,,,,,,,,
05/10/2023 09:00,05/10/2023 09:00,0.494,,,,,,,,,,,
05/10/2023 10:00,05/10/2023 10:00,0.474,,,,,,,,,,,
05/10/2023 11:00,05/10/2023 11:00,0.514,,,,,,,,,,,
05/10/2023 12:00,05/10/2023 12:00,0.531,,,,,,,,,,,
05/10/2023 13:00,05/10/2023 13:00,0.491,,,,,,,,,,,
05/10/2023 14:00,05/10/2023 14:00,0.509,,,,,,,,,,,
05/10/2023 15:00,05/10/2023 15:00,0.567,,,,,,,,,,,
05/10/2023 16:00,05/10/2023 16:00,0.628,,,,,,,,,,,
05/10/2023 17:00,05/10/2023 17:00,0.698,,,,,,,,,,,
05/10/2023 18:00,05/10/2023 18:00,0.748,,,,,,,,,,,
05/10/2023 19:00,05/10/2023 19:00,0.773,,,,,,,,,,,
05/10/2023 20:00,05/10/2023 20:00,0.796,,,,,,,,,,,
05/10/2023 21:00,05/10/2023 21:00,0.852,,,,,,,,,,,
05/10/2023 22:00,05/10/2023 22:00,0.886,,,,,,,,,,,
05/10/2023 23:00,05/10/2023 23:00,0.897,,,,,,,,,,,
06/10/2023 00:00,06/10/2023 00:00,0.906,,,,,,,,,,,
06/10/2023 01:00,06/10/2023 01:00,0.91,,,,,,,,,,,
06/10/2023 02:00,06/10/2023 02:00,0.91,,,,,,,,,,,
06/10/2023 03:00,06/10/2023 03:00,0.902,,,,,,,,,,,
06/10/2023 04:00,06/10/2023 04:00,0.898,,,,,,,,,,,
06/10/2023 05:00,06/10/2023 05:00,0.907,,,,,,,,,,,
06/10/2023 06:00,06/10/2023 06:00,0.921,,,,,,,,,,,
06/10/2023 07:00,06/10/2023 07:00,0.929,,,,,,,,,,,
06/10/2023 08:00,06/10/2023 08:00,0.938,,,,,,,,,,,
06/10/2023 09:00,06/10/2023 09:00,0.935,,,,,,,,,,,
06/10/2023 10:00,06/10/2023 10:00,0.93,,,,,,,,,,,
06/10/2023 11:00,06/10/2023 11:00,0.924,,,,,,,,,,,
06/10/2023 12:00,06/10/2023 12:00,0.918,,,,,,,,,,,
06/10/2023 13:00,06/10/2023 13:00,0.914,,,,,,,,,,,
06/10/2023 14:00,06/10/2023 14:00,0.903,,,,,,,,,,,
06/10/2023 15:00,06/10/2023 15:00,0.889,,,,,,,,,,,
06/10/2023 16:00,06/10/2023 16:00,0.868,,,,,,,,,,,
06/10/2023 17:00,06/10/2023 17:00,0.861,,,,,,,,,,,
06/10/2023 18:00,06/10/2023 18:00,0.856,,,,,,,,,,,
06/10/2023 19:00,06/10/2023 19:00,0.847,,,,,,,,,,,
06/10/2023 20:00,06/10/2023 20:00,0.84,,,,,,,,,,,
06/10/2023 21:00,06/10/2023 21:00,0.839,,,,,,,,,,,
06/10/2023 22:00,06/10/2023 22:00,0.851,,,,,,,,,,,
06/10/2023 23:00,06/10/2023 23:00,0.86,,,,,,,,,,,
07/10/2023 00:00,07/10/2023 00:00,0.861,,,,,,,,,,,
07/10/2023 01:00,07/10/2023 01:00,0.852,,,,,,,,,,,
07/10/2023 02:00,07/10/2023 02:00,0.839,,,,,,,,,,,
07/10/2023 03:00,07/10/2023 03:00,0.828,,,,,,,,,,,
07/10/2023 04:00,07/10/2023 04:00,0.812,,,,,,,,,,,
07/10/2023 05:00,07/10/2023 05:00,0.812,,,,,,,,,,,
07/10/2023 06:00,07/10/2023 06:00,0.82,,,,,,,,,,,
07/10/2023 07:00,07/10/2023 07:00,0.845,,,,,,,,,,,
07/10/2023 08:00,07/10/2023 08:00,0.862,,,,,,,,,,,
07/10/2023 09:00,07/10/2023 09:00,0.861,,,,,,,,,,,
07/10/2023 10:00,07/10/2023 10:00,0.842,,,,,,,,,,,
07/10/2023 11:00,07/10/2023 11:00,0.82,,,,,,,,,,,
07/10/2023 12:00,07/10/2023 12:00,0.823,,,,,,,,,,,
07/10/2023 13:00,07/10/2023 13:00,0.85,,,,,,,,,,,
07/10/2023 14:00,07/10/2023 14:00,0.858,,,,,,,,,,,
07/10/2023 15:00,07/10/2023 15:00,0.845,,,,,,,,,,,
07/10/2023 16:00,07/10/2023 16:00,0.823,,,,,,,,,,,
07/10/2023 17:00,07/10/2023 17:00,0.763,,,,,,,,,,,
07/10/2023 18:00,07/10/2023 18:00,0.676,,,,,,,,,,,
07/10/2023 19:00,07/10/2023 19:00,0.583,,,,,,,,,,,
07/10/2023 20:00,07/10/2023 20:00,0.49,,,,,,,,,,,
07/10/2023 21:00,07/10/2023 21:00,0.438,,,,,,,,,,,
07/10/2023 22:00,07/10/2023 22:00,0.446,,,,,,,,,,,
07/10/2023 23:00,07/10/2023 23:00,0.45,,,,,,,,,,,
08/10/2023 00:00,08/10/2023 00:00,0.406,,,,,,,,,,,
08/10/2023 01:00,08/10/2023 01:00,0.339,,,,,,,,,,,
08/10/2023 02:00,08/10/2023 02:00,0.294,,,,,,,,,,,
08/10/2023 03:00,08/10/2023 03:00,0.286,,,,,,,,,,,
08/10/2023 04:00,08/10/2023 04:00,0.309,,,,,,,,,,,
08/10/2023 05:00,08/10/2023 05:00,0.349,,,,,,,,,,,
08/10/2023 06:00,08/10/2023 06:00,0.41,,,,,,,,,,,
08/10/2023 07:00,08/10/2023 07:00,0.425,,,,,,,,,,,
08/10/2023 08:00,08/10/2023 08:00,0.4,,,,,,,,,,,
08/10/2023 09:00,08/10/2023 09:00,0.403,,,,,,,,,,,
08/10/2023 10:00,08/10/2023 10:00,0.391,,,,,,,,,,,
08/10/2023 11:00,08/10/2023 11:00,0.36,,,,,,,,,,,
08/10/2023 12:00,08/10/2023 12:00,0.341,,,,,,,,,,,
08/10/2023 13:00,08/10/2023 13:00,0.343,,,,,,,,,,,
08/10/2023 14:00,08/10/2023 14:00,0.369,,,,,,,,,,,
08/10/2023 15:00,08/10/2023 15:00,0.41,,,,,,,,,,,
08/10/2023 16:00,08/10/2023 16:00,0.44,,,,,,,,,,,
08/10/2023 17:00,08/10/2023 17:00,0.451,,,,,,,,,,,
08/10/2023 18:00,08/10/2023 18:00,0.485,,,,,,,,,,,
08/10/2023 19:00,08/10/2023 19:00,0.565,,,,,,,,,,,
08/10/2023 20:00,08/10/2023 20:00,0.638,,,,,,,,,,,
08/10/2023 21:00,08/10/2023 21:00,0.66,,,,,,,,,,,
08/10/2023 22:00,08/10/2023 22:00,0.642,,,,,,,,,,,
08/10/2023 23:00,08/10/2023 23:00,0.644,,,,,,,,,,,
09/10/2023 00:00,09/10/2023 00:00,0.69,,,,,,,,,,,
09/10/2023 01:00,09/10/2023 01:00,0.647,,,,,,,,,,,
09/10/2023 02:00,09/10/2023 02:00,0.539,,,,,,,,,,,
09/10/2023 03:00,09/10/2023 03:00,0.466,,,,,,,,,,,
09/10/2023 04:00,09/10/2023 04:00,0.471,,,,,,,,,,,
09/10/2023 05:00,09/10/2023 05:00,0.539,,,,,,,,,,,
09/10/2023 06:00,09/10/2023 06:00,0.569,,,,,,,,,,,
09/10/2023 07:00,09/10/2023 07:00,0.485,,,,,,,,,,,
09/10/2023 08:00,09/10/2023 08:00,0.403,,,,,,,,,,,
09/10/2023 09:00,09/10/2023 09:00,0.355,,,,,,,,,,,
09/10/2023 10:00,09/10/2023 10:00,0.314,,,,,,,,,,,
09/10/2023 11:00,09/10/2023 11:00,0.274,,,,,,,,,,,
09/10/2023 12:00,09/10/2023 12:00,0.237,,,,,,,,,,,
09/10/2023 13:00,09/10/2023 13:00,0.202,,,,,,,,,,,
09/10/2023 14:00,09/10/2023 14:00,0.163,,,,,,,,,,,
09/10/2023 15:00,09/10/2023 15:00,0.101,,,,,,,,,,,
09/10/2023 16:00,09/10/2023 16:00,0.038,,,,,,,,,,,
09/10/2023 17:00,09/10/2023 17:00,0.008,,,,,,,,,,,
09/10/2023 18:00,09/10/2023 18:00,0.02,,,,,,,,,,,
09/10/2023 19:00,09/10/2023 19:00,0.069,,,,,,,,,,,
09/10/2023 20:00,09/10/2023 20:00,0.172,,,,,,,,,,,
09/10/2023 21:00,09/10/2023 21:00,0.329,,,,,,,,,,,
09/10/2023 22:00,09/10/2023 22:00,0.466,,,,,,,,,,,
09/10/2023 23:00,09/10/2023 23:00,0.538,,,,,,,,,,,
10/10/2023 00:00,10/10/2023 00:00,0.561,,,,,,,,,,,
10/10/2023 01:00,10/10/2023 01:00,0.559,,,,,,,,,,,
10/10/2023 02:00,10/10/2023 02:00,0.544,,,,,,,,,,,
10/10/2023 03:00,10/10/2023 03:00,0.523,,,,,,,,,,,
10/10/2023 04:00,10/10/2023 04:00,0.501,,,,,,,,,,,
10/10/2023 05:00,10/10/2023 05:00,0.479,,,,,,,,,,,
10/10/2023 06:00,10/10/2023 06:00,0.466,,,,,,,,,,,
10/10/2023 07:00,10/10/2023 07:00,0.429,,,,,,,,,,,
10/10/2023 08:00,10/10/2023 08:00,0.386,,,,,,,,,,,
10/10/2023 09:00,10/10/2023 09:00,0.376,,,,,,,,,,,
10/10/2023 10:00,10/10/2023 10:00,0.41,,,,,,,,,,,
10/10/2023 11:00,10/10/2023 11:00,0.51,,,,,,,,,,,
10/10/2023 12:00,10/10/2023 12:00,0.63,,,,,,,,,,,
10/10/2023 13:00,10/10/2023 13:00,0.7,,,,,,,,,,,
10/10/2023 14:00,10/10/2023 14:00,0.739,,,,,,,,,,,
10/10/2023 15:00,10/10/2023 15:00,0.785,,,,,,,,,,,
10/10/2023 16:00,10/10/2023 16:00,0.826,,,,,,,,,,,
10/10/2023 17:00,10/10/2023 17:00,0.852,,,,,,,,,,,
10/10/2023 18:00,10/10/2023 18:00,0.866,,,,,,,,,,,
10/10/2023 19:00,10/10/2023 19:00,0.868,,,,,,,,,,,
10/10/2023 20:00,10/10/2023 20:00,0.866,,,,,,,,,,,
10/10/2023 21:00,10/10/2023 21:00,0.867,,,,,,,,,,,
10/10/2023 22:00,10/10/2023 22:00,0.873,,,,,,,,,,,
10/10/2023 23:00,10/10/2023 23:00,0.876,,,,,,,,,,,
11/10/2023 00:00,11/10/2023 00:00,0.872,,,,,,,,,,,
11/10/2023 01:00,11/10/2023 01:00,0.867,,,,,,,,,,,
11/10/2023 02:00,11/10/2023 02:00,0.861,,,,,,,,,,,
11/10/2023 03:00,11/10/2023 03:00,0.848,,,,,,,,,,,
11/10/2023 04:00,11/10/2023 04:00,0.833,,,,,,,,,,,
11/10/2023 05:00,11/10/2023 05:00,0.832,,,,,,,,,,,
11/10/2023 06:00,11/10/2023 06:00,0.843,,,,,,,,,,,
11/10/2023 07:00,11/10/2023 07:00,0.851,,,,,,,,,,,
11/10/2023 08:00,11/10/2023 08:00,0.875,,,,,,,,,,,
11/10/2023 09:00,11/10/2023 09:00,0.867,,,,,,,,,,,
11/10/2023 10:00,11/10/2023 10:00,0.871,,,,,,,,,,,
11/10/2023 11:00,11/10/2023 11:00,0.869,,,,,,,,,,,
11/10/2023 12:00,11/10/2023 12:00,0.866,,,,,,,,,,,
11/10/2023 13:00,11/10/2023 13:00,0.88,,,,,,,,,,,
11/10/2023 14:00,11/10/2023 14:00,0.86,,,,,,,,,,,
11/10/2023 15:00,11/10/2023 15:00,0.832,,,,,,,,,,,
11/10/2023 16:00,11/10/2023 16:00,0.77,,,,,,,,,,,
11/10/2023 17:00,11/10/2023 17:00,0.683,,,,,,,,,,,
11/10/2023 18:00,11/10/2023 18:00,0.556,,,,,,,,,,,
11/10/2023 19:00,11/10/2023 19:00,0.544,,,,,,,,,,,
11/10/2023 20:00,11/10/2023 20:00,0.547,,,,,,,,,,,
11/10/2023 21:00,11/10/2023 21:00,0.47,,,,,,,,,,,
11/10/2023 22:00,11/10/2023 22:00,0.388,,,,,,,,,,,
11/10/2023 23:00,11/10/2023 23:00,0.323,,,,,,,,,,,
12/10/2023 00:00,12/10/2023 00:00,0.26,,,,,,,,,,,
12/10/2023 01:00,12/10/2023 01:00,0.212,,,,,,,,,,,
12/10/2023 02:00,12/10/2023 02:00,0.171,,,,,,,,,,,
12/10/2023 03:00,12/10/2023 03:00,0.123,,,,,,,,,,,
12/10/2023 04:00,12/10/2023 04:00,0.096,,,,,,,,,,,
12/10/2023 05:00,12/10/2023 05:00,0.107,,,,,,,,,,,
12/10/2023 06:00,12/10/2023 06:00,0.13,,,,,,,,,,,
12/10/2023 07:00,12/10/2023 07:00,0.156,,,,,,,,,,,
12/10/2023 08:00,12/10/2023 08:00,0.167,,,,,,,,,,,
12/10/2023 09:00,12/10/2023 09:00,0.162,,,,,,,,,,,
12/10/2023 10:00,12/10/2023 10:00,0.135,,,,,,,,,,,
12/10/2023 11:00,12/10/2023 11:00,0.108,,,,,,,,,,,
12/10/2023 12:00,12/10/2023 12:00,0.081,,,,,,,,,,,
12/10/2023 13:00,12/10/2023 13:00,0.053,,,,,,,,,,,
12/10/2023 14:00,12/10/2023 14:00,0.041,,,,,,,,,,,
12/10/2023 15:00,12/10/2023 15:00,0.048,,,,,,,,,,,
12/10/2023 16:00,12/10/2023 16:00,0.067,,,,,,,,,,,
12/10/2023 17:00,12/10/2023 17:00,0.094,,,,,,,,,,,
12/10/2023 18:00,12/10/2023 18:00,0.135,,,,,,,,,,,
12/10/2023 19:00,12/10/2023 19:00,0.19,,,,,,,,,,,
12/10/2023 20:00,12/10/2023 20:00,0.261,,,,,,,,,,,
12/10/2023 21:00,12/10/2023 21:00,0.32,,,,,,,,,,,
12/10/2023 22:00,12/10/2023 22:00,0.382,,,,,,,,,,,
12/10/2023 23:00,12/10/2023 23:00,0.428,,,,,,,,,,,
13/10/2023 00:00,13/10/2023 00:00,0.459,,,,,,,,,,,
13/10/2023 01:00,13/10/2023 01:00,0.529,,,,,,,,,,,
13/10/2023 02:00,13/10/2023 02:00,0.668,,,,,,,,,,,
13/10/2023 03:00,13/10/2023 03:00,0.843,,,,,,,,,,,
13/10/2023 04:00,13/10/2023 04:00,0.924,,,,,,,,,,,
13/10/2023 05:00,13/10/2023 05:00,0.983,,,,,,,,,,,
13/10/2023 06:00,13/10/2023 06:00,0.991,,,,,,,,,,,
13/10/2023 07:00,13/10/2023 07:00,0.991,,,,,,,,,,,
13/10/2023 08:00,13/10/2023 08:00,0.991,,,,,,,,,,,
13/10/2023 09:00,13/10/2023 09:00,0.991,,,,,,,,,,,
13/10/2023 10:00,13/10/2023 10:00,0.991,,,,,,,,,,,
13/10/2023 11:00,13/10/2023 11:00,0.99,,,,,,,,,,,
13/10/2023 12:00,13/10/2023 12:00,0.988,,,,,,,,,,,
13/10/2023 13:00,13/10/2023 13:00,0.985,,,,,,,,,,,
13/10/2023 14:00,13/10/2023 14:00,0.961,,,,,,,,,,,
13/10/2023 15:00,13/10/2023 15:00,0.894,,,,,,,,,,,
13/10/2023 16:00,13/10/2023 16:00,0.783,,,,,,,,,,,
13/10/2023 17:00,13/10/2023 17:00,0.736,,,,,,,,,,,
13/10/2023 18:00,13/10/2023 18:00,0.8,,,,,,,,,,,
13/10/2023 19:00,13/10/2023 19:00,0.85,,,,,,,,,,,
13/10/2023 20:00,13/10/2023 20:00,0.867,,,,,,,,,,,
13/10/2023 21:00,13/10/2023 21:00,0.89,,,,,,,,,,,
13/10/2023 22:00,13/10/2023 22:00,0.915,,,,,,,,,,,
13/10/2023 23:00,13/10/2023 23:00,0.933,,,,,,,,,,,
14/10/2023 00:00,14/10/2023 00:00,0.942,,,,,,,,,,,
14/10/2023 01:00,14/10/2023 01:00,0.944,,,,,,,,,,,
14/10/2023 02:00,14/10/2023 02:00,0.943,,,,,,,,,,,
14/10/2023 03:00,14/10/2023 03:00,0.935,,,,,,,,,,,
14/10/2023 04:00,14/10/2023 04:00,0.923,,,,,,,,,,,
14/10/2023 05:00,14/10/2023 05:00,0.916,,,,,,,,,,,
14/10/2023 06:00,14/10/2023 06:00,0.907,,,,,,,,,,,
14/10/2023 07:00,14/10/2023 07:00,0.906,,,,,,,,,,,
14/10/2023 08:00,14/10/2023 08:00,0.906,,,,,,,,,,,
14/10/2023 09:00,14/10/2023 09:00,0.906,,,,,,,,,,,
14/10/2023 10:00,14/10/2023 10:00,0.901,,,,,,,,,,,
14/10/2023 11:00,14/10/2023 11:00,0.893,,,,,,,,,,,
14/10/2023 12:00,14/10/2023 12:00,0.885,,,,,,,,,,,
14/10/2023 13:00,14/10/2023 13:00,0.875,,,,,,,,,,,
14/10/2023 14:00,14/10/2023 14:00,0.867,,,,,,,,,,,
14/10/2023 15:00,14/10/2023 15:00,0.857,,,,,,,,,,,
14/10/2023 16:00,14/10/2023 16:00,0.842,,,,,,,,,,,
14/10/2023 17:00,14/10/2023 17:00,0.829,,,,,,,,,,,
14/10/2023 18:00,14/10/2023 18:00,0.811,,,,,,,,,,,
14/10/2023 19:00,14/10/2023 19:00,0.796,,,,,,,,,,,
14/10/2023 20:00,14/10/2023 20:00,0.796,,,,,,,,,,,
14/10/2023 21:00,14/10/2023 21:00,0.8,,,,,,,,,,,
14/10/2023 22:00,14/10/2023 22:00,0.807,,,,,,,,,,,
14/10/2023 23:00,14/10/2023 23:00,0.812,,,,,,,,,,,
15/10/2023 00:00,15/10/2023 00:00,0.826,,,,,,,,,,,
15/10/2023 01:00,15/10/2023 01:00,0.848,,,,,,,,,,,
15/10/2023 02:00,15/10/2023 02:00,0.873,,,,,,,,,,,
15/10/2023 03:00,15/10/2023 03:00,0.897,,,,,,,,,,,
15/10/2023 04:00,15/10/2023 04:00,0.913,,,,,,,,,,,
15/10/2023 05:00,15/10/2023 05:00,0.922,,,,,,,,,,,
15/10/2023 06:00,15/10/2023 06:00,0.922,,,,,,,,,,,
15/10/2023 07:00,15/10/2023 07:00,0.909,,,,,,,,,,,
15/10/2023 08:00,15/10/2023 08:00,0.888,,,,,,,,,,,
15/10/2023 09:00,15/10/2023 09:00,0.863,,,,,,,,,,,
15/10/2023 10:00,15/10/2023 10:00,0.824,,,,,,,,,,,
15/10/2023 11:00,15/10/2023 11:00,0.779,,,,,,,,,,,
15/10/2023 12:00,15/10/2023 12:00,0.744,,,,,,,,,,,
15/10/2023 13:00,15/10/2023 13:00,0.719,,,,,,,,,,,
15/10/2023 14:00,15/10/2023 14:00,0.693,,,,,,,,,,,
15/10/2023 15:00,15/10/2023 15:00,0.653,,,,,,,,,,,
15/10/2023 16:00,15/10/2023 16:00,0.602,,,,,,,,,,,
15/10/2023 17:00,15/10/2023 17:00,0.535,,,,,,,,,,,
15/10/2023 18:00,15/10/2023 18:00,0.452,,,,,,,,,,,
15/10/2023 19:00,15/10/2023 19:00,0.374,,,,,,,,,,,
15/10/2023 20:00,15/10/2023 20:00,0.311,,,,,,,,,,,
15/10/2023 21:00,15/10/2023 21:00,0.272,,,,,,,,,,,
15/10/2023 22:00,15/10/2023 22:00,0.243,,,,,,,,,,,
15/10/2023 23:00,15/10/2023 23:00,0.231,,,,,,,,,,,
16/10/2023 00:00,16/10/2023 00:00,0.231,,,,,,,,,,,
16/10/2023 01:00,16/10/2023 01:00,0.219,,,,,,,,,,,
16/10/2023 02:00,16/10/2023 02:00,0.201,,,,,,,,,,,
16/10/2023 03:00,16/10/2023 03:00,0.186,,,,,,,,,,,
16/10/2023 04:00,16/10/2023 04:00,0.156,,,,,,,,,,,
16/10/2023 05:00,16/10/2023 05:00,0.118,,,,,,,,,,,
16/10/2023 06:00,16/10/2023 06:00,0.088,,,,,,,,,,,
16/10/2023 07:00,16/10/2023 07:00,0.058,,,,,,,,,,,
16/10/2023 08:00,16/10/2023 08:00,0.031,,,,,,,,,,,
16/10/2023 09:00,16/10/2023 09:00,0.008,,,,,,,,,,,
16/10/2023 10:00,16/10/2023 10:00,0.006,,,,,,,,,,,
16/10/2023 11:00,16/10/2023 11:00,0.009,,,,,,,,,,,
16/10/2023 12:00,16/10/2023 12:00,0.02,,,,,,,,,,,
16/10/2023 13:00,16/10/2023 13:00,0.044,,,,,,,,,,,
16/10/2023 14:00,16/10/2023 14:00,0.086,,,,,,,,,,,
16/10/2023 15:00,16/10/2023 15:00,0.134,,,,,,,,,,,
16/10/2023 16:00,16/10/2023 16:00,0.196,,,,,,,,,,,
16/10/2023 17:00,16/10/2023 17:00,0.276,,,,,,,,,,,
16/10/2023 18:00,16/10/2023 18:00,0.328,,,,,,,,,,,
16/10/2023 19:00,16/10/2023 19:00,0.37,,,,,,,,,,,
16/10/2023 20:00,16/10/2023 20:00,0.425,,,,,,,,,,,
16/10/2023 21:00,16/10/2023 21:00,0.464,,,,,,,,,,,
16/10/2023 22:00,16/10/2023 22:00,0.482,,,,,,,,,,,
16/10/2023 23:00,16/10/2023 23:00,0.49,,,,,,,,,,,
17/10/2023 00:00,17/10/2023 00:00,0.505,,,,,,,,,,,
17/10/2023 01:00,17/10/2023 01:00,0.519,,,,,,,,,,,
17/10/2023 02:00,17/10/2023 02:00,0.519,,,,,,,,,,,
17/10/2023 03:00,17/10/2023 03:00,0.553,,,,,,,,,,,
17/10/2023 04:00,17/10/2023 04:00,0.622,,,,,,,,,,,
17/10/2023 05:00,17/10/2023 05:00,0.677,,,,,,,,,,,
17/10/2023 06:00,17/10/2023 06:00,0.711,,,,,,,,,,,
17/10/2023 07:00,17/10/2023 07:00,0.74,,,,,,,,,,,
17/10/2023 08:00,17/10/2023 08:00,0.786,,,,,,,,,,,
17/10/2023 09:00,17/10/2023 09:00,0.817,,,,,,,,,,,
17/10/2023 10:00,17/10/2023 10:00,0.831,,,,,,,,,,,
17/10/2023 11:00,17/10/2023 11:00,0.829,,,,,,,,,,,
17/10/2023 12:00,17/10/2023 12:00,0.811,,,,,,,,,,,
17/10/2023 13:00,17/10/2023 13:00,0.831,,,,,,,,,,,
17/10/2023 14:00,17/10/2023 14:00,0.862,,,,,,,,,,,
17/10/2023 15:00,17/10/2023 15:00,0.875,,,,,,,,,,,
17/10/2023 16:00,17/10/2023 16:00,0.896,,,,,,,,,,,
17/10/2023 17:00,17/10/2023 17:00,0.921,,,,,,,,,,,
17/10/2023 18:00,17/10/2023 18:00,0.942,,,,,,,,,,,
17/10/2023 19:00,17/10/2023 19:00,0.951,,,,,,,,,,,
17/10/2023 20:00,17/10/2023 20:00,0.953,,,,,,,,,,,
17/10/2023 21:00,17/10/2023 21:00,0.951,,,,,,,,,,,
17/10/2023 22:00,17/10/2023 22:00,0.946,,,,,,,,,,,
17/10/2023 23:00,17/10/2023 23:00,0.939,,,,,,,,,,,
18/10/2023 00:00,18/10/2023 00:00,0.932,,,,,,,,,,,
18/10/2023 01:00,18/10/2023 01:00,0.928,,,,,,,,,,,
18/10/2023 02:00,18/10/2023 02:00,0.928,,,,,,,,,,,
18/10/2023 03:00,18/10/2023 03:00,0.935,,,,,,,,,,,
18/10/2023 04:00,18/10/2023 04:00,0.944,,,,,,,,,,,
18/10/2023 05:00,18/10/2023 05:00,0.953,,,,,,,,,,,
18/10/2023 06:00,18/10/2023 06:00,0.963,,,,,,,,,,,
18/10/2023 07:00,18/10/2023 07:00,0.971,,,,,,,,,,,
18/10/2023 08:00,18/10/2023 08:00,0.972,,,,,,,,,,,
18/10/2023 09:00,18/10/2023 09:00,0.969,,,,,,,,,,,
18/10/2023 10:00,18/10/2023 10:00,0.962,,,,,,,,,,,
18/10/2023 11:00,18/10/2023 11:00,0.953,,,,,,,,,,,
18/10/2023 12:00,18/10/2023 12:00,0.953,,,,,,,,,,,
18/10/2023 13:00,18/10/2023 13:00,0.964,,,,,,,,,,,
18/10/2023 14:00,18/10/2023 14:00,0.976,,,,,,,,,,,
18/10/2023 15:00,18/10/2023 15:00,0.986,,,,,,,,,,,
18/10/2023 16:00,18/10/2023 16:00,0.99,,,,,,,,,,,
18/10/2023 17:00,18/10/2023 17:00,0.991,,,,,,,,,,,
18/10/2023 18:00,18/10/2023 18:00,0.989,,,,,,,,,,,
18/10/2023 19:00,18/10/2023 19:00,0.987,,,,,,,,,,,
18/10/2023 20:00,18/10/2023 20:00,0.99,,,,,,,,,,,
18/10/2023 21:00,18/10/2023 21:00,0.991,,,,,,,,,,,
18/10/2023 22:00,18/10/2023 22:00,0.988,,,,,,,,,,,
18/10/2023 23:00,18/10/2023 23:00,0.981,,,,,,,,,,,
19/10/2023 00:00,19/10/2023 00:00,0.979,,,,,,,,,,,
19/10/2023 01:00,19/10/2023 01:00,0.972,,,,,,,,,,,
19/10/2023 02:00,19/10/2023 02:00,0.959,,,,,,,,,,,
19/10/2023 03:00,19/10/2023 03:00,0.936,,,,,,,,,,,
19/10/2023 04:00,19/10/2023 04:00,0.871,,,,,,,,,,,
19/10/2023 05:00,19/10/2023 05:00,0.848,,,,,,,,,,,
19/10/2023 06:00,19/10/2023 06:00,0.89,,,,,,,,,,,
19/10/2023 07:00,19/10/2023 07:00,0.905,,,,,,,,,,,
19/10/2023 08:00,19/10/2023 08:00,0.902,,,,,,,,,,,
19/10/2023 09:00,19/10/2023 09:00,0.89,,,,,,,,,,,
19/10/2023 10:00,19/10/2023 10:00,0.864,,,,,,,,,,,
19/10/2023 11:00,19/10/2023 11:00,0.835,,,,,,,,,,,
19/10/2023 12:00,19/10/2023 12:00,0.833,,,,,,,,,,,
19/10/2023 13:00,19/10/2023 13:00,0.824,,,,,,,,,,,
19/10/2023 14:00,19/10/2023 14:00,0.792,,,,,,,,,,,
19/10/2023 15:00,19/10/2023 15:00,0.765,,,,,,,,,,,
19/10/2023 16:00,19/10/2023 16:00,0.773,,,,,,,,,,,
19/10/2023 17:00,19/10/2023 17:00,0.791,,,,,,,,,,,
19/10/2023 18:00,19/10/2023 18:00,0.799,,,,,,,,,,,
19/10/2023 19:00,19/10/2023 19:00,0.801,,,,,,,,,,,
19/10/2023 20:00,19/10/2023 20:00,0.778,,,,,,,,,,,
19/10/2023 21:00,19/10/2023 21:00,0.751,,,,,,,,,,,
19/10/2023 22:00,19/10/2023 22:00,0.737,,,,,,,,,,,
19/10/2023 23:00,19/10/2023 23:00,0.788,,,,,,,,,,,
20/10/2023 00:00,20/10/2023 00:00,0.866,,,,,,,,,,,
20/10/2023 01:00,20/10/2023 01:00,0.911,,,,,,,,,,,
20/10/2023 02:00,20/10/2023 02:00,0.954,,,,,,,,,,,
20/10/2023 03:00,20/10/2023 03:00,0.977,,,,,,,,,,,
20/10/2023 04:00,20/10/2023 04:00,0.986,,,,,,,,,,,
20/10/2023 05:00,20/10/2023 05:00,0.988,,,,,,,,,,,
20/10/2023 06:00,20/10/2023 06:00,0.99,,,,,,,,,,,
20/10/2023 07:00,20/10/2023 07:00,0.991,,,,,,,,,,,
20/10/2023 08:00,20/10/2023 08:00,0.991,,,,,,,,,,,
20/10/2023 09:00,20/10/2023 09:00,0.991,,,,,,,,,,,
20/10/2023 10:00,20/10/2023 10:00,0.991,,,,,,,,,,,
20/10/2023 11:00,20/10/2023 11:00,0.988,,,,,,,,,,,
20/10/2023 12:00,20/10/2023 12:00,0.983,,,,,,,,,,,
20/10/2023 13:00,20/10/2023 13:00,0.969,,,,,,,,,,,
20/10/2023 14:00,20/10/2023 14:00,0.927,,,,,,,,,,,
20/10/2023 15:00,20/10/2023 15:00,0.813,,,,,,,,,,,
20/10/2023 16:00,20/10/2023 16:00,0.559,,,,,,,,,,,
20/10/2023 17:00,20/10/2023 17:00,0.264,,,,,,,,,,,
20/10/2023 18:00,20/10/2023 18:00,0.158,,,,,,,,,,,
20/10/2023 19:00,20/10/2023 19:00,0.146,,,,,,,,,,,
20/10/2023 20:00,20/10/2023 20:00,0.147,,,,,,,,,,,
20/10/2023 21:00,20/10/2023 21:00,0.253,,,,,,,,,,,
20/10/2023 22:00,20/10/2023 22:00,0.459,,,,,,,,,,,
20/10/2023 23:00,20/10/2023 23:00,0.624,,,,,,,,,,,
21/10/2023 00:00,21/10/2023 00:00,0.71,,,,,,,,,,,
21/10/2023 01:00,21/10/2023 01:00,0.757,,,,,,,,,,,
21/10/2023 02:00,21/10/2023 02:00,0.775,,,,,,,,,,,
21/10/2023 03:00,21/10/2023 03:00,0.791,,,,,,,,,,,
21/10/2023 04:00,21/10/2023 04:00,0.792,,,,,,,,,,,
21/10/2023 05:00,21/10/2023 05:00,0.831,,,,,,,,,,,
21/10/2023 06:00,21/10/2023 06:00,0.881,,,,,,,,,,,
21/10/2023 07:00,21/10/2023 07:00,0.924,,,,,,,,,,,
21/10/2023 08:00,21/10/2023 08:00,0.958,,,,,,,,,,,
21/10/2023 09:00,21/10/2023 09:00,0.972,,,,,,,,,,,
21/10/2023 10:00,21/10/2023 10:00,0.98,,,,,,,,,,,
21/10/2023 11:00,21/10/2023 11:00,0.981,,,,,,,,,,,
21/10/2023 12:00,21/10/2023 12:00,0.976,,,,,,,,,,,
21/10/2023 13:00,21/10/2023 13:00,0.964,,,,,,,,,,,
21/10/2023 14:00,21/10/2023 14:00,0.942,,,,,,,,,,,
21/10/2023 15:00,21/10/2023 15:00,0.917,,,,,,,,,,,
21/10/2023 16:00,21/10/2023 16:00,0.886,,,,,,,,,,,
21/10/2023 17:00,21/10/2023 17:00,0.833,,,,,,,,,,,
21/10/2023 18:00,21/10/2023 18:00,0.717,,,,,,,,,,,
21/10/2023 19:00,21/10/2023 19:00,0.51,,,,,,,,,,,
21/10/2023 20:00,21/10/2023 20:00,0.376,,,,,,,,,,,
21/10/2023 21:00,21/10/2023 21:00,0.441,,,,,,,,,,,
21/10/2023 22:00,21/10/2023 22:00,0.667,,,,,,,,,,,
21/10/2023 23:00,21/10/2023 23:00,0.796,,,,,,,,,,,
22/10/2023 00:00,22/10/2023 00:00,0.812,,,,,,,,,,,
22/10/2023 01:00,22/10/2023 01:00,0.779,,,,,,,,,,,
22/10/2023 02:00,22/10/2023 02:00,0.75,,,,,,,,,,,
22/10/2023 03:00,22/10/2023 03:00,0.716,,,,,,,,,,,
22/10/2023 04:00,22/10/2023 04:00,0.685,,,,,,,,,,,
22/10/2023 05:00,22/10/2023 05:00,0.651,,,,,,,,,,,
22/10/2023 06:00,22/10/2023 06:00,0.621,,,,,,,,,,,
22/10/2023 07:00,22/10/2023 07:00,0.599,,,,,,,,,,,
22/10/2023 08:00,22/10/2023 08:00,0.58,,,,,,,,,,,
22/10/2023 09:00,22/10/2023 09:00,0.568,,,,,,,,,,,
22/10/2023 10:00,22/10/2023 10:00,0.544,,,,,,,,,,,
22/10/2023 11:00,22/10/2023 11:00,0.533,,,,,,,,,,,
22/10/2023 12:00,22/10/2023 12:00,0.524,,,,,,,,,,,
22/10/2023 13:00,22/10/2023 13:00,0.501,,,,,,,,,,,
22/10/2023 14:00,22/10/2023 14:00,0.447,,,,,,,,,,,
22/10/2023 15:00,22/10/2023 15:00,0.379,,,,,,,,,,,
22/10/2023 16:00,22/10/2023 16:00,0.314,,,,,,,,,,,
22/10/2023 17:00,22/10/2023 17:00,0.27,,,,,,,,,,,
22/10/2023 18:00,22/10/2023 18:00,0.251,,,,,,,,,,,
22/10/2023 19:00,22/10/2023 19:00,0.248,,,,,,,,,,,
22/10/2023 20:00,22/10/2023 20:00,0.236,,,,,,,,,,,
22/10/2023 21:00,22/10/2023 21:00,0.22,,,,,,,,,,,
22/10/2023 22:00,22/10/2023 22:00,0.194,,,,,,,,,,,
22/10/2023 23:00,22/10/2023 23:00,0.17,,,,,,,,,,,
23/10/2023 00:00,23/10/2023 00:00,0.16,,,,,,,,,,,
23/10/2023 01:00,23/10/2023 01:00,0.147,,,,,,,,,,,
23/10/2023 02:00,23/10/2023 02:00,0.11,,,,,,,,,,,
23/10/2023 03:00,23/10/2023 03:00,0.064,,,,,,,,,,,
23/10/2023 04:00,23/10/2023 04:00,0.061,,,,,,,,,,,
23/10/2023 05:00,23/10/2023 05:00,0.106,,,,,,,,,,,
23/10/2023 06:00,23/10/2023 06:00,0.161,,,,,,,,,,,
23/10/2023 07:00,23/10/2023 07:00,0.227,,,,,,,,,,,
23/10/2023 08:00,23/10/2023 08:00,0.297,,,,,,,,,,,
23/10/2023 09:00,23/10/2023 09:00,0.328,,,,,,,,,,,
23/10/2023 10:00,23/10/2023 10:00,0.333,,,,,,,,,,,
23/10/2023 11:00,23/10/2023 11:00,0.344,,,,,,,,,,,
23/10/2023 12:00,23/10/2023 12:00,0.358,,,,,,,,,,,
23/10/2023 13:00,23/10/2023 13:00,0.395,,,,,,,,,,,
23/10/2023 14:00,23/10/2023 14:00,0.447,,,,,,,,,,,
23/10/2023 15:00,23/10/2023 15:00,0.532,,,,,,,,,,,
23/10/2023 16:00,23/10/2023 16:00,0.635,,,,,,,,,,,
23/10/2023 17:00,23/10/2023 17:00,0.729,,,,,,,,,,,
23/10/2023 18:00,23/10/2023 18:00,0.803,,,,,,,,,,,
23/10/2023 19:00,23/10/2023 19:00,0.813,,,,,,,,,,,
23/10/2023 20:00,23/10/2023 20:00,0.793,,,,,,,,,,,
23/10/2023 21:00,23/10/2023 21:00,0.79,,,,,,,,,,,
23/10/2023 22:00,23/10/2023 22:00,0.75,,,,,,,,,,,
23/10/2023 23:00,23/10/2023 23:00,0.639,,,,,,,,,,,
24/10/2023 00:00,24/10/2023 00:00,0.508,,,,,,,,,,,
24/10/2023 01:00,24/10/2023 01:00,0.374,,,,,,,,,,,
24/10/2023 02:00,24/10/2023 02:00,0.232,,,,,,,,,,,
24/10/2023 03:00,24/10/2023 03:00,0.126,,,,,,,,,,,
24/10/2023 04:00,24/10/2023 04:00,0.118,,,,,,,,,,,
24/10/2023 05:00,24/10/2023 05:00,0.121,,,,,,,,,,,
24/10/2023 06:00,24/10/2023 06:00,0.108,,,,,,,,,,,
24/10/2023 07:00,24/10/2023 07:00,0.099,,,,,,,,,,,
24/10/2023 08:00,24/10/2023 08:00,0.13,,,,,,,,,,,
24/10/2023 09:00,24/10/2023 09:00,0.22,,,,,,,,,,,
24/10/2023 10:00,24/10/2023 10:00,0.386,,,,,,,,,,,
24/10/2023 11:00,24/10/2023 11:00,0.586,,,,,,,,,,,
24/10/2023 12:00,24/10/2023 12:00,0.726,,,,,,,,,,,
24/10/2023 13:00,24/10/2023 13:00,0.8,,,,,,,,,,,
24/10/2023 14:00,24/10/2023 14:00,0.837,,,,,,,,,,,
24/10/2023 15:00,24/10/2023 15:00,0.843,,,,,,,,,,,
24/10/2023 16:00,24/10/2023 16:00,0.846,,,,,,,,,,,
24/10/2023 17:00,24/10/2023 17:00,0.855,,,,,,,,,,,
24/10/2023 18:00,24/10/2023 18:00,0.855,,,,,,,,,,,
24/10/2023 19:00,24/10/2023 19:00,0.842,,,,,,,,,,,
24/10/2023 20:00,24/10/2023 20:00,0.809,,,,,,,,,,,
24/10/2023 21:00,24/10/2023 21:00,0.755,,,,,,,,,,,
24/10/2023 22:00,24/10/2023 22:00,0.683,,,,,,,,,,,
24/10/2023 23:00,24/10/2023 23:00,0.576,,,,,,,,,,,
25/10/2023 00:00,25/10/2023 00:00,0.442,,,,,,,,,,,
25/10/2023 01:00,25/10/2023 01:00,0.31,,,,,,,,,,,
25/10/2023 02:00,25/10/2023 02:00,0.193,,,,,,,,,,,
25/10/2023 03:00,25/10/2023 03:00,0.108,,,,,,,,,,,
25/10/2023 04:00,25/10/2023 04:00,0.061,,,,,,,,,,,
25/10/2023 05:00,25/10/2023 05:00,0.049,,,,,,,,,,,
25/10/2023 06:00,25/10/2023 06:00,0.045,,,,,,,,,,,
25/10/2023 07:00,25/10/2023 07:00,0.041,,,,,,,,,,,
25/10/2023 08:00,25/10/2023 08:00,0.036,,,,,,,,,,,
25/10/2023 09:00,25/10/2023 09:00,0.033,,,,,,,,,,,
25/10/2023 10:00,25/10/2023 10:00,0.032,,,,,,,,,,,
25/10/2023 11:00,25/10/2023 11:00,0.042,,,,,,,,,,,
25/10/2023 12:00,25/10/2023 12:00,0.063,,,,,,,,,,,
25/10/2023 13:00,25/10/2023 13:00,0.084,,,,,,,,,,,
25/10/2023 14:00,25/10/2023 14:00,0.089,,,,,,,,,,,
25/10/2023 15:00,25/10/2023 15:00,0.093,,,,,,,,,,,
25/10/2023 16:00,25/10/2023 16:00,0.099,,,,,,,,,,,
25/10/2023 17:00,25/10/2023 17:00,0.07,,,,,,,,,,,
25/10/2023 18:00,25/10/2023 18:00,0.031,,,,,,,,,,,
25/10/2023 19:00,25/10/2023 19:00,0.009,,,,,,,,,,,
25/10/2023 20:00,25/10/2023 20:00,0.008,,,,,,,,,,,
25/10/2023 21:00,25/10/2023 21:00,0.026,,,,,,,,,,,
25/10/2023 22:00,25/10/2023 22:00,0.06,,,,,,,,,,,
25/10/2023 23:00,25/10/2023 23:00,0.102,,,,,,,,,,,
26/10/2023 00:00,26/10/2023 00:00,0.155,,,,,,,,,,,
26/10/2023 01:00,26/10/2023 01:00,0.252,,,,,,,,,,,
26/10/2023 02:00,26/10/2023 02:00,0.369,,,,,,,,,,,
26/10/2023 03:00,26/10/2023 03:00,0.476,,,,,,,,,,,
26/10/2023 04:00,26/10/2023 04:00,0.574,,,,,,,,,,,
26/10/2023 05:00,26/10/2023 05:00,0.651,,,,,,,,,,,
26/10/2023 06:00,26/10/2023 06:00,0.695,,,,,,,,,,,
26/10/2023 07:00,26/10/2023 07:00,0.728,,,,,,,,,,,
26/10/2023 08:00,26/10/2023 08:00,0.765,,,,,,,,,,,
26/10/2023 09:00,26/10/2023 09:00,0.799,,,,,,,,,,,
26/10/2023 10:00,26/10/2023 10:00,0.822,,,,,,,,,,,
26/10/2023 11:00,26/10/2023 11:00,0.835,,,,,,,,,,,
26/10/2023 12:00,26/10/2023 12:00,0.829,,,,,,,,,,,
26/10/2023 13:00,26/10/2023 13:00,0.816,,,,,,,,,,,
26/10/2023 14:00,26/10/2023 14:00,0.799,,,,,,,,,,,
26/10/2023 15:00,26/10/2023 15:00,0.786,,,,,,,,,,,
26/10/2023 16:00,26/10/2023 16:00,0.774,,,,,,,,,,,
26/10/2023 17:00,26/10/2023 17:00,0.742,,,,,,,,,,,
26/10/2023 18:00,26/10/2023 18:00,0.661,,,,,,,,,,,
26/10/2023 19:00,26/10/2023 19:00,0.552,,,,,,,,,,,
26/10/2023 20:00,26/10/2023 20:00,0.468,,,,,,,,,,,
26/10/2023 21:00,26/10/2023 21:00,0.367,,,,,,,,,,,
26/10/2023 22:00,26/10/2023 22:00,0.25,,,,,,,,,,,
26/10/2023 23:00,26/10/2023 23:00,0.163,,,,,,,,,,,
27/10/2023 00:00,27/10/2023 00:00,0.111,,,,,,,,,,,
27/10/2023 01:00,27/10/2023 01:00,0.079,,,,,,,,,,,
27/10/2023 02:00,27/10/2023 02:00,0.06,,,,,,,,,,,
27/10/2023 03:00,27/10/2023 03:00,0.047,,,,,,,,,,,
27/10/2023 04:00,27/10/2023 04:00,0.037,,,,,,,,,,,
27/10/2023 05:00,27/10/2023 05:00,0.032,,,,,,,,,,,
27/10/2023 06:00,27/10/2023 06:00,0.031,,,,,,,,,,,
27/10/2023 07:00,27/10/2023 07:00,0.034,,,,,,,,,,,
27/10/2023 08:00,27/10/2023 08:00,0.035,,,,,,,,,,,
27/10/2023 09:00,27/10/2023 09:00,0.037,,,,,,,,,,,
27/10/2023 10:00,27/10/2023 10:00,0.042,,,,,,,,,,,
27/10/2023 11:00,27/10/2023 11:00,0.045,,,,,,,,,,,
27/10/2023 12:00,27/10/2023 12:00,0.052,,,,,,,,,,,
27/10/2023 13:00,27/10/2023 13:00,0.062,,,,,,,,,,,
27/10/2023 14:00,27/10/2023 14:00,0.078,,,,,,,,,,,
27/10/2023 15:00,27/10/2023 15:00,0.103,,,,,,,,,,,
27/10/2023 16:00,27/10/2023 16:00,0.141,,,,,,,,,,,
27/10/2023 17:00,27/10/2023 17:00,0.18,,,,,,,,,,,
27/10/2023 18:00,27/10/2023 18:00,0.227,,,,,,,,,,,
27/10/2023 19:00,27/10/2023 19:00,0.279,,,,,,,,,,,
27/10/2023 20:00,27/10/2023 20:00,0.316,,,,,,,,,,,
27/10/2023 21:00,27/10/2023 21:00,0.346,,,,,,,,,,,
27/10/2023 22:00,27/10/2023 22:00,0.369,,,,,,,,,,,
27/10/2023 23:00,27/10/2023 23:00,0.374,,,,,,,,,,,
28/10/2023 00:00,28/10/2023 00:00,0.38,,,,,,,,,,,
28/10/2023 01:00,28/10/2023 01:00,0.399,,,,,,,,,,,
28/10/2023 02:00,28/10/2023 02:00,0.448,,,,,,,,,,,
28/10/2023 03:00,28/10/2023 03:00,0.532,,,,,,,,,,,
28/10/2023 04:00,28/10/2023 04:00,0.621,,,,,,,,,,,
28/10/2023 05:00,28/10/2023 05:00,0.692,,,,,,,,,,,
28/10/2023 06:00,28/10/2023 06:00,0.714,,,,,,,,,,,
28/10/2023 07:00,28/10/2023 07:00,0.698,,,,,,,,,,,
28/10/2023 08:00,28/10/2023 08:00,0.654,,,,,,,,,,,
28/10/2023 09:00,28/10/2023 09:00,0.661,,,,,,,,,,,
28/10/2023 10:00,28/10/2023 10:00,0.707,,,,,,,,,,,
28/10/2023 11:00,28/10/2023 11:00,0.711,,,,,,,,,,,
28/10/2023 12:00,28/10/2023 12:00,0.7,,,,,,,,,,,
28/10/2023 13:00,28/10/2023 13:00,0.696,,,,,,,,,,,
28/10/2023 14:00,28/10/2023 14:00,0.7,,,,,,,,,,,
28/10/2023 15:00,28/10/2023 15:00,0.728,,,,,,,,,,,
28/10/2023 16:00,28/10/2023 16:00,0.757,,,,,,,,,,,
28/10/2023 17:00,28/10/2023 17:00,0.8,,,,,,,,,,,
28/10/2023 18:00,28/10/2023 18:00,0.843,,,,,,,,,,,
28/10/2023 19:00,28/10/2023 19:00,0.877,,,,,,,,,,,
28/10/2023 20:00,28/10/2023 20:00,0.894,,,,,,,,,,,
28/10/2023 21:00,28/10/2023 21:00,0.888,,,,,,,,,,,
28/10/2023 22:00,28/10/2023 22:00,0.91,,,,,,,,,,,
28/10/2023 23:00,28/10/2023 23:00,0.928,,,,,,,,,,,
29/10/2023 00:00,29/10/2023 00:00,0.942,,,,,,,,,,,
29/10/2023 01:00,29/10/2023 01:00,0.959,,,,,,,,,,,
29/10/2023 02:00,29/10/2023 02:00,0.973,,,,,,,,,,,
29/10/2023 03:00,29/10/2023 03:00,0.976,,,,,,,,,,,
29/10/2023 04:00,29/10/2023 04:00,0.974,,,,,,,,,,,
29/10/2023 05:00,29/10/2023 05:00,0.971,,,,,,,,,,,
29/10/2023 06:00,29/10/2023 06:00,0.964,,,,,,,,,,,
29/10/2023 07:00,29/10/2023 07:00,0.957,,,,,,,,,,,
29/10/2023 08:00,29/10/2023 08:00,0.949,,,,,,,,,,,
29/10/2023 09:00,29/10/2023 09:00,0.935,,,,,,,,,,,
29/10/2023 10:00,29/10/2023 10:00,0.92,,,,,,,,,,,
29/10/2023 11:00,29/10/2023 11:00,0.91,,,,,,,,,,,
29/10/2023 12:00,29/10/2023 12:00,0.904,,,,,,,,,,,
29/10/2023 13:00,29/10/2023 13:00,0.891,,,,,,,,,,,
29/10/2023 14:00,29/10/2023 14:00,0.86,,,,,,,,,,,
29/10/2023 15:00,29/10/2023 15:00,0.838,,,,,,,,,,,
29/10/2023 16:00,29/10/2023 16:00,0.856,,,,,,,,,,,
29/10/2023 17:00,29/10/2023 17:00,0.885,,,,,,,,,,,
29/10/2023 18:00,29/10/2023 18:00,0.903,,,,,,,,,,,
29/10/2023 19:00,29/10/2023 19:00,0.917,,,,,,,,,,,
29/10/2023 20:00,29/10/2023 20:00,0.929,,,,,,,,,,,
29/10/2023 21:00,29/10/2023 21:00,0.933,,,,,,,,,,,
29/10/2023 22:00,29/10/2023 22:00,0.935,,,,,,,,,,,
29/10/2023 23:00,29/10/2023 23:00,0.929,,,,,,,,,,,
30/10/2023 00:00,30/10/2023 00:00,0.913,,,,,,,,,,,
30/10/2023 01:00,30/10/2023 01:00,0.891,,,,,,,,,,,
30/10/2023 02:00,30/10/2023 02:00,0.866,,,,,,,,,,,
30/10/2023 03:00,30/10/2023 03:00,0.84,,,,,,,,,,,
30/10/2023 04:00,30/10/2023 04:00,0.829,,,,,,,,,,,
30/10/2023 05:00,30/10/2023 05:00,0.827,,,,,,,,,,,
30/10/2023 06:00,30/10/2023 06:00,0.802,,,,,,,,,,,
30/10/2023 07:00,30/10/2023 07:00,0.751,,,,,,,,,,,
30/10/2023 08:00,30/10/2023 08:00,0.646,,,,,,,,,,,
30/10/2023 09:00,30/10/2023 09:00,0.55,,,,,,,,,,,
30/10/2023 10:00,30/10/2023 10:00,0.484,,,,,,,,,,,
30/10/2023 11:00,30/10/2023 11:00,0.393,,,,,,,,,,,
30/10/2023 12:00,30/10/2023 12:00,0.31,,,,,,,,,,,
30/10/2023 13:00,30/10/2023 13:00,0.239,,,,,,,,,,,
30/10/2023 14:00,30/10/2023 14:00,0.203,,,,,,,,,,,
30/10/2023 15:00,30/10/2023 15:00,0.142,,,,,,,,,,,
30/10/2023 16:00,30/10/2023 16:00,0.084,,,,,,,,,,,
30/10/2023 17:00,30/10/2023 17:00,0.048,,,,,,,,,,,
30/10/2023 18:00,30/10/2023 18:00,0.039,,,,,,,,,,,
30/10/2023 19:00,30/10/2023 19:00,0.038,,,,,,,,,,,
30/10/2023 20:00,30/10/2023 20:00,0.046,,,,,,,,,,,
30/10/2023 21:00,30/10/2023 21:00,0.074,,,,,,,,,,,
30/10/2023 22:00,30/10/2023 22:00,0.126,,,,,,,,,,,
30/10/2023 23:00,30/10/2023 23:00,0.187,,,,,,,,,,,
31/10/2023 00:00,31/10/2023 00:00,0.239,,,,,,,,,,,
31/10/2023 01:00,31/10/2023 01:00,0.278,,,,,,,,,,,
31/10/2023 02:00,31/10/2023 02:00,0.287,,,,,,,,,,,
31/10/2023 03:00,31/10/2023 03:00,0.242,,,,,,,,,,,
31/10/2023 04:00,31/10/2023 04:00,0.164,,,,,,,,,,,
31/10/2023 05:00,31/10/2023 05:00,0.096,,,,,,,,,,,
31/10/2023 06:00,31/10/2023 06:00,0.041,,,,,,,,,,,
31/10/2023 07:00,31/10/2023 07:00,0.015,,,,,,,,,,,
31/10/2023 08:00,31/10/2023 08:00,0.011,,,,,,,,,,,
31/10/2023 09:00,31/10/2023 09:00,0.024,,,,,,,,,,,
31/10/2023 10:00,31/10/2023 10:00,0.055,,,,,,,,,,,
31/10/2023 11:00,31/10/2023 11:00,0.106,,,,,,,,,,,
31/10/2023 12:00,31/10/2023 12:00,0.162,,,,,,,,,,,
31/10/2023 13:00,31/10/2023 13:00,0.201,,,,,,,,,,,
31/10/2023 14:00,31/10/2023 14:00,0.203,,,,,,,,,,,
31/10/2023 15:00,31/10/2023 15:00,0.172,,,,,,,,,,,
31/10/2023 16:00,31/10/2023 16:00,0.149,,,,,,,,,,,
31/10/2023 17:00,31/10/2023 17:00,0.142,,,,,,,,,,,
31/10/2023 18:00,31/10/2023 18:00,0.144,,,,,,,,,,,
31/10/2023 19:00,31/10/2023 19:00,0.153,,,,,,,,,,,
31/10/2023 20:00,31/10/2023 20:00,0.153,,,,,,,,,,,
31/10/2023 21:00,31/10/2023 21:00,0.149,,,,,,,,,,,
31/10/2023 22:00,31/10/2023 22:00,0.179,,,,,,,,,,,
31/10/2023 23:00,31/10/2023 23:00,0.235,,,,,,,,,,,
01/11/2023 00:00,01/11/2023 00:00,0.311,,,,,,,,,,,
01/11/2023 01:00,01/11/2023 01:00,0.362,,,,,,,,,,,
01/11/2023 02:00,01/11/2023 02:00,0.358,,,,,,,,,,,
01/11/2023 03:00,01/11/2023 03:00,0.397,,,,,,,,,,,
01/11/2023 04:00,01/11/2023 04:00,0.564,,,,,,,,,,,
01/11/2023 05:00,01/11/2023 05:00,0.764,,,,,,,,,,,
01/11/2023 06:00,01/11/2023 06:00,0.875,,,,,,,,,,,
01/11/2023 07:00,01/11/2023 07:00,0.923,,,,,,,,,,,
01/11/2023 08:00,01/11/2023 08:00,0.954,,,,,,,,,,,
01/11/2023 09:00,01/11/2023 09:00,0.965,,,,,,,,,,,
01/11/2023 10:00,01/11/2023 10:00,0.978,,,,,,,,,,,
01/11/2023 11:00,01/11/2023 11:00,0.982,,,,,,,,,,,
01/11/2023 12:00,01/11/2023 12:00,0.979,,,,,,,,,,,
01/11/2023 13:00,01/11/2023 13:00,0.97,,,,,,,,,,,
01/11/2023 14:00,01/11/2023 14:00,0.965,,,,,,,,,,,
01/11/2023 15:00,01/11/2023 15:00,0.965,,,,,,,,,,,
01/11/2023 16:00,01/11/2023 16:00,0.958,,,,,,,,,,,
01/11/2023 17:00,01/11/2023 17:00,0.935,,,,,,,,,,,
01/11/2023 18:00,01/11/2023 18:00,0.912,,,,,,,,,,,
01/11/2023 19:00,01/11/2023 19:00,0.893,,,,,,,,,,,
01/11/2023 20:00,01/11/2023 20:00,0.852,,,,,,,,,,,
01/11/2023 21:00,01/11/2023 21:00,0.841,,,,,,,,,,,
01/11/2023 22:00,01/11/2023 22:00,0.88,,,,,,,,,,,
01/11/2023 23:00,01/11/2023 23:00,0.95,,,,,,,,,,,
02/11/2023 00:00,02/11/2023 00:00,0.987,,,,,,,,,,,
02/11/2023 01:00,02/11/2023 01:00,0.989,,,,,,,,,,,
02/11/2023 02:00,02/11/2023 02:00,0.951,,,,,,,,,,,
02/11/2023 03:00,02/11/2023 03:00,0.896,,,,,,,,,,,
02/11/2023 04:00,02/11/2023 04:00,0.929,,,,,,,,,,,
02/11/2023 05:00,02/11/2023 05:00,0.974,,,,,,,,,,,
02/11/2023 06:00,02/11/2023 06:00,0.986,,,,,,,,,,,
02/11/2023 07:00,02/11/2023 07:00,0.982,,,,,,,,,,,
02/11/2023 08:00,02/11/2023 08:00,0.979,,,,,,,,,,,
02/11/2023 09:00,02/11/2023 09:00,0.982,,,,,,,,,,,
02/11/2023 10:00,02/11/2023 10:00,0.983,,,,,,,,,,,
02/11/2023 11:00,02/11/2023 11:00,0.987,,,,,,,,,,,
02/11/2023 12:00,02/11/2023 12:00,0.99,,,,,,,,,,,
02/11/2023 13:00,02/11/2023 13:00,0.921,,,,,,,,,,,
02/11/2023 14:00,02/11/2023 14:00,0.809,,,,,,,,,,,
02/11/2023 15:00,02/11/2023 15:00,0.9,,,,,,,,,,,
02/11/2023 16:00,02/11/2023 16:00,0.963,,,,,,,,,,,
02/11/2023 17:00,02/11/2023 17:00,0.98,,,,,,,,,,,
02/11/2023 18:00,02/11/2023 18:00,0.985,,,,,,,,,,,
02/11/2023 19:00,02/11/2023 19:00,0.987,,,,,,,,,,,
02/11/2023 20:00,02/11/2023 20:00,0.988,,,,,,,,,,,
02/11/2023 21:00,02/11/2023 21:00,0.987,,,,,,,,,,,
02/11/2023 22:00,02/11/2023 22:00,0.985,,,,,,,,,,,
02/11/2023 23:00,02/11/2023 23:00,0.985,,,,,,,,,,,
03/11/2023 00:00,03/11/2023 00:00,0.985,,,,,,,,,,,
03/11/2023 01:00,03/11/2023 01:00,0.985,,,,,,,,,,,
03/11/2023 02:00,03/11/2023 02:00,0.985,,,,,,,,,,,
03/11/2023 03:00,03/11/2023 03:00,0.984,,,,,,,,,,,
03/11/2023 04:00,03/11/2023 04:00,0.983,,,,,,,,,,,
03/11/2023 05:00,03/11/2023 05:00,0.98,,,,,,,,,,,
03/11/2023 06:00,03/11/2023 06:00,0.976,,,,,,,,,,,
03/11/2023 07:00,03/11/2023 07:00,0.973,,,,,,,,,,,
03/11/2023 08:00,03/11/2023 08:00,0.968,,,,,,,,,,,
03/11/2023 09:00,03/11/2023 09:00,0.967,,,,,,,,,,,
03/11/2023 10:00,03/11/2023 10:00,0.962,,,,,,,,,,,
03/11/2023 11:00,03/11/2023 11:00,0.955,,,,,,,,,,,
03/11/2023 12:00,03/11/2023 12:00,0.947,,,,,,,,,,,
03/11/2023 13:00,03/11/2023 13:00,0.942,,,,,,,,,,,
03/11/2023 14:00,03/11/2023 14:00,0.934,,,,,,,,,,,
03/11/2023 15:00,03/11/2023 15:00,0.922,,,,,,,,,,,
03/11/2023 16:00,03/11/2023 16:00,0.912,,,,,,,,,,,
03/11/2023 17:00,03/11/2023 17:00,0.898,,,,,,,,,,,
03/11/2023 18:00,03/11/2023 18:00,0.87,,,,,,,,,,,
03/11/2023 19:00,03/11/2023 19:00,0.813,,,,,,,,,,,
03/11/2023 20:00,03/11/2023 20:00,0.745,,,,,,,,,,,
03/11/2023 21:00,03/11/2023 21:00,0.686,,,,,,,,,,,
03/11/2023 22:00,03/11/2023 22:00,0.686,,,,,,,,,,,
03/11/2023 23:00,03/11/2023 23:00,0.666,,,,,,,,,,,
04/11/2023 00:00,04/11/2023 00:00,0.599,,,,,,,,,,,
04/11/2023 01:00,04/11/2023 01:00,0.645,,,,,,,,,,,
04/11/2023 02:00,04/11/2023 02:00,0.735,,,,,,,,,,,
04/11/2023 03:00,04/11/2023 03:00,0.711,,,,,,,,,,,
04/11/2023 04:00,04/11/2023 04:00,0.583,,,,,,,,,,,
04/11/2023 05:00,04/11/2023 05:00,0.523,,,,,,,,,,,
04/11/2023 06:00,04/11/2023 06:00,0.633,,,,,,,,,,,
04/11/2023 07:00,04/11/2023 07:00,0.753,,,,,,,,,,,
04/11/2023 08:00,04/11/2023 08:00,0.866,,,,,,,,,,,
04/11/2023 09:00,04/11/2023 09:00,0.94,,,,,,,,,,,
04/11/2023 10:00,04/11/2023 10:00,0.967,,,,,,,,,,,
04/11/2023 11:00,04/11/2023 11:00,0.979,,,,,,,,,,,
04/11/2023 12:00,04/11/2023 12:00,0.983,,,,,,,,,,,
04/11/2023 13:00,04/11/2023 13:00,0.97,,,,,,,,,,,
04/11/2023 14:00,04/11/2023 14:00,0.914,,,,,,,,,,,
04/11/2023 15:00,04/11/2023 15:00,0.86,,,,,,,,,,,
04/11/2023 16:00,04/11/2023 16:00,0.879,,,,,,,,,,,
04/11/2023 17:00,04/11/2023 17:00,0.912,,,,,,,,,,,
04/11/2023 18:00,04/11/2023 18:00,0.92,,,,,,,,,,,
04/11/2023 19:00,04/11/2023 19:00,0.901,,,,,,,,,,,
04/11/2023 20:00,04/11/2023 20:00,0.86,,,,,,,,,,,
04/11/2023 21:00,04/11/2023 21:00,0.799,,,,,,,,,,,
04/11/2023 22:00,04/11/2023 22:00,0.731,,,,,,,,,,,
04/11/2023 23:00,04/11/2023 23:00,0.632,,,,,,,,,,,
05/11/2023 00:00,05/11/2023 00:00,0.51,,,,,,,,,,,
05/11/2023 01:00,05/11/2023 01:00,0.395,,,,,,,,,,,
05/11/2023 02:00,05/11/2023 02:00,0.32,,,,,,,,,,,
05/11/2023 03:00,05/11/2023 03:00,0.291,,,,,,,,,,,
05/11/2023 04:00,05/11/2023 04:00,0.315,,,,,,,,,,,
05/11/2023 05:00,05/11/2023 05:00,0.41,,,,,,,,,,,
05/11/2023 06:00,05/11/2023 06:00,0.555,,,,,,,,,,,
05/11/2023 07:00,05/11/2023 07:00,0.692,,,,,,,,,,,
05/11/2023 08:00,05/11/2023 08:00,0.82,,,,,,,,,,,
05/11/2023 09:00,05/11/2023 09:00,0.916,,,,,,,,,,,
05/11/2023 10:00,05/11/2023 10:00,0.963,,,,,,,,,,,
05/11/2023 11:00,05/11/2023 11:00,0.981,,,,,,,,,,,
05/11/2023 12:00,05/11/2023 12:00,0.981,,,,,,,,,,,
05/11/2023 13:00,05/11/2023 13:00,0.973,,,,,,,,,,,
05/11/2023 14:00,05/11/2023 14:00,0.952,,,,,,,,,,,
05/11/2023 15:00,05/11/2023 15:00,0.921,,,,,,,,,,,
05/11/2023 16:00,05/11/2023 16:00,0.89,,,,,,,,,,,
05/11/2023 17:00,05/11/2023 17:00,0.872,,,,,,,,,,,
05/11/2023 18:00,05/11/2023 18:00,0.862,,,,,,,,,,,
05/11/2023 19:00,05/11/2023 19:00,0.842,,,,,,,,,,,
05/11/2023 20:00,05/11/2023 20:00,0.823,,,,,,,,,,,
05/11/2023 21:00,05/11/2023 21:00,0.8,,,,,,,,,,,
05/11/2023 22:00,05/11/2023 22:00,0.776,,,,,,,,,,,
05/11/2023 23:00,05/11/2023 23:00,0.757,,,,,,,,,,,
06/11/2023 00:00,06/11/2023 00:00,0.762,,,,,,,,,,,
06/11/2023 01:00,06/11/2023 01:00,0.76,,,,,,,,,,,
06/11/2023 02:00,06/11/2023 02:00,0.78,,,,,,,,,,,
06/11/2023 03:00,06/11/2023 03:00,0.8,,,,,,,,,,,
06/11/2023 04:00,06/11/2023 04:00,0.812,,,,,,,,,,,
06/11/2023 05:00,06/11/2023 05:00,0.815,,,,,,,,,,,
06/11/2023 06:00,06/11/2023 06:00,0.812,,,,,,,,,,,
06/11/2023 07:00,06/11/2023 07:00,0.802,,,,,,,,,,,
06/11/2023 08:00,06/11/2023 08:00,0.782,,,,,,,,,,,
06/11/2023 09:00,06/11/2023 09:00,0.779,,,,,,,,,,,
06/11/2023 10:00,06/11/2023 10:00,0.774,,,,,,,,,,,
06/11/2023 11:00,06/11/2023 11:00,0.777,,,,,,,,,,,
06/11/2023 12:00,06/11/2023 12:00,0.816,,,,,,,,,,,
06/11/2023 13:00,06/11/2023 13:00,0.856,,,,,,,,,,,
06/11/2023 14:00,06/11/2023 14:00,0.875,,,,,,,,,,,
06/11/2023 15:00,06/11/2023 15:00,0.88,,,,,,,,,,,
06/11/2023 16:00,06/11/2023 16:00,0.887,,,,,,,,,,,
06/11/2023 17:00,06/11/2023 17:00,0.899,,,,,,,,,,,
06/11/2023 18:00,06/11/2023 18:00,0.901,,,,,,,,,,,
06/11/2023 19:00,06/11/2023 19:00,0.905,,,,,,,,,,,
06/11/2023 20:00,06/11/2023 20:00,0.896,,,,,,,,,,,
06/11/2023 21:00,06/11/2023 21:00,0.88,,,,,,,,,,,
06/11/2023 22:00,06/11/2023 22:00,0.852,,,,,,,,,,,
06/11/2023 23:00,06/11/2023 23:00,0.819,,,,,,,,,,,
07/11/2023 00:00,07/11/2023 00:00,0.788,,,,,,,,,,,
07/11/2023 01:00,07/11/2023 01:00,0.753,,,,,,,,,,,
07/11/2023 02:00,07/11/2023 02:00,0.727,,,,,,,,,,,
07/11/2023 03:00,07/11/2023 03:00,0.697,,,,,,,,,,,
07/11/2023 04:00,07/11/2023 04:00,0.674,,,,,,,,,,,
07/11/2023 05:00,07/11/2023 05:00,0.679,,,,,,,,,,,
07/11/2023 06:00,07/11/2023 06:00,0.697,,,,,,,,,,,
07/11/2023 07:00,07/11/2023 07:00,0.713,,,,,,,,,,,
07/11/2023 08:00,07/11/2023 08:00,0.741,,,,,,,,,,,
07/11/2023 09:00,07/11/2023 09:00,0.777,,,,,,,,,,,
07/11/2023 10:00,07/11/2023 10:00,0.812,,,,,,,,,,,
07/11/2023 11:00,07/11/2023 11:00,0.834,,,,,,,,,,,
07/11/2023 12:00,07/11/2023 12:00,0.842,,,,,,,,,,,
07/11/2023 13:00,07/11/2023 13:00,0.843,,,,,,,,,,,
07/11/2023 14:00,07/11/2023 14:00,0.842,,,,,,,,,,,
07/11/2023 15:00,07/11/2023 15:00,0.839,,,,,,,,,,,
07/11/2023 16:00,07/11/2023 16:00,0.841,,,,,,,,,,,
07/11/2023 17:00,07/11/2023 17:00,0.862,,,,,,,,,,,
07/11/2023 18:00,07/11/2023 18:00,0.872,,,,,,,,,,,
07/11/2023 19:00,07/11/2023 19:00,0.873,,,,,,,,,,,
07/11/2023 20:00,07/11/2023 20:00,0.857,,,,,,,,,,,
07/11/2023 21:00,07/11/2023 21:00,0.833,,,,,,,,,,,
07/11/2023 22:00,07/11/2023 22:00,0.821,,,,,,,,,,,
07/11/2023 23:00,07/11/2023 23:00,0.806,,,,,,,,,,,
08/11/2023 00:00,08/11/2023 00:00,0.78,,,,,,,,,,,
08/11/2023 01:00,08/11/2023 01:00,0.751,,,,,,,,,,,
08/11/2023 02:00,08/11/2023 02:00,0.733,,,,,,,,,,,
08/11/2023 03:00,08/11/2023 03:00,0.711,,,,,,,,,,,
08/11/2023 04:00,08/11/2023 04:00,0.726,,,,,,,,,,,
08/11/2023 05:00,08/11/2023 05:00,0.755,,,,,,,,,,,
08/11/2023 06:00,08/11/2023 06:00,0.812,,,,,,,,,,,
08/11/2023 07:00,08/11/2023 07:00,0.882,,,,,,,,,,,
08/11/2023 08:00,08/11/2023 08:00,0.945,,,,,,,,,,,
08/11/2023 09:00,08/11/2023 09:00,0.982,,,,,,,,,,,
08/11/2023 10:00,08/11/2023 10:00,0.991,,,,,,,,,,,
08/11/2023 11:00,08/11/2023 11:00,0.988,,,,,,,,,,,
08/11/2023 12:00,08/11/2023 12:00,0.984,,,,,,,,,,,
08/11/2023 13:00,08/11/2023 13:00,0.988,,,,,,,,,,,
08/11/2023 14:00,08/11/2023 14:00,0.988,,,,,,,,,,,
08/11/2023 15:00,08/11/2023 15:00,0.947,,,,,,,,,,,
08/11/2023 16:00,08/11/2023 16:00,0.845,,,,,,,,,,,
08/11/2023 17:00,08/11/2023 17:00,0.69,,,,,,,,,,,
08/11/2023 18:00,08/11/2023 18:00,0.566,,,,,,,,,,,
08/11/2023 19:00,08/11/2023 19:00,0.492,,,,,,,,,,,
08/11/2023 20:00,08/11/2023 20:00,0.407,,,,,,,,,,,
08/11/2023 21:00,08/11/2023 21:00,0.329,,,,,,,,,,,
08/11/2023 22:00,08/11/2023 22:00,0.286,,,,,,,,,,,
08/11/2023 23:00,08/11/2023 23:00,0.274,,,,,,,,,,,
09/11/2023 00:00,09/11/2023 00:00,0.282,,,,,,,,,,,
09/11/2023 01:00,09/11/2023 01:00,0.281,,,,,,,,,,,
09/11/2023 02:00,09/11/2023 02:00,0.3,,,,,,,,,,,
09/11/2023 03:00,09/11/2023 03:00,0.343,,,,,,,,,,,
09/11/2023 04:00,09/11/2023 04:00,0.402,,,,,,,,,,,
09/11/2023 05:00,09/11/2023 05:00,0.484,,,,,,,,,,,
09/11/2023 06:00,09/11/2023 06:00,0.605,,,,,,,,,,,
09/11/2023 07:00,09/11/2023 07:00,0.75,,,,,,,,,,,
09/11/2023 08:00,09/11/2023 08:00,0.839,,,,,,,,,,,
09/11/2023 09:00,09/11/2023 09:00,0.862,,,,,,,,,,,
09/11/2023 10:00,09/11/2023 10:00,0.829,,,,,,,,,,,
09/11/2023 11:00,09/11/2023 11:00,0.777,,,,,,,,,,,
09/11/2023 12:00,09/11/2023 12:00,0.754,,,,,,,,,,,
09/11/2023 13:00,09/11/2023 13:00,0.775,,,,,,,,,,,
09/11/2023 14:00,09/11/2023 14:00,0.794,,,,,,,,,,,
09/11/2023 15:00,09/11/2023 15:00,0.798,,,,,,,,,,,
09/11/2023 16:00,09/11/2023 16:00,0.802,,,,,,,,,,,
09/11/2023 17:00,09/11/2023 17:00,0.81,,,,,,,,,,,
09/11/2023 18:00,09/11/2023 18:00,0.813,,,,,,,,,,,
09/11/2023 19:00,09/11/2023 19:00,0.82,,,,,,,,,,,
09/11/2023 20:00,09/11/2023 20:00,0.822,,,,,,,,,,,
09/11/2023 21:00,09/11/2023 21:00,0.826,,,,,,,,,,,
09/11/2023 22:00,09/11/2023 22:00,0.821,,,,,,,,,,,
09/11/2023 23:00,09/11/2023 23:00,0.821,,,,,,,,,,,
10/11/2023 00:00,10/11/2023 00:00,0.812,,,,,,,,,,,
10/11/2023 01:00,10/11/2023 01:00,0.806,,,,,,,,,,,
10/11/2023 02:00,10/11/2023 02:00,0.811,,,,,,,,,,,
10/11/2023 03:00,10/11/2023 03:00,0.795,,,,,,,,,,,
10/11/2023 04:00,10/11/2023 04:00,0.738,,,,,,,,,,,
10/11/2023 05:00,10/11/2023 05:00,0.652,,,,,,,,,,,
10/11/2023 06:00,10/11/2023 06:00,0.547,,,,,,,,,,,
10/11/2023 07:00,10/11/2023 07:00,0.434,,,,,,,,,,,
10/11/2023 08:00,10/11/2023 08:00,0.334,,,,,,,,,,,
10/11/2023 09:00,10/11/2023 09:00,0.251,,,,,,,,,,,
10/11/2023 10:00,10/11/2023 10:00,0.21,,,,,,,,,,,
10/11/2023 11:00,10/11/2023 11:00,0.238,,,,,,,,,,,
10/11/2023 12:00,10/11/2023 12:00,0.35,,,,,,,,,,,
10/11/2023 13:00,10/11/2023 13:00,0.538,,,,,,,,,,,
10/11/2023 14:00,10/11/2023 14:00,0.721,,,,,,,,,,,
10/11/2023 15:00,10/11/2023 15:00,0.824,,,,,,,,,,,
10/11/2023 16:00,10/11/2023 16:00,0.877,,,,,,,,,,,
10/11/2023 17:00,10/11/2023 17:00,0.9,,,,,,,,,,,
10/11/2023 18:00,10/11/2023 18:00,0.899,,,,,,,,,,,
10/11/2023 19:00,10/11/2023 19:00,0.881,,,,,,,,,,,
10/11/2023 20:00,10/11/2023 20:00,0.853,,,,,,,,,,,
10/11/2023 21:00,10/11/2023 21:00,0.826,,,,,,,,,,,
10/11/2023 22:00,10/11/2023 22:00,0.8,,,,,,,,,,,
10/11/2023 23:00,10/11/2023 23:00,0.779,,,,,,,,,,,
11/11/2023 00:00,11/11/2023 00:00,0.785,,,,,,,,,,,
11/11/2023 01:00,11/11/2023 01:00,0.808,,,,,,,,,,,
11/11/2023 02:00,11/11/2023 02:00,0.826,,,,,,,,,,,
11/11/2023 03:00,11/11/2023 03:00,0.828,,,,,,,,,,,
11/11/2023 04:00,11/11/2023 04:00,0.819,,,,,,,,,,,
11/11/2023 05:00,11/11/2023 05:00,0.808,,,,,,,,,,,
11/11/2023 06:00,11/11/2023 06:00,0.796,,,,,,,,,,,
11/11/2023 07:00,11/11/2023 07:00,0.777,,,,,,,,,,,
11/11/2023 08:00,11/11/2023 08:00,0.748,,,,,,,,,,,
11/11/2023 09:00,11/11/2023 09:00,0.688,,,,,,,,,,,
11/11/2023 10:00,11/11/2023 10:00,0.629,,,,,,,,,,,
11/11/2023 11:00,11/11/2023 11:00,0.588,,,,,,,,,,,
11/11/2023 12:00,11/11/2023 12:00,0.559,,,,,,,,,,,
11/11/2023 13:00,11/11/2023 13:00,0.516,,,,,,,,,,,
11/11/2023 14:00,11/11/2023 14:00,0.476,,,,,,,,,,,
11/11/2023 15:00,11/11/2023 15:00,0.49,,,,,,,,,,,
11/11/2023 16:00,11/11/2023 16:00,0.488,,,,,,,,,,,
11/11/2023 17:00,11/11/2023 17:00,0.444,,,,,,,,,,,
11/11/2023 18:00,11/11/2023 18:00,0.391,,,,,,,,,,,
11/11/2023 19:00,11/11/2023 19:00,0.341,,,,,,,,,,,
11/11/2023 20:00,11/11/2023 20:00,0.285,,,,,,,,,,,
11/11/2023 21:00,11/11/2023 21:00,0.206,,,,,,,,,,,
11/11/2023 22:00,11/11/2023 22:00,0.141,,,,,,,,,,,
11/11/2023 23:00,11/11/2023 23:00,0.101,,,,,,,,,,,
12/11/2023 00:00,12/11/2023 00:00,0.076,,,,,,,,,,,
12/11/2023 01:00,12/11/2023 01:00,0.068,,,,,,,,,,,
12/11/2023 02:00,12/11/2023 02:00,0.064,,,,,,,,,,,
12/11/2023 03:00,12/11/2023 03:00,0.065,,,,,,,,,,,
12/11/2023 04:00,12/11/2023 04:00,0.062,,,,,,,,,,,
12/11/2023 05:00,12/11/2023 05:00,0.059,,,,,,,,,,,
12/11/2023 06:00,12/11/2023 06:00,0.054,,,,,,,,,,,
12/11/2023 07:00,12/11/2023 07:00,0.045,,,,,,,,,,,
12/11/2023 08:00,12/11/2023 08:00,0.039,,,,,,,,,,,
12/11/2023 09:00,12/11/2023 09:00,0.045,,,,,,,,,,,
12/11/2023 10:00,12/11/2023 10:00,0.064,,,,,,,,,,,
12/11/2023 11:00,12/11/2023 11:00,0.084,,,,,,,,,,,
12/11/2023 12:00,12/11/2023 12:00,0.119,,,,,,,,,,,
12/11/2023 13:00,12/11/2023 13:00,0.155,,,,,,,,,,,
12/11/2023 14:00,12/11/2023 14:00,0.199,,,,,,,,,,,
12/11/2023 15:00,12/11/2023 15:00,0.262,,,,,,,,,,,
12/11/2023 16:00,12/11/2023 16:00,0.317,,,,,,,,,,,
12/11/2023 17:00,12/11/2023 17:00,0.375,,,,,,,,,,,
12/11/2023 18:00,12/11/2023 18:00,0.436,,,,,,,,,,,
12/11/2023 19:00,12/11/2023 19:00,0.544,,,,,,,,,,,
12/11/2023 20:00,12/11/2023 20:00,0.601,,,,,,,,,,,
12/11/2023 21:00,12/11/2023 21:00,0.613,,,,,,,,,,,
12/11/2023 22:00,12/11/2023 22:00,0.58,,,,,,,,,,,
12/11/2023 23:00,12/11/2023 23:00,0.559,,,,,,,,,,,
13/11/2023 00:00,13/11/2023 00:00,0.556,,,,,,,,,,,
13/11/2023 01:00,13/11/2023 01:00,0.517,,,,,,,,,,,
13/11/2023 02:00,13/11/2023 02:00,0.491,,,,,,,,,,,
13/11/2023 03:00,13/11/2023 03:00,0.556,,,,,,,,,,,
13/11/2023 04:00,13/11/2023 04:00,0.596,,,,,,,,,,,
13/11/2023 05:00,13/11/2023 05:00,0.586,,,,,,,,,,,
13/11/2023 06:00,13/11/2023 06:00,0.748,,,,,,,,,,,
13/11/2023 07:00,13/11/2023 07:00,0.925,,,,,,,,,,,
13/11/2023 08:00,13/11/2023 08:00,0.977,,,,,,,,,,,
13/11/2023 09:00,13/11/2023 09:00,0.99,,,,,,,,,,,
13/11/2023 10:00,13/11/2023 10:00,0.991,,,,,,,,,,,
13/11/2023 11:00,13/11/2023 11:00,0.99,,,,,,,,,,,
13/11/2023 12:00,13/11/2023 12:00,0.989,,,,,,,,,,,
13/11/2023 13:00,13/11/2023 13:00,0.984,,,,,,,,,,,
13/11/2023 14:00,13/11/2023 14:00,0.979,,,,,,,,,,,
13/11/2023 15:00,13/11/2023 15:00,0.977,,,,,,,,,,,
13/11/2023 16:00,13/11/2023 16:00,0.975,,,,,,,,,,,
13/11/2023 17:00,13/11/2023 17:00,0.977,,,,,,,,,,,
13/11/2023 18:00,13/11/2023 18:00,0.977,,,,,,,,,,,
13/11/2023 19:00,13/11/2023 19:00,0.972,,,,,,,,,,,
13/11/2023 20:00,13/11/2023 20:00,0.967,,,,,,,,,,,
13/11/2023 21:00,13/11/2023 21:00,0.969,,,,,,,,,,,
13/11/2023 22:00,13/11/2023 22:00,0.978,,,,,,,,,,,
13/11/2023 23:00,13/11/2023 23:00,0.986,,,,,,,,,,,
14/11/2023 00:00,14/11/2023 00:00,0.99,,,,,,,,,,,
14/11/2023 01:00,14/11/2023 01:00,0.991,,,,,,,,,,,
14/11/2023 02:00,14/11/2023 02:00,0.989,,,,,,,,,,,
14/11/2023 03:00,14/11/2023 03:00,0.983,,,,,,,,,,,
14/11/2023 04:00,14/11/2023 04:00,0.973,,,,,,,,,,,
14/11/2023 05:00,14/11/2023 05:00,0.959,,,,,,,,,,,
14/11/2023 06:00,14/11/2023 06:00,0.938,,,,,,,,,,,
14/11/2023 07:00,14/11/2023 07:00,0.926,,,,,,,,,,,
14/11/2023 08:00,14/11/2023 08:00,0.911,,,,,,,,,,,
14/11/2023 09:00,14/11/2023 09:00,0.866,,,,,,,,,,,
14/11/2023 10:00,14/11/2023 10:00,0.829,,,,,,,,,,,
14/11/2023 11:00,14/11/2023 11:00,0.816,,,,,,,,,,,
14/11/2023 12:00,14/11/2023 12:00,0.788,,,,,,,,,,,
14/11/2023 13:00,14/11/2023 13:00,0.756,,,,,,,,,,,
14/11/2023 14:00,14/11/2023 14:00,0.737,,,,,,,,,,,
14/11/2023 15:00,14/11/2023 15:00,0.72,,,,,,,,,,,
14/11/2023 16:00,14/11/2023 16:00,0.769,,,,,,,,,,,
14/11/2023 17:00,14/11/2023 17:00,0.814,,,,,,,,,,,
14/11/2023 18:00,14/11/2023 18:00,0.839,,,,,,,,,,,
14/11/2023 19:00,14/11/2023 19:00,0.849,,,,,,,,,,,
14/11/2023 20:00,14/11/2023 20:00,0.849,,,,,,,,,,,
14/11/2023 21:00,14/11/2023 21:00,0.846,,,,,,,,,,,
14/11/2023 22:00,14/11/2023 22:00,0.841,,,,,,,,,,,
14/11/2023 23:00,14/11/2023 23:00,0.847,,,,,,,,,,,
15/11/2023 00:00,15/11/2023 00:00,0.855,,,,,,,,,,,
15/11/2023 01:00,15/11/2023 01:00,0.865,,,,,,,,,,,
15/11/2023 02:00,15/11/2023 02:00,0.866,,,,,,,,,,,
15/11/2023 03:00,15/11/2023 03:00,0.871,,,,,,,,,,,
15/11/2023 04:00,15/11/2023 04:00,0.862,,,,,,,,,,,
15/11/2023 05:00,15/11/2023 05:00,0.873,,,,,,,,,,,
15/11/2023 06:00,15/11/2023 06:00,0.895,,,,,,,,,,,
15/11/2023 07:00,15/11/2023 07:00,0.919,,,,,,,,,,,
15/11/2023 08:00,15/11/2023 08:00,0.937,,,,,,,,,,,
15/11/2023 09:00,15/11/2023 09:00,0.946,,,,,,,,,,,
15/11/2023 10:00,15/11/2023 10:00,0.953,,,,,,,,,,,
15/11/2023 11:00,15/11/2023 11:00,0.963,,,,,,,,,,,
15/11/2023 12:00,15/11/2023 12:00,0.968,,,,,,,,,,,
15/11/2023 13:00,15/11/2023 13:00,0.968,,,,,,,,,,,
15/11/2023 14:00,15/11/2023 14:00,0.966,,,,,,,,,,,
15/11/2023 15:00,15/11/2023 15:00,0.966,,,,,,,,,,,
15/11/2023 16:00,15/11/2023 16:00,0.965,,,,,,,,,,,
15/11/2023 17:00,15/11/2023 17:00,0.962,,,,,,,,,,,
15/11/2023 18:00,15/11/2023 18:00,0.954,,,,,,,,,,,
15/11/2023 19:00,15/11/2023 19:00,0.927,,,,,,,,,,,
15/11/2023 20:00,15/11/2023 20:00,0.867,,,,,,,,,,,
15/11/2023 21:00,15/11/2023 21:00,0.768,,,,,,,,,,,
15/11/2023 22:00,15/11/2023 22:00,0.656,,,,,,,,,,,
15/11/2023 23:00,15/11/2023 23:00,0.495,,,,,,,,,,,
16/11/2023 00:00,16/11/2023 00:00,0.333,,,,,,,,,,,
16/11/2023 01:00,16/11/2023 01:00,0.207,,,,,,,,,,,
16/11/2023 02:00,16/11/2023 02:00,0.127,,,,,,,,,,,
16/11/2023 03:00,16/11/2023 03:00,0.103,,,,,,,,,,,
16/11/2023 04:00,16/11/2023 04:00,0.144,,,,,,,,,,,
16/11/2023 05:00,16/11/2023 05:00,0.134,,,,,,,,,,,
16/11/2023 06:00,16/11/2023 06:00,0.216,,,,,,,,,,,
16/11/2023 07:00,16/11/2023 07:00,0.342,,,,,,,,,,,
16/11/2023 08:00,16/11/2023 08:00,0.435,,,,,,,,,,,
16/11/2023 09:00,16/11/2023 09:00,0.501,,,,,,,,,,,
16/11/2023 10:00,16/11/2023 10:00,0.545,,,,,,,,,,,
16/11/2023 11:00,16/11/2023 11:00,0.539,,,,,,,,,,,
16/11/2023 12:00,16/11/2023 12:00,0.501,,,,,,,,,,,
16/11/2023 13:00,16/11/2023 13:00,0.457,,,,,,,,,,,
16/11/2023 14:00,16/11/2023 14:00,0.427,,,,,,,,,,,
16/11/2023 15:00,16/11/2023 15:00,0.404,,,,,,,,,,,
16/11/2023 16:00,16/11/2023 16:00,0.357,,,,,,,,,,,
16/11/2023 17:00,16/11/2023 17:00,0.3,,,,,,,,,,,
16/11/2023 18:00,16/11/2023 18:00,0.236,,,,,,,,,,,
16/11/2023 19:00,16/11/2023 19:00,0.156,,,,,,,,,,,
16/11/2023 20:00,16/11/2023 20:00,0.07,,,,,,,,,,,
16/11/2023 21:00,16/11/2023 21:00,0.012,,,,,,,,,,,
16/11/2023 22:00,16/11/2023 22:00,0.011,,,,,,,,,,,
16/11/2023 23:00,16/11/2023 23:00,0.027,,,,,,,,,,,
17/11/2023 00:00,17/11/2023 00:00,0.061,,,,,,,,,,,
17/11/2023 01:00,17/11/2023 01:00,0.136,,,,,,,,,,,
17/11/2023 02:00,17/11/2023 02:00,0.179,,,,,,,,,,,
17/11/2023 03:00,17/11/2023 03:00,0.179,,,,,,,,,,,
17/11/2023 04:00,17/11/2023 04:00,0.163,,,,,,,,,,,
17/11/2023 05:00,17/11/2023 05:00,0.157,,,,,,,,,,,
17/11/2023 06:00,17/11/2023 06:00,0.143,,,,,,,,,,,
17/11/2023 07:00,17/11/2023 07:00,0.144,,,,,,,,,,,
17/11/2023 08:00,17/11/2023 08:00,0.16,,,,,,,,,,,
17/11/2023 09:00,17/11/2023 09:00,0.192,,,,,,,,,,,
17/11/2023 10:00,17/11/2023 10:00,0.169,,,,,,,,,,,
17/11/2023 11:00,17/11/2023 11:00,0.139,,,,,,,,,,,
17/11/2023 12:00,17/11/2023 12:00,0.117,,,,,,,,,,,
17/11/2023 13:00,17/11/2023 13:00,0.13,,,,,,,,,,,
17/11/2023 14:00,17/11/2023 14:00,0.144,,,,,,,,,,,
17/11/2023 15:00,17/11/2023 15:00,0.193,,,,,,,,,,,
17/11/2023 16:00,17/11/2023 16:00,0.171,,,,,,,,,,,
17/11/2023 17:00,17/11/2023 17:00,0.158,,,,,,,,,,,
17/11/2023 18:00,17/11/2023 18:00,0.175,,,,,,,,,,,
17/11/2023 19:00,17/11/2023 19:00,0.201,,,,,,,,,,,
17/11/2023 20:00,17/11/2023 20:00,0.213,,,,,,,,,,,
17/11/2023 21:00,17/11/2023 21:00,0.232,,,,,,,,,,,
17/11/2023 22:00,17/11/2023 22:00,0.258,,,,,,,,,,,
17/11/2023 23:00,17/11/2023 23:00,0.311,,,,,,,,,,,
18/11/2023 00:00,18/11/2023 00:00,0.394,,,,,,,,,,,
18/11/2023 01:00,18/11/2023 01:00,0.485,,,,,,,,,,,
18/11/2023 02:00,18/11/2023 02:00,0.549,,,,,,,,,,,
18/11/2023 03:00,18/11/2023 03:00,0.625,,,,,,,,,,,
18/11/2023 04:00,18/11/2023 04:00,0.729,,,,,,,,,,,
18/11/2023 05:00,18/11/2023 05:00,0.853,,,,,,,,,,,
18/11/2023 06:00,18/11/2023 06:00,0.943,,,,,,,,,,,
18/11/2023 07:00,18/11/2023 07:00,0.982,,,,,,,,,,,
18/11/2023 08:00,18/11/2023 08:00,0.991,,,,,,,,,,,
18/11/2023 09:00,18/11/2023 09:00,0.991,,,,,,,,,,,
18/11/2023 10:00,18/11/2023 10:00,0.991,,,,,,,,,,,
18/11/2023 11:00,18/11/2023 11:00,0.978,,,,,,,,,,,
18/11/2023 12:00,18/11/2023 12:00,0.941,,,,,,,,,,,
18/11/2023 13:00,18/11/2023 13:00,0.862,,,,,,,,,,,
18/11/2023 14:00,18/11/2023 14:00,0.824,,,,,,,,,,,
18/11/2023 15:00,18/11/2023 15:00,0.845,,,,,,,,,,,
18/11/2023 16:00,18/11/2023 16:00,0.871,,,,,,,,,,,
18/11/2023 17:00,18/11/2023 17:00,0.891,,,,,,,,,,,
18/11/2023 18:00,18/11/2023 18:00,0.895,,,,,,,,,,,
18/11/2023 19:00,18/11/2023 19:00,0.896,,,,,,,,,,,
18/11/2023 20:00,18/11/2023 20:00,0.896,,,,,,,,,,,
18/11/2023 21:00,18/11/2023 21:00,0.909,,,,,,,,,,,
18/11/2023 22:00,18/11/2023 22:00,0.928,,,,,,,,,,,
18/11/2023 23:00,18/11/2023 23:00,0.941,,,,,,,,,,,
19/11/2023 00:00,19/11/2023 00:00,0.955,,,,,,,,,,,
19/11/2023 01:00,19/11/2023 01:00,0.964,,,,,,,,,,,
19/11/2023 02:00,19/11/2023 02:00,0.969,,,,,,,,,,,
19/11/2023 03:00,19/11/2023 03:00,0.965,,,,,,,,,,,
19/11/2023 04:00,19/11/2023 04:00,0.958,,,,,,,,,,,
19/11/2023 05:00,19/11/2023 05:00,0.954,,,,,,,,,,,
19/11/2023 06:00,19/11/2023 06:00,0.95,,,,,,,,,,,
19/11/2023 07:00,19/11/2023 07:00,0.948,,,,,,,,,,,
19/11/2023 08:00,19/11/2023 08:00,0.946,,,,,,,,,,,
19/11/2023 09:00,19/11/2023 09:00,0.94,,,,,,,,,,,
19/11/2023 10:00,19/11/2023 10:00,0.939,,,,,,,,,,,
19/11/2023 11:00,19/11/2023 11:00,0.945,,,,,,,,,,,
19/11/2023 12:00,19/11/2023 12:00,0.942,,,,,,,,,,,
19/11/2023 13:00,19/11/2023 13:00,0.945,,,,,,,,,,,
19/11/2023 14:00,19/11/2023 14:00,0.963,,,,,,,,,,,
19/11/2023 15:00,19/11/2023 15:00,0.97,,,,,,,,,,,
19/11/2023 16:00,19/11/2023 16:00,0.961,,,,,,,,,,,
19/11/2023 17:00,19/11/2023 17:00,0.955,,,,,,,,,,,
19/11/2023 18:00,19/11/2023 18:00,0.96,,,,,,,,,,,
19/11/2023 19:00,19/11/2023 19:00,0.961,,,,,,,,,,,
19/11/2023 20:00,19/11/2023 20:00,0.956,,,,,,,,,,,
19/11/2023 21:00,19/11/2023 21:00,0.95,,,,,,,,,,,
19/11/2023 22:00,19/11/2023 22:00,0.965,,,,,,,,,,,
19/11/2023 23:00,19/11/2023 23:00,0.944,,,,,,,,,,,
20/11/2023 00:00,20/11/2023 00:00,0.929,,,,,,,,,,,
20/11/2023 01:00,20/11/2023 01:00,0.914,,,,,,,,,,,
20/11/2023 02:00,20/11/2023 02:00,0.899,,,,,,,,,,,
20/11/2023 03:00,20/11/2023 03:00,0.886,,,,,,,,,,,
20/11/2023 04:00,20/11/2023 04:00,0.874,,,,,,,,,,,
20/11/2023 05:00,20/11/2023 05:00,0.842,,,,,,,,,,,
20/11/2023 06:00,20/11/2023 06:00,0.803,,,,,,,,,,,
20/11/2023 07:00,20/11/2023 07:00,0.75,,,,,,,,,,,
20/11/2023 08:00,20/11/2023 08:00,0.678,,,,,,,,,,,
20/11/2023 09:00,20/11/2023 09:00,0.578,,,,,,,,,,,
20/11/2023 10:00,20/11/2023 10:00,0.464,,,,,,,,,,,
20/11/2023 11:00,20/11/2023 11:00,0.366,,,,,,,,,,,
20/11/2023 12:00,20/11/2023 12:00,0.306,,,,,,,,,,,
20/11/2023 13:00,20/11/2023 13:00,0.272,,,,,,,,,,,
20/11/2023 14:00,20/11/2023 14:00,0.241,,,,,,,,,,,
20/11/2023 15:00,20/11/2023 15:00,0.254,,,,,,,,,,,
20/11/2023 16:00,20/11/2023 16:00,0.315,,,,,,,,,,,
20/11/2023 17:00,20/11/2023 17:00,0.37,,,,,,,,,,,
20/11/2023 18:00,20/11/2023 18:00,0.405,,,,,,,,,,,
20/11/2023 19:00,20/11/2023 19:00,0.428,,,,,,,,,,,
20/11/2023 20:00,20/11/2023 20:00,0.465,,,,,,,,,,,
20/11/2023 21:00,20/11/2023 21:00,0.523,,,,,,,,,,,
20/11/2023 22:00,20/11/2023 22:00,0.58,,,,,,,,,,,
20/11/2023 23:00,20/11/2023 23:00,0.637,,,,,,,,,,,
21/11/2023 00:00,21/11/2023 00:00,0.675,,,,,,,,,,,
21/11/2023 01:00,21/11/2023 01:00,0.69,,,,,,,,,,,
21/11/2023 02:00,21/11/2023 02:00,0.672,,,,,,,,,,,
21/11/2023 03:00,21/11/2023 03:00,0.625,,,,,,,,,,,
21/11/2023 04:00,21/11/2023 04:00,0.602,,,,,,,,,,,
21/11/2023 05:00,21/11/2023 05:00,0.604,,,,,,,,,,,
21/11/2023 06:00,21/11/2023 06:00,0.661,,,,,,,,,,,
21/11/2023 07:00,21/11/2023 07:00,0.736,,,,,,,,,,,
21/11/2023 08:00,21/11/2023 08:00,0.819,,,,,,,,,,,
21/11/2023 09:00,21/11/2023 09:00,0.89,,,,,,,,,,,
21/11/2023 10:00,21/11/2023 10:00,0.925,,,,,,,,,,,
21/11/2023 11:00,21/11/2023 11:00,0.935,,,,,,,,,,,
21/11/2023 12:00,21/11/2023 12:00,0.921,,,,,,,,,,,
21/11/2023 13:00,21/11/2023 13:00,0.896,,,,,,,,,,,
21/11/2023 14:00,21/11/2023 14:00,0.876,,,,,,,,,,,
21/11/2023 15:00,21/11/2023 15:00,0.849,,,,,,,,,,,
21/11/2023 16:00,21/11/2023 16:00,0.81,,,,,,,,,,,
21/11/2023 17:00,21/11/2023 17:00,0.754,,,,,,,,,,,
21/11/2023 18:00,21/11/2023 18:00,0.697,,,,,,,,,,,
21/11/2023 19:00,21/11/2023 19:00,0.637,,,,,,,,,,,
21/11/2023 20:00,21/11/2023 20:00,0.544,,,,,,,,,,,
21/11/2023 21:00,21/11/2023 21:00,0.436,,,,,,,,,,,
21/11/2023 22:00,21/11/2023 22:00,0.316,,,,,,,,,,,
21/11/2023 23:00,21/11/2023 23:00,0.222,,,,,,,,,,,
22/11/2023 00:00,22/11/2023 00:00,0.182,,,,,,,,,,,
22/11/2023 01:00,22/11/2023 01:00,0.174,,,,,,,,,,,
22/11/2023 02:00,22/11/2023 02:00,0.284,,,,,,,,,,,
22/11/2023 03:00,22/11/2023 03:00,0.429,,,,,,,,,,,
22/11/2023 04:00,22/11/2023 04:00,0.256,,,,,,,,,,,
22/11/2023 05:00,22/11/2023 05:00,0.309,,,,,,,,,,,
22/11/2023 06:00,22/11/2023 06:00,0.552,,,,,,,,,,,
22/11/2023 07:00,22/11/2023 07:00,0.559,,,,,,,,,,,
22/11/2023 08:00,22/11/2023 08:00,0.596,,,,,,,,,,,
22/11/2023 09:00,22/11/2023 09:00,0.658,,,,,,,,,,,
22/11/2023 10:00,22/11/2023 10:00,0.731,,,,,,,,,,,
22/11/2023 11:00,22/11/2023 11:00,0.765,,,,,,,,,,,
22/11/2023 12:00,22/11/2023 12:00,0.786,,,,,,,,,,,
22/11/2023 13:00,22/11/2023 13:00,0.826,,,,,,,,,,,
22/11/2023 14:00,22/11/2023 14:00,0.835,,,,,,,,,,,
22/11/2023 15:00,22/11/2023 15:00,0.836,,,,,,,,,,,
22/11/2023 16:00,22/11/2023 16:00,0.846,,,,,,,,,,,
22/11/2023 17:00,22/11/2023 17:00,0.846,,,,,,,,,,,
22/11/2023 18:00,22/11/2023 18:00,0.848,,,,,,,,,,,
22/11/2023 19:00,22/11/2023 19:00,0.862,,,,,,,,,,,
22/11/2023 20:00,22/11/2023 20:00,0.88,,,,,,,,,,,
22/11/2023 21:00,22/11/2023 21:00,0.89,,,,,,,,,,,
22/11/2023 22:00,22/11/2023 22:00,0.9,,,,,,,,,,,
22/11/2023 23:00,22/11/2023 23:00,0.905,,,,,,,,,,,
23/11/2023 00:00,23/11/2023 00:00,0.914,,,,,,,,,,,
23/11/2023 01:00,23/11/2023 01:00,0.906,,,,,,,,,,,
23/11/2023 02:00,23/11/2023 02:00,0.905,,,,,,,,,,,
23/11/2023 03:00,23/11/2023 03:00,0.908,,,,,,,,,,,
23/11/2023 04:00,23/11/2023 04:00,0.903,,,,,,,,,,,
23/11/2023 05:00,23/11/2023 05:00,0.901,,,,,,,,,,,
23/11/2023 06:00,23/11/2023 06:00,0.91,,,,,,,,,,,
23/11/2023 07:00,23/11/2023 07:00,0.928,,,,,,,,,,,
23/11/2023 08:00,23/11/2023 08:00,0.944,,,,,,,,,,,
23/11/2023 09:00,23/11/2023 09:00,0.957,,,,,,,,,,,
23/11/2023 10:00,23/11/2023 10:00,0.959,,,,,,,,,,,
23/11/2023 11:00,23/11/2023 11:00,0.969,,,,,,,,,,,
23/11/2023 12:00,23/11/2023 12:00,0.975,,,,,,,,,,,
23/11/2023 13:00,23/11/2023 13:00,0.978,,,,,,,,,,,
23/11/2023 14:00,23/11/2023 14:00,0.982,,,,,,,,,,,
23/11/2023 15:00,23/11/2023 15:00,0.989,,,,,,,,,,,
23/11/2023 16:00,23/11/2023 16:00,0.99,,,,,,,,,,,
23/11/2023 17:00,23/11/2023 17:00,0.989,,,,,,,,,,,
23/11/2023 18:00,23/11/2023 18:00,0.989,,,,,,,,,,,
23/11/2023 19:00,23/11/2023 19:00,0.991,,,,,,,,,,,
23/11/2023 20:00,23/11/2023 20:00,0.991,,,,,,,,,,,
23/11/2023 21:00,23/11/2023 21:00,0.99,,,,,,,,,,,
23/11/2023 22:00,23/11/2023 22:00,0.984,,,,,,,,,,,
23/11/2023 23:00,23/11/2023 23:00,0.981,,,,,,,,,,,
24/11/2023 00:00,24/11/2023 00:00,0.975,,,,,,,,,,,
24/11/2023 01:00,24/11/2023 01:00,0.973,,,,,,,,,,,
24/11/2023 02:00,24/11/2023 02:00,0.974,,,,,,,,,,,
24/11/2023 03:00,24/11/2023 03:00,0.976,,,,,,,,,,,
24/11/2023 04:00,24/11/2023 04:00,0.977,,,,,,,,,,,
24/11/2023 05:00,24/11/2023 05:00,0.977,,,,,,,,,,,
24/11/2023 06:00,24/11/2023 06:00,0.98,,,,,,,,,,,
24/11/2023 07:00,24/11/2023 07:00,0.986,,,,,,,,,,,
24/11/2023 08:00,24/11/2023 08:00,0.989,,,,,,,,,,,
24/11/2023 09:00,24/11/2023 09:00,0.99,,,,,,,,,,,
24/11/2023 10:00,24/11/2023 10:00,0.991,,,,,,,,,,,
24/11/2023 11:00,24/11/2023 11:00,0.991,,,,,,,,,,,
24/11/2023 12:00,24/11/2023 12:00,0.99,,,,,,,,,,,
24/11/2023 13:00,24/11/2023 13:00,0.985,,,,,,,,,,,
24/11/2023 14:00,24/11/2023 14:00,0.977,,,,,,,,,,,
24/11/2023 15:00,24/11/2023 15:00,0.97,,,,,,,,,,,
24/11/2023 16:00,24/11/2023 16:00,0.972,,,,,,,,,,,
24/11/2023 17:00,24/11/2023 17:00,0.978,,,,,,,,,,,
24/11/2023 18:00,24/11/2023 18:00,0.985,,,,,,,,,,,
24/11/2023 19:00,24/11/2023 19:00,0.99,,,,,,,,,,,
24/11/2023 20:00,24/11/2023 20:00,0.991,,,,,,,,,,,
24/11/2023 21:00,24/11/2023 21:00,0.981,,,,,,,,,,,
24/11/2023 22:00,24/11/2023 22:00,0.963,,,,,,,,,,,
24/11/2023 23:00,24/11/2023 23:00,0.945,,,,,,,,,,,
25/11/2023 00:00,25/11/2023 00:00,0.939,,,,,,,,,,,
25/11/2023 01:00,25/11/2023 01:00,0.943,,,,,,,,,,,
25/11/2023 02:00,25/11/2023 02:00,0.952,,,,,,,,,,,
25/11/2023 03:00,25/11/2023 03:00,0.959,,,,,,,,,,,
25/11/2023 04:00,25/11/2023 04:00,0.965,,,,,,,,,,,
25/11/2023 05:00,25/11/2023 05:00,0.971,,,,,,,,,,,
25/11/2023 06:00,25/11/2023 06:00,0.968,,,,,,,,,,,
25/11/2023 07:00,25/11/2023 07:00,0.964,,,,,,,,,,,
25/11/2023 08:00,25/11/2023 08:00,0.957,,,,,,,,,,,
25/11/2023 09:00,25/11/2023 09:00,0.944,,,,,,,,,,,
25/11/2023 10:00,25/11/2023 10:00,0.93,,,,,,,,,,,
25/11/2023 11:00,25/11/2023 11:00,0.917,,,,,,,,,,,
25/11/2023 12:00,25/11/2023 12:00,0.907,,,,,,,,,,,
25/11/2023 13:00,25/11/2023 13:00,0.898,,,,,,,,,,,
25/11/2023 14:00,25/11/2023 14:00,0.883,,,,,,,,,,,
25/11/2023 15:00,25/11/2023 15:00,0.866,,,,,,,,,,,
25/11/2023 16:00,25/11/2023 16:00,0.845,,,,,,,,,,,
25/11/2023 17:00,25/11/2023 17:00,0.817,,,,,,,,,,,
25/11/2023 18:00,25/11/2023 18:00,0.778,,,,,,,,,,,
25/11/2023 19:00,25/11/2023 19:00,0.715,,,,,,,,,,,
25/11/2023 20:00,25/11/2023 20:00,0.63,,,,,,,,,,,
25/11/2023 21:00,25/11/2023 21:00,0.535,,,,,,,,,,,
25/11/2023 22:00,25/11/2023 22:00,0.451,,,,,,,,,,,
25/11/2023 23:00,25/11/2023 23:00,0.41,,,,,,,,,,,
26/11/2023 00:00,26/11/2023 00:00,0.399,,,,,,,,,,,
26/11/2023 01:00,26/11/2023 01:00,0.408,,,,,,,,,,,
26/11/2023 02:00,26/11/2023 02:00,0.422,,,,,,,,,,,
26/11/2023 03:00,26/11/2023 03:00,0.433,,,,,,,,,,,
26/11/2023 04:00,26/11/2023 04:00,0.426,,,,,,,,,,,
26/11/2023 05:00,26/11/2023 05:00,0.391,,,,,,,,,,,
26/11/2023 06:00,26/11/2023 06:00,0.341,,,,,,,,,,,
26/11/2023 07:00,26/11/2023 07:00,0.295,,,,,,,,,,,
26/11/2023 08:00,26/11/2023 08:00,0.28,,,,,,,,,,,
26/11/2023 09:00,26/11/2023 09:00,0.292,,,,,,,,,,,
26/11/2023 10:00,26/11/2023 10:00,0.322,,,,,,,,,,,
26/11/2023 11:00,26/11/2023 11:00,0.356,,,,,,,,,,,
26/11/2023 12:00,26/11/2023 12:00,0.359,,,,,,,,,,,
26/11/2023 13:00,26/11/2023 13:00,0.341,,,,,,,,,,,
26/11/2023 14:00,26/11/2023 14:00,0.337,,,,,,,,,,,
26/11/2023 15:00,26/11/2023 15:00,0.358,,,,,,,,,,,
26/11/2023 16:00,26/11/2023 16:00,0.377,,,,,,,,,,,
26/11/2023 17:00,26/11/2023 17:00,0.367,,,,,,,,,,,
26/11/2023 18:00,26/11/2023 18:00,0.317,,,,,,,,,,,
26/11/2023 19:00,26/11/2023 19:00,0.267,,,,,,,,,,,
26/11/2023 20:00,26/11/2023 20:00,0.235,,,,,,,,,,,
26/11/2023 21:00,26/11/2023 21:00,0.201,,,,,,,,,,,
26/11/2023 22:00,26/11/2023 22:00,0.167,,,,,,,,,,,
26/11/2023 23:00,26/11/2023 23:00,0.119,,,,,,,,,,,
27/11/2023 00:00,27/11/2023 00:00,0.059,,,,,,,,,,,
27/11/2023 01:00,27/11/2023 01:00,0.039,,,,,,,,,,,
27/11/2023 02:00,27/11/2023 02:00,0.045,,,,,,,,,,,
27/11/2023 03:00,27/11/2023 03:00,0.099,,,,,,,,,,,
27/11/2023 04:00,27/11/2023 04:00,0.206,,,,,,,,,,,
27/11/2023 05:00,27/11/2023 05:00,0.316,,,,,,,,,,,
27/11/2023 06:00,27/11/2023 06:00,0.398,,,,,,,,,,,
27/11/2023 07:00,27/11/2023 07:00,0.453,,,,,,,,,,,
27/11/2023 08:00,27/11/2023 08:00,0.524,,,,,,,,,,,
27/11/2023 09:00,27/11/2023 09:00,0.586,,,,,,,,,,,
27/11/2023 10:00,27/11/2023 10:00,0.629,,,,,,,,,,,
27/11/2023 11:00,27/11/2023 11:00,0.654,,,,,,,,,,,
27/11/2023 12:00,27/11/2023 12:00,0.677,,,,,,,,,,,
27/11/2023 13:00,27/11/2023 13:00,0.706,,,,,,,,,,,
27/11/2023 14:00,27/11/2023 14:00,0.737,,,,,,,,,,,
27/11/2023 15:00,27/11/2023 15:00,0.762,,,,,,,,,,,
27/11/2023 16:00,27/11/2023 16:00,0.788,,,,,,,,,,,
27/11/2023 17:00,27/11/2023 17:00,0.826,,,,,,,,,,,
27/11/2023 18:00,27/11/2023 18:00,0.874,,,,,,,,,,,
27/11/2023 19:00,27/11/2023 19:00,0.908,,,,,,,,,,,
27/11/2023 20:00,27/11/2023 20:00,0.93,,,,,,,,,,,
27/11/2023 21:00,27/11/2023 21:00,0.941,,,,,,,,,,,
27/11/2023 22:00,27/11/2023 22:00,0.949,,,,,,,,,,,
27/11/2023 23:00,27/11/2023 23:00,0.957,,,,,,,,,,,
28/11/2023 00:00,28/11/2023 00:00,0.956,,,,,,,,,,,
28/11/2023 01:00,28/11/2023 01:00,0.948,,,,,,,,,,,
28/11/2023 02:00,28/11/2023 02:00,0.936,,,,,,,,,,,
28/11/2023 03:00,28/11/2023 03:00,0.913,,,,,,,,,,,
28/11/2023 04:00,28/11/2023 04:00,0.865,,,,,,,,,,,
28/11/2023 05:00,28/11/2023 05:00,0.785,,,,,,,,,,,
28/11/2023 06:00,28/11/2023 06:00,0.666,,,,,,,,,,,
28/11/2023 07:00,28/11/2023 07:00,0.507,,,,,,,,,,,
28/11/2023 08:00,28/11/2023 08:00,0.342,,,,,,,,,,,
28/11/2023 09:00,28/11/2023 09:00,0.212,,,,,,,,,,,
28/11/2023 10:00,28/11/2023 10:00,0.152,,,,,,,,,,,
28/11/2023 11:00,28/11/2023 11:00,0.185,,,,,,,,,,,
28/11/2023 12:00,28/11/2023 12:00,0.289,,,,,,,,,,,
28/11/2023 13:00,28/11/2023 13:00,0.45,,,,,,,,,,,
28/11/2023 14:00,28/11/2023 14:00,0.623,,,,,,,,,,,
28/11/2023 15:00,28/11/2023 15:00,0.755,,,,,,,,,,,
28/11/2023 16:00,28/11/2023 16:00,0.83,,,,,,,,,,,
28/11/2023 17:00,28/11/2023 17:00,0.863,,,,,,,,,,,
28/11/2023 18:00,28/11/2023 18:00,0.882,,,,,,,,,,,
28/11/2023 19:00,28/11/2023 19:00,0.898,,,,,,,,,,,
28/11/2023 20:00,28/11/2023 20:00,0.91,,,,,,,,,,,
28/11/2023 21:00,28/11/2023 21:00,0.919,,,,,,,,,,,
28/11/2023 22:00,28/11/2023 22:00,0.918,,,,,,,,,,,
28/11/2023 23:00,28/11/2023 23:00,0.916,,,,,,,,,,,
29/11/2023 00:00,29/11/2023 00:00,0.909,,,,,,,,,,,
29/11/2023 01:00,29/11/2023 01:00,0.892,,,,,,,,,,,
29/11/2023 02:00,29/11/2023 02:00,0.871,,,,,,,,,,,
29/11/2023 03:00,29/11/2023 03:00,0.839,,,,,,,,,,,
29/11/2023 04:00,29/11/2023 04:00,0.789,,,,,,,,,,,
29/11/2023 05:00,29/11/2023 05:00,0.724,,,,,,,,,,,
29/11/2023 06:00,29/11/2023 06:00,0.632,,,,,,,,,,,
29/11/2023 07:00,29/11/2023 07:00,0.522,,,,,,,,,,,
29/11/2023 08:00,29/11/2023 08:00,0.388,,,,,,,,,,,
29/11/2023 09:00,29/11/2023 09:00,0.251,,,,,,,,,,,
29/11/2023 10:00,29/11/2023 10:00,0.156,,,,,,,,,,,
29/11/2023 11:00,29/11/2023 11:00,0.09,,,,,,,,,,,
29/11/2023 12:00,29/11/2023 12:00,0.066,,,,,,,,,,,
29/11/2023 13:00,29/11/2023 13:00,0.057,,,,,,,,,,,
29/11/2023 14:00,29/11/2023 14:00,0.059,,,,,,,,,,,
29/11/2023 15:00,29/11/2023 15:00,0.056,,,,,,,,,,,
29/11/2023 16:00,29/11/2023 16:00,0.049,,,,,,,,,,,
29/11/2023 17:00,29/11/2023 17:00,0.037,,,,,,,,,,,
29/11/2023 18:00,29/11/2023 18:00,0.026,,,,,,,,,,,
29/11/2023 19:00,29/11/2023 19:00,0.025,,,,,,,,,,,
29/11/2023 20:00,29/11/2023 20:00,0.037,,,,,,,,,,,
29/11/2023 21:00,29/11/2023 21:00,0.065,,,,,,,,,,,
29/11/2023 22:00,29/11/2023 22:00,0.111,,,,,,,,,,,
29/11/2023 23:00,29/11/2023 23:00,0.182,,,,,,,,,,,
30/11/2023 00:00,30/11/2023 00:00,0.266,,,,,,,,,,,
30/11/2023 01:00,30/11/2023 01:00,0.332,,,,,,,,,,,
30/11/2023 02:00,30/11/2023 02:00,0.405,,,,,,,,,,,
30/11/2023 03:00,30/11/2023 03:00,0.484,,,,,,,,,,,
30/11/2023 04:00,30/11/2023 04:00,0.566,,,,,,,,,,,
30/11/2023 05:00,30/11/2023 05:00,0.631,,,,,,,,,,,
30/11/2023 06:00,30/11/2023 06:00,0.668,,,,,,,,,,,
30/11/2023 07:00,30/11/2023 07:00,0.677,,,,,,,,,,,
30/11/2023 08:00,30/11/2023 08:00,0.667,,,,,,,,,,,
30/11/2023 09:00,30/11/2023 09:00,0.644,,,,,,,,,,,
30/11/2023 10:00,30/11/2023 10:00,0.615,,,,,,,,,,,
30/11/2023 11:00,30/11/2023 11:00,0.593,,,,,,,,,,,
30/11/2023 12:00,30/11/2023 12:00,0.59,,,,,,,,,,,
30/11/2023 13:00,30/11/2023 13:00,0.58,,,,,,,,,,,
30/11/2023 14:00,30/11/2023 14:00,0.582,,,,,,,,,,,
30/11/2023 15:00,30/11/2023 15:00,0.612,,,,,,,,,,,
30/11/2023 16:00,30/11/2023 16:00,0.633,,,,,,,,,,,
30/11/2023 17:00,30/11/2023 17:00,0.633,,,,,,,,,,,
30/11/2023 18:00,30/11/2023 18:00,0.618,,,,,,,,,,,
30/11/2023 19:00,30/11/2023 19:00,0.599,,,,,,,,,,,
30/11/2023 20:00,30/11/2023 20:00,0.584,,,,,,,,,,,
30/11/2023 21:00,30/11/2023 21:00,0.571,,,,,,,,,,,
30/11/2023 22:00,30/11/2023 22:00,0.558,,,,,,,,,,,
30/11/2023 23:00,30/11/2023 23:00,0.551,,,,,,,,,,,
01/12/2023 00:00,01/12/2023 00:00,0.545,,,,,,,,,,,
01/12/2023 01:00,01/12/2023 01:00,0.546,,,,,,,,,,,
01/12/2023 02:00,01/12/2023 02:00,0.552,,,,,,,,,,,
01/12/2023 03:00,01/12/2023 03:00,0.561,,,,,,,,,,,
01/12/2023 04:00,01/12/2023 04:00,0.583,,,,,,,,,,,
01/12/2023 05:00,01/12/2023 05:00,0.607,,,,,,,,,,,
01/12/2023 06:00,01/12/2023 06:00,0.625,,,,,,,,,,,
01/12/2023 07:00,01/12/2023 07:00,0.626,,,,,,,,,,,
01/12/2023 08:00,01/12/2023 08:00,0.615,,,,,,,,,,,
01/12/2023 09:00,01/12/2023 09:00,0.582,,,,,,,,,,,
01/12/2023 10:00,01/12/2023 10:00,0.525,,,,,,,,,,,
01/12/2023 11:00,01/12/2023 11:00,0.457,,,,,,,,,,,
01/12/2023 12:00,01/12/2023 12:00,0.395,,,,,,,,,,,
01/12/2023 13:00,01/12/2023 13:00,0.349,,,,,,,,,,,
01/12/2023 14:00,01/12/2023 14:00,0.326,,,,,,,,,,,
01/12/2023 15:00,01/12/2023 15:00,0.322,,,,,,,,,,,
01/12/2023 16:00,01/12/2023 16:00,0.332,,,,,,,,,,,
01/12/2023 17:00,01/12/2023 17:00,0.343,,,,,,,,,,,
01/12/2023 18:00,01/12/2023 18:00,0.344,,,,,,,,,,,
01/12/2023 19:00,01/12/2023 19:00,0.328,,,,,,,,,,,
01/12/2023 20:00,01/12/2023 20:00,0.294,,,,,,,,,,,
01/12/2023 21:00,01/12/2023 21:00,0.259,,,,,,,,,,,
01/12/2023 22:00,01/12/2023 22:00,0.232,,,,,,,,,,,
01/12/2023 23:00,01/12/2023 23:00,0.219,,,,,,,,,,,
02/12/2023 00:00,02/12/2023 00:00,0.22,,,,,,,,,,,
02/12/2023 01:00,02/12/2023 01:00,0.236,,,,,,,,,,,
02/12/2023 02:00,02/12/2023 02:00,0.259,,,,,,,,,,,
02/12/2023 03:00,02/12/2023 03:00,0.285,,,,,,,,,,,
02/12/2023 04:00,02/12/2023 04:00,0.298,,,,,,,,,,,
02/12/2023 05:00,02/12/2023 05:00,0.291,,,,,,,,,,,
02/12/2023 06:00,02/12/2023 06:00,0.266,,,,,,,,,,,
02/12/2023 07:00,02/12/2023 07:00,0.232,,,,,,,,,,,
02/12/2023 08:00,02/12/2023 08:00,0.194,,,,,,,,,,,
02/12/2023 09:00,02/12/2023 09:00,0.155,,,,,,,,,,,
02/12/2023 10:00,02/12/2023 10:00,0.123,,,,,,,,,,,
02/12/2023 11:00,02/12/2023 11:00,0.109,,,,,,,,,,,
02/12/2023 12:00,02/12/2023 12:00,0.121,,,,,,,,,,,
02/12/2023 13:00,02/12/2023 13:00,0.155,,,,,,,,,,,
02/12/2023 14:00,02/12/2023 14:00,0.199,,,,,,,,,,,
02/12/2023 15:00,02/12/2023 15:00,0.225,,,,,,,,,,,
02/12/2023 16:00,02/12/2023 16:00,0.217,,,,,,,,,,,
02/12/2023 17:00,02/12/2023 17:00,0.201,,,,,,,,,,,
02/12/2023 18:00,02/12/2023 18:00,0.203,,,,,,,,,,,
02/12/2023 19:00,02/12/2023 19:00,0.225,,,,,,,,,,,
02/12/2023 20:00,02/12/2023 20:00,0.274,,,,,,,,,,,
02/12/2023 21:00,02/12/2023 21:00,0.334,,,,,,,,,,,
02/12/2023 22:00,02/12/2023 22:00,0.368,,,,,,,,,,,
02/12/2023 23:00,02/12/2023 23:00,0.38,,,,,,,,,,,
03/12/2023 00:00,03/12/2023 00:00,0.374,,,,,,,,,,,
03/12/2023 01:00,03/12/2023 01:00,0.364,,,,,,,,,,,
03/12/2023 02:00,03/12/2023 02:00,0.408,,,,,,,,,,,
03/12/2023 03:00,03/12/2023 03:00,0.498,,,,,,,,,,,
03/12/2023 04:00,03/12/2023 04:00,0.606,,,,,,,,,,,
03/12/2023 05:00,03/12/2023 05:00,0.746,,,,,,,,,,,
03/12/2023 06:00,03/12/2023 06:00,0.853,,,,,,,,,,,
03/12/2023 07:00,03/12/2023 07:00,0.917,,,,,,,,,,,
03/12/2023 08:00,03/12/2023 08:00,0.948,,,,,,,,,,,
03/12/2023 09:00,03/12/2023 09:00,0.966,,,,,,,,,,,
03/12/2023 10:00,03/12/2023 10:00,0.966,,,,,,,,,,,
03/12/2023 11:00,03/12/2023 11:00,0.953,,,,,,,,,,,
03/12/2023 12:00,03/12/2023 12:00,0.922,,,,,,,,,,,
03/12/2023 13:00,03/12/2023 13:00,0.88,,,,,,,,,,,
03/12/2023 14:00,03/12/2023 14:00,0.853,,,,,,,,,,,
03/12/2023 15:00,03/12/2023 15:00,0.863,,,,,,,,,,,
03/12/2023 16:00,03/12/2023 16:00,0.875,,,,,,,,,,,
03/12/2023 17:00,03/12/2023 17:00,0.855,,,,,,,,,,,
03/12/2023 18:00,03/12/2023 18:00,0.78,,,,,,,,,,,
03/12/2023 19:00,03/12/2023 19:00,0.704,,,,,,,,,,,
03/12/2023 20:00,03/12/2023 20:00,0.705,,,,,,,,,,,
03/12/2023 21:00,03/12/2023 21:00,0.758,,,,,,,,,,,
03/12/2023 22:00,03/12/2023 22:00,0.813,,,,,,,,,,,
03/12/2023 23:00,03/12/2023 23:00,0.839,,,,,,,,,,,
04/12/2023 00:00,04/12/2023 00:00,0.871,,,,,,,,,,,
04/12/2023 01:00,04/12/2023 01:00,0.896,,,,,,,,,,,
04/12/2023 02:00,04/12/2023 02:00,0.907,,,,,,,,,,,
04/12/2023 03:00,04/12/2023 03:00,0.916,,,,,,,,,,,
04/12/2023 04:00,04/12/2023 04:00,0.928,,,,,,,,,,,
04/12/2023 05:00,04/12/2023 05:00,0.941,,,,,,,,,,,
04/12/2023 06:00,04/12/2023 06:00,0.947,,,,,,,,,,,
04/12/2023 07:00,04/12/2023 07:00,0.946,,,,,,,,,,,
04/12/2023 08:00,04/12/2023 08:00,0.946,,,,,,,,,,,
04/12/2023 09:00,04/12/2023 09:00,0.949,,,,,,,,,,,
04/12/2023 10:00,04/12/2023 10:00,0.948,,,,,,,,,,,
04/12/2023 11:00,04/12/2023 11:00,0.935,,,,,,,,,,,
04/12/2023 12:00,04/12/2023 12:00,0.912,,,,,,,,,,,
04/12/2023 13:00,04/12/2023 13:00,0.885,,,,,,,,,,,
04/12/2023 14:00,04/12/2023 14:00,0.856,,,,,,,,,,,
04/12/2023 15:00,04/12/2023 15:00,0.822,,,,,,,,,,,
04/12/2023 16:00,04/12/2023 16:00,0.798,,,,,,,,,,,
04/12/2023 17:00,04/12/2023 17:00,0.791,,,,,,,,,,,
04/12/2023 18:00,04/12/2023 18:00,0.801,,,,,,,,,,,
04/12/2023 19:00,04/12/2023 19:00,0.809,,,,,,,,,,,
04/12/2023 20:00,04/12/2023 20:00,0.812,,,,,,,,,,,
04/12/2023 21:00,04/12/2023 21:00,0.812,,,,,,,,,,,
04/12/2023 22:00,04/12/2023 22:00,0.814,,,,,,,,,,,
04/12/2023 23:00,04/12/2023 23:00,0.814,,,,,,,,,,,
05/12/2023 00:00,05/12/2023 00:00,0.807,,,,,,,,,,,
05/12/2023 01:00,05/12/2023 01:00,0.791,,,,,,,,,,,
05/12/2023 02:00,05/12/2023 02:00,0.773,,,,,,,,,,,
05/12/2023 03:00,05/12/2023 03:00,0.762,,,,,,,,,,,
05/12/2023 04:00,05/12/2023 04:00,0.756,,,,,,,,,,,
05/12/2023 05:00,05/12/2023 05:00,0.75,,,,,,,,,,,
05/12/2023 06:00,05/12/2023 06:00,0.749,,,,,,,,,,,
05/12/2023 07:00,05/12/2023 07:00,0.76,,,,,,,,,,,
05/12/2023 08:00,05/12/2023 08:00,0.781,,,,,,,,,,,
05/12/2023 09:00,05/12/2023 09:00,0.798,,,,,,,,,,,
05/12/2023 10:00,05/12/2023 10:00,0.812,,,,,,,,,,,
05/12/2023 11:00,05/12/2023 11:00,0.828,,,,,,,,,,,
05/12/2023 12:00,05/12/2023 12:00,0.844,,,,,,,,,,,
05/12/2023 13:00,05/12/2023 13:00,0.857,,,,,,,,,,,
05/12/2023 14:00,05/12/2023 14:00,0.866,,,,,,,,,,,
05/12/2023 15:00,05/12/2023 15:00,0.87,,,,,,,,,,,
05/12/2023 16:00,05/12/2023 16:00,0.867,,,,,,,,,,,
05/12/2023 17:00,05/12/2023 17:00,0.857,,,,,,,,,,,
05/12/2023 18:00,05/12/2023 18:00,0.841,,,,,,,,,,,
05/12/2023 19:00,05/12/2023 19:00,0.819,,,,,,,,,,,
05/12/2023 20:00,05/12/2023 20:00,0.791,,,,,,,,,,,
05/12/2023 21:00,05/12/2023 21:00,0.765,,,,,,,,,,,
05/12/2023 22:00,05/12/2023 22:00,0.737,,,,,,,,,,,
05/12/2023 23:00,05/12/2023 23:00,0.702,,,,,,,,,,,
06/12/2023 00:00,06/12/2023 00:00,0.671,,,,,,,,,,,
06/12/2023 01:00,06/12/2023 01:00,0.646,,,,,,,,,,,
06/12/2023 02:00,06/12/2023 02:00,0.642,,,,,,,,,,,
06/12/2023 03:00,06/12/2023 03:00,0.635,,,,,,,,,,,
06/12/2023 04:00,06/12/2023 04:00,0.614,,,,,,,,,,,
06/12/2023 05:00,06/12/2023 05:00,0.587,,,,,,,,,,,
06/12/2023 06:00,06/12/2023 06:00,0.55,,,,,,,,,,,
06/12/2023 07:00,06/12/2023 07:00,0.492,,,,,,,,,,,
06/12/2023 08:00,06/12/2023 08:00,0.413,,,,,,,,,,,
06/12/2023 09:00,06/12/2023 09:00,0.332,,,,,,,,,,,
06/12/2023 10:00,06/12/2023 10:00,0.263,,,,,,,,,,,
06/12/2023 11:00,06/12/2023 11:00,0.218,,,,,,,,,,,
06/12/2023 12:00,06/12/2023 12:00,0.184,,,,,,,,,,,
06/12/2023 13:00,06/12/2023 13:00,0.152,,,,,,,,,,,
06/12/2023 14:00,06/12/2023 14:00,0.119,,,,,,,,,,,
06/12/2023 15:00,06/12/2023 15:00,0.1,,,,,,,,,,,
06/12/2023 16:00,06/12/2023 16:00,0.085,,,,,,,,,,,
06/12/2023 17:00,06/12/2023 17:00,0.058,,,,,,,,,,,
06/12/2023 18:00,06/12/2023 18:00,0.042,,,,,,,,,,,
06/12/2023 19:00,06/12/2023 19:00,0.025,,,,,,,,,,,
06/12/2023 20:00,06/12/2023 20:00,0.028,,,,,,,,,,,
06/12/2023 21:00,06/12/2023 21:00,0.057,,,,,,,,,,,
06/12/2023 22:00,06/12/2023 22:00,0.108,,,,,,,,,,,
06/12/2023 23:00,06/12/2023 23:00,0.18,,,,,,,,,,,
07/12/2023 00:00,07/12/2023 00:00,0.257,,,,,,,,,,,
07/12/2023 01:00,07/12/2023 01:00,0.346,,,,,,,,,,,
07/12/2023 02:00,07/12/2023 02:00,0.446,,,,,,,,,,,
07/12/2023 03:00,07/12/2023 03:00,0.558,,,,,,,,,,,
07/12/2023 04:00,07/12/2023 04:00,0.674,,,,,,,,,,,
07/12/2023 05:00,07/12/2023 05:00,0.765,,,,,,,,,,,
07/12/2023 06:00,07/12/2023 06:00,0.836,,,,,,,,,,,
07/12/2023 07:00,07/12/2023 07:00,0.886,,,,,,,,,,,
07/12/2023 08:00,07/12/2023 08:00,0.915,,,,,,,,,,,
07/12/2023 09:00,07/12/2023 09:00,0.934,,,,,,,,,,,
07/12/2023 10:00,07/12/2023 10:00,0.945,,,,,,,,,,,
07/12/2023 11:00,07/12/2023 11:00,0.956,,,,,,,,,,,
07/12/2023 12:00,07/12/2023 12:00,0.96,,,,,,,,,,,
07/12/2023 13:00,07/12/2023 13:00,0.966,,,,,,,,,,,
07/12/2023 14:00,07/12/2023 14:00,0.972,,,,,,,,,,,
07/12/2023 15:00,07/12/2023 15:00,0.98,,,,,,,,,,,
07/12/2023 16:00,07/12/2023 16:00,0.986,,,,,,,,,,,
07/12/2023 17:00,07/12/2023 17:00,0.99,,,,,,,,,,,
07/12/2023 18:00,07/12/2023 18:00,0.991,,,,,,,,,,,
07/12/2023 19:00,07/12/2023 19:00,0.99,,,,,,,,,,,
07/12/2023 20:00,07/12/2023 20:00,0.986,,,,,,,,,,,
07/12/2023 21:00,07/12/2023 21:00,0.981,,,,,,,,,,,
07/12/2023 22:00,07/12/2023 22:00,0.971,,,,,,,,,,,
07/12/2023 23:00,07/12/2023 23:00,0.952,,,,,,,,,,,
08/12/2023 00:00,08/12/2023 00:00,0.912,,,,,,,,,,,
08/12/2023 01:00,08/12/2023 01:00,0.84,,,,,,,,,,,
08/12/2023 02:00,08/12/2023 02:00,0.741,,,,,,,,,,,
08/12/2023 03:00,08/12/2023 03:00,0.629,,,,,,,,,,,
08/12/2023 04:00,08/12/2023 04:00,0.505,,,,,,,,,,,
08/12/2023 05:00,08/12/2023 05:00,0.398,,,,,,,,,,,
08/12/2023 06:00,08/12/2023 06:00,0.337,,,,,,,,,,,
08/12/2023 07:00,08/12/2023 07:00,0.307,,,,,,,,,,,
08/12/2023 08:00,08/12/2023 08:00,0.278,,,,,,,,,,,
08/12/2023 09:00,08/12/2023 09:00,0.235,,,,,,,,,,,
08/12/2023 10:00,08/12/2023 10:00,0.241,,,,,,,,,,,
08/12/2023 11:00,08/12/2023 11:00,0.32,,,,,,,,,,,
08/12/2023 12:00,08/12/2023 12:00,0.434,,,,,,,,,,,
08/12/2023 13:00,08/12/2023 13:00,0.535,,,,,,,,,,,
08/12/2023 14:00,08/12/2023 14:00,0.574,,,,,,,,,,,
08/12/2023 15:00,08/12/2023 15:00,0.658,,,,,,,,,,,
08/12/2023 16:00,08/12/2023 16:00,0.748,,,,,,,,,,,
08/12/2023 17:00,08/12/2023 17:00,0.814,,,,,,,,,,,
08/12/2023 18:00,08/12/2023 18:00,0.822,,,,,,,,,,,
08/12/2023 19:00,08/12/2023 19:00,0.833,,,,,,,,,,,
08/12/2023 20:00,08/12/2023 20:00,0.845,,,,,,,,,,,
08/12/2023 21:00,08/12/2023 21:00,0.846,,,,,,,,,,,
08/12/2023 22:00,08/12/2023 22:00,0.817,,,,,,,,,,,
08/12/2023 23:00,08/12/2023 23:00,0.786,,,,,,,,,,,
09/12/2023 00:00,09/12/2023 00:00,0.812,,,,,,,,,,,
09/12/2023 01:00,09/12/2023 01:00,0.831,,,,,,,,,,,
09/12/2023 02:00,09/12/2023 02:00,0.781,,,,,,,,,,,
09/12/2023 03:00,09/12/2023 03:00,0.753,,,,,,,,,,,
09/12/2023 04:00,09/12/2023 04:00,0.779,,,,,,,,,,,
09/12/2023 05:00,09/12/2023 05:00,0.832,,,,,,,,,,,
09/12/2023 06:00,09/12/2023 06:00,0.888,,,,,,,,,,,
09/12/2023 07:00,09/12/2023 07:00,0.936,,,,,,,,,,,
09/12/2023 08:00,09/12/2023 08:00,0.968,,,,,,,,,,,
09/12/2023 09:00,09/12/2023 09:00,0.99,,,,,,,,,,,
09/12/2023 10:00,09/12/2023 10:00,0.988,,,,,,,,,,,
09/12/2023 11:00,09/12/2023 11:00,0.983,,,,,,,,,,,
09/12/2023 12:00,09/12/2023 12:00,0.99,,,,,,,,,,,
09/12/2023 13:00,09/12/2023 13:00,0.935,,,,,,,,,,,
09/12/2023 14:00,09/12/2023 14:00,0.926,,,,,,,,,,,
09/12/2023 15:00,09/12/2023 15:00,0.981,,,,,,,,,,,
09/12/2023 16:00,09/12/2023 16:00,0.988,,,,,,,,,,,
09/12/2023 17:00,09/12/2023 17:00,0.991,,,,,,,,,,,
09/12/2023 18:00,09/12/2023 18:00,0.99,,,,,,,,,,,
09/12/2023 19:00,09/12/2023 19:00,0.987,,,,,,,,,,,
09/12/2023 20:00,09/12/2023 20:00,0.978,,,,,,,,,,,
09/12/2023 21:00,09/12/2023 21:00,0.959,,,,,,,,,,,
09/12/2023 22:00,09/12/2023 22:00,0.915,,,,,,,,,,,
09/12/2023 23:00,09/12/2023 23:00,0.859,,,,,,,,,,,
10/12/2023 00:00,10/12/2023 00:00,0.786,,,,,,,,,,,
10/12/2023 01:00,10/12/2023 01:00,0.763,,,,,,,,,,,
10/12/2023 02:00,10/12/2023 02:00,0.847,,,,,,,,,,,
10/12/2023 03:00,10/12/2023 03:00,0.928,,,,,,,,,,,
10/12/2023 04:00,10/12/2023 04:00,0.975,,,,,,,,,,,
10/12/2023 05:00,10/12/2023 05:00,0.99,,,,,,,,,,,
10/12/2023 06:00,10/12/2023 06:00,0.988,,,,,,,,,,,
10/12/2023 07:00,10/12/2023 07:00,0.973,,,,,,,,,,,
10/12/2023 08:00,10/12/2023 08:00,0.927,,,,,,,,,,,
10/12/2023 09:00,10/12/2023 09:00,0.839,,,,,,,,,,,
10/12/2023 10:00,10/12/2023 10:00,0.706,,,,,,,,,,,
10/12/2023 11:00,10/12/2023 11:00,0.71,,,,,,,,,,,
10/12/2023 12:00,10/12/2023 12:00,0.739,,,,,,,,,,,
10/12/2023 13:00,10/12/2023 13:00,0.759,,,,,,,,,,,
10/12/2023 14:00,10/12/2023 14:00,0.926,,,,,,,,,,,
10/12/2023 15:00,10/12/2023 15:00,0.966,,,,,,,,,,,
10/12/2023 16:00,10/12/2023 16:00,0.963,,,,,,,,,,,
10/12/2023 17:00,10/12/2023 17:00,0.92,,,,,,,,,,,
10/12/2023 18:00,10/12/2023 18:00,0.921,,,,,,,,,,,
10/12/2023 19:00,10/12/2023 19:00,0.927,,,,,,,,,,,
10/12/2023 20:00,10/12/2023 20:00,0.943,,,,,,,,,,,
10/12/2023 21:00,10/12/2023 21:00,0.956,,,,,,,,,,,
10/12/2023 22:00,10/12/2023 22:00,0.969,,,,,,,,,,,
10/12/2023 23:00,10/12/2023 23:00,0.979,,,,,,,,,,,
11/12/2023 00:00,11/12/2023 00:00,0.989,,,,,,,,,,,
11/12/2023 01:00,11/12/2023 01:00,0.991,,,,,,,,,,,
11/12/2023 02:00,11/12/2023 02:00,0.991,,,,,,,,,,,
11/12/2023 03:00,11/12/2023 03:00,0.99,,,,,,,,,,,
11/12/2023 04:00,11/12/2023 04:00,0.99,,,,,,,,,,,
11/12/2023 05:00,11/12/2023 05:00,0.989,,,,,,,,,,,
11/12/2023 06:00,11/12/2023 06:00,0.982,,,,,,,,,,,
11/12/2023 07:00,11/12/2023 07:00,0.963,,,,,,,,,,,
11/12/2023 08:00,11/12/2023 08:00,0.935,,,,,,,,,,,
11/12/2023 09:00,11/12/2023 09:00,0.897,,,,,,,,,,,
11/12/2023 10:00,11/12/2023 10:00,0.841,,,,,,,,,,,
11/12/2023 11:00,11/12/2023 11:00,0.808,,,,,,,,,,,
11/12/2023 12:00,11/12/2023 12:00,0.775,,,,,,,,,,,
11/12/2023 13:00,11/12/2023 13:00,0.729,,,,,,,,,,,
11/12/2023 14:00,11/12/2023 14:00,0.682,,,,,,,,,,,
11/12/2023 15:00,11/12/2023 15:00,0.631,,,,,,,,,,,
11/12/2023 16:00,11/12/2023 16:00,0.588,,,,,,,,,,,
11/12/2023 17:00,11/12/2023 17:00,0.538,,,,,,,,,,,
11/12/2023 18:00,11/12/2023 18:00,0.476,,,,,,,,,,,
11/12/2023 19:00,11/12/2023 19:00,0.401,,,,,,,,,,,
11/12/2023 20:00,11/12/2023 20:00,0.331,,,,,,,,,,,
11/12/2023 21:00,11/12/2023 21:00,0.277,,,,,,,,,,,
11/12/2023 22:00,11/12/2023 22:00,0.22,,,,,,,,,,,
11/12/2023 23:00,11/12/2023 23:00,0.147,,,,,,,,,,,
12/12/2023 00:00,12/12/2023 00:00,0.093,,,,,,,,,,,
12/12/2023 01:00,12/12/2023 01:00,0.078,,,,,,,,,,,
12/12/2023 02:00,12/12/2023 02:00,0.113,,,,,,,,,,,
12/12/2023 03:00,12/12/2023 03:00,0.217,,,,,,,,,,,
12/12/2023 04:00,12/12/2023 04:00,0.403,,,,,,,,,,,
12/12/2023 05:00,12/12/2023 05:00,0.59,,,,,,,,,,,
12/12/2023 06:00,12/12/2023 06:00,0.71,,,,,,,,,,,
12/12/2023 07:00,12/12/2023 07:00,0.762,,,,,,,,,,,
12/12/2023 08:00,12/12/2023 08:00,0.76,,,,,,,,,,,
12/12/2023 09:00,12/12/2023 09:00,0.723,,,,,,,,,,,
12/12/2023 10:00,12/12/2023 10:00,0.679,,,,,,,,,,,
12/12/2023 11:00,12/12/2023 11:00,0.637,,,,,,,,,,,
12/12/2023 12:00,12/12/2023 12:00,0.63,,,,,,,,,,,
12/12/2023 13:00,12/12/2023 13:00,0.611,,,,,,,,,,,
12/12/2023 14:00,12/12/2023 14:00,0.59,,,,,,,,,,,
12/12/2023 15:00,12/12/2023 15:00,0.59,,,,,,,,,,,
12/12/2023 16:00,12/12/2023 16:00,0.58,,,,,,,,,,,
12/12/2023 17:00,12/12/2023 17:00,0.583,,,,,,,,,,,
12/12/2023 18:00,12/12/2023 18:00,0.523,,,,,,,,,,,
12/12/2023 19:00,12/12/2023 19:00,0.447,,,,,,,,,,,
12/12/2023 20:00,12/12/2023 20:00,0.391,,,,,,,,,,,
12/12/2023 21:00,12/12/2023 21:00,0.358,,,,,,,,,,,
12/12/2023 22:00,12/12/2023 22:00,0.326,,,,,,,,,,,
12/12/2023 23:00,12/12/2023 23:00,0.278,,,,,,,,,,,
13/12/2023 00:00,13/12/2023 00:00,0.233,,,,,,,,,,,
13/12/2023 01:00,13/12/2023 01:00,0.231,,,,,,,,,,,
13/12/2023 02:00,13/12/2023 02:00,0.266,,,,,,,,,,,
13/12/2023 03:00,13/12/2023 03:00,0.323,,,,,,,,,,,
13/12/2023 04:00,13/12/2023 04:00,0.394,,,,,,,,,,,
13/12/2023 05:00,13/12/2023 05:00,0.448,,,,,,,,,,,
13/12/2023 06:00,13/12/2023 06:00,0.481,,,,,,,,,,,
13/12/2023 07:00,13/12/2023 07:00,0.496,,,,,,,,,,,
13/12/2023 08:00,13/12/2023 08:00,0.538,,,,,,,,,,,
13/12/2023 09:00,13/12/2023 09:00,0.611,,,,,,,,,,,
13/12/2023 10:00,13/12/2023 10:00,0.721,,,,,,,,,,,
13/12/2023 11:00,13/12/2023 11:00,0.837,,,,,,,,,,,
13/12/2023 12:00,13/12/2023 12:00,0.899,,,,,,,,,,,
13/12/2023 13:00,13/12/2023 13:00,0.934,,,,,,,,,,,
13/12/2023 14:00,13/12/2023 14:00,0.949,,,,,,,,,,,
13/12/2023 15:00,13/12/2023 15:00,0.958,,,,,,,,,,,
13/12/2023 16:00,13/12/2023 16:00,0.964,,,,,,,,,,,
13/12/2023 17:00,13/12/2023 17:00,0.965,,,,,,,,,,,
13/12/2023 18:00,13/12/2023 18:00,0.958,,,,,,,,,,,
13/12/2023 19:00,13/12/2023 19:00,0.938,,,,,,,,,,,
13/12/2023 20:00,13/12/2023 20:00,0.902,,,,,,,,,,,
13/12/2023 21:00,13/12/2023 21:00,0.858,,,,,,,,,,,
13/12/2023 22:00,13/12/2023 22:00,0.788,,,,,,,,,,,
13/12/2023 23:00,13/12/2023 23:00,0.692,,,,,,,,,,,
14/12/2023 00:00,14/12/2023 00:00,0.585,,,,,,,,,,,
14/12/2023 01:00,14/12/2023 01:00,0.484,,,,,,,,,,,
14/12/2023 02:00,14/12/2023 02:00,0.41,,,,,,,,,,,
14/12/2023 03:00,14/12/2023 03:00,0.402,,,,,,,,,,,
14/12/2023 04:00,14/12/2023 04:00,0.391,,,,,,,,,,,
14/12/2023 05:00,14/12/2023 05:00,0.335,,,,,,,,,,,
14/12/2023 06:00,14/12/2023 06:00,0.296,,,,,,,,,,,
14/12/2023 07:00,14/12/2023 07:00,0.289,,,,,,,,,,,
14/12/2023 08:00,14/12/2023 08:00,0.317,,,,,,,,,,,
14/12/2023 09:00,14/12/2023 09:00,0.341,,,,,,,,,,,
14/12/2023 10:00,14/12/2023 10:00,0.325,,,,,,,,,,,
14/12/2023 11:00,14/12/2023 11:00,0.341,,,,,,,,,,,
14/12/2023 12:00,14/12/2023 12:00,0.4,,,,,,,,,,,
14/12/2023 13:00,14/12/2023 13:00,0.464,,,,,,,,,,,
14/12/2023 14:00,14/12/2023 14:00,0.501,,,,,,,,,,,
14/12/2023 15:00,14/12/2023 15:00,0.519,,,,,,,,,,,
14/12/2023 16:00,14/12/2023 16:00,0.523,,,,,,,,,,,
14/12/2023 17:00,14/12/2023 17:00,0.521,,,,,,,,,,,
14/12/2023 18:00,14/12/2023 18:00,0.491,,,,,,,,,,,
14/12/2023 19:00,14/12/2023 19:00,0.449,,,,,,,,,,,
14/12/2023 20:00,14/12/2023 20:00,0.435,,,,,,,,,,,
14/12/2023 21:00,14/12/2023 21:00,0.45,,,,,,,,,,,
14/12/2023 22:00,14/12/2023 22:00,0.498,,,,,,,,,,,
14/12/2023 23:00,14/12/2023 23:00,0.538,,,,,,,,,,,
15/12/2023 00:00,15/12/2023 00:00,0.593,,,,,,,,,,,
15/12/2023 01:00,15/12/2023 01:00,0.645,,,,,,,,,,,
15/12/2023 02:00,15/12/2023 02:00,0.617,,,,,,,,,,,
15/12/2023 03:00,15/12/2023 03:00,0.562,,,,,,,,,,,
15/12/2023 04:00,15/12/2023 04:00,0.554,,,,,,,,,,,
15/12/2023 05:00,15/12/2023 05:00,0.529,,,,,,,,,,,
15/12/2023 06:00,15/12/2023 06:00,0.551,,,,,,,,,,,
15/12/2023 07:00,15/12/2023 07:00,0.549,,,,,,,,,,,
15/12/2023 08:00,15/12/2023 08:00,0.54,,,,,,,,,,,
15/12/2023 09:00,15/12/2023 09:00,0.523,,,,,,,,,,,
15/12/2023 10:00,15/12/2023 10:00,0.528,,,,,,,,,,,
15/12/2023 11:00,15/12/2023 11:00,0.511,,,,,,,,,,,
15/12/2023 12:00,15/12/2023 12:00,0.476,,,,,,,,,,,
15/12/2023 13:00,15/12/2023 13:00,0.48,,,,,,,,,,,
15/12/2023 14:00,15/12/2023 14:00,0.557,,,,,,,,,,,
15/12/2023 15:00,15/12/2023 15:00,0.633,,,,,,,,,,,
15/12/2023 16:00,15/12/2023 16:00,0.647,,,,,,,,,,,
15/12/2023 17:00,15/12/2023 17:00,0.667,,,,,,,,,,,
15/12/2023 18:00,15/12/2023 18:00,0.685,,,,,,,,,,,
15/12/2023 19:00,15/12/2023 19:00,0.688,,,,,,,,,,,
15/12/2023 20:00,15/12/2023 20:00,0.68,,,,,,,,,,,
15/12/2023 21:00,15/12/2023 21:00,0.682,,,,,,,,,,,
15/12/2023 22:00,15/12/2023 22:00,0.704,,,,,,,,,,,
15/12/2023 23:00,15/12/2023 23:00,0.74,,,,,,,,,,,
16/12/2023 00:00,16/12/2023 00:00,0.757,,,,,,,,,,,
16/12/2023 01:00,16/12/2023 01:00,0.762,,,,,,,,,,,
16/12/2023 02:00,16/12/2023 02:00,0.765,,,,,,,,,,,
16/12/2023 03:00,16/12/2023 03:00,0.759,,,,,,,,,,,
16/12/2023 04:00,16/12/2023 04:00,0.744,,,,,,,,,,,
16/12/2023 05:00,16/12/2023 05:00,0.729,,,,,,,,,,,
16/12/2023 06:00,16/12/2023 06:00,0.709,,,,,,,,,,,
16/12/2023 07:00,16/12/2023 07:00,0.707,,,,,,,,,,,
16/12/2023 08:00,16/12/2023 08:00,0.714,,,,,,,,,,,
16/12/2023 09:00,16/12/2023 09:00,0.704,,,,,,,,,,,
16/12/2023 10:00,16/12/2023 10:00,0.721,,,,,,,,,,,
16/12/2023 11:00,16/12/2023 11:00,0.741,,,,,,,,,,,
16/12/2023 12:00,16/12/2023 12:00,0.761,,,,,,,,,,,
16/12/2023 13:00,16/12/2023 13:00,0.782,,,,,,,,,,,
16/12/2023 14:00,16/12/2023 14:00,0.822,,,,,,,,,,,
16/12/2023 15:00,16/12/2023 15:00,0.838,,,,,,,,,,,
16/12/2023 16:00,16/12/2023 16:00,0.867,,,,,,,,,,,
16/12/2023 17:00,16/12/2023 17:00,0.891,,,,,,,,,,,
16/12/2023 18:00,16/12/2023 18:00,0.903,,,,,,,,,,,
16/12/2023 19:00,16/12/2023 19:00,0.9,,,,,,,,,,,
16/12/2023 20:00,16/12/2023 20:00,0.896,,,,,,,,,,,
16/12/2023 21:00,16/12/2023 21:00,0.891,,,,,,,,,,,
16/12/2023 22:00,16/12/2023 22:00,0.889,,,,,,,,,,,
16/12/2023 23:00,16/12/2023 23:00,0.888,,,,,,,,,,,
17/12/2023 00:00,17/12/2023 00:00,0.895,,,,,,,,,,,
17/12/2023 01:00,17/12/2023 01:00,0.902,,,,,,,,,,,
17/12/2023 02:00,17/12/2023 02:00,0.902,,,,,,,,,,,
17/12/2023 03:00,17/12/2023 03:00,0.89,,,,,,,,,,,
17/12/2023 04:00,17/12/2023 04:00,0.886,,,,,,,,,,,
17/12/2023 05:00,17/12/2023 05:00,0.902,,,,,,,,,,,
17/12/2023 06:00,17/12/2023 06:00,0.928,,,,,,,,,,,
17/12/2023 07:00,17/12/2023 07:00,0.956,,,,,,,,,,,
17/12/2023 08:00,17/12/2023 08:00,0.966,,,,,,,,,,,
17/12/2023 09:00,17/12/2023 09:00,0.964,,,,,,,,,,,
17/12/2023 10:00,17/12/2023 10:00,0.961,,,,,,,,,,,
17/12/2023 11:00,17/12/2023 11:00,0.967,,,,,,,,,,,
17/12/2023 12:00,17/12/2023 12:00,0.97,,,,,,,,,,,
17/12/2023 13:00,17/12/2023 13:00,0.97,,,,,,,,,,,
17/12/2023 14:00,17/12/2023 14:00,0.964,,,,,,,,,,,
17/12/2023 15:00,17/12/2023 15:00,0.96,,,,,,,,,,,
17/12/2023 16:00,17/12/2023 16:00,0.957,,,,,,,,,,,
17/12/2023 17:00,17/12/2023 17:00,0.949,,,,,,,,,,,
17/12/2023 18:00,17/12/2023 18:00,0.938,,,,,,,,,,,
17/12/2023 19:00,17/12/2023 19:00,0.925,,,,,,,,,,,
17/12/2023 20:00,17/12/2023 20:00,0.91,,,,,,,,,,,
17/12/2023 21:00,17/12/2023 21:00,0.914,,,,,,,,,,,
17/12/2023 22:00,17/12/2023 22:00,0.91,,,,,,,,,,,
17/12/2023 23:00,17/12/2023 23:00,0.901,,,,,,,,,,,
18/12/2023 00:00,18/12/2023 00:00,0.889,,,,,,,,,,,
18/12/2023 01:00,18/12/2023 01:00,0.871,,,,,,,,,,,
18/12/2023 02:00,18/12/2023 02:00,0.86,,,,,,,,,,,
18/12/2023 03:00,18/12/2023 03:00,0.854,,,,,,,,,,,
18/12/2023 04:00,18/12/2023 04:00,0.84,,,,,,,,,,,
18/12/2023 05:00,18/12/2023 05:00,0.85,,,,,,,,,,,
18/12/2023 06:00,18/12/2023 06:00,0.866,,,,,,,,,,,
18/12/2023 07:00,18/12/2023 07:00,0.887,,,,,,,,,,,
18/12/2023 08:00,18/12/2023 08:00,0.923,,,,,,,,,,,
18/12/2023 09:00,18/12/2023 09:00,0.909,,,,,,,,,,,
18/12/2023 10:00,18/12/2023 10:00,0.916,,,,,,,,,,,
18/12/2023 11:00,18/12/2023 11:00,0.929,,,,,,,,,,,
18/12/2023 12:00,18/12/2023 12:00,0.939,,,,,,,,,,,
18/12/2023 13:00,18/12/2023 13:00,0.958,,,,,,,,,,,
18/12/2023 14:00,18/12/2023 14:00,0.951,,,,,,,,,,,
18/12/2023 15:00,18/12/2023 15:00,0.943,,,,,,,,,,,
18/12/2023 16:00,18/12/2023 16:00,0.942,,,,,,,,,,,
18/12/2023 17:00,18/12/2023 17:00,0.939,,,,,,,,,,,
18/12/2023 18:00,18/12/2023 18:00,0.94,,,,,,,,,,,
18/12/2023 19:00,18/12/2023 19:00,0.938,,,,,,,,,,,
18/12/2023 20:00,18/12/2023 20:00,0.933,,,,,,,,,,,
18/12/2023 21:00,18/12/2023 21:00,0.927,,,,,,,,,,,
18/12/2023 22:00,18/12/2023 22:00,0.91,,,,,,,,,,,
18/12/2023 23:00,18/12/2023 23:00,0.876,,,,,,,,,,,
19/12/2023 00:00,19/12/2023 00:00,0.849,,,,,,,,,,,
19/12/2023 01:00,19/12/2023 01:00,0.85,,,,,,,,,,,
19/12/2023 02:00,19/12/2023 02:00,0.814,,,,,,,,,,,
19/12/2023 03:00,19/12/2023 03:00,0.791,,,,,,,,,,,
19/12/2023 04:00,19/12/2023 04:00,0.755,,,,,,,,,,,
19/12/2023 05:00,19/12/2023 05:00,0.665,,,,,,,,,,,
19/12/2023 06:00,19/12/2023 06:00,0.492,,,,,,,,,,,
19/12/2023 07:00,19/12/2023 07:00,0.422,,,,,,,,,,,
19/12/2023 08:00,19/12/2023 08:00,0.428,,,,,,,,,,,
19/12/2023 09:00,19/12/2023 09:00,0.476,,,,,,,,,,,
19/12/2023 10:00,19/12/2023 10:00,0.525,,,,,,,,,,,
19/12/2023 11:00,19/12/2023 11:00,0.568,,,,,,,,,,,
19/12/2023 12:00,19/12/2023 12:00,0.559,,,,,,,,,,,
19/12/2023 13:00,19/12/2023 13:00,0.573,,,,,,,,,,,
19/12/2023 14:00,19/12/2023 14:00,0.666,,,,,,,,,,,
19/12/2023 15:00,19/12/2023 15:00,0.754,,,,,,,,,,,
19/12/2023 16:00,19/12/2023 16:00,0.765,,,,,,,,,,,
19/12/2023 17:00,19/12/2023 17:00,0.758,,,,,,,,,,,
19/12/2023 18:00,19/12/2023 18:00,0.8,,,,,,,,,,,
19/12/2023 19:00,19/12/2023 19:00,0.855,,,,,,,,,,,
19/12/2023 20:00,19/12/2023 20:00,0.896,,,,,,,,,,,
19/12/2023 21:00,19/12/2023 21:00,0.914,,,,,,,,,,,
19/12/2023 22:00,19/12/2023 22:00,0.93,,,,,,,,,,,
19/12/2023 23:00,19/12/2023 23:00,0.945,,,,,,,,,,,
20/12/2023 00:00,20/12/2023 00:00,0.953,,,,,,,,,,,
20/12/2023 01:00,20/12/2023 01:00,0.96,,,,,,,,,,,
20/12/2023 02:00,20/12/2023 02:00,0.968,,,,,,,,,,,
20/12/2023 03:00,20/12/2023 03:00,0.971,,,,,,,,,,,
20/12/2023 04:00,20/12/2023 04:00,0.974,,,,,,,,,,,
20/12/2023 05:00,20/12/2023 05:00,0.977,,,,,,,,,,,
20/12/2023 06:00,20/12/2023 06:00,0.973,,,,,,,,,,,
20/12/2023 07:00,20/12/2023 07:00,0.969,,,,,,,,,,,
20/12/2023 08:00,20/12/2023 08:00,0.961,,,,,,,,,,,
20/12/2023 09:00,20/12/2023 09:00,0.955,,,,,,,,,,,
20/12/2023 10:00,20/12/2023 10:00,0.955,,,,,,,,,,,
20/12/2023 11:00,20/12/2023 11:00,0.953,,,,,,,,,,,
20/12/2023 12:00,20/12/2023 12:00,0.957,,,,,,,,,,,
20/12/2023 13:00,20/12/2023 13:00,0.96,,,,,,,,,,,
20/12/2023 14:00,20/12/2023 14:00,0.966,,,,,,,,,,,
20/12/2023 15:00,20/12/2023 15:00,0.972,,,,,,,,,,,
20/12/2023 16:00,20/12/2023 16:00,0.979,,,,,,,,,,,
20/12/2023 17:00,20/12/2023 17:00,0.985,,,,,,,,,,,
20/12/2023 18:00,20/12/2023 18:00,0.984,,,,,,,,,,,
20/12/2023 19:00,20/12/2023 19:00,0.977,,,,,,,,,,,
20/12/2023 20:00,20/12/2023 20:00,0.963,,,,,,,,,,,
20/12/2023 21:00,20/12/2023 21:00,0.957,,,,,,,,,,,
20/12/2023 22:00,20/12/2023 22:00,0.958,,,,,,,,,,,
20/12/2023 23:00,20/12/2023 23:00,0.951,,,,,,,,,,,
21/12/2023 00:00,21/12/2023 00:00,0.947,,,,,,,,,,,
21/12/2023 01:00,21/12/2023 01:00,0.963,,,,,,,,,,,
21/12/2023 02:00,21/12/2023 02:00,0.98,,,,,,,,,,,
21/12/2023 03:00,21/12/2023 03:00,0.985,,,,,,,,,,,
21/12/2023 04:00,21/12/2023 04:00,0.991,,,,,,,,,,,
21/12/2023 05:00,21/12/2023 05:00,0.989,,,,,,,,,,,
21/12/2023 06:00,21/12/2023 06:00,0.975,,,,,,,,,,,
21/12/2023 07:00,21/12/2023 07:00,0.938,,,,,,,,,,,
21/12/2023 08:00,21/12/2023 08:00,0.901,,,,,,,,,,,
21/12/2023 09:00,21/12/2023 09:00,0.859,,,,,,,,,,,
21/12/2023 10:00,21/12/2023 10:00,0.884,,,,,,,,,,,
21/12/2023 11:00,21/12/2023 11:00,0.904,,,,,,,,,,,
21/12/2023 12:00,21/12/2023 12:00,0.925,,,,,,,,,,,
21/12/2023 13:00,21/12/2023 13:00,0.953,,,,,,,,,,,
21/12/2023 14:00,21/12/2023 14:00,0.97,,,,,,,,,,,
21/12/2023 15:00,21/12/2023 15:00,0.976,,,,,,,,,,,
21/12/2023 16:00,21/12/2023 16:00,0.979,,,,,,,,,,,
21/12/2023 17:00,21/12/2023 17:00,0.983,,,,,,,,,,,
21/12/2023 18:00,21/12/2023 18:00,0.987,,,,,,,,,,,
21/12/2023 19:00,21/12/2023 19:00,0.988,,,,,,,,,,,
21/12/2023 20:00,21/12/2023 20:00,0.99,,,,,,,,,,,
21/12/2023 21:00,21/12/2023 21:00,0.991,,,,,,,,,,,
21/12/2023 22:00,21/12/2023 22:00,0.991,,,,,,,,,,,
21/12/2023 23:00,21/12/2023 23:00,0.991,,,,,,,,,,,
22/12/2023 00:00,22/12/2023 00:00,0.991,,,,,,,,,,,
22/12/2023 01:00,22/12/2023 01:00,0.989,,,,,,,,,,,
22/12/2023 02:00,22/12/2023 02:00,0.984,,,,,,,,,,,
22/12/2023 03:00,22/12/2023 03:00,0.974,,,,,,,,,,,
22/12/2023 04:00,22/12/2023 04:00,0.963,,,,,,,,,,,
22/12/2023 05:00,22/12/2023 05:00,0.958,,,,,,,,,,,
22/12/2023 06:00,22/12/2023 06:00,0.963,,,,,,,,,,,
22/12/2023 07:00,22/12/2023 07:00,0.972,,,,,,,,,,,
22/12/2023 08:00,22/12/2023 08:00,0.985,,,,,,,,,,,
22/12/2023 09:00,22/12/2023 09:00,0.99,,,,,,,,,,,
22/12/2023 10:00,22/12/2023 10:00,0.991,,,,,,,,,,,
22/12/2023 11:00,22/12/2023 11:00,0.991,,,,,,,,,,,
22/12/2023 12:00,22/12/2023 12:00,0.989,,,,,,,,,,,
22/12/2023 13:00,22/12/2023 13:00,0.983,,,,,,,,,,,
22/12/2023 14:00,22/12/2023 14:00,0.981,,,,,,,,,,,
22/12/2023 15:00,22/12/2023 15:00,0.982,,,,,,,,,,,
22/12/2023 16:00,22/12/2023 16:00,0.987,,,,,,,,,,,
22/12/2023 17:00,22/12/2023 17:00,0.991,,,,,,,,,,,
22/12/2023 18:00,22/12/2023 18:00,0.99,,,,,,,,,,,
22/12/2023 19:00,22/12/2023 19:00,0.988,,,,,,,,,,,
22/12/2023 20:00,22/12/2023 20:00,0.982,,,,,,,,,,,
22/12/2023 21:00,22/12/2023 21:00,0.973,,,,,,,,,,,
22/12/2023 22:00,22/12/2023 22:00,0.958,,,,,,,,,,,
22/12/2023 23:00,22/12/2023 23:00,0.952,,,,,,,,,,,
23/12/2023 00:00,23/12/2023 00:00,0.956,,,,,,,,,,,
23/12/2023 01:00,23/12/2023 01:00,0.976,,,,,,,,,,,
23/12/2023 02:00,23/12/2023 02:00,0.989,,,,,,,,,,,
23/12/2023 03:00,23/12/2023 03:00,0.991,,,,,,,,,,,
23/12/2023 04:00,23/12/2023 04:00,0.991,,,,,,,,,,,
23/12/2023 05:00,23/12/2023 05:00,0.99,,,,,,,,,,,
23/12/2023 06:00,23/12/2023 06:00,0.99,,,,,,,,,,,
23/12/2023 07:00,23/12/2023 07:00,0.991,,,,,,,,,,,
23/12/2023 08:00,23/12/2023 08:00,0.991,,,,,,,,,,,
23/12/2023 09:00,23/12/2023 09:00,0.99,,,,,,,,,,,
23/12/2023 10:00,23/12/2023 10:00,0.988,,,,,,,,,,,
23/12/2023 11:00,23/12/2023 11:00,0.985,,,,,,,,,,,
23/12/2023 12:00,23/12/2023 12:00,0.982,,,,,,,,,,,
23/12/2023 13:00,23/12/2023 13:00,0.974,,,,,,,,,,,
23/12/2023 14:00,23/12/2023 14:00,0.964,,,,,,,,,,,
23/12/2023 15:00,23/12/2023 15:00,0.96,,,,,,,,,,,
23/12/2023 16:00,23/12/2023 16:00,0.953,,,,,,,,,,,
23/12/2023 17:00,23/12/2023 17:00,0.954,,,,,,,,,,,
23/12/2023 18:00,23/12/2023 18:00,0.953,,,,,,,,,,,
23/12/2023 19:00,23/12/2023 19:00,0.956,,,,,,,,,,,
23/12/2023 20:00,23/12/2023 20:00,0.955,,,,,,,,,,,
23/12/2023 21:00,23/12/2023 21:00,0.963,,,,,,,,,,,
23/12/2023 22:00,23/12/2023 22:00,0.957,,,,,,,,,,,
23/12/2023 23:00,23/12/2023 23:00,0.961,,,,,,,,,,,
24/12/2023 00:00,24/12/2023 00:00,0.976,,,,,,,,,,,
24/12/2023 01:00,24/12/2023 01:00,0.983,,,,,,,,,,,
24/12/2023 02:00,24/12/2023 02:00,0.984,,,,,,,,,,,
24/12/2023 03:00,24/12/2023 03:00,0.982,,,,,,,,,,,
24/12/2023 04:00,24/12/2023 04:00,0.981,,,,,,,,,,,
24/12/2023 05:00,24/12/2023 05:00,0.982,,,,,,,,,,,
24/12/2023 06:00,24/12/2023 06:00,0.981,,,,,,,,,,,
24/12/2023 07:00,24/12/2023 07:00,0.988,,,,,,,,,,,
24/12/2023 08:00,24/12/2023 08:00,0.989,,,,,,,,,,,
24/12/2023 09:00,24/12/2023 09:00,0.982,,,,,,,,,,,
24/12/2023 10:00,24/12/2023 10:00,0.984,,,,,,,,,,,
24/12/2023 11:00,24/12/2023 11:00,0.991,,,,,,,,,,,
24/12/2023 12:00,24/12/2023 12:00,0.991,,,,,,,,,,,
24/12/2023 13:00,24/12/2023 13:00,0.991,,,,,,,,,,,
24/12/2023 14:00,24/12/2023 14:00,0.987,,,,,,,,,,,
24/12/2023 15:00,24/12/2023 15:00,0.989,,,,,,,,,,,
24/12/2023 16:00,24/12/2023 16:00,0.991,,,,,,,,,,,
24/12/2023 17:00,24/12/2023 17:00,0.991,,,,,,,,,,,
24/12/2023 18:00,24/12/2023 18:00,0.991,,,,,,,,,,,
24/12/2023 19:00,24/12/2023 19:00,0.989,,,,,,,,,,,
24/12/2023 20:00,24/12/2023 20:00,0.987,,,,,,,,,,,
24/12/2023 21:00,24/12/2023 21:00,0.988,,,,,,,,,,,
24/12/2023 22:00,24/12/2023 22:00,0.985,,,,,,,,,,,
24/12/2023 23:00,24/12/2023 23:00,0.977,,,,,,,,,,,
25/12/2023 00:00,25/12/2023 00:00,0.972,,,,,,,,,,,
25/12/2023 01:00,25/12/2023 01:00,0.966,,,,,,,,,,,
25/12/2023 02:00,25/12/2023 02:00,0.954,,,,,,,,,,,
25/12/2023 03:00,25/12/2023 03:00,0.934,,,,,,,,,,,
25/12/2023 04:00,25/12/2023 04:00,0.906,,,,,,,,,,,
25/12/2023 05:00,25/12/2023 05:00,0.89,,,,,,,,,,,
25/12/2023 06:00,25/12/2023 06:00,0.868,,,,,,,,,,,
25/12/2023 07:00,25/12/2023 07:00,0.837,,,,,,,,,,,
25/12/2023 08:00,25/12/2023 08:00,0.808,,,,,,,,,,,
25/12/2023 09:00,25/12/2023 09:00,0.8,,,,,,,,,,,
25/12/2023 10:00,25/12/2023 10:00,0.792,,,,,,,,,,,
25/12/2023 11:00,25/12/2023 11:00,0.753,,,,,,,,,,,
25/12/2023 12:00,25/12/2023 12:00,0.791,,,,,,,,,,,
25/12/2023 13:00,25/12/2023 13:00,0.851,,,,,,,,,,,
25/12/2023 14:00,25/12/2023 14:00,0.867,,,,,,,,,,,
25/12/2023 15:00,25/12/2023 15:00,0.826,,,,,,,,,,,
25/12/2023 16:00,25/12/2023 16:00,0.809,,,,,,,,,,,
25/12/2023 17:00,25/12/2023 17:00,0.86,,,,,,,,,,,
25/12/2023 18:00,25/12/2023 18:00,0.911,,,,,,,,,,,
25/12/2023 19:00,25/12/2023 19:00,0.939,,,,,,,,,,,
25/12/2023 20:00,25/12/2023 20:00,0.944,,,,,,,,,,,
25/12/2023 21:00,25/12/2023 21:00,0.958,,,,,,,,,,,
25/12/2023 22:00,25/12/2023 22:00,0.965,,,,,,,,,,,
25/12/2023 23:00,25/12/2023 23:00,0.967,,,,,,,,,,,
26/12/2023 00:00,26/12/2023 00:00,0.959,,,,,,,,,,,
26/12/2023 01:00,26/12/2023 01:00,0.946,,,,,,,,,,,
26/12/2023 02:00,26/12/2023 02:00,0.939,,,,,,,,,,,
26/12/2023 03:00,26/12/2023 03:00,0.941,,,,,,,,,,,
26/12/2023 04:00,26/12/2023 04:00,0.939,,,,,,,,,,,
26/12/2023 05:00,26/12/2023 05:00,0.948,,,,,,,,,,,
26/12/2023 06:00,26/12/2023 06:00,0.961,,,,,,,,,,,
26/12/2023 07:00,26/12/2023 07:00,0.964,,,,,,,,,,,
26/12/2023 08:00,26/12/2023 08:00,0.957,,,,,,,,,,,
26/12/2023 09:00,26/12/2023 09:00,0.934,,,,,,,,,,,
26/12/2023 10:00,26/12/2023 10:00,0.896,,,,,,,,,,,
26/12/2023 11:00,26/12/2023 11:00,0.866,,,,,,,,,,,
26/12/2023 12:00,26/12/2023 12:00,0.815,,,,,,,,,,,
26/12/2023 13:00,26/12/2023 13:00,0.718,,,,,,,,,,,
26/12/2023 14:00,26/12/2023 14:00,0.592,,,,,,,,,,,
26/12/2023 15:00,26/12/2023 15:00,0.459,,,,,,,,,,,
26/12/2023 16:00,26/12/2023 16:00,0.312,,,,,,,,,,,
26/12/2023 17:00,26/12/2023 17:00,0.18,,,,,,,,,,,
26/12/2023 18:00,26/12/2023 18:00,0.063,,,,,,,,,,,
26/12/2023 19:00,26/12/2023 19:00,0.007,,,,,,,,,,,
26/12/2023 20:00,26/12/2023 20:00,0.018,,,,,,,,,,,
26/12/2023 21:00,26/12/2023 21:00,0.078,,,,,,,,,,,
26/12/2023 22:00,26/12/2023 22:00,0.155,,,,,,,,,,,
26/12/2023 23:00,26/12/2023 23:00,0.266,,,,,,,,,,,
27/12/2023 00:00,27/12/2023 00:00,0.413,,,,,,,,,,,
27/12/2023 01:00,27/12/2023 01:00,0.522,,,,,,,,,,,
27/12/2023 02:00,27/12/2023 02:00,0.611,,,,,,,,,,,
27/12/2023 03:00,27/12/2023 03:00,0.692,,,,,,,,,,,
27/12/2023 04:00,27/12/2023 04:00,0.779,,,,,,,,,,,
27/12/2023 05:00,27/12/2023 05:00,0.847,,,,,,,,,,,
27/12/2023 06:00,27/12/2023 06:00,0.889,,,,,,,,,,,
27/12/2023 07:00,27/12/2023 07:00,0.91,,,,,,,,,,,
27/12/2023 08:00,27/12/2023 08:00,0.917,,,,,,,,,,,
27/12/2023 09:00,27/12/2023 09:00,0.939,,,,,,,,,,,
27/12/2023 10:00,27/12/2023 10:00,0.954,,,,,,,,,,,
27/12/2023 11:00,27/12/2023 11:00,0.975,,,,,,,,,,,
27/12/2023 12:00,27/12/2023 12:00,0.989,,,,,,,,,,,
27/12/2023 13:00,27/12/2023 13:00,0.991,,,,,,,,,,,
27/12/2023 14:00,27/12/2023 14:00,0.99,,,,,,,,,,,
27/12/2023 15:00,27/12/2023 15:00,0.984,,,,,,,,,,,
27/12/2023 16:00,27/12/2023 16:00,0.967,,,,,,,,,,,
27/12/2023 17:00,27/12/2023 17:00,0.964,,,,,,,,,,,
27/12/2023 18:00,27/12/2023 18:00,0.98,,,,,,,,,,,
27/12/2023 19:00,27/12/2023 19:00,0.991,,,,,,,,,,,
27/12/2023 20:00,27/12/2023 20:00,0.986,,,,,,,,,,,
27/12/2023 21:00,27/12/2023 21:00,0.985,,,,,,,,,,,
27/12/2023 22:00,27/12/2023 22:00,0.989,,,,,,,,,,,
27/12/2023 23:00,27/12/2023 23:00,0.991,,,,,,,,,,,
28/12/2023 00:00,28/12/2023 00:00,0.987,,,,,,,,,,,
28/12/2023 01:00,28/12/2023 01:00,0.974,,,,,,,,,,,
28/12/2023 02:00,28/12/2023 02:00,0.936,,,,,,,,,,,
28/12/2023 03:00,28/12/2023 03:00,0.898,,,,,,,,,,,
28/12/2023 04:00,28/12/2023 04:00,0.914,,,,,,,,,,,
28/12/2023 05:00,28/12/2023 05:00,0.95,,,,,,,,,,,
28/12/2023 06:00,28/12/2023 06:00,0.976,,,,,,,,,,,
28/12/2023 07:00,28/12/2023 07:00,0.987,,,,,,,,,,,
28/12/2023 08:00,28/12/2023 08:00,0.991,,,,,,,,,,,
28/12/2023 09:00,28/12/2023 09:00,0.991,,,,,,,,,,,
28/12/2023 10:00,28/12/2023 10:00,0.991,,,,,,,,,,,
28/12/2023 11:00,28/12/2023 11:00,0.991,,,,,,,,,,,
28/12/2023 12:00,28/12/2023 12:00,0.991,,,,,,,,,,,
28/12/2023 13:00,28/12/2023 13:00,0.99,,,,,,,,,,,
28/12/2023 14:00,28/12/2023 14:00,0.988,,,,,,,,,,,
28/12/2023 15:00,28/12/2023 15:00,0.985,,,,,,,,,,,
28/12/2023 16:00,28/12/2023 16:00,0.983,,,,,,,,,,,
28/12/2023 17:00,28/12/2023 17:00,0.985,,,,,,,,,,,
28/12/2023 18:00,28/12/2023 18:00,0.989,,,,,,,,,,,
28/12/2023 19:00,28/12/2023 19:00,0.991,,,,,,,,,,,
28/12/2023 20:00,28/12/2023 20:00,0.991,,,,,,,,,,,
28/12/2023 21:00,28/12/2023 21:00,0.99,,,,,,,,,,,
28/12/2023 22:00,28/12/2023 22:00,0.99,,,,,,,,,,,
28/12/2023 23:00,28/12/2023 23:00,0.991,,,,,,,,,,,
29/12/2023 00:00,29/12/2023 00:00,0.991,,,,,,,,,,,
29/12/2023 01:00,29/12/2023 01:00,0.991,,,,,,,,,,,
29/12/2023 02:00,29/12/2023 02:00,0.99,,,,,,,,,,,
29/12/2023 03:00,29/12/2023 03:00,0.99,,,,,,,,,,,
29/12/2023 04:00,29/12/2023 04:00,0.989,,,,,,,,,,,
29/12/2023 05:00,29/12/2023 05:00,0.988,,,,,,,,,,,
29/12/2023 06:00,29/12/2023 06:00,0.984,,,,,,,,,,,
29/12/2023 07:00,29/12/2023 07:00,0.979,,,,,,,,,,,
29/12/2023 08:00,29/12/2023 08:00,0.967,,,,,,,,,,,
29/12/2023 09:00,29/12/2023 09:00,0.948,,,,,,,,,,,
29/12/2023 10:00,29/12/2023 10:00,0.915,,,,,,,,,,,
29/12/2023 11:00,29/12/2023 11:00,0.908,,,,,,,,,,,
29/12/2023 12:00,29/12/2023 12:00,0.932,,,,,,,,,,,
29/12/2023 13:00,29/12/2023 13:00,0.888,,,,,,,,,,,
29/12/2023 14:00,29/12/2023 14:00,0.836,,,,,,,,,,,
29/12/2023 15:00,29/12/2023 15:00,0.84,,,,,,,,,,,
29/12/2023 16:00,29/12/2023 16:00,0.847,,,,,,,,,,,
29/12/2023 17:00,29/12/2023 17:00,0.873,,,,,,,,,,,
29/12/2023 18:00,29/12/2023 18:00,0.912,,,,,,,,,,,
29/12/2023 19:00,29/12/2023 19:00,0.948,,,,,,,,,,,
29/12/2023 20:00,29/12/2023 20:00,0.962,,,,,,,,,,,
29/12/2023 21:00,29/12/2023 21:00,0.96,,,,,,,,,,,
29/12/2023 22:00,29/12/2023 22:00,0.95,,,,,,,,,,,
29/12/2023 23:00,29/12/2023 23:00,0.947,,,,,,,,,,,
30/12/2023 00:00,30/12/2023 00:00,0.939,,,,,,,,,,,
30/12/2023 01:00,30/12/2023 01:00,0.927,,,,,,,,,,,
30/12/2023 02:00,30/12/2023 02:00,0.915,,,,,,,,,,,
30/12/2023 03:00,30/12/2023 03:00,0.906,,,,,,,,,,,
30/12/2023 04:00,30/12/2023 04:00,0.885,,,,,,,,,,,
30/12/2023 05:00,30/12/2023 05:00,0.831,,,,,,,,,,,
30/12/2023 06:00,30/12/2023 06:00,0.755,,,,,,,,,,,
30/12/2023 07:00,30/12/2023 07:00,0.664,,,,,,,,,,,
30/12/2023 08:00,30/12/2023 08:00,0.562,,,,,,,,,,,
30/12/2023 09:00,30/12/2023 09:00,0.513,,,,,,,,,,,
30/12/2023 10:00,30/12/2023 10:00,0.551,,,,,,,,,,,
30/12/2023 11:00,30/12/2023 11:00,0.685,,,,,,,,,,,
30/12/2023 12:00,30/12/2023 12:00,0.833,,,,,,,,,,,
30/12/2023 13:00,30/12/2023 13:00,0.916,,,,,,,,,,,
30/12/2023 14:00,30/12/2023 14:00,0.94,,,,,,,,,,,
30/12/2023 15:00,30/12/2023 15:00,0.964,,,,,,,,,,,
30/12/2023 16:00,30/12/2023 16:00,0.977,,,,,,,,,,,
30/12/2023 17:00,30/12/2023 17:00,0.981,,,,,,,,,,,
30/12/2023 18:00,30/12/2023 18:00,0.987,,,,,,,,,,,
30/12/2023 19:00,30/12/2023 19:00,0.99,,,,,,,,,,,
30/12/2023 20:00,30/12/2023 20:00,0.991,,,,,,,,,,,
30/12/2023 21:00,30/12/2023 21:00,0.989,,,,,,,,,,,
30/12/2023 22:00,30/12/2023 22:00,0.988,,,,,,,,,,,
30/12/2023 23:00,30/12/2023 23:00,0.987,,,,,,,,,,,
31/12/2023 00:00,31/12/2023 00:00,0.984,,,,,,,,,,,
31/12/2023 01:00,31/12/2023 01:00,0.98,,,,,,,,,,,
31/12/2023 02:00,31/12/2023 02:00,0.975,,,,,,,,,,,
31/12/2023 03:00,31/12/2023 03:00,0.968,,,,,,,,,,,
31/12/2023 04:00,31/12/2023 04:00,0.953,,,,,,,,,,,
31/12/2023 05:00,31/12/2023 05:00,0.98,,,,,,,,,,,
31/12/2023 06:00,31/12/2023 06:00,0.987,,,,,,,,,,,
31/12/2023 07:00,31/12/2023 07:00,0.948,,,,,,,,,,,
31/12/2023 08:00,31/12/2023 08:00,0.901,,,,,,,,,,,
31/12/2023 09:00,31/12/2023 09:00,0.857,,,,,,,,,,,
31/12/2023 10:00,31/12/2023 10:00,0.836,,,,,,,,,,,
31/12/2023 11:00,31/12/2023 11:00,0.892,,,,,,,,,,,
31/12/2023 12:00,31/12/2023 12:00,0.951,,,,,,,,,,,
31/12/2023 13:00,31/12/2023 13:00,0.97,,,,,,,,,,,
31/12/2023 14:00,31/12/2023 14:00,0.973,,,,,,,,,,,
31/12/2023 15:00,31/12/2023 15:00,0.971,,,,,,,,,,,
31/12/2023 16:00,31/12/2023 16:00,0.968,,,,,,,,,,,
31/12/2023 17:00,31/12/2023 17:00,0.966,,,,,,,,,,,
31/12/2023 18:00,31/12/2023 18:00,0.967,,,,,,,,,,,
31/12/2023 19:00,31/12/2023 19:00,0.968,,,,,,,,,,,
31/12/2023 20:00,31/12/2023 20:00,0.964,,,,,,,,,,,
31/12/2023 21:00,31/12/2023 21:00,0.963,,,,,,,,,,,
31/12/2023 22:00,31/12/2023 22:00,0.962,,,,,,,,,,,
31/12/2023 23:00,31/12/2023 23:00,0.961,,,,,,,,,,,
