Result_ID,Sensitivity,Country,Year,Tech,Availability,LCOE,Cost,Solar_Capacity_MW,BESS_Energy_MWh
0,Default,Australia,2024,Solar+BESS,0.05,25.66,194442.46735999998,0.2,0.0
1,DR=0.08_LT=25,Australia,2024,Solar+BESS,0.05,41.59,194442.46735999998,0.2,0.0
2,Default,Australia,2015,Solar+BESS,0.05,66.78,548517.2569700001,0.2,0.0
3,DR=0.08_LT=25,Australia,2015,Solar+BESS,0.05,111.71,548517.2569700001,0.2,0.0
4,Default,Australia,2016,Solar+BESS,0.05,57.93,472305.69667000003,0.2,0.0
5,DR=0.08_LT=25,Australia,2016,Solar+BESS,0.05,96.61,472305.69667000003,0.2,0.0
6,Default,Australia,2017,Solar+BESS,0.05,59.2,483222.48774,0.2,0.0
7,DR=0.08_LT=25,Australia,2017,Solar+BESS,0.05,98.78,483222.48774,0.2,0.0
8,Default,Australia,2018,Solar+BESS,0.05,46.38,372818.71390000003,0.2,0.0
9,DR=0.08_LT=25,Australia,2018,Solar+BESS,0.05,76.91,372818.71390000003,0.2,0.0
10,Default,Australia,2019,Solar+BESS,0.05,38.7,306700.03591,0.2,0.0
11,DR=0.08_LT=25,Australia,2019,Solar+BESS,0.05,63.82,306700.03591,0.2,0.0
12,Default,Australia,2020,Solar+BESS,0.05,32.93,257059.53312000004,0.2,0.0
13,DR=0.08_LT=25,Australia,2020,Solar+BESS,0.05,53.99,257059.53312000004,0.2,0.0
14,Default,Australia,2021,Solar+BESS,0.05,30.88,239345.49478,0.2,0.0
15,DR=0.08_LT=25,Australia,2021,Solar+BESS,0.05,50.48,239345.49478,0.2,0.0
16,Default,Australia,2022,Solar+BESS,0.05,26.52,201857.64620000002,0.2,0.0
17,DR=0.08_LT=25,Australia,2022,Solar+BESS,0.05,43.06,201857.64620000002,0.2,0.0
18,Default,Australia,2023,Solar+BESS,0.05,27.29,208448.91628,0.2,0.0
19,DR=0.08_LT=25,Australia,2023,Solar+BESS,0.05,44.36,208448.91628,0.2,0.0
20,Default,Australia,2015,Coal,0.05,306.73699521007103,1690307.1428571434,,
21,DR=0.08_LT=25,Australia,2015,Coal,0.05,456.6024817286775,1690307.1428571434,,
22,Default,Australia,2016,Coal,0.05,308.88112311704776,1690307.1428571434,,
23,DR=0.08_LT=25,Australia,2016,Coal,0.05,458.74660963565424,1690307.1428571434,,
24,Default,Australia,2017,Coal,0.05,317.73684404728033,1690307.1428571434,,
25,DR=0.08_LT=25,Australia,2017,Coal,0.05,467.6023305658868,1690307.1428571434,,
26,Default,Australia,2018,Coal,0.05,309.7100649775129,1690307.1428571434,,
27,DR=0.08_LT=25,Australia,2018,Coal,0.05,459.5755514961193,1690307.1428571434,,
28,Default,Australia,2019,Coal,0.05,303.8192161403036,1690307.1428571434,,
29,DR=0.08_LT=25,Australia,2019,Coal,0.05,453.6847026589101,1690307.1428571434,,
30,Default,Australia,2020,Coal,0.05,300.50771846588503,1690307.1428571434,,
31,DR=0.08_LT=25,Australia,2020,Coal,0.05,450.37320498449145,1690307.1428571434,,
32,Default,Australia,2021,Coal,0.05,313.9414798612338,1690307.1428571434,,
33,DR=0.08_LT=25,Australia,2021,Coal,0.05,463.8069663798403,1690307.1428571434,,
34,Default,Australia,2022,Coal,0.05,345.7678673030943,1690307.1428571434,,
35,DR=0.08_LT=25,Australia,2022,Coal,0.05,495.6333538217008,1690307.1428571434,,
36,Default,Australia,2023,Coal,0.05,321.03529695425715,1690307.1428571434,,
37,DR=0.08_LT=25,Australia,2023,Coal,0.05,470.90078347286357,1690307.1428571434,,
38,Default,Australia,2024,Coal,0.05,316.0884486984432,1690307.1428571434,,
39,DR=0.08_LT=25,Australia,2024,Coal,0.05,465.9539352170496,1690307.1428571434,,
40,Default,Australia,2015,Gas,0.05,308.9577569650442,1355169.9999999998,,
41,DR=0.08_LT=25,Australia,2015,Gas,0.05,360.1495017781133,1355169.9999999998,,
42,Default,Australia,2016,Gas,0.05,297.45913942118455,1355169.9999999998,,
43,DR=0.08_LT=25,Australia,2016,Gas,0.05,348.6508842342537,1355169.9999999998,,
44,Default,Australia,2017,Gas,0.05,304.5444113510091,1355169.9999999998,,
45,DR=0.08_LT=25,Australia,2017,Gas,0.05,355.73615616407824,1355169.9999999998,,
46,Default,Australia,2018,Gas,0.05,317.53822538609677,1355169.9999999998,,
47,DR=0.08_LT=25,Australia,2018,Gas,0.05,368.72997019916596,1355169.9999999998,,
48,Default,Australia,2019,Gas,0.05,297.0485218773249,1355169.9999999998,,
49,DR=0.08_LT=25,Australia,2019,Gas,0.05,348.24026669039404,1355169.9999999998,,
50,Default,Australia,2020,Gas,0.05,289.1066762632898,1355169.9999999998,,
51,DR=0.08_LT=25,Australia,2020,Gas,0.05,340.298421076359,1355169.9999999998,,
52,Default,Australia,2021,Gas,0.05,364.12123591241266,1355169.9999999998,,
53,DR=0.08_LT=25,Australia,2021,Gas,0.05,415.31298072548174,1355169.9999999998,,
54,Default,Australia,2022,Gas,0.05,492.38853415802663,1355169.9999999998,,
55,DR=0.08_LT=25,Australia,2022,Gas,0.05,543.5802789710958,1355169.9999999998,,
56,Default,Australia,2023,Gas,0.05,347.36161310539507,1355169.9999999998,,
57,DR=0.08_LT=25,Australia,2023,Gas,0.05,398.5533579184642,1355169.9999999998,,
58,Default,Australia,2024,Gas,0.05,335.53420433346525,1355169.9999999998,,
59,DR=0.08_LT=25,Australia,2024,Gas,0.05,386.7259491465344,1355169.9999999998,,
60,Default,Australia,2024,Solar+BESS,0.1,25.66,388884.93471999996,0.4,0.0
61,DR=0.08_LT=25,Australia,2024,Solar+BESS,0.1,41.59,388884.93471999996,0.4,0.0
62,Default,Australia,2015,Solar+BESS,0.1,66.78,1097034.5139400002,0.4,0.0
63,DR=0.08_LT=25,Australia,2015,Solar+BESS,0.1,111.71,1097034.5139400002,0.4,0.0
64,Default,Australia,2016,Solar+BESS,0.1,57.93,944611.3933400001,0.4,0.0
65,DR=0.08_LT=25,Australia,2016,Solar+BESS,0.1,96.61,944611.3933400001,0.4,0.0
66,Default,Australia,2017,Solar+BESS,0.1,59.2,966444.97548,0.4,0.0
67,DR=0.08_LT=25,Australia,2017,Solar+BESS,0.1,98.78,966444.97548,0.4,0.0
68,Default,Australia,2018,Solar+BESS,0.1,46.38,745637.4278000001,0.4,0.0
69,DR=0.08_LT=25,Australia,2018,Solar+BESS,0.1,76.91,745637.4278000001,0.4,0.0
70,Default,Australia,2019,Solar+BESS,0.1,38.7,613400.07182,0.4,0.0
71,DR=0.08_LT=25,Australia,2019,Solar+BESS,0.1,63.82,613400.07182,0.4,0.0
72,Default,Australia,2020,Solar+BESS,0.1,32.93,514119.0662400001,0.4,0.0
73,DR=0.08_LT=25,Australia,2020,Solar+BESS,0.1,53.99,514119.0662400001,0.4,0.0
74,Default,Australia,2021,Solar+BESS,0.1,30.88,478690.98956,0.4,0.0
75,DR=0.08_LT=25,Australia,2021,Solar+BESS,0.1,50.48,478690.98956,0.4,0.0
76,Default,Australia,2022,Solar+BESS,0.1,26.52,403715.29240000003,0.4,0.0
77,DR=0.08_LT=25,Australia,2022,Solar+BESS,0.1,43.06,403715.29240000003,0.4,0.0
78,Default,Australia,2023,Solar+BESS,0.1,27.29,416897.83256,0.4,0.0
79,DR=0.08_LT=25,Australia,2023,Solar+BESS,0.1,44.36,416897.83256,0.4,0.0
80,Default,Australia,2015,Coal,0.1,166.39338830270995,1690307.1428571434,,
81,DR=0.08_LT=25,Australia,2015,Coal,0.1,241.3261315620132,1690307.1428571434,,
82,Default,Australia,2016,Coal,0.1,168.5375162096867,1690307.1428571434,,
83,DR=0.08_LT=25,Australia,2016,Coal,0.1,243.4702594689899,1690307.1428571434,,
84,Default,Australia,2017,Coal,0.1,177.39323713991925,1690307.1428571434,,
85,DR=0.08_LT=25,Australia,2017,Coal,0.1,252.32598039922246,1690307.1428571434,,
86,Default,Australia,2018,Coal,0.1,169.3664580701518,1690307.1428571434,,
87,DR=0.08_LT=25,Australia,2018,Coal,0.1,244.29920132945503,1690307.1428571434,,
88,Default,Australia,2019,Coal,0.1,163.47560923294247,1690307.1428571434,,
89,DR=0.08_LT=25,Australia,2019,Coal,0.1,238.40835249224574,1690307.1428571434,,
90,Default,Australia,2020,Coal,0.1,160.16411155852393,1690307.1428571434,,
91,DR=0.08_LT=25,Australia,2020,Coal,0.1,235.0968548178271,1690307.1428571434,,
92,Default,Australia,2021,Coal,0.1,173.59787295387275,1690307.1428571434,,
93,DR=0.08_LT=25,Australia,2021,Coal,0.1,248.530616213176,1690307.1428571434,,
94,Default,Australia,2022,Coal,0.1,205.42426039573317,1690307.1428571434,,
95,DR=0.08_LT=25,Australia,2022,Coal,0.1,280.35700365503646,1690307.1428571434,,
96,Default,Australia,2023,Coal,0.1,180.69169004689599,1690307.1428571434,,
97,DR=0.08_LT=25,Australia,2023,Coal,0.1,255.6244333061992,1690307.1428571434,,
98,Default,Australia,2024,Coal,0.1,175.74484179108202,1690307.1428571434,,
99,DR=0.08_LT=25,Australia,2024,Coal,0.1,250.67758505038523,1690307.1428571434,,
100,Default,Australia,2015,Gas,0.1,175.32518462287297,1355169.9999999998,,
101,DR=0.08_LT=25,Australia,2015,Gas,0.1,200.92105702940756,1355169.9999999998,,
102,Default,Australia,2016,Gas,0.1,163.8265670790133,1355169.9999999998,,
103,DR=0.08_LT=25,Australia,2016,Gas,0.1,189.42243948554787,1355169.9999999998,,
104,Default,Australia,2017,Gas,0.1,170.9118390088379,1355169.9999999998,,
105,DR=0.08_LT=25,Australia,2017,Gas,0.1,196.50771141537246,1355169.9999999998,,
106,Default,Australia,2018,Gas,0.1,183.90565304392558,1355169.9999999998,,
107,DR=0.08_LT=25,Australia,2018,Gas,0.1,209.50152545046015,1355169.9999999998,,
108,Default,Australia,2019,Gas,0.1,163.41594953515366,1355169.9999999998,,
109,DR=0.08_LT=25,Australia,2019,Gas,0.1,189.01182194168825,1355169.9999999998,,
110,Default,Australia,2020,Gas,0.1,155.47410392111857,1355169.9999999998,,
111,DR=0.08_LT=25,Australia,2020,Gas,0.1,181.06997632765314,1355169.9999999998,,
112,Default,Australia,2021,Gas,0.1,230.4886635702414,1355169.9999999998,,
113,DR=0.08_LT=25,Australia,2021,Gas,0.1,256.0845359767759,1355169.9999999998,,
114,Default,Australia,2022,Gas,0.1,358.75596181585547,1355169.9999999998,,
115,DR=0.08_LT=25,Australia,2022,Gas,0.1,384.35183422239,1355169.9999999998,,
116,Default,Australia,2023,Gas,0.1,213.7290407632238,1355169.9999999998,,
117,DR=0.08_LT=25,Australia,2023,Gas,0.1,239.3249131697584,1355169.9999999998,,
118,Default,Australia,2024,Gas,0.1,201.90163199129404,1355169.9999999998,,
119,DR=0.08_LT=25,Australia,2024,Gas,0.1,227.4975043978286,1355169.9999999998,,
120,Default,Australia,2024,Solar+BESS,0.15,25.66,583327.4115200001,0.6,0.0
121,DR=0.08_LT=25,Australia,2024,Solar+BESS,0.15,41.59,583327.4115200001,0.6,0.0
122,Default,Australia,2015,Solar+BESS,0.15,66.78,1645551.79754,0.6,0.0
123,DR=0.08_LT=25,Australia,2015,Solar+BESS,0.15,111.71,1645551.79754,0.6,0.0
124,Default,Australia,2016,Solar+BESS,0.15,57.93,1416917.1129400001,0.6,0.0
125,DR=0.08_LT=25,Australia,2016,Solar+BESS,0.15,96.61,1416917.1129400001,0.6,0.0
126,Default,Australia,2017,Solar+BESS,0.15,59.2,1449667.48668,0.6,0.0
127,DR=0.08_LT=25,Australia,2017,Solar+BESS,0.15,98.78,1449667.48668,0.6,0.0
128,Default,Australia,2018,Solar+BESS,0.15,46.38,1118456.1598,0.6,0.0
129,DR=0.08_LT=25,Australia,2018,Solar+BESS,0.15,76.91,1118456.1598,0.6,0.0
130,Default,Australia,2019,Solar+BESS,0.15,38.7,920100.12262,0.6,0.0
131,DR=0.08_LT=25,Australia,2019,Solar+BESS,0.15,63.82,920100.12262,0.6,0.0
132,Default,Australia,2020,Solar+BESS,0.15,32.93,771178.61184,0.6,0.0
133,DR=0.08_LT=25,Australia,2020,Solar+BESS,0.15,53.99,771178.61184,0.6,0.0
134,Default,Australia,2021,Solar+BESS,0.15,30.88,718036.49596,0.6,0.0
135,DR=0.08_LT=25,Australia,2021,Solar+BESS,0.15,50.48,718036.49596,0.6,0.0
136,Default,Australia,2022,Solar+BESS,0.15,26.52,605572.9484000001,0.6,0.0
137,DR=0.08_LT=25,Australia,2022,Solar+BESS,0.15,43.06,605572.9484000001,0.6,0.0
138,Default,Australia,2023,Solar+BESS,0.15,27.29,625346.75896,0.6,0.0
139,DR=0.08_LT=25,Australia,2023,Solar+BESS,0.15,44.36,625346.75896,0.6,0.0
140,Default,Australia,2015,Coal,0.15,119.61218600025626,1690307.1428571434,,
141,DR=0.08_LT=25,Australia,2015,Coal,0.15,169.56734817312508,1690307.1428571434,,
142,Default,Australia,2016,Coal,0.15,121.75631390723298,1690307.1428571434,,
143,DR=0.08_LT=25,Australia,2016,Coal,0.15,171.71147608010182,1690307.1428571434,,
144,Default,Australia,2017,Coal,0.15,130.61203483746556,1690307.1428571434,,
145,DR=0.08_LT=25,Australia,2017,Coal,0.15,180.56719701033438,1690307.1428571434,,
146,Default,Australia,2018,Coal,0.15,122.58525576769811,1690307.1428571434,,
147,DR=0.08_LT=25,Australia,2018,Coal,0.15,172.54041794056693,1690307.1428571434,,
148,Default,Australia,2019,Coal,0.15,116.69440693048882,1690307.1428571434,,
149,DR=0.08_LT=25,Australia,2019,Coal,0.15,166.64956910335763,1690307.1428571434,,
150,Default,Australia,2020,Coal,0.15,113.38290925607019,1690307.1428571434,,
151,DR=0.08_LT=25,Australia,2020,Coal,0.15,163.33807142893903,1690307.1428571434,,
152,Default,Australia,2021,Coal,0.15,126.81667065141903,1690307.1428571434,,
153,DR=0.08_LT=25,Australia,2021,Coal,0.15,176.77183282428786,1690307.1428571434,,
154,Default,Australia,2022,Coal,0.15,158.64305809327954,1690307.1428571434,,
155,DR=0.08_LT=25,Australia,2022,Coal,0.15,208.59822026614833,1690307.1428571434,,
156,Default,Australia,2023,Coal,0.15,133.9104877444423,1690307.1428571434,,
157,DR=0.08_LT=25,Australia,2023,Coal,0.15,183.86564991731112,1690307.1428571434,,
158,Default,Australia,2024,Coal,0.15,128.96363948862836,1690307.1428571434,,
159,DR=0.08_LT=25,Australia,2024,Coal,0.15,178.91880166149716,1690307.1428571434,,
160,Default,Australia,2015,Gas,0.15,130.78099384214923,1355169.9999999998,,
161,DR=0.08_LT=25,Australia,2015,Gas,0.15,147.84490877983896,1355169.9999999998,,
162,Default,Australia,2016,Gas,0.15,119.28237629828956,1355169.9999999998,,
163,DR=0.08_LT=25,Australia,2016,Gas,0.15,136.34629123597932,1355169.9999999998,,
164,Default,Australia,2017,Gas,0.15,126.36764822811413,1355169.9999999998,,
165,DR=0.08_LT=25,Australia,2017,Gas,0.15,143.43156316580388,1355169.9999999998,,
166,Default,Australia,2018,Gas,0.15,139.36146226320184,1355169.9999999998,,
167,DR=0.08_LT=25,Australia,2018,Gas,0.15,156.4253772008916,1355169.9999999998,,
168,Default,Australia,2019,Gas,0.15,118.87175875442992,1355169.9999999998,,
169,DR=0.08_LT=25,Australia,2019,Gas,0.15,135.93567369211965,1355169.9999999998,,
170,Default,Australia,2020,Gas,0.15,110.92991314039483,1355169.9999999998,,
171,DR=0.08_LT=25,Australia,2020,Gas,0.15,127.99382807808456,1355169.9999999998,,
172,Default,Australia,2021,Gas,0.15,185.94447278951765,1355169.9999999998,,
173,DR=0.08_LT=25,Australia,2021,Gas,0.15,203.0083877272074,1355169.9999999998,,
174,Default,Australia,2022,Gas,0.15,314.2117710351317,1355169.9999999998,,
175,DR=0.08_LT=25,Australia,2022,Gas,0.15,331.2756859728214,1355169.9999999998,,
176,Default,Australia,2023,Gas,0.15,169.18484998250008,1355169.9999999998,,
177,DR=0.08_LT=25,Australia,2023,Gas,0.15,186.2487649201898,1355169.9999999998,,
178,Default,Australia,2024,Gas,0.15,157.35744121057024,1355169.9999999998,,
179,DR=0.08_LT=25,Australia,2024,Gas,0.15,174.42135614826,1355169.9999999998,,
180,Default,Australia,2024,Solar+BESS,0.2,25.66,777769.87888,0.8,0.0
181,DR=0.08_LT=25,Australia,2024,Solar+BESS,0.2,41.59,777769.87888,0.8,0.0
182,Default,Australia,2015,Solar+BESS,0.2,66.78,2194069.0545099997,0.8,0.0
183,DR=0.08_LT=25,Australia,2015,Solar+BESS,0.2,111.71,2194069.0545099997,0.8,0.0
184,Default,Australia,2016,Solar+BESS,0.2,57.93,1889222.80961,0.8,0.0
185,DR=0.08_LT=25,Australia,2016,Solar+BESS,0.2,96.61,1889222.80961,0.8,0.0
186,Default,Australia,2017,Solar+BESS,0.2,59.2,1932889.9744199999,0.8,0.0
187,DR=0.08_LT=25,Australia,2017,Solar+BESS,0.2,98.78,1932889.9744199999,0.8,0.0
188,Default,Australia,2018,Solar+BESS,0.2,46.38,1491274.8736999999,0.8,0.0
189,DR=0.08_LT=25,Australia,2018,Solar+BESS,0.2,76.91,1491274.8736999999,0.8,0.0
190,Default,Australia,2019,Solar+BESS,0.2,38.7,1226800.15853,0.8,0.0
191,DR=0.08_LT=25,Australia,2019,Solar+BESS,0.2,63.82,1226800.15853,0.8,0.0
192,Default,Australia,2020,Solar+BESS,0.2,32.93,1028238.14496,0.8,0.0
193,DR=0.08_LT=25,Australia,2020,Solar+BESS,0.2,53.99,1028238.14496,0.8,0.0
194,Default,Australia,2021,Solar+BESS,0.2,30.88,957381.99074,0.8,0.0
195,DR=0.08_LT=25,Australia,2021,Solar+BESS,0.2,50.48,957381.99074,0.8,0.0
196,Default,Australia,2022,Solar+BESS,0.2,26.52,807430.5946,0.8,0.0
197,DR=0.08_LT=25,Australia,2022,Solar+BESS,0.2,43.06,807430.5946,0.8,0.0
198,Default,Australia,2023,Solar+BESS,0.2,27.29,833795.6752399999,0.8,0.0
199,DR=0.08_LT=25,Australia,2023,Solar+BESS,0.2,44.36,833795.6752399999,0.8,0.0
200,Default,Australia,2015,Coal,0.2,96.2215848490294,1690307.1428571434,,
201,DR=0.08_LT=25,Australia,2015,Coal,0.2,133.687956478681,1690307.1428571434,,
202,Default,Australia,2016,Coal,0.2,98.36571275600613,1690307.1428571434,,
203,DR=0.08_LT=25,Australia,2016,Coal,0.2,135.83208438565777,1690307.1428571434,,
204,Default,Australia,2017,Coal,0.2,107.22143368623871,1690307.1428571434,,
205,DR=0.08_LT=25,Australia,2017,Coal,0.2,144.6878053158903,1690307.1428571434,,
206,Default,Australia,2018,Coal,0.2,99.19465461647125,1690307.1428571434,,
207,DR=0.08_LT=25,Australia,2018,Coal,0.2,136.66102624612287,1690307.1428571434,,
208,Default,Australia,2019,Coal,0.2,93.30380577926194,1690307.1428571434,,
209,DR=0.08_LT=25,Australia,2019,Coal,0.2,130.77017740891355,1690307.1428571434,,
210,Default,Australia,2020,Coal,0.2,89.99230810484335,1690307.1428571434,,
211,DR=0.08_LT=25,Australia,2020,Coal,0.2,127.45867973449495,1690307.1428571434,,
212,Default,Australia,2021,Coal,0.2,103.42606950019218,1690307.1428571434,,
213,DR=0.08_LT=25,Australia,2021,Coal,0.2,140.8924411298438,1690307.1428571434,,
214,Default,Australia,2022,Coal,0.2,135.25245694205265,1690307.1428571434,,
215,DR=0.08_LT=25,Australia,2022,Coal,0.2,172.71882857170428,1690307.1428571434,,
216,Default,Australia,2023,Coal,0.2,110.51988659321543,1690307.1428571434,,
217,DR=0.08_LT=25,Australia,2023,Coal,0.2,147.98625822286704,1690307.1428571434,,
218,Default,Australia,2024,Coal,0.2,105.57303833740148,1690307.1428571434,,
219,DR=0.08_LT=25,Australia,2024,Coal,0.2,143.0394099670531,1690307.1428571434,,
220,Default,Australia,2015,Gas,0.2,108.50889845178736,1355169.9999999998,,
221,DR=0.08_LT=25,Australia,2015,Gas,0.2,121.30683465505466,1355169.9999999998,,
222,Default,Australia,2016,Gas,0.2,97.01028090792771,1355169.9999999998,,
223,DR=0.08_LT=25,Australia,2016,Gas,0.2,109.808217111195,1355169.9999999998,,
224,Default,Australia,2017,Gas,0.2,104.0955528377523,1355169.9999999998,,
225,DR=0.08_LT=25,Australia,2017,Gas,0.2,116.89348904101956,1355169.9999999998,,
226,Default,Australia,2018,Gas,0.2,117.08936687283999,1355169.9999999998,,
227,DR=0.08_LT=25,Australia,2018,Gas,0.2,129.8873030761073,1355169.9999999998,,
228,Default,Australia,2019,Gas,0.2,96.59966336406805,1355169.9999999998,,
229,DR=0.08_LT=25,Australia,2019,Gas,0.2,109.39759956733535,1355169.9999999998,,
230,Default,Australia,2020,Gas,0.2,88.65781775003299,1355169.9999999998,,
231,DR=0.08_LT=25,Australia,2020,Gas,0.2,101.45575395330027,1355169.9999999998,,
232,Default,Australia,2021,Gas,0.2,163.6723773991558,1355169.9999999998,,
233,DR=0.08_LT=25,Australia,2021,Gas,0.2,176.47031360242306,1355169.9999999998,,
234,Default,Australia,2022,Gas,0.2,291.93967564476986,1355169.9999999998,,
235,DR=0.08_LT=25,Australia,2022,Gas,0.2,304.7376118480371,1355169.9999999998,,
236,Default,Australia,2023,Gas,0.2,146.91275459213824,1355169.9999999998,,
237,DR=0.08_LT=25,Australia,2023,Gas,0.2,159.7106907954055,1355169.9999999998,,
238,Default,Australia,2024,Gas,0.2,135.08534582020843,1355169.9999999998,,
239,DR=0.08_LT=25,Australia,2024,Gas,0.2,147.8832820234757,1355169.9999999998,,
240,Default,Australia,2024,Solar+BESS,0.25,25.68,973044.4256,1.0,0.0
241,DR=0.08_LT=25,Australia,2024,Solar+BESS,0.25,41.62,973044.4256,1.0,0.0
242,Default,Australia,2015,Solar+BESS,0.25,66.84,2744933.5862,1.0,0.0
243,DR=0.08_LT=25,Australia,2015,Solar+BESS,0.25,111.8,2744933.5862,1.0,0.0
244,Default,Australia,2016,Solar+BESS,0.25,57.98,2363549.6481999997,1.0,0.0
245,DR=0.08_LT=25,Australia,2016,Solar+BESS,0.25,96.7,2363549.6481999997,1.0,0.0
246,Default,Australia,2017,Solar+BESS,0.25,59.25,2418180.3203999996,1.0,0.0
247,DR=0.08_LT=25,Australia,2017,Solar+BESS,0.25,98.86,2418180.3203999996,1.0,0.0
248,Default,Australia,2018,Solar+BESS,0.25,46.42,1865688.9940000002,1.0,0.0
249,DR=0.08_LT=25,Australia,2018,Solar+BESS,0.25,76.98,1865688.9940000002,1.0,0.0
250,Default,Australia,2019,Solar+BESS,0.25,38.73,1534812.6586,1.0,0.0
251,DR=0.08_LT=25,Australia,2019,Solar+BESS,0.25,63.87,1534812.6586,1.0,0.0
252,Default,Australia,2020,Solar+BESS,0.25,32.96,1286397.7152,1.0,0.0
253,DR=0.08_LT=25,Australia,2020,Solar+BESS,0.25,54.03,1286397.7152,1.0,0.0
254,Default,Australia,2021,Solar+BESS,0.25,30.9,1197751.7188,1.0,0.0
255,DR=0.08_LT=25,Australia,2021,Solar+BESS,0.25,50.52,1197751.7188,1.0,0.0
256,Default,Australia,2022,Solar+BESS,0.25,26.55,1010152.052,1.0,0.0
257,DR=0.08_LT=25,Australia,2022,Solar+BESS,0.25,43.09,1010152.052,1.0,0.0
258,Default,Australia,2023,Solar+BESS,0.25,27.31,1043136.6087999999,1.0,0.0
259,DR=0.08_LT=25,Australia,2023,Solar+BESS,0.25,44.4,1043136.6087999999,1.0,0.0
260,Default,Australia,2015,Coal,0.25,82.18722415829328,1690307.1428571434,,
261,DR=0.08_LT=25,Australia,2015,Coal,0.25,112.16032146201458,1690307.1428571434,,
262,Default,Australia,2016,Coal,0.25,84.33135206527002,1690307.1428571434,,
263,DR=0.08_LT=25,Australia,2016,Coal,0.25,114.30444936899133,1690307.1428571434,,
264,Default,Australia,2017,Coal,0.25,93.18707299550259,1690307.1428571434,,
265,DR=0.08_LT=25,Australia,2017,Coal,0.25,123.16017029922388,1690307.1428571434,,
266,Default,Australia,2018,Coal,0.25,85.16029392573515,1690307.1428571434,,
267,DR=0.08_LT=25,Australia,2018,Coal,0.25,115.13339122945645,1690307.1428571434,,
268,Default,Australia,2019,Coal,0.25,79.26944508852584,1690307.1428571434,,
269,DR=0.08_LT=25,Australia,2019,Coal,0.25,109.24254239224713,1690307.1428571434,,
270,Default,Australia,2020,Coal,0.25,75.95794741410725,1690307.1428571434,,
271,DR=0.08_LT=25,Australia,2020,Coal,0.25,105.93104471782854,1690307.1428571434,,
272,Default,Australia,2021,Coal,0.25,89.39170880945609,1690307.1428571434,,
273,DR=0.08_LT=25,Australia,2021,Coal,0.25,119.36480611317738,1690307.1428571434,,
274,Default,Australia,2022,Coal,0.25,121.21809625131654,1690307.1428571434,,
275,DR=0.08_LT=25,Australia,2022,Coal,0.25,151.19119355503784,1690307.1428571434,,
276,Default,Australia,2023,Coal,0.25,96.48552590247934,1690307.1428571434,,
277,DR=0.08_LT=25,Australia,2023,Coal,0.25,126.45862320620064,1690307.1428571434,,
278,Default,Australia,2024,Coal,0.25,91.53867764666538,1690307.1428571434,,
279,DR=0.08_LT=25,Australia,2024,Coal,0.25,121.51177495038667,1690307.1428571434,,
280,Default,Australia,2015,Gas,0.25,95.14564121757026,1355169.9999999998,,
281,DR=0.08_LT=25,Australia,2015,Gas,0.25,105.3839901801841,1355169.9999999998,,
282,Default,Australia,2016,Gas,0.25,83.64702367371059,1355169.9999999998,,
283,DR=0.08_LT=25,Australia,2016,Gas,0.25,93.88537263632445,1355169.9999999998,,
284,Default,Australia,2017,Gas,0.25,90.73229560353516,1355169.9999999998,,
285,DR=0.08_LT=25,Australia,2017,Gas,0.25,100.97064456614899,1355169.9999999998,,
286,Default,Australia,2018,Gas,0.25,103.72610963862289,1355169.9999999998,,
287,DR=0.08_LT=25,Australia,2018,Gas,0.25,113.96445860123671,1355169.9999999998,,
288,Default,Australia,2019,Gas,0.25,83.23640612985096,1355169.9999999998,,
289,DR=0.08_LT=25,Australia,2019,Gas,0.25,93.47475509246478,1355169.9999999998,,
290,Default,Australia,2020,Gas,0.25,75.29456051581586,1355169.9999999998,,
291,DR=0.08_LT=25,Australia,2020,Gas,0.25,85.53290947842969,1355169.9999999998,,
292,Default,Australia,2021,Gas,0.25,150.30912016493872,1355169.9999999998,,
293,DR=0.08_LT=25,Australia,2021,Gas,0.25,160.54746912755252,1355169.9999999998,,
294,Default,Australia,2022,Gas,0.25,278.5764184105527,1355169.9999999998,,
295,DR=0.08_LT=25,Australia,2022,Gas,0.25,288.8147673731666,1355169.9999999998,,
296,Default,Australia,2023,Gas,0.25,133.54949735792113,1355169.9999999998,,
297,DR=0.08_LT=25,Australia,2023,Gas,0.25,143.78784632053492,1355169.9999999998,,
298,Default,Australia,2024,Gas,0.25,121.7220885859913,1355169.9999999998,,
299,DR=0.08_LT=25,Australia,2024,Gas,0.25,131.96043754860514,1355169.9999999998,,
300,Default,Australia,2024,Solar+BESS,0.3,27.05,1229836.0255999998,1.3,0.0
301,DR=0.08_LT=25,Australia,2024,Solar+BESS,0.3,43.84,1229836.0255999998,1.3,0.0
302,Default,Australia,2015,Solar+BESS,0.3,70.4,3469336.1612,1.3,0.0
303,DR=0.08_LT=25,Australia,2015,Solar+BESS,0.3,117.76,3469336.1612,1.3,0.0
304,Default,Australia,2016,Solar+BESS,0.3,61.07,2987302.9732,1.3,0.0
305,DR=0.08_LT=25,Australia,2016,Solar+BESS,0.3,101.85,2987302.9732,1.3,0.0
306,Default,Australia,2017,Solar+BESS,0.3,62.41,3056350.9704,1.3,0.0
307,DR=0.08_LT=25,Australia,2017,Solar+BESS,0.3,104.12,3056350.9704,1.3,0.0
308,Default,Australia,2018,Solar+BESS,0.3,48.89,2358054.244,1.3,0.0
309,DR=0.08_LT=25,Australia,2018,Solar+BESS,0.3,81.08,2358054.244,1.3,0.0
310,Default,Australia,2019,Solar+BESS,0.3,40.8,1939857.8835999998,1.3,0.0
311,DR=0.08_LT=25,Australia,2019,Solar+BESS,0.3,67.27,1939857.8835999998,1.3,0.0
312,Default,Australia,2020,Solar+BESS,0.3,34.72,1625884.9152,1.3,0.0
313,DR=0.08_LT=25,Australia,2020,Solar+BESS,0.3,56.91,1625884.9152,1.3,0.0
314,Default,Australia,2021,Solar+BESS,0.3,32.55,1513844.7688,1.3,0.0
315,DR=0.08_LT=25,Australia,2021,Solar+BESS,0.3,53.21,1513844.7688,1.3,0.0
316,Default,Australia,2022,Solar+BESS,0.3,27.96,1276736.5520000001,1.3,0.0
317,DR=0.08_LT=25,Australia,2022,Solar+BESS,0.3,45.39,1276736.5520000001,1.3,0.0
318,Default,Australia,2023,Solar+BESS,0.3,28.77,1318425.9087999999,1.3,0.0
319,DR=0.08_LT=25,Australia,2023,Solar+BESS,0.3,46.76,1318425.9087999999,1.3,0.0
320,Default,Australia,2015,Coal,0.3,72.83098369780254,1690307.1428571434,,
321,DR=0.08_LT=25,Australia,2015,Coal,0.3,97.80856478423696,1690307.1428571434,,
322,Default,Australia,2016,Coal,0.3,74.97511160477929,1690307.1428571434,,
323,DR=0.08_LT=25,Australia,2016,Coal,0.3,99.9526926912137,1690307.1428571434,,
324,Default,Australia,2017,Coal,0.3,83.83083253501184,1690307.1428571434,,
325,DR=0.08_LT=25,Australia,2017,Coal,0.3,108.80841362144625,1690307.1428571434,,
326,Default,Australia,2018,Coal,0.3,75.80405346524441,1690307.1428571434,,
327,DR=0.08_LT=25,Australia,2018,Coal,0.3,100.78163455167882,1690307.1428571434,,
328,Default,Australia,2019,Coal,0.3,69.9132046280351,1690307.1428571434,,
329,DR=0.08_LT=25,Australia,2019,Coal,0.3,94.8907857144695,1690307.1428571434,,
330,Default,Australia,2020,Coal,0.3,66.6017069536165,1690307.1428571434,,
331,DR=0.08_LT=25,Australia,2020,Coal,0.3,91.57928804005091,1690307.1428571434,,
332,Default,Australia,2021,Coal,0.3,80.03546834896534,1690307.1428571434,,
333,DR=0.08_LT=25,Australia,2021,Coal,0.3,105.01304943539974,1690307.1428571434,,
334,Default,Australia,2022,Coal,0.3,111.8618557908258,1690307.1428571434,,
335,DR=0.08_LT=25,Australia,2022,Coal,0.3,136.83943687726023,1690307.1428571434,,
336,Default,Australia,2023,Coal,0.3,87.12928544198859,1690307.1428571434,,
337,DR=0.08_LT=25,Australia,2023,Coal,0.3,112.106866528423,1690307.1428571434,,
338,Default,Australia,2024,Coal,0.3,82.18243718617465,1690307.1428571434,,
339,DR=0.08_LT=25,Australia,2024,Coal,0.3,107.16001827260905,1690307.1428571434,,
340,Default,Australia,2015,Gas,0.3,86.23680306142549,1355169.9999999998,,
341,DR=0.08_LT=25,Australia,2015,Gas,0.3,94.76876053027034,1355169.9999999998,,
342,Default,Australia,2016,Gas,0.3,74.73818551756584,1355169.9999999998,,
343,DR=0.08_LT=25,Australia,2016,Gas,0.3,83.27014298641069,1355169.9999999998,,
344,Default,Australia,2017,Gas,0.3,81.8234574473904,1355169.9999999998,,
345,DR=0.08_LT=25,Australia,2017,Gas,0.3,90.35541491623528,1355169.9999999998,,
346,Default,Australia,2018,Gas,0.3,94.81727148247812,1355169.9999999998,,
347,DR=0.08_LT=25,Australia,2018,Gas,0.3,103.349228951323,1355169.9999999998,,
348,Default,Australia,2019,Gas,0.3,74.3275679737062,1355169.9999999998,,
349,DR=0.08_LT=25,Australia,2019,Gas,0.3,82.85952544255106,1355169.9999999998,,
350,Default,Australia,2020,Gas,0.3,66.3857223596711,1355169.9999999998,,
351,DR=0.08_LT=25,Australia,2020,Gas,0.3,74.91767982851596,1355169.9999999998,,
352,Default,Australia,2021,Gas,0.3,141.4002820087939,1355169.9999999998,,
353,DR=0.08_LT=25,Australia,2021,Gas,0.3,149.9322394776388,1355169.9999999998,,
354,Default,Australia,2022,Gas,0.3,269.66758025440794,1355169.9999999998,,
355,DR=0.08_LT=25,Australia,2022,Gas,0.3,278.19953772325283,1355169.9999999998,,
356,Default,Australia,2023,Gas,0.3,124.64065920177634,1355169.9999999998,,
357,DR=0.08_LT=25,Australia,2023,Gas,0.3,133.17261667062124,1355169.9999999998,,
358,Default,Australia,2024,Gas,0.3,112.81325042984655,1355169.9999999998,,
359,DR=0.08_LT=25,Australia,2024,Gas,0.3,121.3452078986914,1355169.9999999998,,
360,Default,Australia,2024,Solar+BESS,0.35,31.04,1608150.4025005815,1.6,0.6
361,DR=0.08_LT=25,Australia,2024,Solar+BESS,0.35,49.85,1608150.4025005815,1.6,0.6
362,Default,Australia,2015,Solar+BESS,0.35,88.93,5097804.722840001,1.6,0.6
363,DR=0.08_LT=25,Australia,2015,Solar+BESS,0.35,148.58,5097804.722840001,1.6,0.6
364,Default,Australia,2016,Solar+BESS,0.35,75.07,4262289.53032,1.6,0.6
365,DR=0.08_LT=25,Australia,2016,Solar+BESS,0.35,124.94,4262289.53032,1.6,0.6
366,Default,Australia,2017,Solar+BESS,0.35,73.57,4171893.9055474526,1.6,0.6
367,DR=0.08_LT=25,Australia,2017,Solar+BESS,0.35,122.38,4171893.9055474526,1.6,0.6
368,Default,Australia,2018,Solar+BESS,0.35,58.7,3275465.4823256703,1.6,0.6
369,DR=0.08_LT=25,Australia,2018,Solar+BESS,0.35,97.02,3275465.4823256703,1.6,0.6
370,Default,Australia,2019,Solar+BESS,0.35,46.73,2553857.9739960046,1.6,0.6
371,DR=0.08_LT=25,Australia,2019,Solar+BESS,0.35,76.61,2553857.9739960046,1.6,0.6
372,Default,Australia,2020,Solar+BESS,0.35,40.06,2152088.8665474206,1.6,0.6
373,DR=0.08_LT=25,Australia,2020,Solar+BESS,0.35,65.24,2152088.8665474206,1.6,0.6
374,Default,Australia,2021,Solar+BESS,0.35,37.62,2005254.0944615616,1.6,0.6
375,DR=0.08_LT=25,Australia,2021,Solar+BESS,0.35,61.08,2005254.0944615616,1.6,0.6
376,Default,Australia,2022,Solar+BESS,0.35,33.52,1757917.6363599051,1.6,0.6
377,DR=0.08_LT=25,Australia,2022,Solar+BESS,0.35,54.09,1757917.6363599051,1.6,0.6
378,Default,Australia,2023,Solar+BESS,0.35,33.57,1761136.8121566263,1.6,0.6
379,DR=0.08_LT=25,Australia,2023,Solar+BESS,0.35,54.18,1761136.8121566263,1.6,0.6
380,Default,Australia,2015,Coal,0.35,66.147954797452,1690307.1428571434,,
381,DR=0.08_LT=25,Australia,2015,Coal,0.35,87.5573100143958,1690307.1428571434,,
382,Default,Australia,2016,Coal,0.35,68.29208270442874,1690307.1428571434,,
383,DR=0.08_LT=25,Australia,2016,Coal,0.35,89.70143792137254,1690307.1428571434,,
384,Default,Australia,2017,Coal,0.35,77.1478036346613,1690307.1428571434,,
385,DR=0.08_LT=25,Australia,2017,Coal,0.35,98.55715885160511,1690307.1428571434,,
386,Default,Australia,2018,Coal,0.35,69.12102456489387,1690307.1428571434,,
387,DR=0.08_LT=25,Australia,2018,Coal,0.35,90.53037978183767,1690307.1428571434,,
388,Default,Australia,2019,Coal,0.35,63.23017572768456,1690307.1428571434,,
389,DR=0.08_LT=25,Australia,2019,Coal,0.35,84.63953094462836,1690307.1428571434,,
390,Default,Australia,2020,Coal,0.35,59.91867805326596,1690307.1428571434,,
391,DR=0.08_LT=25,Australia,2020,Coal,0.35,81.32803327020976,1690307.1428571434,,
392,Default,Australia,2021,Coal,0.35,73.35243944861479,1690307.1428571434,,
393,DR=0.08_LT=25,Australia,2021,Coal,0.35,94.7617946655586,1690307.1428571434,,
394,Default,Australia,2022,Coal,0.35,105.17882689047525,1690307.1428571434,,
395,DR=0.08_LT=25,Australia,2022,Coal,0.35,126.58818210741906,1690307.1428571434,,
396,Default,Australia,2023,Coal,0.35,80.44625654163805,1690307.1428571434,,
397,DR=0.08_LT=25,Australia,2023,Coal,0.35,101.85561175858186,1690307.1428571434,,
398,Default,Australia,2024,Coal,0.35,75.4994082858241,1690307.1428571434,,
399,DR=0.08_LT=25,Australia,2024,Coal,0.35,96.9087635027679,1690307.1428571434,,
400,Default,Australia,2015,Gas,0.35,79.87334723560781,1355169.9999999998,,
401,DR=0.08_LT=25,Australia,2015,Gas,0.35,87.18645363747484,1355169.9999999998,,
402,Default,Australia,2016,Gas,0.35,68.37472969174816,1355169.9999999998,,
403,DR=0.08_LT=25,Australia,2016,Gas,0.35,75.68783609361519,1355169.9999999998,,
404,Default,Australia,2017,Gas,0.35,75.46000162157272,1355169.9999999998,,
405,DR=0.08_LT=25,Australia,2017,Gas,0.35,82.77310802343975,1355169.9999999998,,
406,Default,Australia,2018,Gas,0.35,88.45381565666045,1355169.9999999998,,
407,DR=0.08_LT=25,Australia,2018,Gas,0.35,95.76692205852747,1355169.9999999998,,
408,Default,Australia,2019,Gas,0.35,67.9641121478885,1355169.9999999998,,
409,DR=0.08_LT=25,Australia,2019,Gas,0.35,75.27721854975555,1355169.9999999998,,
410,Default,Australia,2020,Gas,0.35,60.02226653385341,1355169.9999999998,,
411,DR=0.08_LT=25,Australia,2020,Gas,0.35,67.33537293572046,1355169.9999999998,,
412,Default,Australia,2021,Gas,0.35,135.03682618297626,1355169.9999999998,,
413,DR=0.08_LT=25,Australia,2021,Gas,0.35,142.3499325848433,1355169.9999999998,,
414,Default,Australia,2022,Gas,0.35,263.3041244285903,1355169.9999999998,,
415,DR=0.08_LT=25,Australia,2022,Gas,0.35,270.6172308304573,1355169.9999999998,,
416,Default,Australia,2023,Gas,0.35,118.27720337595869,1355169.9999999998,,
417,DR=0.08_LT=25,Australia,2023,Gas,0.35,125.59030977782572,1355169.9999999998,,
418,Default,Australia,2024,Gas,0.35,106.44979460402887,1355169.9999999998,,
419,DR=0.08_LT=25,Australia,2024,Gas,0.35,113.7629010058959,1355169.9999999998,,
420,Default,Australia,2024,Solar+BESS,0.4,35.41,2032344.6801693542,1.8,1.7
421,DR=0.08_LT=25,Australia,2024,Solar+BESS,0.4,56.21,2032344.6801693542,1.8,1.7
422,Default,Australia,2015,Solar+BESS,0.4,113.59,7417853.7384,1.8,1.7
423,DR=0.08_LT=25,Australia,2015,Solar+BESS,0.4,189.53,7417853.7384,1.8,1.7
424,Default,Australia,2016,Solar+BESS,0.4,93.08,6005342.494200001,1.8,1.7
425,DR=0.08_LT=25,Australia,2016,Solar+BESS,0.4,154.56,6005342.494200001,1.8,1.7
426,Default,Australia,2017,Solar+BESS,0.4,86.87,5577105.312212139,1.8,1.7
427,DR=0.08_LT=25,Australia,2017,Solar+BESS,0.4,143.96,5577105.312212139,1.8,1.7
428,Default,Australia,2018,Solar+BESS,0.4,70.84,4473195.434147026,1.8,1.7
429,DR=0.08_LT=25,Australia,2018,Solar+BESS,0.4,116.63,4473195.434147026,1.8,1.7
430,Default,Australia,2019,Solar+BESS,0.4,53.19,3257526.845939514,1.8,1.7
431,DR=0.08_LT=25,Australia,2019,Solar+BESS,0.4,86.54,3257526.845939514,1.8,1.7
432,Default,Australia,2020,Solar+BESS,0.4,46.04,2765048.961646824,1.8,1.7
433,DR=0.08_LT=25,Australia,2020,Solar+BESS,0.4,74.35,2765048.961646824,1.8,1.7
434,Default,Australia,2021,Solar+BESS,0.4,43.34,2578909.7533258535,1.8,1.7
435,DR=0.08_LT=25,Australia,2021,Solar+BESS,0.4,69.74,2578909.7533258535,1.8,1.7
436,Default,Australia,2022,Solar+BESS,0.4,40.39,2375309.7334222165,1.8,1.7
437,DR=0.08_LT=25,Australia,2022,Solar+BESS,0.4,64.7,2375309.7334222165,1.8,1.7
438,Default,Australia,2023,Solar+BESS,0.4,39.15,2290237.228260968,1.8,1.7
439,DR=0.08_LT=25,Australia,2023,Solar+BESS,0.4,62.6,2290237.228260968,1.8,1.7
440,Default,Australia,2015,Coal,0.4,61.135683122189114,1690307.1428571434,,
441,DR=0.08_LT=25,Australia,2015,Coal,0.4,79.86886893701491,1690307.1428571434,,
442,Default,Australia,2016,Coal,0.4,63.27981102916586,1690307.1428571434,,
443,DR=0.08_LT=25,Australia,2016,Coal,0.4,82.01299684399166,1690307.1428571434,,
444,Default,Australia,2017,Coal,0.4,72.13553195939842,1690307.1428571434,,
445,DR=0.08_LT=25,Australia,2017,Coal,0.4,90.86871777422422,1690307.1428571434,,
446,Default,Australia,2018,Coal,0.4,64.10875288963098,1690307.1428571434,,
447,DR=0.08_LT=25,Australia,2018,Coal,0.4,82.84193870445678,1690307.1428571434,,
448,Default,Australia,2019,Coal,0.4,58.21790405242167,1690307.1428571434,,
449,DR=0.08_LT=25,Australia,2019,Coal,0.4,76.95108986724748,1690307.1428571434,,
450,Default,Australia,2020,Coal,0.4,54.906406378003076,1690307.1428571434,,
451,DR=0.08_LT=25,Australia,2020,Coal,0.4,73.63959219282887,1690307.1428571434,,
452,Default,Australia,2021,Coal,0.4,68.34016777335192,1690307.1428571434,,
453,DR=0.08_LT=25,Australia,2021,Coal,0.4,87.07335358817771,1690307.1428571434,,
454,Default,Australia,2022,Coal,0.4,100.16655521521237,1690307.1428571434,,
455,DR=0.08_LT=25,Australia,2022,Coal,0.4,118.89974103003817,1690307.1428571434,,
456,Default,Australia,2023,Coal,0.4,75.43398486637516,1690307.1428571434,,
457,DR=0.08_LT=25,Australia,2023,Coal,0.4,94.16717068120096,1690307.1428571434,,
458,Default,Australia,2024,Coal,0.4,70.4871366105612,1690307.1428571434,,
459,DR=0.08_LT=25,Australia,2024,Coal,0.4,89.22032242538701,1690307.1428571434,,
460,Default,Australia,2015,Gas,0.4,75.10075536624456,1355169.9999999998,,
461,DR=0.08_LT=25,Australia,2015,Gas,0.4,81.4997234678782,1355169.9999999998,,
462,Default,Australia,2016,Gas,0.4,63.602137822384904,1355169.9999999998,,
463,DR=0.08_LT=25,Australia,2016,Gas,0.4,70.00110592401856,1355169.9999999998,,
464,Default,Australia,2017,Gas,0.4,70.68740975220948,1355169.9999999998,,
465,DR=0.08_LT=25,Australia,2017,Gas,0.4,77.08637785384312,1355169.9999999998,,
466,Default,Australia,2018,Gas,0.4,83.6812237872972,1355169.9999999998,,
467,DR=0.08_LT=25,Australia,2018,Gas,0.4,90.08019188893083,1355169.9999999998,,
468,Default,Australia,2019,Gas,0.4,63.19152027852526,1355169.9999999998,,
469,DR=0.08_LT=25,Australia,2019,Gas,0.4,69.5904883801589,1355169.9999999998,,
470,Default,Australia,2020,Gas,0.4,55.249674664490165,1355169.9999999998,,
471,DR=0.08_LT=25,Australia,2020,Gas,0.4,61.648642766123814,1355169.9999999998,,
472,Default,Australia,2021,Gas,0.4,130.264234313613,1355169.9999999998,,
473,DR=0.08_LT=25,Australia,2021,Gas,0.4,136.66320241524664,1355169.9999999998,,
474,Default,Australia,2022,Gas,0.4,258.531532559227,1355169.9999999998,,
475,DR=0.08_LT=25,Australia,2022,Gas,0.4,264.9305006608607,1355169.9999999998,,
476,Default,Australia,2023,Gas,0.4,113.50461150659544,1355169.9999999998,,
477,DR=0.08_LT=25,Australia,2023,Gas,0.4,119.90357960822907,1355169.9999999998,,
478,Default,Australia,2024,Gas,0.4,101.67720273466563,1355169.9999999998,,
479,DR=0.08_LT=25,Australia,2024,Gas,0.4,108.07617083629927,1355169.9999999998,,
480,Default,Australia,2024,Solar+BESS,0.45,39.24,2482726.5011539087,2.1,2.9
481,DR=0.08_LT=25,Australia,2024,Solar+BESS,0.45,61.84,2482726.5011539087,2.1,2.9
482,Default,Australia,2015,Solar+BESS,0.45,134.52,9865806.743499998,2.1,2.9
483,DR=0.08_LT=25,Australia,2015,Solar+BESS,0.45,224.29,9865806.743499998,2.1,2.9
484,Default,Australia,2016,Solar+BESS,0.45,108.46,7846281.292099999,2.1,2.9
485,DR=0.08_LT=25,Australia,2016,Solar+BESS,0.45,179.86,7846281.292099999,2.1,2.9
486,Default,Australia,2017,Solar+BESS,0.45,98.37,7064279.133534523,2.1,2.9
487,DR=0.08_LT=25,Australia,2017,Solar+BESS,0.45,162.65,7064279.133534523,2.1,2.9
488,Default,Australia,2018,Solar+BESS,0.45,81.27,5739623.733770026,2.1,2.9
489,DR=0.08_LT=25,Australia,2018,Solar+BESS,0.45,133.5,5739623.733770026,2.1,2.9
490,Default,Australia,2019,Solar+BESS,0.45,58.88,4004164.9581394023,2.1,2.9
491,DR=0.08_LT=25,Australia,2019,Solar+BESS,0.45,95.31,4004164.9581394023,2.1,2.9
492,Default,Australia,2020,Solar+BESS,0.45,51.28,3415138.5217826925,2.1,2.9
493,DR=0.08_LT=25,Australia,2020,Solar+BESS,0.45,82.35,3415138.5217826925,2.1,2.9
494,Default,Australia,2021,Solar+BESS,0.45,48.34,3187277.4237008095,2.1,2.9
495,DR=0.08_LT=25,Australia,2021,Solar+BESS,0.45,77.34,3187277.4237008095,2.1,2.9
496,Default,Australia,2022,Solar+BESS,0.45,46.29,3028401.7621328076,2.1,2.9
497,DR=0.08_LT=25,Australia,2022,Solar+BESS,0.45,73.84,3028401.7621328076,2.1,2.9
498,Default,Australia,2023,Solar+BESS,0.45,44.0,2850987.384436404,2.1,2.9
499,DR=0.08_LT=25,Australia,2023,Solar+BESS,0.45,69.94,2850987.384436404,2.1,2.9
500,Default,Australia,2015,Coal,0.45,57.237249596984626,1690307.1428571434,,
501,DR=0.08_LT=25,Australia,2015,Coal,0.45,73.88897032127424,1690307.1428571434,,
502,Default,Australia,2016,Coal,0.45,59.381377503961374,1690307.1428571434,,
503,DR=0.08_LT=25,Australia,2016,Coal,0.45,76.033098228251,1690307.1428571434,,
504,Default,Australia,2017,Coal,0.45,68.23709843419394,1690307.1428571434,,
505,DR=0.08_LT=25,Australia,2017,Coal,0.45,84.88881915848356,1690307.1428571434,,
506,Default,Australia,2018,Coal,0.45,60.210319364426496,1690307.1428571434,,
507,DR=0.08_LT=25,Australia,2018,Coal,0.45,76.8620400887161,1690307.1428571434,,
508,Default,Australia,2019,Coal,0.45,54.31947052721719,1690307.1428571434,,
509,DR=0.08_LT=25,Australia,2019,Coal,0.45,70.9711912515068,1690307.1428571434,,
510,Default,Australia,2020,Coal,0.45,51.00797285279859,1690307.1428571434,,
511,DR=0.08_LT=25,Australia,2020,Coal,0.45,67.6596935770882,1690307.1428571434,,
512,Default,Australia,2021,Coal,0.45,64.44173424814743,1690307.1428571434,,
513,DR=0.08_LT=25,Australia,2021,Coal,0.45,81.09345497243704,1690307.1428571434,,
514,Default,Australia,2022,Coal,0.45,96.26812169000789,1690307.1428571434,,
515,DR=0.08_LT=25,Australia,2022,Coal,0.45,112.9198424142975,1690307.1428571434,,
516,Default,Australia,2023,Coal,0.45,71.53555134117069,1690307.1428571434,,
517,DR=0.08_LT=25,Australia,2023,Coal,0.45,88.18727206546029,1690307.1428571434,,
518,Default,Australia,2024,Coal,0.45,66.58870308535673,1690307.1428571434,,
519,DR=0.08_LT=25,Australia,2024,Coal,0.45,83.24042380964634,1690307.1428571434,,
520,Default,Australia,2015,Gas,0.45,71.38873946785091,1355169.9999999998,,
521,DR=0.08_LT=25,Australia,2015,Gas,0.45,77.07671111374749,1355169.9999999998,,
522,Default,Australia,2016,Gas,0.45,59.89012192399127,1355169.9999999998,,
523,DR=0.08_LT=25,Australia,2016,Gas,0.45,65.57809356988784,1355169.9999999998,,
524,Default,Australia,2017,Gas,0.45,66.97539385381582,1355169.9999999998,,
525,DR=0.08_LT=25,Australia,2017,Gas,0.45,72.66336549971241,1355169.9999999998,,
526,Default,Australia,2018,Gas,0.45,79.96920788890355,1355169.9999999998,,
527,DR=0.08_LT=25,Australia,2018,Gas,0.45,85.65717953480012,1355169.9999999998,,
528,Default,Australia,2019,Gas,0.45,59.479504380131615,1355169.9999999998,,
529,DR=0.08_LT=25,Australia,2019,Gas,0.45,65.16747602602818,1355169.9999999998,,
530,Default,Australia,2020,Gas,0.45,51.53765876609653,1355169.9999999998,,
531,DR=0.08_LT=25,Australia,2020,Gas,0.45,57.22563041199311,1355169.9999999998,,
532,Default,Australia,2021,Gas,0.45,126.55221841521934,1355169.9999999998,,
533,DR=0.08_LT=25,Australia,2021,Gas,0.45,132.24019006111592,1355169.9999999998,,
534,Default,Australia,2022,Gas,0.45,254.8195166608334,1355169.9999999998,,
535,DR=0.08_LT=25,Australia,2022,Gas,0.45,260.50748830672995,1355169.9999999998,,
536,Default,Australia,2023,Gas,0.45,109.79259560820178,1355169.9999999998,,
537,DR=0.08_LT=25,Australia,2023,Gas,0.45,115.48056725409836,1355169.9999999998,,
538,Default,Australia,2024,Gas,0.45,97.96518683627198,1355169.9999999998,,
539,DR=0.08_LT=25,Australia,2024,Gas,0.45,103.65315848216855,1355169.9999999998,,
540,Default,Australia,2024,Solar+BESS,0.5,42.56,2943537.3494468657,2.3,4.1
541,DR=0.08_LT=25,Australia,2024,Solar+BESS,0.5,66.67,2943537.3494468657,2.3,4.1
542,Default,Australia,2015,Solar+BESS,0.5,153.12,12463640.374400001,2.3,4.1
543,DR=0.08_LT=25,Australia,2015,Solar+BESS,0.5,255.2,12463640.374400001,2.3,4.1
544,Default,Australia,2016,Solar+BESS,0.5,122.06,9788970.9982,2.3,4.1
545,DR=0.08_LT=25,Australia,2016,Solar+BESS,0.5,202.23,9788970.9982,2.3,4.1
546,Default,Australia,2017,Solar+BESS,0.5,108.43,8615009.627038948,2.3,4.1
547,DR=0.08_LT=25,Australia,2017,Solar+BESS,0.5,178.98,8615009.627038948,2.3,4.1
548,Default,Australia,2018,Solar+BESS,0.5,90.45,7067265.827998953,2.3,4.1
549,DR=0.08_LT=25,Australia,2018,Solar+BESS,0.5,148.33,7067265.827998953,2.3,4.1
550,Default,Australia,2019,Solar+BESS,0.5,63.78,4770960.420984587,2.3,4.1
551,DR=0.08_LT=25,Australia,2019,Solar+BESS,0.5,102.86,4770960.420984587,2.3,4.1
552,Default,Australia,2020,Solar+BESS,0.5,55.81,4084608.7089925143,2.3,4.1
553,DR=0.08_LT=25,Australia,2020,Solar+BESS,0.5,89.26,4084608.7089925143,2.3,4.1
554,Default,Australia,2021,Solar+BESS,0.5,52.67,3814004.889600261,2.3,4.1
555,DR=0.08_LT=25,Australia,2021,Solar+BESS,0.5,83.9,3814004.889600261,2.3,4.1
556,Default,Australia,2022,Solar+BESS,0.5,51.48,3711302.10909706,2.3,4.1
557,DR=0.08_LT=25,Australia,2022,Solar+BESS,0.5,81.87,3711302.10909706,2.3,4.1
558,Default,Australia,2023,Solar+BESS,0.5,48.22,3430890.1780299195,2.3,4.1
559,DR=0.08_LT=25,Australia,2023,Solar+BESS,0.5,76.32,3430890.1780299195,2.3,4.1
560,Default,Australia,2015,Coal,0.5,54.11850277682106,1690307.1428571434,,
561,DR=0.08_LT=25,Australia,2015,Coal,0.5,69.1050514286817,1690307.1428571434,,
562,Default,Australia,2016,Coal,0.5,56.2626306837978,1690307.1428571434,,
563,DR=0.08_LT=25,Australia,2016,Coal,0.5,71.24917933565845,1690307.1428571434,,
564,Default,Australia,2017,Coal,0.5,65.11835161403036,1690307.1428571434,,
565,DR=0.08_LT=25,Australia,2017,Coal,0.5,80.104900265891,1690307.1428571434,,
566,Default,Australia,2018,Coal,0.5,57.09157254426292,1690307.1428571434,,
567,DR=0.08_LT=25,Australia,2018,Coal,0.5,72.07812119612358,1690307.1428571434,,
568,Default,Australia,2019,Coal,0.5,51.20072370705362,1690307.1428571434,,
569,DR=0.08_LT=25,Australia,2019,Coal,0.5,66.18727235891427,1690307.1428571434,,
570,Default,Australia,2020,Coal,0.5,47.889226032635015,1690307.1428571434,,
571,DR=0.08_LT=25,Australia,2020,Coal,0.5,62.875774684495674,1690307.1428571434,,
572,Default,Australia,2021,Coal,0.5,61.32298742798386,1690307.1428571434,,
573,DR=0.08_LT=25,Australia,2021,Coal,0.5,76.30953607984452,1690307.1428571434,,
574,Default,Australia,2022,Coal,0.5,93.14937486984431,1690307.1428571434,,
575,DR=0.08_LT=25,Australia,2022,Coal,0.5,108.13592352170497,1690307.1428571434,,
576,Default,Australia,2023,Coal,0.5,68.41680452100711,1690307.1428571434,,
577,DR=0.08_LT=25,Australia,2023,Coal,0.5,83.40335317286777,1690307.1428571434,,
578,Default,Australia,2024,Coal,0.5,63.46995626519316,1690307.1428571434,,
579,DR=0.08_LT=25,Australia,2024,Coal,0.5,78.4565049170538,1690307.1428571434,,
580,Default,Australia,2015,Gas,0.5,68.41912674913601,1355169.9999999998,,
581,DR=0.08_LT=25,Australia,2015,Gas,0.5,73.53830123044293,1355169.9999999998,,
582,Default,Australia,2016,Gas,0.5,56.92050920527635,1355169.9999999998,,
583,DR=0.08_LT=25,Australia,2016,Gas,0.5,62.03968368658328,1355169.9999999998,,
584,Default,Australia,2017,Gas,0.5,64.00578113510093,1355169.9999999998,,
585,DR=0.08_LT=25,Australia,2017,Gas,0.5,69.12495561640783,1355169.9999999998,,
586,Default,Australia,2018,Gas,0.5,76.99959517018864,1355169.9999999998,,
587,DR=0.08_LT=25,Australia,2018,Gas,0.5,82.11876965149557,1355169.9999999998,,
588,Default,Australia,2019,Gas,0.5,56.5098916614167,1355169.9999999998,,
589,DR=0.08_LT=25,Australia,2019,Gas,0.5,61.629066142723616,1355169.9999999998,,
590,Default,Australia,2020,Gas,0.5,48.568046047381614,1355169.9999999998,,
591,DR=0.08_LT=25,Australia,2020,Gas,0.5,53.687220528688535,1355169.9999999998,,
592,Default,Australia,2021,Gas,0.5,123.58260569650444,1355169.9999999998,,
593,DR=0.08_LT=25,Australia,2021,Gas,0.5,128.70178017781137,1355169.9999999998,,
594,Default,Australia,2022,Gas,0.5,251.84990394211852,1355169.9999999998,,
595,DR=0.08_LT=25,Australia,2022,Gas,0.5,256.9690784234254,1355169.9999999998,,
596,Default,Australia,2023,Gas,0.5,106.82298288948688,1355169.9999999998,,
597,DR=0.08_LT=25,Australia,2023,Gas,0.5,111.9421573707938,1355169.9999999998,,
598,Default,Australia,2024,Gas,0.5,94.99557411755707,1355169.9999999998,,
599,DR=0.08_LT=25,Australia,2024,Gas,0.5,100.11474859886397,1355169.9999999998,,
600,Default,Australia,2024,Solar+BESS,0.55,45.37,3412172.159239039,2.5,5.4
601,DR=0.08_LT=25,Australia,2024,Solar+BESS,0.55,70.77,3412172.159239039,2.5,5.4
602,Default,Australia,2015,Solar+BESS,0.55,168.59,15083829.002600001,2.5,5.4
603,DR=0.08_LT=25,Australia,2015,Solar+BESS,0.55,280.9,15083829.002600001,2.5,5.4
604,Default,Australia,2016,Solar+BESS,0.55,133.41,11750845.345,2.5,5.4
605,DR=0.08_LT=25,Australia,2016,Solar+BESS,0.55,220.89,11750845.345,2.5,5.4
606,Default,Australia,2017,Solar+BESS,0.55,116.88,10185272.666547826,2.5,5.4
607,DR=0.08_LT=25,Australia,2017,Solar+BESS,0.55,192.71,10185272.666547826,2.5,5.4
608,Default,Australia,2018,Solar+BESS,0.55,98.13,8410006.480676206,2.5,5.4
609,DR=0.08_LT=25,Australia,2018,Solar+BESS,0.55,160.75,8410006.480676206,2.5,5.4
610,Default,Australia,2019,Solar+BESS,0.55,67.94,5550105.591329482,2.5,5.4
611,DR=0.08_LT=25,Australia,2019,Solar+BESS,0.55,109.26,5550105.591329482,2.5,5.4
612,Default,Australia,2020,Solar+BESS,0.55,59.64,4764435.615663182,2.5,5.4
613,DR=0.08_LT=25,Australia,2020,Solar+BESS,0.55,95.12,4764435.615663182,2.5,5.4
614,Default,Australia,2021,Solar+BESS,0.55,56.33,4450376.132170919,2.5,5.4
615,DR=0.08_LT=25,Australia,2021,Solar+BESS,0.55,89.46,4450376.132170919,2.5,5.4
616,Default,Australia,2022,Solar+BESS,0.55,55.82,4402369.508874458,2.5,5.4
617,DR=0.08_LT=25,Australia,2022,Solar+BESS,0.55,88.6,4402369.508874458,2.5,5.4
618,Default,Australia,2023,Solar+BESS,0.55,51.77,4019199.3061768124,2.5,5.4
619,DR=0.08_LT=25,Australia,2023,Solar+BESS,0.55,81.7,4019199.3061768124,2.5,5.4
620,Default,Australia,2015,Coal,0.55,51.566800833050856,1690307.1428571434,,
621,DR=0.08_LT=25,Australia,2015,Coal,0.55,65.19093597110599,1690307.1428571434,,
622,Default,Australia,2016,Coal,0.55,53.7109287400276,1690307.1428571434,,
623,DR=0.08_LT=25,Australia,2016,Coal,0.55,67.33506387808274,1690307.1428571434,,
624,Default,Australia,2017,Coal,0.55,62.566649670260155,1690307.1428571434,,
625,DR=0.08_LT=25,Australia,2017,Coal,0.55,76.19078480831529,1690307.1428571434,,
626,Default,Australia,2018,Coal,0.55,54.53987060049272,1690307.1428571434,,
627,DR=0.08_LT=25,Australia,2018,Coal,0.55,68.16400573854786,1690307.1428571434,,
628,Default,Australia,2019,Coal,0.55,48.649021763283415,1690307.1428571434,,
629,DR=0.08_LT=25,Australia,2019,Coal,0.55,62.273156901338545,1690307.1428571434,,
630,Default,Australia,2020,Coal,0.55,45.33752408886482,1690307.1428571434,,
631,DR=0.08_LT=25,Australia,2020,Coal,0.55,58.961659226919956,1690307.1428571434,,
632,Default,Australia,2021,Coal,0.55,58.77128548421366,1690307.1428571434,,
633,DR=0.08_LT=25,Australia,2021,Coal,0.55,72.39542062226879,1690307.1428571434,,
634,Default,Australia,2022,Coal,0.55,90.59767292607411,1690307.1428571434,,
635,DR=0.08_LT=25,Australia,2022,Coal,0.55,104.22180806412925,1690307.1428571434,,
636,Default,Australia,2023,Coal,0.55,65.8651025772369,1690307.1428571434,,
637,DR=0.08_LT=25,Australia,2023,Coal,0.55,79.48923771529203,1690307.1428571434,,
638,Default,Australia,2024,Coal,0.55,60.91825432142296,1690307.1428571434,,
639,DR=0.08_LT=25,Australia,2024,Coal,0.55,74.54238945947807,1690307.1428571434,,
640,Default,Australia,2015,Gas,0.55,65.98944361564199,1355169.9999999998,,
641,DR=0.08_LT=25,Australia,2015,Gas,0.55,70.64323859864827,1355169.9999999998,,
642,Default,Australia,2016,Gas,0.55,54.49082607178233,1355169.9999999998,,
643,DR=0.08_LT=25,Australia,2016,Gas,0.55,59.14462105478861,1355169.9999999998,,
644,Default,Australia,2017,Gas,0.55,61.5760980016069,1355169.9999999998,,
645,DR=0.08_LT=25,Australia,2017,Gas,0.55,66.22989298461317,1355169.9999999998,,
646,Default,Australia,2018,Gas,0.55,74.56991203669462,1355169.9999999998,,
647,DR=0.08_LT=25,Australia,2018,Gas,0.55,79.2237070197009,1355169.9999999998,,
648,Default,Australia,2019,Gas,0.55,54.080208527922686,1355169.9999999998,,
649,DR=0.08_LT=25,Australia,2019,Gas,0.55,58.73400351092896,1355169.9999999998,,
650,Default,Australia,2020,Gas,0.55,46.13836291388759,1355169.9999999998,,
651,DR=0.08_LT=25,Australia,2020,Gas,0.55,50.792157896893876,1355169.9999999998,,
652,Default,Australia,2021,Gas,0.55,121.15292256301042,1355169.9999999998,,
653,DR=0.08_LT=25,Australia,2021,Gas,0.55,125.8067175460167,1355169.9999999998,,
654,Default,Australia,2022,Gas,0.55,249.4202208086245,1355169.9999999998,,
655,DR=0.08_LT=25,Australia,2022,Gas,0.55,254.07401579163073,1355169.9999999998,,
656,Default,Australia,2023,Gas,0.55,104.39329975599286,1355169.9999999998,,
657,DR=0.08_LT=25,Australia,2023,Gas,0.55,109.04709473899912,1355169.9999999998,,
658,Default,Australia,2024,Gas,0.55,92.56589098406303,1355169.9999999998,,
659,DR=0.08_LT=25,Australia,2024,Gas,0.55,97.21968596706932,1355169.9999999998,,
660,Default,Australia,2024,Solar+BESS,0.6,47.78,3886593.0469777705,2.7,6.8
661,DR=0.08_LT=25,Australia,2024,Solar+BESS,0.6,74.31,3886593.0469777705,2.7,6.8
662,Default,Australia,2015,Solar+BESS,0.6,181.88,17741662.2024,2.7,6.8
663,DR=0.08_LT=25,Australia,2015,Solar+BESS,0.6,302.96,17741662.2024,2.7,6.8
664,Default,Australia,2016,Solar+BESS,0.6,143.15,13740300.7254,2.7,6.8
665,DR=0.08_LT=25,Australia,2016,Solar+BESS,0.6,236.92,13740300.7254,2.7,6.8
666,Default,Australia,2017,Solar+BESS,0.6,124.14,11776577.361051634,2.7,6.8
667,DR=0.08_LT=25,Australia,2017,Solar+BESS,0.6,204.52,11776577.361051634,2.7,6.8
668,Default,Australia,2018,Solar+BESS,0.6,104.74,9771136.920595964,2.7,6.8
669,DR=0.08_LT=25,Australia,2018,Solar+BESS,0.6,171.42,9771136.920595964,2.7,6.8
670,Default,Australia,2019,Solar+BESS,0.6,71.52,6339033.53643568,2.7,6.8
671,DR=0.08_LT=25,Australia,2019,Solar+BESS,0.6,114.78,6339033.53643568,2.7,6.8
672,Default,Australia,2020,Solar+BESS,0.6,62.94,5452901.923030653,2.7,6.8
673,DR=0.08_LT=25,Australia,2020,Solar+BESS,0.6,100.16,5452901.923030653,2.7,6.8
674,Default,Australia,2021,Solar+BESS,0.6,59.48,5094847.134420734,2.7,6.8
675,DR=0.08_LT=25,Australia,2021,Solar+BESS,0.6,94.25,5094847.134420734,2.7,6.8
676,Default,Australia,2022,Solar+BESS,0.6,59.55,5102803.485581474,2.7,6.8
677,DR=0.08_LT=25,Australia,2022,Solar+BESS,0.6,94.38,5102803.485581474,2.7,6.8
678,Default,Australia,2023,Solar+BESS,0.6,54.83,4615122.458972638,2.7,6.8
679,DR=0.08_LT=25,Australia,2023,Solar+BESS,0.6,86.33,4615122.458972638,2.7,6.8
680,Default,Australia,2015,Coal,0.6,49.440382546575684,1690307.1428571434,,
681,DR=0.08_LT=25,Australia,2015,Coal,0.6,61.92917308979288,1690307.1428571434,,
682,Default,Australia,2016,Coal,0.6,51.58451045355244,1690307.1428571434,,
683,DR=0.08_LT=25,Australia,2016,Coal,0.6,64.07330099676963,1690307.1428571434,,
684,Default,Australia,2017,Coal,0.6,60.44023138378499,1690307.1428571434,,
685,DR=0.08_LT=25,Australia,2017,Coal,0.6,72.9290219270022,1690307.1428571434,,
686,Default,Australia,2018,Coal,0.6,52.41345231401755,1690307.1428571434,,
687,DR=0.08_LT=25,Australia,2018,Coal,0.6,64.90224285723475,1690307.1428571434,,
688,Default,Australia,2019,Coal,0.6,46.52260347680825,1690307.1428571434,,
689,DR=0.08_LT=25,Australia,2019,Coal,0.6,59.01139402002545,1690307.1428571434,,
690,Default,Australia,2020,Coal,0.6,43.211105802389646,1690307.1428571434,,
691,DR=0.08_LT=25,Australia,2020,Coal,0.6,55.69989634560686,1690307.1428571434,,
692,Default,Australia,2021,Coal,0.6,56.644867197738485,1690307.1428571434,,
693,DR=0.08_LT=25,Australia,2021,Coal,0.6,69.1336577409557,1690307.1428571434,,
694,Default,Australia,2022,Coal,0.6,88.47125463959894,1690307.1428571434,,
695,DR=0.08_LT=25,Australia,2022,Coal,0.6,100.96004518281616,1690307.1428571434,,
696,Default,Australia,2023,Coal,0.6,63.738684290761746,1690307.1428571434,,
697,DR=0.08_LT=25,Australia,2023,Coal,0.6,76.22747483397895,1690307.1428571434,,
698,Default,Australia,2024,Coal,0.6,58.79183603494779,1690307.1428571434,,
699,DR=0.08_LT=25,Australia,2024,Coal,0.6,71.28062657816498,1690307.1428571434,,
700,Default,Australia,2015,Gas,0.6,63.964707671063614,1355169.9999999998,,
701,DR=0.08_LT=25,Australia,2015,Gas,0.6,68.23068640548605,1355169.9999999998,,
702,Default,Australia,2016,Gas,0.6,52.46609012720398,1355169.9999999998,,
703,DR=0.08_LT=25,Australia,2016,Gas,0.6,56.73206886162641,1355169.9999999998,,
704,Default,Australia,2017,Gas,0.6,59.55136205702854,1355169.9999999998,,
705,DR=0.08_LT=25,Australia,2017,Gas,0.6,63.817340791450974,1355169.9999999998,,
706,Default,Australia,2018,Gas,0.6,72.54517609211625,1355169.9999999998,,
707,DR=0.08_LT=25,Australia,2018,Gas,0.6,76.8111548265387,1355169.9999999998,,
708,Default,Australia,2019,Gas,0.6,52.055472583344326,1355169.9999999998,,
709,DR=0.08_LT=25,Australia,2019,Gas,0.6,56.32145131776675,1355169.9999999998,,
710,Default,Australia,2020,Gas,0.6,44.11362696930924,1355169.9999999998,,
711,DR=0.08_LT=25,Australia,2020,Gas,0.6,48.37960570373167,1355169.9999999998,,
712,Default,Australia,2021,Gas,0.6,119.12818661843203,1355169.9999999998,,
713,DR=0.08_LT=25,Australia,2021,Gas,0.6,123.39416535285449,1355169.9999999998,,
714,Default,Australia,2022,Gas,0.6,247.39548486404607,1355169.9999999998,,
715,DR=0.08_LT=25,Australia,2022,Gas,0.6,251.66146359846852,1355169.9999999998,,
716,Default,Australia,2023,Gas,0.6,102.36856381141449,1355169.9999999998,,
717,DR=0.08_LT=25,Australia,2023,Gas,0.6,106.63454254583694,1355169.9999999998,,
718,Default,Australia,2024,Gas,0.6,90.54115503948466,1355169.9999999998,,
719,DR=0.08_LT=25,Australia,2024,Gas,0.6,94.80713377390711,1355169.9999999998,,
720,Default,Australia,2024,Solar+BESS,0.65,49.95,4366505.6281979885,3.0,8.2
721,DR=0.08_LT=25,Australia,2024,Solar+BESS,0.65,77.45,4366505.6281979885,3.0,8.2
722,Default,Australia,2015,Solar+BESS,0.65,194.09,20501905.3467,3.0,8.2
723,DR=0.08_LT=25,Australia,2015,Solar+BESS,0.65,323.25,20501905.3467,3.0,8.2
724,Default,Australia,2016,Solar+BESS,0.65,152.07,15798235.1523,3.0,8.2
725,DR=0.08_LT=25,Australia,2016,Solar+BESS,0.65,251.6,15798235.1523,3.0,8.2
726,Default,Australia,2017,Solar+BESS,0.65,130.73,13408687.996421617,3.0,8.2
727,DR=0.08_LT=25,Australia,2017,Solar+BESS,0.65,215.2,13408687.996421617,3.0,8.2
728,Default,Australia,2018,Solar+BESS,0.65,110.75,11172537.329443153,3.0,8.2
729,DR=0.08_LT=25,Australia,2018,Solar+BESS,0.65,181.13,11172537.329443153,3.0,8.2
730,Default,Australia,2019,Solar+BESS,0.65,74.72,7139298.709275806,3.0,8.2
731,DR=0.08_LT=25,Australia,2019,Solar+BESS,0.65,119.69,7139298.709275806,3.0,8.2
732,Default,Australia,2020,Solar+BESS,0.65,65.9,6152664.120799073,3.0,8.2
733,DR=0.08_LT=25,Australia,2020,Solar+BESS,0.65,104.66,6152664.120799073,3.0,8.2
734,Default,Australia,2021,Solar+BESS,0.65,62.31,5750062.689822554,3.0,8.2
735,DR=0.08_LT=25,Australia,2021,Solar+BESS,0.65,98.53,5750062.689822554,3.0,8.2
736,Default,Australia,2022,Solar+BESS,0.65,62.95,5822634.686916236,3.0,8.2
737,DR=0.08_LT=25,Australia,2022,Solar+BESS,0.65,99.64,5822634.686916236,3.0,8.2
738,Default,Australia,2023,Solar+BESS,0.65,57.59,5222685.33245587,3.0,8.2
739,DR=0.08_LT=25,Australia,2023,Solar+BESS,0.65,90.5,5222685.33245587,3.0,8.2
740,Default,Australia,2015,Coal,0.65,47.641105534942845,1690307.1428571434,,
741,DR=0.08_LT=25,Australia,2015,Coal,0.65,59.16921988252796,1690307.1428571434,,
742,Default,Australia,2016,Coal,0.65,49.7852334419196,1690307.1428571434,,
743,DR=0.08_LT=25,Australia,2016,Coal,0.65,61.31334778950472,1690307.1428571434,,
744,Default,Australia,2017,Coal,0.65,58.640954372152144,1690307.1428571434,,
745,DR=0.08_LT=25,Australia,2017,Coal,0.65,70.16906871973727,1690307.1428571434,,
746,Default,Australia,2018,Coal,0.65,50.61417530238471,1690307.1428571434,,
747,DR=0.08_LT=25,Australia,2018,Coal,0.65,62.14228964996982,1690307.1428571434,,
748,Default,Australia,2019,Coal,0.65,44.723326465175404,1690307.1428571434,,
749,DR=0.08_LT=25,Australia,2019,Coal,0.65,56.251440812760514,1690307.1428571434,,
750,Default,Australia,2020,Coal,0.65,41.41182879075681,1690307.1428571434,,
751,DR=0.08_LT=25,Australia,2020,Coal,0.65,52.93994313834192,1690307.1428571434,,
752,Default,Australia,2021,Coal,0.65,54.845590186105646,1690307.1428571434,,
753,DR=0.08_LT=25,Australia,2021,Coal,0.65,66.37370453369076,1690307.1428571434,,
754,Default,Australia,2022,Coal,0.65,86.67197762796611,1690307.1428571434,,
755,DR=0.08_LT=25,Australia,2022,Coal,0.65,98.20009197555122,1690307.1428571434,,
756,Default,Australia,2023,Coal,0.65,61.93940727912889,1690307.1428571434,,
757,DR=0.08_LT=25,Australia,2023,Coal,0.65,73.46752162671402,1690307.1428571434,,
758,Default,Australia,2024,Coal,0.65,56.992559023314946,1690307.1428571434,,
759,DR=0.08_LT=25,Australia,2024,Coal,0.65,68.52067337090006,1690307.1428571434,,
760,Default,Australia,2015,Gas,0.65,62.25146956411272,1355169.9999999998,,
761,DR=0.08_LT=25,Australia,2015,Gas,0.65,66.18929608819495,1355169.9999999998,,
762,Default,Australia,2016,Gas,0.65,50.752852020253066,1355169.9999999998,,
763,DR=0.08_LT=25,Australia,2016,Gas,0.65,54.690678544335306,1355169.9999999998,,
764,Default,Australia,2017,Gas,0.65,57.83812395007763,1355169.9999999998,,
765,DR=0.08_LT=25,Australia,2017,Gas,0.65,61.77595047415986,1355169.9999999998,,
766,Default,Australia,2018,Gas,0.65,70.83193798516535,1355169.9999999998,,
767,DR=0.08_LT=25,Australia,2018,Gas,0.65,74.7697645092476,1355169.9999999998,,
768,Default,Australia,2019,Gas,0.65,50.342234476393415,1355169.9999999998,,
769,DR=0.08_LT=25,Australia,2019,Gas,0.65,54.28006100047565,1355169.9999999998,,
770,Default,Australia,2020,Gas,0.65,42.40038886235832,1355169.9999999998,,
771,DR=0.08_LT=25,Australia,2020,Gas,0.65,46.33821538644057,1355169.9999999998,,
772,Default,Australia,2021,Gas,0.65,117.41494851148113,1355169.9999999998,,
773,DR=0.08_LT=25,Australia,2021,Gas,0.65,121.35277503556337,1355169.9999999998,,
774,Default,Australia,2022,Gas,0.65,245.68224675709519,1355169.9999999998,,
775,DR=0.08_LT=25,Australia,2022,Gas,0.65,249.62007328117738,1355169.9999999998,,
776,Default,Australia,2023,Gas,0.65,100.65532570446358,1355169.9999999998,,
777,DR=0.08_LT=25,Australia,2023,Gas,0.65,104.59315222854582,1355169.9999999998,,
778,Default,Australia,2024,Gas,0.65,88.82791693253377,1355169.9999999998,,
779,DR=0.08_LT=25,Australia,2024,Gas,0.65,92.76574345661601,1355169.9999999998,,
780,Default,Australia,2024,Solar+BESS,0.7,51.91,4856398.141445467,3.2,9.6
781,DR=0.08_LT=25,Australia,2024,Solar+BESS,0.7,80.32,4856398.141445467,3.2,9.6
782,Default,Australia,2015,Solar+BESS,0.7,205.01,23311978.067599997,3.2,9.6
783,DR=0.08_LT=25,Australia,2015,Solar+BESS,0.7,341.38,23311978.067599997,3.2,9.6
784,Default,Australia,2016,Solar+BESS,0.7,160.06,17894162.3218,3.2,9.6
785,DR=0.08_LT=25,Australia,2016,Solar+BESS,0.7,264.74,17894162.3218,3.2,9.6
786,Default,Australia,2017,Solar+BESS,0.7,136.65,15072373.412698023,3.2,9.6
787,DR=0.08_LT=25,Australia,2017,Solar+BESS,0.7,224.82,15072373.412698023,3.2,9.6
788,Default,Australia,2018,Solar+BESS,0.7,116.15,12600489.91948355,3.2,9.6
789,DR=0.08_LT=25,Australia,2018,Solar+BESS,0.7,189.86,12600489.91948355,3.2,9.6
790,Default,Australia,2019,Solar+BESS,0.7,77.62,7955972.653336562,3.2,9.6
791,DR=0.08_LT=25,Australia,2019,Solar+BESS,0.7,124.16,7955972.653336562,3.2,9.6
792,Default,Australia,2020,Solar+BESS,0.7,68.58,6866626.584650712,3.2,9.6
793,DR=0.08_LT=25,Australia,2020,Solar+BESS,0.7,108.75,6866626.584650712,3.2,9.6
794,Default,Australia,2021,Solar+BESS,0.7,64.86,6418556.595074449,3.2,9.6
795,DR=0.08_LT=25,Australia,2021,Solar+BESS,0.7,102.41,6418556.595074449,3.2,9.6
796,Default,Australia,2022,Solar+BESS,0.7,66.01,6556242.075184293,3.2,9.6
797,DR=0.08_LT=25,Australia,2022,Solar+BESS,0.7,104.36,6556242.075184293,3.2,9.6
798,Default,Australia,2023,Solar+BESS,0.7,60.09,5842381.629377786,3.2,9.6
799,DR=0.08_LT=25,Australia,2023,Solar+BESS,0.7,94.26,5842381.629377786,3.2,9.6
800,Default,Australia,2015,Coal,0.7,46.098868096400416,1690307.1428571434,,
801,DR=0.08_LT=25,Australia,2015,Coal,0.7,56.80354570487231,1690307.1428571434,,
802,Default,Australia,2016,Coal,0.7,48.242996003377165,1690307.1428571434,,
803,DR=0.08_LT=25,Australia,2016,Coal,0.7,58.94767361184907,1690307.1428571434,,
804,Default,Australia,2017,Coal,0.7,57.098716933609715,1690307.1428571434,,
805,DR=0.08_LT=25,Australia,2017,Coal,0.7,67.8033945420816,1690307.1428571434,,
806,Default,Australia,2018,Coal,0.7,49.07193786384229,1690307.1428571434,,
807,DR=0.08_LT=25,Australia,2018,Coal,0.7,59.776615472314184,1690307.1428571434,,
808,Default,Australia,2019,Coal,0.7,43.18108902663298,1690307.1428571434,,
809,DR=0.08_LT=25,Australia,2019,Coal,0.7,53.88576663510487,1690307.1428571434,,
810,Default,Australia,2020,Coal,0.7,39.86959135221438,1690307.1428571434,,
811,DR=0.08_LT=25,Australia,2020,Coal,0.7,50.574268960686275,1690307.1428571434,,
812,Default,Australia,2021,Coal,0.7,53.30335274756322,1690307.1428571434,,
813,DR=0.08_LT=25,Australia,2021,Coal,0.7,64.0080303560351,1690307.1428571434,,
814,Default,Australia,2022,Coal,0.7,85.12974018942366,1690307.1428571434,,
815,DR=0.08_LT=25,Australia,2022,Coal,0.7,95.83441779789558,1690307.1428571434,,
816,Default,Australia,2023,Coal,0.7,60.397169840586464,1690307.1428571434,,
817,DR=0.08_LT=25,Australia,2023,Coal,0.7,71.10184744905837,1690307.1428571434,,
818,Default,Australia,2024,Coal,0.7,55.45032158477252,1690307.1428571434,,
819,DR=0.08_LT=25,Australia,2024,Coal,0.7,66.15499919324441,1690307.1428571434,,
820,Default,Australia,2015,Gas,0.7,60.782979758154774,1355169.9999999998,,
821,DR=0.08_LT=25,Australia,2015,Gas,0.7,64.43953295908831,1355169.9999999998,,
822,Default,Australia,2016,Gas,0.7,49.28436221429514,1355169.9999999998,,
823,DR=0.08_LT=25,Australia,2016,Gas,0.7,52.94091541522866,1355169.9999999998,,
824,Default,Australia,2017,Gas,0.7,56.36963414411969,1355169.9999999998,,
825,DR=0.08_LT=25,Australia,2017,Gas,0.7,60.026187345053216,1355169.9999999998,,
826,Default,Australia,2018,Gas,0.7,69.36344817920741,1355169.9999999998,,
827,DR=0.08_LT=25,Australia,2018,Gas,0.7,73.02000138014094,1355169.9999999998,,
828,Default,Australia,2019,Gas,0.7,48.87374467043549,1355169.9999999998,,
829,DR=0.08_LT=25,Australia,2019,Gas,0.7,52.530297871369,1355169.9999999998,,
830,Default,Australia,2020,Gas,0.7,40.9318990564004,1355169.9999999998,,
831,DR=0.08_LT=25,Australia,2020,Gas,0.7,44.58845225733392,1355169.9999999998,,
832,Default,Australia,2021,Gas,0.7,115.94645870552321,1355169.9999999998,,
833,DR=0.08_LT=25,Australia,2021,Gas,0.7,119.60301190645673,1355169.9999999998,,
834,Default,Australia,2022,Gas,0.7,244.21375695113724,1355169.9999999998,,
835,DR=0.08_LT=25,Australia,2022,Gas,0.7,247.87031015207077,1355169.9999999998,,
836,Default,Australia,2023,Gas,0.7,99.18683589850565,1355169.9999999998,,
837,DR=0.08_LT=25,Australia,2023,Gas,0.7,102.84338909943918,1355169.9999999998,,
838,Default,Australia,2024,Gas,0.7,87.35942712657584,1355169.9999999998,,
839,DR=0.08_LT=25,Australia,2024,Gas,0.7,91.01598032750937,1355169.9999999998,,
840,Default,Australia,2024,Solar+BESS,0.75,53.66,5352374.209265644,3.4,11.0
841,DR=0.08_LT=25,Australia,2024,Solar+BESS,0.75,82.88,5352374.209265644,3.4,11.0
842,Default,Australia,2015,Solar+BESS,0.75,214.61,26140763.7122,3.4,11.0
843,DR=0.08_LT=25,Australia,2015,Solar+BESS,0.75,357.34,26140763.7122,3.4,11.0
844,Default,Australia,2016,Solar+BESS,0.75,167.11,20005850.7682,3.4,11.0
845,DR=0.08_LT=25,Australia,2016,Solar+BESS,0.75,276.34,20005850.7682,3.4,11.0
846,Default,Australia,2017,Solar+BESS,0.75,141.92,16751662.230061647,3.4,11.0
847,DR=0.08_LT=25,Australia,2017,Solar+BESS,0.75,233.38,16751662.230061647,3.4,11.0
848,Default,Australia,2018,Solar+BESS,0.75,120.93,14040637.77765537,3.4,11.0
849,DR=0.08_LT=25,Australia,2018,Solar+BESS,0.75,197.59,14040637.77765537,3.4,11.0
850,Default,Australia,2019,Solar+BESS,0.75,80.22,8782290.119029826,3.4,11.0
851,DR=0.08_LT=25,Australia,2019,Solar+BESS,0.75,128.17,8782290.119029826,3.4,11.0
852,Default,Australia,2020,Solar+BESS,0.75,70.97,7588703.745483825,3.4,11.0
853,DR=0.08_LT=25,Australia,2020,Solar+BESS,0.75,112.41,7588703.745483825,3.4,11.0
854,Default,Australia,2021,Solar+BESS,0.75,67.15,7094610.064274292,3.4,11.0
855,DR=0.08_LT=25,Australia,2021,Solar+BESS,0.75,105.88,7094610.064274292,3.4,11.0
856,Default,Australia,2022,Solar+BESS,0.75,68.71,7296409.475182341,3.4,11.0
857,DR=0.08_LT=25,Australia,2022,Solar+BESS,0.75,108.55,7296409.475182341,3.4,11.0
858,Default,Australia,2023,Solar+BESS,0.75,62.3,6468702.376405876,3.4,11.0
859,DR=0.08_LT=25,Australia,2023,Solar+BESS,0.75,97.62,6468702.376405876,3.4,11.0
860,Default,Australia,2015,Coal,0.75,44.76226231633032,1690307.1428571434,,
861,DR=0.08_LT=25,Australia,2015,Coal,0.75,54.753294750904075,1690307.1428571434,,
862,Default,Australia,2016,Coal,0.75,46.90639022330707,1690307.1428571434,,
863,DR=0.08_LT=25,Australia,2016,Coal,0.75,56.89742265788083,1690307.1428571434,,
864,Default,Australia,2017,Coal,0.75,55.76211115353962,1690307.1428571434,,
865,DR=0.08_LT=25,Australia,2017,Coal,0.75,65.75314358811339,1690307.1428571434,,
866,Default,Australia,2018,Coal,0.75,47.735332083772185,1690307.1428571434,,
867,DR=0.08_LT=25,Australia,2018,Coal,0.75,57.726364518345946,1690307.1428571434,,
868,Default,Australia,2019,Coal,0.75,41.84448324656287,1690307.1428571434,,
869,DR=0.08_LT=25,Australia,2019,Coal,0.75,51.835515681136634,1690307.1428571434,,
870,Default,Australia,2020,Coal,0.75,38.53298557214428,1690307.1428571434,,
871,DR=0.08_LT=25,Australia,2020,Coal,0.75,48.52401800671804,1690307.1428571434,,
872,Default,Australia,2021,Coal,0.75,51.966746967493116,1690307.1428571434,,
873,DR=0.08_LT=25,Australia,2021,Coal,0.75,61.95777940206688,1690307.1428571434,,
874,Default,Australia,2022,Coal,0.75,83.79313440935357,1690307.1428571434,,
875,DR=0.08_LT=25,Australia,2022,Coal,0.75,93.78416684392734,1690307.1428571434,,
876,Default,Australia,2023,Coal,0.75,59.06056406051637,1690307.1428571434,,
877,DR=0.08_LT=25,Australia,2023,Coal,0.75,69.05159649509012,1690307.1428571434,,
878,Default,Australia,2024,Coal,0.75,54.113715804702416,1690307.1428571434,,
879,DR=0.08_LT=25,Australia,2024,Coal,0.75,64.10474823927618,1690307.1428571434,,
880,Default,Australia,2015,Gas,0.75,59.510288592991245,1355169.9999999998,,
881,DR=0.08_LT=25,Australia,2015,Gas,0.75,62.923071580529204,1355169.9999999998,,
882,Default,Australia,2016,Gas,0.75,48.01167104913159,1355169.9999999998,,
883,DR=0.08_LT=25,Australia,2016,Gas,0.75,51.424454036669545,1355169.9999999998,,
884,Default,Australia,2017,Gas,0.75,55.09694297895616,1355169.9999999998,,
885,DR=0.08_LT=25,Australia,2017,Gas,0.75,58.5097259664941,1355169.9999999998,,
886,Default,Australia,2018,Gas,0.75,68.09075701404387,1355169.9999999998,,
887,DR=0.08_LT=25,Australia,2018,Gas,0.75,71.50354000158183,1355169.9999999998,,
888,Default,Australia,2019,Gas,0.75,47.60105350527195,1355169.9999999998,,
889,DR=0.08_LT=25,Australia,2019,Gas,0.75,51.013836492809894,1355169.9999999998,,
890,Default,Australia,2020,Gas,0.75,39.65920789123686,1355169.9999999998,,
891,DR=0.08_LT=25,Australia,2020,Gas,0.75,43.071990878774805,1355169.9999999998,,
892,Default,Australia,2021,Gas,0.75,114.67376754035963,1355169.9999999998,,
893,DR=0.08_LT=25,Australia,2021,Gas,0.75,118.08655052789761,1355169.9999999998,,
894,Default,Australia,2022,Gas,0.75,242.9410657859737,1355169.9999999998,,
895,DR=0.08_LT=25,Australia,2022,Gas,0.75,246.35384877351166,1355169.9999999998,,
896,Default,Australia,2023,Gas,0.75,97.91414473334208,1355169.9999999998,,
897,DR=0.08_LT=25,Australia,2023,Gas,0.75,101.32692772088005,1355169.9999999998,,
898,Default,Australia,2024,Gas,0.75,86.0867359614123,1355169.9999999998,,
899,DR=0.08_LT=25,Australia,2024,Gas,0.75,89.49951894895027,1355169.9999999998,,
900,Default,Australia,2024,Solar+BESS,0.8,55.23,5857251.096391566,3.7,12.4
901,DR=0.08_LT=25,Australia,2024,Solar+BESS,0.8,85.21,5857251.096391566,3.7,12.4
902,Default,Australia,2015,Solar+BESS,0.8,222.73,28932260.194399998,3.7,12.4
903,DR=0.08_LT=25,Australia,2015,Solar+BESS,0.8,370.82,28932260.194399998,3.7,12.4
904,Default,Australia,2016,Solar+BESS,0.8,173.13,22099575.0124,3.7,12.4
905,DR=0.08_LT=25,Australia,2016,Solar+BESS,0.8,286.25,22099575.0124,3.7,12.4
906,Default,Australia,2017,Solar+BESS,0.8,146.52,18433574.34762598,3.7,12.4
907,DR=0.08_LT=25,Australia,2017,Solar+BESS,0.8,240.87,18433574.34762598,3.7,12.4
908,Default,Australia,2018,Solar+BESS,0.8,125.05,15476501.333461028,3.7,12.4
909,DR=0.08_LT=25,Australia,2018,Solar+BESS,0.8,204.27,15476501.333461028,3.7,12.4
910,Default,Australia,2019,Solar+BESS,0.8,82.55,9620726.736542253,3.7,12.4
911,DR=0.08_LT=25,Australia,2019,Solar+BESS,0.8,131.79,9620726.736542253,3.7,12.4
912,Default,Australia,2020,Solar+BESS,0.8,73.11,8319650.886355782,3.7,12.4
913,DR=0.08_LT=25,Australia,2020,Solar+BESS,0.8,115.69,8319650.886355782,3.7,12.4
914,Default,Australia,2021,Solar+BESS,0.8,69.18,7778759.271399645,3.7,12.4
915,DR=0.08_LT=25,Australia,2021,Solar+BESS,0.8,109.0,7778759.271399645,3.7,12.4
916,Default,Australia,2022,Solar+BESS,0.8,71.05,8035984.747555128,3.7,12.4
917,DR=0.08_LT=25,Australia,2022,Solar+BESS,0.8,112.18,8035984.747555128,3.7,12.4
918,Default,Australia,2023,Solar+BESS,0.8,64.26,7100435.447060268,3.7,12.4
919,DR=0.08_LT=25,Australia,2023,Solar+BESS,0.8,100.6,7100435.447060268,3.7,12.4
920,Default,Australia,2015,Coal,0.8,43.592732258768976,1690307.1428571434,,
921,DR=0.08_LT=25,Australia,2015,Coal,0.8,52.95932516618188,1690307.1428571434,,
922,Default,Australia,2016,Coal,0.8,45.736860165745725,1690307.1428571434,,
923,DR=0.08_LT=25,Australia,2016,Coal,0.8,55.10345307315862,1690307.1428571434,,
924,Default,Australia,2017,Coal,0.8,54.59258109597828,1690307.1428571434,,
925,DR=0.08_LT=25,Australia,2017,Coal,0.8,63.95917400339118,1690307.1428571434,,
926,Default,Australia,2018,Coal,0.8,46.56580202621084,1690307.1428571434,,
927,DR=0.08_LT=25,Australia,2018,Coal,0.8,55.93239493362374,1690307.1428571434,,
928,Default,Australia,2019,Coal,0.8,40.674953189001535,1690307.1428571434,,
929,DR=0.08_LT=25,Australia,2019,Coal,0.8,50.041546096414436,1690307.1428571434,,
930,Default,Australia,2020,Coal,0.8,37.36345551458293,1690307.1428571434,,
931,DR=0.08_LT=25,Australia,2020,Coal,0.8,46.73004842199583,1690307.1428571434,,
932,Default,Australia,2021,Coal,0.8,50.79721690993177,1690307.1428571434,,
933,DR=0.08_LT=25,Australia,2021,Coal,0.8,60.16380981734467,1690307.1428571434,,
934,Default,Australia,2022,Coal,0.8,82.62360435179222,1690307.1428571434,,
935,DR=0.08_LT=25,Australia,2022,Coal,0.8,91.99019725920513,1690307.1428571434,,
936,Default,Australia,2023,Coal,0.8,57.89103400295501,1690307.1428571434,,
937,DR=0.08_LT=25,Australia,2023,Coal,0.8,67.25762691036792,1690307.1428571434,,
938,Default,Australia,2024,Coal,0.8,52.94418574714107,1690307.1428571434,,
939,DR=0.08_LT=25,Australia,2024,Coal,0.8,62.31077865455397,1690307.1428571434,,
940,Default,Australia,2015,Gas,0.8,58.39668382347316,1355169.9999999998,,
941,DR=0.08_LT=25,Australia,2015,Gas,0.8,61.596167874289975,1355169.9999999998,,
942,Default,Australia,2016,Gas,0.8,46.898066279613516,1355169.9999999998,,
943,DR=0.08_LT=25,Australia,2016,Gas,0.8,50.09755033043033,1355169.9999999998,,
944,Default,Australia,2017,Gas,0.8,53.983338209438074,1355169.9999999998,,
945,DR=0.08_LT=25,Australia,2017,Gas,0.8,57.18282226025489,1355169.9999999998,,
946,Default,Australia,2018,Gas,0.8,66.9771522445258,1355169.9999999998,,
947,DR=0.08_LT=25,Australia,2018,Gas,0.8,70.17663629534262,1355169.9999999998,,
948,Default,Australia,2019,Gas,0.8,46.48744873575386,1355169.9999999998,,
949,DR=0.08_LT=25,Australia,2019,Gas,0.8,49.68693278657067,1355169.9999999998,,
950,Default,Australia,2020,Gas,0.8,38.54560312171877,1355169.9999999998,,
951,DR=0.08_LT=25,Australia,2020,Gas,0.8,41.74508717253559,1355169.9999999998,,
952,Default,Australia,2021,Gas,0.8,113.56016277084159,1355169.9999999998,,
953,DR=0.08_LT=25,Australia,2021,Gas,0.8,116.7596468216584,1355169.9999999998,,
954,Default,Australia,2022,Gas,0.8,241.82746101645563,1355169.9999999998,,
955,DR=0.08_LT=25,Australia,2022,Gas,0.8,245.02694506727246,1355169.9999999998,,
956,Default,Australia,2023,Gas,0.8,96.80053996382401,1355169.9999999998,,
957,DR=0.08_LT=25,Australia,2023,Gas,0.8,100.00002401464083,1355169.9999999998,,
958,Default,Australia,2024,Gas,0.8,84.97313119189423,1355169.9999999998,,
959,DR=0.08_LT=25,Australia,2024,Gas,0.8,88.17261524271105,1355169.9999999998,,
960,Default,Australia,2024,Solar+BESS,0.85,56.83,6388046.610961547,4.0,13.7
961,DR=0.08_LT=25,Australia,2024,Solar+BESS,0.85,87.6,6388046.610961547,4.0,13.7
962,Default,Australia,2015,Solar+BESS,0.85,230.52,31812467.4615,4.0,13.7
963,DR=0.08_LT=25,Australia,2015,Solar+BESS,0.85,383.78,31812467.4615,4.0,13.7
964,Default,Australia,2016,Solar+BESS,0.85,178.97,24266149.5105,4.0,13.7
965,DR=0.08_LT=25,Australia,2016,Solar+BESS,0.85,295.87,24266149.5105,4.0,13.7
966,Default,Australia,2017,Solar+BESS,0.85,151.08,20184771.414601322,4.0,13.7
967,DR=0.08_LT=25,Australia,2017,Solar+BESS,0.85,248.32,20184771.414601322,4.0,13.7
968,Default,Australia,2018,Solar+BESS,0.85,129.1,16967396.631852906,4.0,13.7
969,DR=0.08_LT=25,Australia,2018,Solar+BESS,0.85,210.85,16967396.631852906,4.0,13.7
970,Default,Australia,2019,Solar+BESS,0.85,84.92,10500525.551610077,4.0,13.7
971,DR=0.08_LT=25,Australia,2019,Solar+BESS,0.85,135.51,10500525.551610077,4.0,13.7
972,Default,Australia,2020,Solar+BESS,0.85,75.26,9085587.42166428,4.0,13.7
973,DR=0.08_LT=25,Australia,2020,Solar+BESS,0.85,119.03,9085587.42166428,4.0,13.7
974,Default,Australia,2021,Solar+BESS,0.85,71.23,8495527.485334914,4.0,13.7
975,DR=0.08_LT=25,Australia,2021,Solar+BESS,0.85,112.15,8495527.485334914,4.0,13.7
976,Default,Australia,2022,Solar+BESS,0.85,73.34,8804924.450293815,4.0,13.7
977,DR=0.08_LT=25,Australia,2022,Solar+BESS,0.85,115.76,8804924.450293815,4.0,13.7
978,Default,Australia,2023,Solar+BESS,0.85,66.21,7760986.278495271,4.0,13.7
979,DR=0.08_LT=25,Australia,2023,Solar+BESS,0.85,103.6,7760986.278495271,4.0,13.7
980,Default,Australia,2015,Coal,0.85,42.56079397268543,1690307.1428571434,,
981,DR=0.08_LT=25,Australia,2015,Coal,0.85,51.37641082672111,1690307.1428571434,,
982,Default,Australia,2016,Coal,0.85,44.70492187966218,1690307.1428571434,,
983,DR=0.08_LT=25,Australia,2016,Coal,0.85,53.52053873369787,1690307.1428571434,,
984,Default,Australia,2017,Coal,0.85,53.56064280989474,1690307.1428571434,,
985,DR=0.08_LT=25,Australia,2017,Coal,0.85,62.37625966393041,1690307.1428571434,,
986,Default,Australia,2018,Coal,0.85,45.5338637401273,1690307.1428571434,,
987,DR=0.08_LT=25,Australia,2018,Coal,0.85,54.349480594162976,1690307.1428571434,,
988,Default,Australia,2019,Coal,0.85,39.643014902918,1690307.1428571434,,
989,DR=0.08_LT=25,Australia,2019,Coal,0.85,48.45863175695367,1690307.1428571434,,
990,Default,Australia,2020,Coal,0.85,36.33151722849939,1690307.1428571434,,
991,DR=0.08_LT=25,Australia,2020,Coal,0.85,45.147134082535075,1690307.1428571434,,
992,Default,Australia,2021,Coal,0.85,49.76527862384823,1690307.1428571434,,
993,DR=0.08_LT=25,Australia,2021,Coal,0.85,58.58089547788391,1690307.1428571434,,
994,Default,Australia,2022,Coal,0.85,81.5916660657087,1690307.1428571434,,
995,DR=0.08_LT=25,Australia,2022,Coal,0.85,90.40728291974438,1690307.1428571434,,
996,Default,Australia,2023,Coal,0.85,56.85909571687148,1690307.1428571434,,
997,DR=0.08_LT=25,Australia,2023,Coal,0.85,65.67471257090716,1690307.1428571434,,
998,Default,Australia,2024,Coal,0.85,51.91224746105753,1690307.1428571434,,
999,DR=0.08_LT=25,Australia,2024,Coal,0.85,60.727864315093214,1690307.1428571434,,
1000,Default,Australia,2015,Gas,0.85,57.41409137978073,1355169.9999999998,,
1001,DR=0.08_LT=25,Australia,2015,Gas,0.85,60.42537048643185,1355169.9999999998,,
1002,Default,Australia,2016,Gas,0.85,45.91547383592107,1355169.9999999998,,
1003,DR=0.08_LT=25,Australia,2016,Gas,0.85,48.92675294257221,1355169.9999999998,,
1004,Default,Australia,2017,Gas,0.85,53.00074576574564,1355169.9999999998,,
1005,DR=0.08_LT=25,Australia,2017,Gas,0.85,56.01202487239677,1355169.9999999998,,
1006,Default,Australia,2018,Gas,0.85,65.99455980083336,1355169.9999999998,,
1007,DR=0.08_LT=25,Australia,2018,Gas,0.85,69.0058389074845,1355169.9999999998,,
1008,Default,Australia,2019,Gas,0.85,45.50485629206142,1355169.9999999998,,
1009,DR=0.08_LT=25,Australia,2019,Gas,0.85,48.516135398712564,1355169.9999999998,,
1010,Default,Australia,2020,Gas,0.85,37.56301067802633,1355169.9999999998,,
1011,DR=0.08_LT=25,Australia,2020,Gas,0.85,40.57428978467747,1355169.9999999998,,
1012,Default,Australia,2021,Gas,0.85,112.57757032714915,1355169.9999999998,,
1013,DR=0.08_LT=25,Australia,2021,Gas,0.85,115.58884943380029,1355169.9999999998,,
1014,Default,Australia,2022,Gas,0.85,240.8448685727632,1355169.9999999998,,
1015,DR=0.08_LT=25,Australia,2022,Gas,0.85,243.85614767941433,1355169.9999999998,,
1016,Default,Australia,2023,Gas,0.85,95.81794752013158,1355169.9999999998,,
1017,DR=0.08_LT=25,Australia,2023,Gas,0.85,98.82922662678271,1355169.9999999998,,
1018,Default,Australia,2024,Gas,0.85,83.99053874820177,1355169.9999999998,,
1019,DR=0.08_LT=25,Australia,2024,Gas,0.85,87.0018178548529,1355169.9999999998,,
1020,Default,Australia,2024,Solar+BESS,0.9,58.59,6998533.864837404,4.4,14.6
1021,DR=0.08_LT=25,Australia,2024,Solar+BESS,0.9,90.43,6998533.864837404,4.4,14.6
1022,Default,Australia,2015,Solar+BESS,0.9,235.58,34429408.9031,4.4,14.6
1023,DR=0.08_LT=25,Australia,2015,Solar+BESS,0.9,392.23,34429408.9031,4.4,14.6
1024,Default,Australia,2016,Solar+BESS,0.9,183.23,26316669.7741,4.4,14.6
1025,DR=0.08_LT=25,Australia,2016,Solar+BESS,0.9,302.97,26316669.7741,4.4,14.6
1026,Default,Australia,2017,Solar+BESS,0.9,155.26,21981513.711270526,4.4,14.6
1027,DR=0.08_LT=25,Australia,2017,Solar+BESS,0.9,255.28,21981513.711270526,4.4,14.6
1028,Default,Australia,2018,Solar+BESS,0.9,132.44,18444088.569446906,4.4,14.6
1029,DR=0.08_LT=25,Australia,2018,Solar+BESS,0.9,216.36,18444088.569446906,4.4,14.6
1030,Default,Australia,2019,Solar+BESS,0.9,87.58,11491003.476754406,4.4,14.6
1031,DR=0.08_LT=25,Australia,2019,Solar+BESS,0.9,139.86,11491003.476754406,4.4,14.6
1032,Default,Australia,2020,Solar+BESS,0.9,77.53,9934217.392713897,4.4,14.6
1033,DR=0.08_LT=25,Australia,2020,Solar+BESS,0.9,122.73,9934217.392713897,4.4,14.6
1034,Default,Australia,2021,Solar+BESS,0.9,73.36,9288015.659472544,4.4,14.6
1035,DR=0.08_LT=25,Australia,2021,Solar+BESS,0.9,115.62,9288015.659472544,4.4,14.6
1036,Default,Australia,2022,Solar+BESS,0.9,75.25,9579686.717029635,4.4,14.6
1037,DR=0.08_LT=25,Australia,2022,Solar+BESS,0.9,118.83,9579686.717029635,4.4,14.6
1038,Default,Australia,2023,Solar+BESS,0.9,68.12,8474667.45577012,4.4,14.6
1039,DR=0.08_LT=25,Australia,2023,Solar+BESS,0.9,106.68,8474667.45577012,4.4,14.6
1040,Default,Australia,2015,Coal,0.9,41.643515496166735,1690307.1428571434,,
1041,DR=0.08_LT=25,Australia,2015,Coal,0.9,49.96937585831154,1690307.1428571434,,
1042,Default,Australia,2016,Coal,0.9,43.78764340314348,1690307.1428571434,,
1043,DR=0.08_LT=25,Australia,2016,Coal,0.9,52.11350376528829,1690307.1428571434,,
1044,Default,Australia,2017,Coal,0.9,52.643364333376034,1690307.1428571434,,
1045,DR=0.08_LT=25,Australia,2017,Coal,0.9,60.969224695520836,1690307.1428571434,,
1046,Default,Australia,2018,Coal,0.9,44.6165852636086,1690307.1428571434,,
1047,DR=0.08_LT=25,Australia,2018,Coal,0.9,52.9424456257534,1690307.1428571434,,
1048,Default,Australia,2019,Coal,0.9,38.725736426399294,1690307.1428571434,,
1049,DR=0.08_LT=25,Australia,2019,Coal,0.9,47.051596788544096,1690307.1428571434,,
1050,Default,Australia,2020,Coal,0.9,35.41423875198069,1690307.1428571434,,
1051,DR=0.08_LT=25,Australia,2020,Coal,0.9,43.7400991141255,1690307.1428571434,,
1052,Default,Australia,2021,Coal,0.9,48.84800014732953,1690307.1428571434,,
1053,DR=0.08_LT=25,Australia,2021,Coal,0.9,57.17386050947433,1690307.1428571434,,
1054,Default,Australia,2022,Coal,0.9,80.67438758918999,1690307.1428571434,,
1055,DR=0.08_LT=25,Australia,2022,Coal,0.9,89.0002479513348,1690307.1428571434,,
1056,Default,Australia,2023,Coal,0.9,55.941817240352776,1690307.1428571434,,
1057,DR=0.08_LT=25,Australia,2023,Coal,0.9,64.26767760249759,1690307.1428571434,,
1058,Default,Australia,2024,Coal,0.9,50.99496898453882,1690307.1428571434,,
1059,DR=0.08_LT=25,Australia,2024,Coal,0.9,59.320829346683645,1690307.1428571434,,
1060,Default,Australia,2015,Gas,0.9,56.540675874276346,1355169.9999999998,,
1061,DR=0.08_LT=25,Australia,2015,Gas,0.9,59.38466169722463,1355169.9999999998,,
1062,Default,Australia,2016,Gas,0.9,45.042058330416694,1355169.9999999998,,
1063,DR=0.08_LT=25,Australia,2016,Gas,0.9,47.88604415336498,1355169.9999999998,,
1064,Default,Australia,2017,Gas,0.9,52.12733026024125,1355169.9999999998,,
1065,DR=0.08_LT=25,Australia,2017,Gas,0.9,54.97131608318954,1355169.9999999998,,
1066,Default,Australia,2018,Gas,0.9,65.12114429532897,1355169.9999999998,,
1067,DR=0.08_LT=25,Australia,2018,Gas,0.9,67.96513011827726,1355169.9999999998,,
1068,Default,Australia,2019,Gas,0.9,44.63144078655704,1355169.9999999998,,
1069,DR=0.08_LT=25,Australia,2019,Gas,0.9,47.47542660950533,1355169.9999999998,,
1070,Default,Australia,2020,Gas,0.9,36.68959517252195,1355169.9999999998,,
1071,DR=0.08_LT=25,Australia,2020,Gas,0.9,39.53358099547024,1355169.9999999998,,
1072,Default,Australia,2021,Gas,0.9,111.70415482164475,1355169.9999999998,,
1073,DR=0.08_LT=25,Australia,2021,Gas,0.9,114.54814064459303,1355169.9999999998,,
1074,Default,Australia,2022,Gas,0.9,239.97145306725884,1355169.9999999998,,
1075,DR=0.08_LT=25,Australia,2022,Gas,0.9,242.81543889020708,1355169.9999999998,,
1076,Default,Australia,2023,Gas,0.9,94.9445320146272,1355169.9999999998,,
1077,DR=0.08_LT=25,Australia,2023,Gas,0.9,97.78851783757548,1355169.9999999998,,
1078,Default,Australia,2024,Gas,0.9,83.11712324269739,1355169.9999999998,,
1079,DR=0.08_LT=25,Australia,2024,Gas,0.9,85.96110906564567,1355169.9999999998,,
1080,Default,Australia,2024,Solar+BESS,0.95,61.45,7808394.5071516475,5.2,15.3
1081,DR=0.08_LT=25,Australia,2024,Solar+BESS,0.95,95.11,7808394.5071516475,5.2,15.3
1082,Default,Australia,2015,Solar+BESS,0.95,242.29,37393761.348799996,5.2,15.3
1083,DR=0.08_LT=25,Australia,2015,Solar+BESS,0.95,403.48,37393761.348799996,5.2,15.3
1084,Default,Australia,2016,Solar+BESS,0.95,189.25,28715069.738799997,5.2,15.3
1085,DR=0.08_LT=25,Australia,2016,Solar+BESS,0.95,313.02,28715069.738799997,5.2,15.3
1086,Default,Australia,2017,Solar+BESS,0.95,161.69,24206549.313805837,5.2,15.3
1087,DR=0.08_LT=25,Australia,2017,Solar+BESS,0.95,266.03,24206549.313805837,5.2,15.3
1088,Default,Australia,2018,Solar+BESS,0.95,137.38,20229482.495315984,5.2,15.3
1089,DR=0.08_LT=25,Australia,2018,Solar+BESS,0.95,224.57,20229482.495315984,5.2,15.3
1090,Default,Australia,2019,Solar+BESS,0.95,91.9,12789341.732434787,5.2,15.3
1091,DR=0.08_LT=25,Australia,2019,Solar+BESS,0.95,147.03,12789341.732434787,5.2,15.3
1092,Default,Australia,2020,Solar+BESS,0.95,81.18,11036442.33423991,5.2,15.3
1093,DR=0.08_LT=25,Australia,2020,Solar+BESS,0.95,128.76,11036442.33423991,5.2,15.3
1094,Default,Australia,2021,Solar+BESS,0.95,76.78,10316061.79913191,5.2,15.3
1095,DR=0.08_LT=25,Australia,2021,Solar+BESS,0.95,121.25,10316061.79913191,5.2,15.3
1096,Default,Australia,2022,Solar+BESS,0.95,78.07,10527544.418864232,5.2,15.3
1097,DR=0.08_LT=25,Australia,2022,Solar+BESS,0.95,123.45,10527544.418864232,5.2,15.3
1098,Default,Australia,2023,Solar+BESS,0.95,71.11,9387853.381516336,5.2,15.3
1099,DR=0.08_LT=25,Australia,2023,Solar+BESS,0.95,111.57,9387853.381516336,5.2,15.3
1100,Default,Australia,2015,Coal,0.95,40.82279264875527,1690307.1428571434,,
1101,DR=0.08_LT=25,Australia,2015,Coal,0.95,48.71044983394508,1690307.1428571434,,
1102,Default,Australia,2016,Coal,0.95,42.966920555732024,1690307.1428571434,,
1103,DR=0.08_LT=25,Australia,2016,Coal,0.95,50.85457774092185,1690307.1428571434,,
1104,Default,Australia,2017,Coal,0.95,51.822641485964574,1690307.1428571434,,
1105,DR=0.08_LT=25,Australia,2017,Coal,0.95,59.7102986711544,1690307.1428571434,,
1106,Default,Australia,2018,Coal,0.95,43.79586241619714,1690307.1428571434,,
1107,DR=0.08_LT=25,Australia,2018,Coal,0.95,51.683519601386955,1690307.1428571434,,
1108,Default,Australia,2019,Coal,0.95,37.905013578987834,1690307.1428571434,,
1109,DR=0.08_LT=25,Australia,2019,Coal,0.95,45.79267076417764,1690307.1428571434,,
1110,Default,Australia,2020,Coal,0.95,34.59351590456923,1690307.1428571434,,
1111,DR=0.08_LT=25,Australia,2020,Coal,0.95,42.48117308975904,1690307.1428571434,,
1112,Default,Australia,2021,Coal,0.95,48.02727729991806,1690307.1428571434,,
1113,DR=0.08_LT=25,Australia,2021,Coal,0.95,55.914934485107885,1690307.1428571434,,
1114,Default,Australia,2022,Coal,0.95,79.85366474177852,1690307.1428571434,,
1115,DR=0.08_LT=25,Australia,2022,Coal,0.95,87.74132192696834,1690307.1428571434,,
1116,Default,Australia,2023,Coal,0.95,55.12109439294132,1690307.1428571434,,
1117,DR=0.08_LT=25,Australia,2023,Coal,0.95,63.00875157813114,1690307.1428571434,,
1118,Default,Australia,2024,Coal,0.95,50.17424613712737,1690307.1428571434,,
1119,DR=0.08_LT=25,Australia,2024,Coal,0.95,58.061903322317185,1690307.1428571434,,
1120,Default,Australia,2015,Gas,0.95,55.75919884303557,1355169.9999999998,,
1121,DR=0.08_LT=25,Australia,2015,Gas,0.95,58.45350120161817,1355169.9999999998,,
1122,Default,Australia,2016,Gas,0.95,44.26058129917591,1355169.9999999998,,
1123,DR=0.08_LT=25,Australia,2016,Gas,0.95,46.954883657758515,1355169.9999999998,,
1124,Default,Australia,2017,Gas,0.95,51.34585322900048,1355169.9999999998,,
1125,DR=0.08_LT=25,Australia,2017,Gas,0.95,54.04015558758307,1355169.9999999998,,
1126,Default,Australia,2018,Gas,0.95,64.3396672640882,1355169.9999999998,,
1127,DR=0.08_LT=25,Australia,2018,Gas,0.95,67.0339696226708,1355169.9999999998,,
1128,Default,Australia,2019,Gas,0.95,43.84996375531627,1355169.9999999998,,
1129,DR=0.08_LT=25,Australia,2019,Gas,0.95,46.544266113898864,1355169.9999999998,,
1130,Default,Australia,2020,Gas,0.95,35.90811814128118,1355169.9999999998,,
1131,DR=0.08_LT=25,Australia,2020,Gas,0.95,38.602420499863776,1355169.9999999998,,
1132,Default,Australia,2021,Gas,0.95,110.92267779040398,1355169.9999999998,,
1133,DR=0.08_LT=25,Australia,2021,Gas,0.95,113.6169801489866,1355169.9999999998,,
1134,Default,Australia,2022,Gas,0.95,239.18997603601804,1355169.9999999998,,
1135,DR=0.08_LT=25,Australia,2022,Gas,0.95,241.88427839460067,1355169.9999999998,,
1136,Default,Australia,2023,Gas,0.95,94.16305498338643,1355169.9999999998,,
1137,DR=0.08_LT=25,Australia,2023,Gas,0.95,96.85735734196905,1355169.9999999998,,
1138,Default,Australia,2024,Gas,0.95,82.3356462114566,1355169.9999999998,,
1139,DR=0.08_LT=25,Australia,2024,Gas,0.95,85.02994857003921,1355169.9999999998,,
1140,Default,Australia,2024,Solar+BESS,1.0,69.91,9399423.78284995,6.4,17.6
1141,DR=0.08_LT=25,Australia,2024,Solar+BESS,1.0,108.4,9399423.78284995,6.4,17.6
1142,Default,Australia,2015,Solar+BESS,1.0,271.9,44185091.2972,6.4,17.6
1143,DR=0.08_LT=25,Australia,2015,Solar+BESS,1.0,452.84,44185091.2972,6.4,17.6
1144,Default,Australia,2016,Solar+BESS,1.0,213.0,34040760.2612,6.4,17.6
1145,DR=0.08_LT=25,Australia,2016,Solar+BESS,1.0,352.39,34040760.2612,6.4,17.6
1146,Default,Australia,2017,Solar+BESS,1.0,183.03,28880139.439447824,6.4,17.6
1147,DR=0.08_LT=25,Australia,2017,Solar+BESS,1.0,301.29,28880139.439447824,6.4,17.6
1148,Default,Australia,2018,Solar+BESS,1.0,155.09,24068112.260220997,6.4,17.6
1149,DR=0.08_LT=25,Australia,2018,Solar+BESS,1.0,253.64,24068112.260220997,6.4,17.6
1150,Default,Australia,2019,Solar+BESS,1.0,104.58,15369800.854948727,6.4,17.6
1151,DR=0.08_LT=25,Australia,2019,Solar+BESS,1.0,167.51,15369800.854948727,6.4,17.6
1152,Default,Australia,2020,Solar+BESS,1.0,92.25,13246770.997414429,6.4,17.6
1153,DR=0.08_LT=25,Australia,2020,Solar+BESS,1.0,146.49,13246770.997414429,6.4,17.6
1154,Default,Australia,2021,Solar+BESS,1.0,87.22,12380092.72717451,6.4,17.6
1155,DR=0.08_LT=25,Australia,2021,Solar+BESS,1.0,137.91,12380092.72717451,6.4,17.6
1156,Default,Australia,2022,Solar+BESS,1.0,88.16,12542155.753379289,6.4,17.6
1157,DR=0.08_LT=25,Australia,2022,Solar+BESS,1.0,139.52,12542155.753379289,6.4,17.6
1158,Default,Australia,2023,Solar+BESS,1.0,80.63,11245913.7472994,6.4,17.6
1159,DR=0.08_LT=25,Australia,2023,Solar+BESS,1.0,126.68,11245913.7472994,6.4,17.6
1160,Default,Australia,2015,Coal,1.0,40.084142086084945,1690307.1428571434,,
1161,DR=0.08_LT=25,Australia,2015,Coal,1.0,47.577416412015275,1690307.1428571434,,
1162,Default,Australia,2016,Coal,1.0,42.22826999306169,1690307.1428571434,,
1163,DR=0.08_LT=25,Australia,2016,Coal,1.0,49.72154431899202,1690307.1428571434,,
1164,Default,Australia,2017,Coal,1.0,51.083990923294245,1690307.1428571434,,
1165,DR=0.08_LT=25,Australia,2017,Coal,1.0,58.57726524922458,1690307.1428571434,,
1166,Default,Australia,2018,Coal,1.0,43.057211853526816,1690307.1428571434,,
1167,DR=0.08_LT=25,Australia,2018,Coal,1.0,50.55048617945713,1690307.1428571434,,
1168,Default,Australia,2019,Coal,1.0,37.166363016317504,1690307.1428571434,,
1169,DR=0.08_LT=25,Australia,2019,Coal,1.0,44.659637342247834,1690307.1428571434,,
1170,Default,Australia,2020,Coal,1.0,33.85486534189891,1690307.1428571434,,
1171,DR=0.08_LT=25,Australia,2020,Coal,1.0,41.34813966782924,1690307.1428571434,,
1172,Default,Australia,2021,Coal,1.0,47.288626737247746,1690307.1428571434,,
1173,DR=0.08_LT=25,Australia,2021,Coal,1.0,54.781901063178076,1690307.1428571434,,
1174,Default,Australia,2022,Coal,1.0,79.1150141791082,1690307.1428571434,,
1175,DR=0.08_LT=25,Australia,2022,Coal,1.0,86.60828850503852,1690307.1428571434,,
1176,Default,Australia,2023,Coal,1.0,54.382443830271,1690307.1428571434,,
1177,DR=0.08_LT=25,Australia,2023,Coal,1.0,61.87571815620132,1690307.1428571434,,
1178,Default,Australia,2024,Coal,1.0,49.43559557445705,1690307.1428571434,,
1179,DR=0.08_LT=25,Australia,2024,Coal,1.0,56.92886990038737,1690307.1428571434,,
1180,Default,Australia,2015,Gas,1.0,55.05586951491889,1355169.9999999998,,
1181,DR=0.08_LT=25,Australia,2015,Gas,1.0,57.615456755572346,1355169.9999999998,,
1182,Default,Australia,2016,Gas,1.0,43.55725197105924,1355169.9999999998,,
1183,DR=0.08_LT=25,Australia,2016,Gas,1.0,46.116839211712694,1355169.9999999998,,
1184,Default,Australia,2017,Gas,1.0,50.642523900883795,1355169.9999999998,,
1185,DR=0.08_LT=25,Australia,2017,Gas,1.0,53.20211114153725,1355169.9999999998,,
1186,Default,Australia,2018,Gas,1.0,63.63633793597152,1355169.9999999998,,
1187,DR=0.08_LT=25,Australia,2018,Gas,1.0,66.19592517662498,1355169.9999999998,,
1188,Default,Australia,2019,Gas,1.0,43.14663442719958,1355169.9999999998,,
1189,DR=0.08_LT=25,Australia,2019,Gas,1.0,45.706221667853036,1355169.9999999998,,
1190,Default,Australia,2020,Gas,1.0,35.20478881316449,1355169.9999999998,,
1191,DR=0.08_LT=25,Australia,2020,Gas,1.0,37.764376053817955,1355169.9999999998,,
1192,Default,Australia,2021,Gas,1.0,110.21934846228731,1355169.9999999998,,
1193,DR=0.08_LT=25,Australia,2021,Gas,1.0,112.77893570294079,1355169.9999999998,,
1194,Default,Australia,2022,Gas,1.0,238.48664670790137,1355169.9999999998,,
1195,DR=0.08_LT=25,Australia,2022,Gas,1.0,241.0462339485548,1355169.9999999998,,
1196,Default,Australia,2023,Gas,1.0,93.45972565526975,1355169.9999999998,,
1197,DR=0.08_LT=25,Australia,2023,Gas,1.0,96.01931289592319,1355169.9999999998,,
1198,Default,Australia,2024,Gas,1.0,81.63231688333994,1355169.9999999998,,
1199,DR=0.08_LT=25,Australia,2024,Gas,1.0,84.19190412399338,1355169.9999999998,,
1200,Default,China,2024,Solar+BESS,0.05,15.93,111454.86971999999,0.2,0.0
1201,DR=0.08_LT=25,China,2024,Solar+BESS,0.05,24.89,111454.86971999999,0.2,0.0
1202,Default,China,2015,Solar+BESS,0.05,38.82,306076.57115999993,0.2,0.0
1203,DR=0.08_LT=25,China,2015,Solar+BESS,0.05,63.43,306076.57115999993,0.2,0.0
1204,Default,China,2016,Solar+BESS,0.05,35.4,277034.18548,0.2,0.0
1205,DR=0.08_LT=25,China,2016,Solar+BESS,0.05,57.68,277034.18548,0.2,0.0
1206,Default,China,2017,Solar+BESS,0.05,33.39,259872.77575999996,0.2,0.0
1207,DR=0.08_LT=25,China,2017,Solar+BESS,0.05,54.28,259872.77575999996,0.2,0.0
1208,Default,China,2018,Solar+BESS,0.05,26.04,197450.50523999997,0.2,0.0
1209,DR=0.08_LT=25,China,2018,Solar+BESS,0.05,41.92,197450.50523999997,0.2,0.0
1210,Default,China,2019,Solar+BESS,0.05,23.8,178403.22632,0.2,0.0
1211,DR=0.08_LT=25,China,2019,Solar+BESS,0.05,38.15,178403.22632,0.2,0.0
1212,Default,China,2020,Solar+BESS,0.05,19.81,144457.58071999997,0.2,0.0
1213,DR=0.08_LT=25,China,2020,Solar+BESS,0.05,31.43,144457.58071999997,0.2,0.0
1214,Default,China,2021,Solar+BESS,0.05,18.66,134651.06087999998,0.2,0.0
1215,DR=0.08_LT=25,China,2021,Solar+BESS,0.05,29.49,134651.06087999998,0.2,0.0
1216,Default,China,2022,Solar+BESS,0.05,19.66,143137.47228,0.2,0.0
1217,DR=0.08_LT=25,China,2022,Solar+BESS,0.05,31.17,143137.47228,0.2,0.0
1218,Default,China,2023,Solar+BESS,0.05,18.06,129559.21404,0.2,0.0
1219,DR=0.08_LT=25,China,2023,Solar+BESS,0.05,28.48,129559.21404,0.2,0.0
1220,Default,China,2015,Coal,0.05,195.18147946139626,661053.9285714285,,
1221,DR=0.08_LT=25,China,2015,Coal,0.05,252.77366291927567,661053.9285714285,,
1222,Default,China,2016,Coal,0.05,197.325607368373,661053.9285714285,,
1223,DR=0.08_LT=25,China,2016,Coal,0.05,254.91779082625237,661053.9285714285,,
1224,Default,China,2017,Coal,0.05,206.1813282986056,661053.9285714285,,
1225,DR=0.08_LT=25,China,2017,Coal,0.05,263.77351175648494,661053.9285714285,,
1226,Default,China,2018,Coal,0.05,212.81007248465207,661053.9285714285,,
1227,DR=0.08_LT=25,China,2018,Coal,0.05,270.4022559425315,661053.9285714285,,
1228,Default,China,2019,Coal,0.05,201.37958411255906,661053.9285714285,,
1229,DR=0.08_LT=25,China,2019,Coal,0.05,258.97176757043843,661053.9285714285,,
1230,Default,China,2020,Coal,0.05,194.6804794613963,661053.9285714285,,
1231,DR=0.08_LT=25,China,2020,Coal,0.05,252.2726629192757,661053.9285714285,,
1232,Default,China,2021,Coal,0.05,223.2215027172102,661053.9285714285,,
1233,DR=0.08_LT=25,China,2021,Coal,0.05,280.81368617508963,661053.9285714285,,
1234,Default,China,2022,Coal,0.05,300.5856422520939,661053.9285714285,,
1235,DR=0.08_LT=25,China,2022,Coal,0.05,358.1778257099733,661053.9285714285,,
1236,Default,China,2023,Coal,0.05,239.0934562055823,661053.9285714285,,
1237,DR=0.08_LT=25,China,2023,Coal,0.05,296.68563966346164,661053.9285714285,,
1238,Default,China,2024,Coal,0.05,222.90224690325675,661053.9285714285,,
1239,DR=0.08_LT=25,China,2024,Coal,0.05,280.49443036113615,661053.9285714285,,
1240,Default,China,2015,Gas,0.05,221.42767669928006,635430.0000000001,,
1241,DR=0.08_LT=25,China,2015,Gas,0.05,244.62221687413415,635430.0000000001,,
1242,Default,China,2016,Gas,0.05,200.35620556215727,635430.0000000001,,
1243,DR=0.08_LT=25,China,2016,Gas,0.05,223.55074573701134,635430.0000000001,,
1244,Default,China,2017,Gas,0.05,199.21882501782392,635430.0000000001,,
1245,DR=0.08_LT=25,China,2017,Gas,0.05,222.41336519267801,635430.0000000001,,
1246,Default,China,2018,Gas,0.05,214.48366916545555,635430.0000000001,,
1247,DR=0.08_LT=25,China,2018,Gas,0.05,237.67820934030962,635430.0000000001,,
1248,Default,China,2019,Gas,0.05,188.38377877970112,635430.0000000001,,
1249,DR=0.08_LT=25,China,2019,Gas,0.05,211.57831895455521,635430.0000000001,,
1250,Default,China,2020,Gas,0.05,181.9785304510871,635430.0000000001,,
1251,DR=0.08_LT=25,China,2020,Gas,0.05,205.1730706259412,635430.0000000001,,
1252,Default,China,2021,Gas,0.05,267.16234700826254,635430.0000000001,,
1253,DR=0.08_LT=25,China,2021,Gas,0.05,290.3568871831166,635430.0000000001,,
1254,Default,China,2022,Gas,0.05,355.1596838593152,635430.0000000001,,
1255,DR=0.08_LT=25,China,2022,Gas,0.05,378.3542240341692,635430.0000000001,,
1256,Default,China,2023,Gas,0.05,236.39321017735026,635430.0000000001,,
1257,DR=0.08_LT=25,China,2023,Gas,0.05,259.58775035220435,635430.0000000001,,
1258,Default,China,2024,Gas,0.05,225.91733674270114,635430.0000000001,,
1259,DR=0.08_LT=25,China,2024,Gas,0.05,249.1118769175552,635430.0000000001,,
1260,Default,China,2024,Solar+BESS,0.1,15.93,222909.73943999998,0.4,0.0
1261,DR=0.08_LT=25,China,2024,Solar+BESS,0.1,24.89,222909.73943999998,0.4,0.0
1262,Default,China,2015,Solar+BESS,0.1,38.82,612153.1423199999,0.4,0.0
1263,DR=0.08_LT=25,China,2015,Solar+BESS,0.1,63.43,612153.1423199999,0.4,0.0
1264,Default,China,2016,Solar+BESS,0.1,35.4,554068.37096,0.4,0.0
1265,DR=0.08_LT=25,China,2016,Solar+BESS,0.1,57.68,554068.37096,0.4,0.0
1266,Default,China,2017,Solar+BESS,0.1,33.39,519745.5515199999,0.4,0.0
1267,DR=0.08_LT=25,China,2017,Solar+BESS,0.1,54.28,519745.5515199999,0.4,0.0
1268,Default,China,2018,Solar+BESS,0.1,26.04,394901.01047999994,0.4,0.0
1269,DR=0.08_LT=25,China,2018,Solar+BESS,0.1,41.92,394901.01047999994,0.4,0.0
1270,Default,China,2019,Solar+BESS,0.1,23.8,356806.45264,0.4,0.0
1271,DR=0.08_LT=25,China,2019,Solar+BESS,0.1,38.15,356806.45264,0.4,0.0
1272,Default,China,2020,Solar+BESS,0.1,19.81,288915.16143999994,0.4,0.0
1273,DR=0.08_LT=25,China,2020,Solar+BESS,0.1,31.43,288915.16143999994,0.4,0.0
1274,Default,China,2021,Solar+BESS,0.1,18.66,269302.12175999995,0.4,0.0
1275,DR=0.08_LT=25,China,2021,Solar+BESS,0.1,29.49,269302.12175999995,0.4,0.0
1276,Default,China,2022,Solar+BESS,0.1,19.66,286274.94456,0.4,0.0
1277,DR=0.08_LT=25,China,2022,Solar+BESS,0.1,31.17,286274.94456,0.4,0.0
1278,Default,China,2023,Solar+BESS,0.1,18.06,259118.42808,0.4,0.0
1279,DR=0.08_LT=25,China,2023,Solar+BESS,0.1,28.48,259118.42808,0.4,0.0
1280,Default,China,2015,Coal,0.1,110.61563042837255,661053.9285714285,,
1281,DR=0.08_LT=25,China,2015,Coal,0.1,139.41172215731223,661053.9285714285,,
1282,Default,China,2016,Coal,0.1,112.75975833534932,661053.9285714285,,
1283,DR=0.08_LT=25,China,2016,Coal,0.1,141.55585006428902,661053.9285714285,,
1284,Default,China,2017,Coal,0.1,121.61547926558187,661053.9285714285,,
1285,DR=0.08_LT=25,China,2017,Coal,0.1,150.41157099452155,661053.9285714285,,
1286,Default,China,2018,Coal,0.1,128.2442234516284,661053.9285714285,,
1287,DR=0.08_LT=25,China,2018,Coal,0.1,157.0403151805681,661053.9285714285,,
1288,Default,China,2019,Coal,0.1,116.81373507953535,661053.9285714285,,
1289,DR=0.08_LT=25,China,2019,Coal,0.1,145.60982680847502,661053.9285714285,,
1290,Default,China,2020,Coal,0.1,110.11463042837255,661053.9285714285,,
1291,DR=0.08_LT=25,China,2020,Coal,0.1,138.91072215731225,661053.9285714285,,
1292,Default,China,2021,Coal,0.1,138.65565368418652,661053.9285714285,,
1293,DR=0.08_LT=25,China,2021,Coal,0.1,167.45174541312622,661053.9285714285,,
1294,Default,China,2022,Coal,0.1,216.01979321907024,661053.9285714285,,
1295,DR=0.08_LT=25,China,2022,Coal,0.1,244.81588494800994,661053.9285714285,,
1296,Default,China,2023,Coal,0.1,154.52760717255862,661053.9285714285,,
1297,DR=0.08_LT=25,China,2023,Coal,0.1,183.3236989014983,661053.9285714285,,
1298,Default,China,2024,Coal,0.1,138.33639787023301,661053.9285714285,,
1299,DR=0.08_LT=25,China,2024,Coal,0.1,167.13248959917271,661053.9285714285,,
1300,Default,China,2015,Gas,0.1,145.06358773356988,635430.0000000001,,
1301,DR=0.08_LT=25,China,2015,Gas,0.1,156.6608578209969,635430.0000000001,,
1302,Default,China,2016,Gas,0.1,123.99211659644708,635430.0000000001,,
1303,DR=0.08_LT=25,China,2016,Gas,0.1,135.5893866838741,635430.0000000001,,
1304,Default,China,2017,Gas,0.1,122.85473605211374,635430.0000000001,,
1305,DR=0.08_LT=25,China,2017,Gas,0.1,134.45200613954077,635430.0000000001,,
1306,Default,China,2018,Gas,0.1,138.11958019974531,635430.0000000001,,
1307,DR=0.08_LT=25,China,2018,Gas,0.1,149.71685028717235,635430.0000000001,,
1308,Default,China,2019,Gas,0.1,112.01968981399094,635430.0000000001,,
1309,DR=0.08_LT=25,China,2019,Gas,0.1,123.61695990141799,635430.0000000001,,
1310,Default,China,2020,Gas,0.1,105.61444148537689,635430.0000000001,,
1311,DR=0.08_LT=25,China,2020,Gas,0.1,117.21171157280392,635430.0000000001,,
1312,Default,China,2021,Gas,0.1,190.79825804255233,635430.0000000001,,
1313,DR=0.08_LT=25,China,2021,Gas,0.1,202.39552812997937,635430.0000000001,,
1314,Default,China,2022,Gas,0.1,278.795594893605,635430.0000000001,,
1315,DR=0.08_LT=25,China,2022,Gas,0.1,290.392864981032,635430.0000000001,,
1316,Default,China,2023,Gas,0.1,160.02912121164007,635430.0000000001,,
1317,DR=0.08_LT=25,China,2023,Gas,0.1,171.62639129906705,635430.0000000001,,
1318,Default,China,2024,Gas,0.1,149.55324777699093,635430.0000000001,,
1319,DR=0.08_LT=25,China,2024,Gas,0.1,161.15051786441796,635430.0000000001,,
1320,Default,China,2024,Solar+BESS,0.15,15.93,334364.60325000004,0.6,0.0
1321,DR=0.08_LT=25,China,2024,Solar+BESS,0.15,24.89,334364.60325000004,0.6,0.0
1322,Default,China,2015,Solar+BESS,0.15,38.82,918229.6972500001,0.6,0.0
1323,DR=0.08_LT=25,China,2015,Solar+BESS,0.15,63.43,918229.6972500001,0.6,0.0
1324,Default,China,2016,Solar+BESS,0.15,35.4,831102.54175,0.6,0.0
1325,DR=0.08_LT=25,China,2016,Solar+BESS,0.15,57.68,831102.54175,0.6,0.0
1326,Default,China,2017,Solar+BESS,0.15,33.39,779618.3135,0.6,0.0
1327,DR=0.08_LT=25,China,2017,Solar+BESS,0.15,54.28,779618.3135,0.6,0.0
1328,Default,China,2018,Solar+BESS,0.15,26.04,592351.50525,0.6,0.0
1329,DR=0.08_LT=25,China,2018,Solar+BESS,0.15,41.92,592351.50525,0.6,0.0
1330,Default,China,2019,Solar+BESS,0.15,23.8,535209.6695000001,0.6,0.0
1331,DR=0.08_LT=25,China,2019,Solar+BESS,0.15,38.15,535209.6695000001,0.6,0.0
1332,Default,China,2020,Solar+BESS,0.15,19.81,433372.7345,0.6,0.0
1333,DR=0.08_LT=25,China,2020,Solar+BESS,0.15,31.43,433372.7345,0.6,0.0
1334,Default,China,2021,Solar+BESS,0.15,18.66,403953.17550000007,0.6,0.0
1335,DR=0.08_LT=25,China,2021,Solar+BESS,0.15,29.49,403953.17550000007,0.6,0.0
1336,Default,China,2022,Solar+BESS,0.15,19.66,429412.40925,0.6,0.0
1337,DR=0.08_LT=25,China,2022,Solar+BESS,0.15,31.17,429412.40925,0.6,0.0
1338,Default,China,2023,Solar+BESS,0.15,18.06,388677.63525000005,0.6,0.0
1339,DR=0.08_LT=25,China,2023,Solar+BESS,0.15,28.48,388677.63525000005,0.6,0.0
1340,Default,China,2015,Coal,0.15,82.42701408403131,661053.9285714285,,
1341,DR=0.08_LT=25,China,2015,Coal,0.15,101.62440856999112,661053.9285714285,,
1342,Default,China,2016,Coal,0.15,84.57114199100806,661053.9285714285,,
1343,DR=0.08_LT=25,China,2016,Coal,0.15,103.76853647696785,661053.9285714285,,
1344,Default,China,2017,Coal,0.15,93.42686292124063,661053.9285714285,,
1345,DR=0.08_LT=25,China,2017,Coal,0.15,112.62425740720042,661053.9285714285,,
1346,Default,China,2018,Coal,0.15,100.05560710728713,661053.9285714285,,
1347,DR=0.08_LT=25,China,2018,Coal,0.15,119.25300159324692,661053.9285714285,,
1348,Default,China,2019,Coal,0.15,88.6251187351941,661053.9285714285,,
1349,DR=0.08_LT=25,China,2019,Coal,0.15,107.8225132211539,661053.9285714285,,
1350,Default,China,2020,Coal,0.15,81.92601408403131,661053.9285714285,,
1351,DR=0.08_LT=25,China,2020,Coal,0.15,101.12340856999111,661053.9285714285,,
1352,Default,China,2021,Coal,0.15,110.46703733984528,661053.9285714285,,
1353,DR=0.08_LT=25,China,2021,Coal,0.15,129.66443182580508,661053.9285714285,,
1354,Default,China,2022,Coal,0.15,187.831176874729,661053.9285714285,,
1355,DR=0.08_LT=25,China,2022,Coal,0.15,207.02857136068883,661053.9285714285,,
1356,Default,China,2023,Coal,0.15,126.33899082821735,661053.9285714285,,
1357,DR=0.08_LT=25,China,2023,Coal,0.15,145.53638531417712,661053.9285714285,,
1358,Default,China,2024,Coal,0.15,110.14778152589179,661053.9285714285,,
1359,DR=0.08_LT=25,China,2024,Coal,0.15,129.34517601185155,661053.9285714285,,
1360,Default,China,2015,Gas,0.15,119.60889141166645,635430.0000000001,,
1361,DR=0.08_LT=25,China,2015,Gas,0.15,127.34040480328449,635430.0000000001,,
1362,Default,China,2016,Gas,0.15,98.53742027454365,635430.0000000001,,
1363,DR=0.08_LT=25,China,2016,Gas,0.15,106.26893366616169,635430.0000000001,,
1364,Default,China,2017,Gas,0.15,97.40003973021031,635430.0000000001,,
1365,DR=0.08_LT=25,China,2017,Gas,0.15,105.13155312182835,635430.0000000001,,
1366,Default,China,2018,Gas,0.15,112.66488387784192,635430.0000000001,,
1367,DR=0.08_LT=25,China,2018,Gas,0.15,120.39639726945995,635430.0000000001,,
1368,Default,China,2019,Gas,0.15,86.56499349208751,635430.0000000001,,
1369,DR=0.08_LT=25,China,2019,Gas,0.15,94.29650688370556,635430.0000000001,,
1370,Default,China,2020,Gas,0.15,80.15974516347347,635430.0000000001,,
1371,DR=0.08_LT=25,China,2020,Gas,0.15,87.89125855509151,635430.0000000001,,
1372,Default,China,2021,Gas,0.15,165.34356172064892,635430.0000000001,,
1373,DR=0.08_LT=25,China,2021,Gas,0.15,173.07507511226697,635430.0000000001,,
1374,Default,China,2022,Gas,0.15,253.3408985717016,635430.0000000001,,
1375,DR=0.08_LT=25,China,2022,Gas,0.15,261.0724119633196,635430.0000000001,,
1376,Default,China,2023,Gas,0.15,134.57442488973663,635430.0000000001,,
1377,DR=0.08_LT=25,China,2023,Gas,0.15,142.30593828135468,635430.0000000001,,
1378,Default,China,2024,Gas,0.15,124.0985514550875,635430.0000000001,,
1379,DR=0.08_LT=25,China,2024,Gas,0.15,131.83006484670554,635430.0000000001,,
1380,Default,China,2024,Solar+BESS,0.2,15.93,445819.47297,0.8,0.0
1381,DR=0.08_LT=25,China,2024,Solar+BESS,0.2,24.89,445819.47297,0.8,0.0
1382,Default,China,2015,Solar+BESS,0.2,38.82,1224306.26841,0.8,0.0
1383,DR=0.08_LT=25,China,2015,Solar+BESS,0.2,63.43,1224306.26841,0.8,0.0
1384,Default,China,2016,Solar+BESS,0.2,35.4,1108136.72723,0.8,0.0
1385,DR=0.08_LT=25,China,2016,Solar+BESS,0.2,57.68,1108136.72723,0.8,0.0
1386,Default,China,2017,Solar+BESS,0.2,33.39,1039491.08926,0.8,0.0
1387,DR=0.08_LT=25,China,2017,Solar+BESS,0.2,54.28,1039491.08926,0.8,0.0
1388,Default,China,2018,Solar+BESS,0.2,26.04,789802.01049,0.8,0.0
1389,DR=0.08_LT=25,China,2018,Solar+BESS,0.2,41.92,789802.01049,0.8,0.0
1390,Default,China,2019,Solar+BESS,0.2,23.8,713612.8958200001,0.8,0.0
1391,DR=0.08_LT=25,China,2019,Solar+BESS,0.2,38.15,713612.8958200001,0.8,0.0
1392,Default,China,2020,Solar+BESS,0.2,19.81,577830.31522,0.8,0.0
1393,DR=0.08_LT=25,China,2020,Solar+BESS,0.2,31.43,577830.31522,0.8,0.0
1394,Default,China,2021,Solar+BESS,0.2,18.66,538604.23638,0.8,0.0
1395,DR=0.08_LT=25,China,2021,Solar+BESS,0.2,29.49,538604.23638,0.8,0.0
1396,Default,China,2022,Solar+BESS,0.2,19.66,572549.88153,0.8,0.0
1397,DR=0.08_LT=25,China,2022,Solar+BESS,0.2,31.17,572549.88153,0.8,0.0
1398,Default,China,2023,Solar+BESS,0.2,18.06,518236.84929,0.8,0.0
1399,DR=0.08_LT=25,China,2023,Solar+BESS,0.2,28.48,518236.84929,0.8,0.0
1400,Default,China,2015,Coal,0.2,68.3327059118607,661053.9285714285,,
1401,DR=0.08_LT=25,China,2015,Coal,0.2,82.73075177633054,661053.9285714285,,
1402,Default,China,2016,Coal,0.2,70.47683381883745,661053.9285714285,,
1403,DR=0.08_LT=25,China,2016,Coal,0.2,84.8748796833073,661053.9285714285,,
1404,Default,China,2017,Coal,0.2,79.33255474907,661053.9285714285,,
1405,DR=0.08_LT=25,China,2017,Coal,0.2,93.73060061353985,661053.9285714285,,
1406,Default,China,2018,Coal,0.2,85.96129893511652,661053.9285714285,,
1407,DR=0.08_LT=25,China,2018,Coal,0.2,100.35934479958635,661053.9285714285,,
1408,Default,China,2019,Coal,0.2,74.5308105630235,661053.9285714285,,
1409,DR=0.08_LT=25,China,2019,Coal,0.2,88.92885642749333,661053.9285714285,,
1410,Default,China,2020,Coal,0.2,67.8317059118607,661053.9285714285,,
1411,DR=0.08_LT=25,China,2020,Coal,0.2,82.22975177633054,661053.9285714285,,
1412,Default,China,2021,Coal,0.2,96.37272916767466,661053.9285714285,,
1413,DR=0.08_LT=25,China,2021,Coal,0.2,110.7707750321445,661053.9285714285,,
1414,Default,China,2022,Coal,0.2,173.73686870255835,661053.9285714285,,
1415,DR=0.08_LT=25,China,2022,Coal,0.2,188.13491456702823,661053.9285714285,,
1416,Default,China,2023,Coal,0.2,112.24468265604675,661053.9285714285,,
1417,DR=0.08_LT=25,China,2023,Coal,0.2,126.6427285205166,661053.9285714285,,
1418,Default,China,2024,Coal,0.2,96.05347335372117,661053.9285714285,,
1419,DR=0.08_LT=25,China,2024,Coal,0.2,110.451519218191,661053.9285714285,,
1420,Default,China,2015,Gas,0.2,106.88154325071477,635430.0000000001,,
1421,DR=0.08_LT=25,China,2015,Gas,0.2,112.68017829442829,635430.0000000001,,
1422,Default,China,2016,Gas,0.2,85.81007211359194,635430.0000000001,,
1423,DR=0.08_LT=25,China,2016,Gas,0.2,91.60870715730547,635430.0000000001,,
1424,Default,China,2017,Gas,0.2,84.67269156925863,635430.0000000001,,
1425,DR=0.08_LT=25,China,2017,Gas,0.2,90.47132661297213,635430.0000000001,,
1426,Default,China,2018,Gas,0.2,99.93753571689022,635430.0000000001,,
1427,DR=0.08_LT=25,China,2018,Gas,0.2,105.73617076060374,635430.0000000001,,
1428,Default,China,2019,Gas,0.2,73.8376453311358,635430.0000000001,,
1429,DR=0.08_LT=25,China,2019,Gas,0.2,79.63628037484933,635430.0000000001,,
1430,Default,China,2020,Gas,0.2,67.43239700252178,635430.0000000001,,
1431,DR=0.08_LT=25,China,2020,Gas,0.2,73.23103204623531,635430.0000000001,,
1432,Default,China,2021,Gas,0.2,152.61621355969726,635430.0000000001,,
1433,DR=0.08_LT=25,China,2021,Gas,0.2,158.41484860341075,635430.0000000001,,
1434,Default,China,2022,Gas,0.2,240.6135504107499,635430.0000000001,,
1435,DR=0.08_LT=25,China,2022,Gas,0.2,246.4121854544634,635430.0000000001,,
1436,Default,China,2023,Gas,0.2,121.84707672878496,635430.0000000001,,
1437,DR=0.08_LT=25,China,2023,Gas,0.2,127.64571177249847,635430.0000000001,,
1438,Default,China,2024,Gas,0.2,111.37120329413582,635430.0000000001,,
1439,DR=0.08_LT=25,China,2024,Gas,0.2,117.16983833784933,635430.0000000001,,
1440,Default,China,2024,Solar+BESS,0.25,15.93,557274.3426900001,0.9,0.0
1441,DR=0.08_LT=25,China,2024,Solar+BESS,0.25,24.89,557274.3426900001,0.9,0.0
1442,Default,China,2015,Solar+BESS,0.25,38.82,1530382.83957,0.9,0.0
1443,DR=0.08_LT=25,China,2015,Solar+BESS,0.25,63.43,1530382.83957,0.9,0.0
1444,Default,China,2016,Solar+BESS,0.25,35.4,1385170.91271,0.9,0.0
1445,DR=0.08_LT=25,China,2016,Solar+BESS,0.25,57.68,1385170.91271,0.9,0.0
1446,Default,China,2017,Solar+BESS,0.25,33.39,1299363.8650200001,0.9,0.0
1447,DR=0.08_LT=25,China,2017,Solar+BESS,0.25,54.28,1299363.8650200001,0.9,0.0
1448,Default,China,2018,Solar+BESS,0.25,26.04,987252.51573,0.9,0.0
1449,DR=0.08_LT=25,China,2018,Solar+BESS,0.25,41.92,987252.51573,0.9,0.0
1450,Default,China,2019,Solar+BESS,0.25,23.8,892016.12214,0.9,0.0
1451,DR=0.08_LT=25,China,2019,Solar+BESS,0.25,38.15,892016.12214,0.9,0.0
1452,Default,China,2020,Solar+BESS,0.25,19.81,722287.89594,0.9,0.0
1453,DR=0.08_LT=25,China,2020,Solar+BESS,0.25,31.43,722287.89594,0.9,0.0
1454,Default,China,2021,Solar+BESS,0.25,18.66,673255.29726,0.9,0.0
1455,DR=0.08_LT=25,China,2021,Solar+BESS,0.25,29.49,673255.29726,0.9,0.0
1456,Default,China,2022,Solar+BESS,0.25,19.66,715687.35381,0.9,0.0
1457,DR=0.08_LT=25,China,2022,Solar+BESS,0.25,31.17,715687.35381,0.9,0.0
1458,Default,China,2023,Solar+BESS,0.25,18.06,647796.06333,0.9,0.0
1459,DR=0.08_LT=25,China,2023,Solar+BESS,0.25,28.48,647796.06333,0.9,0.0
1460,Default,China,2015,Coal,0.25,59.876121008558314,661053.9285714285,,
1461,DR=0.08_LT=25,China,2015,Coal,0.25,71.3945577001342,661053.9285714285,,
1462,Default,China,2016,Coal,0.25,62.02024891553507,661053.9285714285,,
1463,DR=0.08_LT=25,China,2016,Coal,0.25,73.53868560711095,661053.9285714285,,
1464,Default,China,2017,Coal,0.25,70.87596984576763,661053.9285714285,,
1465,DR=0.08_LT=25,China,2017,Coal,0.25,82.39440653734351,661053.9285714285,,
1466,Default,China,2018,Coal,0.25,77.50471403181415,661053.9285714285,,
1467,DR=0.08_LT=25,China,2018,Coal,0.25,89.02315072339003,661053.9285714285,,
1468,Default,China,2019,Coal,0.25,66.07422565972111,661053.9285714285,,
1469,DR=0.08_LT=25,China,2019,Coal,0.25,77.592662351297,661053.9285714285,,
1470,Default,China,2020,Coal,0.25,59.37512100855831,661053.9285714285,,
1471,DR=0.08_LT=25,China,2020,Coal,0.25,70.89355770013421,661053.9285714285,,
1472,Default,China,2021,Coal,0.25,87.91614426437228,661053.9285714285,,
1473,DR=0.08_LT=25,China,2021,Coal,0.25,99.43458095594816,661053.9285714285,,
1474,Default,China,2022,Coal,0.25,165.280283799256,661053.9285714285,,
1475,DR=0.08_LT=25,China,2022,Coal,0.25,176.79872049083193,661053.9285714285,,
1476,Default,China,2023,Coal,0.25,103.78809775274436,661053.9285714285,,
1477,DR=0.08_LT=25,China,2023,Coal,0.25,115.30653444432025,661053.9285714285,,
1478,Default,China,2024,Coal,0.25,87.59688845041879,661053.9285714285,,
1479,DR=0.08_LT=25,China,2024,Coal,0.25,99.11532514199467,661053.9285714285,,
1480,Default,China,2015,Gas,0.25,99.24513435414374,635430.0000000001,,
1481,DR=0.08_LT=25,China,2015,Gas,0.25,103.88404238911455,635430.0000000001,,
1482,Default,China,2016,Gas,0.25,78.17366321702093,635430.0000000001,,
1483,DR=0.08_LT=25,China,2016,Gas,0.25,82.81257125199176,635430.0000000001,,
1484,Default,China,2017,Gas,0.25,77.03628267268759,635430.0000000001,,
1485,DR=0.08_LT=25,China,2017,Gas,0.25,81.67519070765843,635430.0000000001,,
1486,Default,China,2018,Gas,0.25,92.30112682031923,635430.0000000001,,
1487,DR=0.08_LT=25,China,2018,Gas,0.25,96.94003485529004,635430.0000000001,,
1488,Default,China,2019,Gas,0.25,66.20123643456479,635430.0000000001,,
1489,DR=0.08_LT=25,China,2019,Gas,0.25,70.8401444695356,635430.0000000001,,
1490,Default,China,2020,Gas,0.25,59.795988105950755,635430.0000000001,,
1491,DR=0.08_LT=25,China,2020,Gas,0.25,64.43489614092158,635430.0000000001,,
1492,Default,China,2021,Gas,0.25,144.97980466312623,635430.0000000001,,
1493,DR=0.08_LT=25,China,2021,Gas,0.25,149.61871269809706,635430.0000000001,,
1494,Default,China,2022,Gas,0.25,232.97714151417887,635430.0000000001,,
1495,DR=0.08_LT=25,China,2022,Gas,0.25,237.61604954914966,635430.0000000001,,
1496,Default,China,2023,Gas,0.25,114.21066783221393,635430.0000000001,,
1497,DR=0.08_LT=25,China,2023,Gas,0.25,118.84957586718474,635430.0000000001,,
1498,Default,China,2024,Gas,0.25,103.7347943975648,635430.0000000001,,
1499,DR=0.08_LT=25,China,2024,Gas,0.25,108.37370243253561,635430.0000000001,,
1500,Default,China,2024,Solar+BESS,0.3,16.34,685857.273,1.2,0.0
1501,DR=0.08_LT=25,China,2024,Solar+BESS,0.3,25.53,685857.273,1.2,0.0
1502,Default,China,2015,Solar+BESS,0.3,39.81,1883496.3690000002,1.2,0.0
1503,DR=0.08_LT=25,China,2015,Solar+BESS,0.3,65.06,1883496.3690000002,1.2,0.0
1504,Default,China,2016,Solar+BESS,0.3,36.31,1704778.9070000001,1.2,0.0
1505,DR=0.08_LT=25,China,2016,Solar+BESS,0.3,59.16,1704778.9070000001,1.2,0.0
1506,Default,China,2017,Solar+BESS,0.3,34.24,1599173.134,1.2,0.0
1507,DR=0.08_LT=25,China,2017,Solar+BESS,0.3,55.67,1599173.134,1.2,0.0
1508,Default,China,2018,Solar+BESS,0.3,26.71,1215046.641,1.2,0.0
1509,DR=0.08_LT=25,China,2018,Solar+BESS,0.3,43.0,1215046.641,1.2,0.0
1510,Default,China,2019,Solar+BESS,0.3,24.41,1097835.838,1.2,0.0
1511,DR=0.08_LT=25,China,2019,Solar+BESS,0.3,39.13,1097835.838,1.2,0.0
1512,Default,China,2020,Solar+BESS,0.3,20.32,888945.2980000001,1.2,0.0
1513,DR=0.08_LT=25,China,2020,Solar+BESS,0.3,32.23,888945.2980000001,1.2,0.0
1514,Default,China,2021,Solar+BESS,0.3,19.14,828599.142,1.2,0.0
1515,DR=0.08_LT=25,China,2021,Solar+BESS,0.3,30.24,828599.142,1.2,0.0
1516,Default,China,2022,Solar+BESS,0.3,20.16,880821.777,1.2,0.0
1517,DR=0.08_LT=25,China,2022,Solar+BESS,0.3,31.96,880821.777,1.2,0.0
1518,Default,China,2023,Solar+BESS,0.3,18.52,797265.5610000001,1.2,0.0
1519,DR=0.08_LT=25,China,2023,Solar+BESS,0.3,29.21,797265.5610000001,1.2,0.0
1520,Default,China,2015,Coal,0.3,54.23839773969008,661053.9285714285,,
1521,DR=0.08_LT=25,China,2015,Coal,0.3,63.83709498266998,661053.9285714285,,
1522,Default,China,2016,Coal,0.3,56.38252564666683,661053.9285714285,,
1523,DR=0.08_LT=25,China,2016,Coal,0.3,65.98122288964672,661053.9285714285,,
1524,Default,China,2017,Coal,0.3,65.23824657689939,661053.9285714285,,
1525,DR=0.08_LT=25,China,2017,Coal,0.3,74.83694381987928,661053.9285714285,,
1526,Default,China,2018,Coal,0.3,71.8669907629459,661053.9285714285,,
1527,DR=0.08_LT=25,China,2018,Coal,0.3,81.46568800592578,661053.9285714285,,
1528,Default,China,2019,Coal,0.3,60.436502390852866,661053.9285714285,,
1529,DR=0.08_LT=25,China,2019,Coal,0.3,70.03519963383276,661053.9285714285,,
1530,Default,China,2020,Coal,0.3,53.73739773969009,661053.9285714285,,
1531,DR=0.08_LT=25,China,2020,Coal,0.3,63.33609498266997,661053.9285714285,,
1532,Default,China,2021,Coal,0.3,82.27842099550404,661053.9285714285,,
1533,DR=0.08_LT=25,China,2021,Coal,0.3,91.87711823848393,661053.9285714285,,
1534,Default,China,2022,Coal,0.3,159.6425605303878,661053.9285714285,,
1535,DR=0.08_LT=25,China,2022,Coal,0.3,169.24125777336766,661053.9285714285,,
1536,Default,China,2023,Coal,0.3,98.1503744838761,661053.9285714285,,
1537,DR=0.08_LT=25,China,2023,Coal,0.3,107.74907172685602,661053.9285714285,,
1538,Default,China,2024,Coal,0.3,81.95916518155055,661053.9285714285,,
1539,DR=0.08_LT=25,China,2024,Coal,0.3,91.55786242453044,661053.9285714285,,
1540,Default,China,2015,Gas,0.3,94.15419508976305,635430.0000000001,,
1541,DR=0.08_LT=25,China,2015,Gas,0.3,98.01995178557208,635430.0000000001,,
1542,Default,China,2016,Gas,0.3,73.08272395264025,635430.0000000001,,
1543,DR=0.08_LT=25,China,2016,Gas,0.3,76.94848064844926,635430.0000000001,,
1544,Default,China,2017,Gas,0.3,71.94534340830691,635430.0000000001,,
1545,DR=0.08_LT=25,China,2017,Gas,0.3,75.81110010411594,635430.0000000001,,
1546,Default,China,2018,Gas,0.3,87.21018755593853,635430.0000000001,,
1547,DR=0.08_LT=25,China,2018,Gas,0.3,91.07594425174753,635430.0000000001,,
1548,Default,China,2019,Gas,0.3,61.110297170184104,635430.0000000001,,
1549,DR=0.08_LT=25,China,2019,Gas,0.3,64.97605386599312,635430.0000000001,,
1550,Default,China,2020,Gas,0.3,54.705048841570076,635430.0000000001,,
1551,DR=0.08_LT=25,China,2020,Gas,0.3,58.570805537379094,635430.0000000001,,
1552,Default,China,2021,Gas,0.3,139.88886539874554,635430.0000000001,,
1553,DR=0.08_LT=25,China,2021,Gas,0.3,143.75462209455455,635430.0000000001,,
1554,Default,China,2022,Gas,0.3,227.88620224979812,635430.0000000001,,
1555,DR=0.08_LT=25,China,2022,Gas,0.3,231.75195894560716,635430.0000000001,,
1556,Default,China,2023,Gas,0.3,109.11972856783325,635430.0000000001,,
1557,DR=0.08_LT=25,China,2023,Gas,0.3,112.98548526364226,635430.0000000001,,
1558,Default,China,2024,Gas,0.3,98.6438551331841,635430.0000000001,,
1559,DR=0.08_LT=25,China,2024,Gas,0.3,102.50961182899313,635430.0000000001,,
1560,Default,China,2024,Solar+BESS,0.35,18.31,896951.4804,1.5,0.0
1561,DR=0.08_LT=25,China,2024,Solar+BESS,0.35,28.62,896951.4804,1.5,0.0
1562,Default,China,2015,Solar+BESS,0.35,44.63,2463201.7812,1.5,0.0
1563,DR=0.08_LT=25,China,2015,Solar+BESS,0.35,72.93,2463201.7812,1.5,0.0
1564,Default,China,2016,Solar+BESS,0.35,40.7,2229478.3836000003,1.5,0.0
1565,DR=0.08_LT=25,China,2016,Solar+BESS,0.35,66.32,2229478.3836000003,1.5,0.0
1566,Default,China,2017,Solar+BESS,0.35,38.38,2091369.1032000002,1.5,0.0
1567,DR=0.08_LT=25,China,2017,Solar+BESS,0.35,62.41,2091369.1032000002,1.5,0.0
1568,Default,China,2018,Solar+BESS,0.35,29.94,1589015.5668,1.5,0.0
1569,DR=0.08_LT=25,China,2018,Solar+BESS,0.35,48.2,1589015.5668,1.5,0.0
1570,Default,China,2019,Solar+BESS,0.35,27.37,1435729.4424,1.5,0.0
1571,DR=0.08_LT=25,China,2019,Solar+BESS,0.35,43.86,1435729.4424,1.5,0.0
1572,Default,China,2020,Solar+BESS,0.35,22.78,1162546.2504,1.5,0.0
1573,DR=0.08_LT=25,China,2020,Solar+BESS,0.35,36.13,1162546.2504,1.5,0.0
1574,Default,China,2021,Solar+BESS,0.35,21.45,1083626.6616,1.5,0.0
1575,DR=0.08_LT=25,China,2021,Solar+BESS,0.35,33.9,1083626.6616,1.5,0.0
1576,Default,China,2022,Solar+BESS,0.35,22.6,1151922.4596000002,1.5,0.0
1577,DR=0.08_LT=25,China,2022,Solar+BESS,0.35,35.83,1151922.4596000002,1.5,0.0
1578,Default,China,2023,Solar+BESS,0.35,20.76,1042649.1828000001,1.5,0.0
1579,DR=0.08_LT=25,China,2023,Solar+BESS,0.35,32.74,1042649.1828000001,1.5,0.0
1580,Default,China,2015,Coal,0.35,50.21145254764132,661053.9285714285,,
1581,DR=0.08_LT=25,China,2015,Coal,0.35,58.438907327338384,661053.9285714285,,
1582,Default,China,2016,Coal,0.35,52.35558045461808,661053.9285714285,,
1583,DR=0.08_LT=25,China,2016,Coal,0.35,60.58303523431514,661053.9285714285,,
1584,Default,China,2017,Coal,0.35,61.21130138485062,661053.9285714285,,
1585,DR=0.08_LT=25,China,2017,Coal,0.35,69.4387561645477,661053.9285714285,,
1586,Default,China,2018,Coal,0.35,67.84004557089713,661053.9285714285,,
1587,DR=0.08_LT=25,China,2018,Coal,0.35,76.0675003505942,661053.9285714285,,
1588,Default,China,2019,Coal,0.35,56.409557198804116,661053.9285714285,,
1589,DR=0.08_LT=25,China,2019,Coal,0.35,64.63701197850118,661053.9285714285,,
1590,Default,China,2020,Coal,0.35,49.71045254764133,661053.9285714285,,
1591,DR=0.08_LT=25,China,2020,Coal,0.35,57.93790732733839,661053.9285714285,,
1592,Default,China,2021,Coal,0.35,78.25147580345528,661053.9285714285,,
1593,DR=0.08_LT=25,China,2021,Coal,0.35,86.47893058315235,661053.9285714285,,
1594,Default,China,2022,Coal,0.35,155.615615338339,661053.9285714285,,
1595,DR=0.08_LT=25,China,2022,Coal,0.35,163.84307011803608,661053.9285714285,,
1596,Default,China,2023,Coal,0.35,94.12342929182738,661053.9285714285,,
1597,DR=0.08_LT=25,China,2023,Coal,0.35,102.35088407152443,661053.9285714285,,
1598,Default,China,2024,Coal,0.35,77.93221998950177,661053.9285714285,,
1599,DR=0.08_LT=25,China,2024,Coal,0.35,86.15967476919886,661053.9285714285,,
1600,Default,China,2015,Gas,0.35,90.51780990091972,635430.0000000001,,
1601,DR=0.08_LT=25,China,2015,Gas,0.35,93.83131564018457,635430.0000000001,,
1602,Default,China,2016,Gas,0.35,69.4463387637969,635430.0000000001,,
1603,DR=0.08_LT=25,China,2016,Gas,0.35,72.75984450306179,635430.0000000001,,
1604,Default,China,2017,Gas,0.35,68.30895821946358,635430.0000000001,,
1605,DR=0.08_LT=25,China,2017,Gas,0.35,71.62246395872845,635430.0000000001,,
1606,Default,China,2018,Gas,0.35,83.57380236709518,635430.0000000001,,
1607,DR=0.08_LT=25,China,2018,Gas,0.35,86.88730810636005,635430.0000000001,,
1608,Default,China,2019,Gas,0.35,57.47391198134077,635430.0000000001,,
1609,DR=0.08_LT=25,China,2019,Gas,0.35,60.787417720605646,635430.0000000001,,
1610,Default,China,2020,Gas,0.35,51.06866365272673,635430.0000000001,,
1611,DR=0.08_LT=25,China,2020,Gas,0.35,54.38216939199161,635430.0000000001,,
1612,Default,China,2021,Gas,0.35,136.2524802099022,635430.0000000001,,
1613,DR=0.08_LT=25,China,2021,Gas,0.35,139.56598594916707,635430.0000000001,,
1614,Default,China,2022,Gas,0.35,224.24981706095483,635430.0000000001,,
1615,DR=0.08_LT=25,China,2022,Gas,0.35,227.56332280021968,635430.0000000001,,
1616,Default,China,2023,Gas,0.35,105.48334337898991,635430.0000000001,,
1617,DR=0.08_LT=25,China,2023,Gas,0.35,108.79684911825477,635430.0000000001,,
1618,Default,China,2024,Gas,0.35,95.00746994434078,635430.0000000001,,
1619,DR=0.08_LT=25,China,2024,Gas,0.35,98.32097568360564,635430.0000000001,,
1620,Default,China,2024,Solar+BESS,0.4,22.43,1213865.215729527,1.8,0.8
1621,DR=0.08_LT=25,China,2024,Solar+BESS,0.4,34.63,1213865.215729527,1.8,0.8
1622,Default,China,2015,Solar+BESS,0.4,66.02,4178928.86816,1.8,0.8
1623,DR=0.08_LT=25,China,2015,Solar+BESS,0.4,108.03,4178928.86816,1.8,0.8
1624,Default,China,2016,Solar+BESS,0.4,56.58,3536973.44828,1.8,0.8
1625,DR=0.08_LT=25,China,2016,Solar+BESS,0.4,92.14,3536973.44828,1.8,0.8
1626,Default,China,2017,Solar+BESS,0.4,50.38,3115168.4813199807,1.8,0.8
1627,DR=0.08_LT=25,China,2017,Solar+BESS,0.4,81.69,3115168.4813199807,1.8,0.8
1628,Default,China,2018,Solar+BESS,0.4,40.73,2458854.465251154,1.8,0.8
1629,DR=0.08_LT=25,China,2018,Solar+BESS,0.4,65.45,2458854.465251154,1.8,0.8
1630,Default,China,2019,Solar+BESS,0.4,33.47,1964943.5162046459,1.8,0.8
1631,DR=0.08_LT=25,China,2019,Solar+BESS,0.4,53.22,1964943.5162046459,1.8,0.8
1632,Default,China,2020,Solar+BESS,0.4,28.34,1616127.432350825,1.8,0.8
1633,DR=0.08_LT=25,China,2020,Solar+BESS,0.4,44.59,1616127.432350825,1.8,0.8
1634,Default,China,2021,Solar+BESS,0.4,26.76,1508338.5941538475,1.8,0.8
1635,DR=0.08_LT=25,China,2021,Solar+BESS,0.4,41.92,1508338.5941538475,1.8,0.8
1636,Default,China,2022,Solar+BESS,0.4,28.86,1651099.3779349297,1.8,0.8
1637,DR=0.08_LT=25,China,2022,Solar+BESS,0.4,45.45,1651099.3779349297,1.8,0.8
1638,Default,China,2023,Solar+BESS,0.4,25.93,1451820.0501516997,1.8,0.8
1639,DR=0.08_LT=25,China,2023,Solar+BESS,0.4,40.52,1451820.0501516997,1.8,0.8
1640,Default,China,2015,Coal,0.4,47.191243653604765,661053.9285714285,,
1641,DR=0.08_LT=25,China,2015,Coal,0.4,54.39026658583969,661053.9285714285,,
1642,Default,China,2016,Coal,0.4,49.335371560581514,661053.9285714285,,
1643,DR=0.08_LT=25,China,2016,Coal,0.4,56.53439449281643,661053.9285714285,,
1644,Default,China,2017,Coal,0.4,58.191092490814064,661053.9285714285,,
1645,DR=0.08_LT=25,China,2017,Coal,0.4,65.390115423049,661053.9285714285,,
1646,Default,China,2018,Coal,0.4,64.81983667686058,661053.9285714285,,
1647,DR=0.08_LT=25,China,2018,Coal,0.4,72.01885960909551,661053.9285714285,,
1648,Default,China,2019,Coal,0.4,53.38934830476756,661053.9285714285,,
1649,DR=0.08_LT=25,China,2019,Coal,0.4,60.588371237002484,661053.9285714285,,
1650,Default,China,2020,Coal,0.4,46.690243653604774,661053.9285714285,,
1651,DR=0.08_LT=25,China,2020,Coal,0.4,53.889266585839685,661053.9285714285,,
1652,Default,China,2021,Coal,0.4,75.23126690941872,661053.9285714285,,
1653,DR=0.08_LT=25,China,2021,Coal,0.4,82.43028984165365,661053.9285714285,,
1654,Default,China,2022,Coal,0.4,152.59540644430248,661053.9285714285,,
1655,DR=0.08_LT=25,China,2022,Coal,0.4,159.79442937653735,661053.9285714285,,
1656,Default,China,2023,Coal,0.4,91.1032203977908,661053.9285714285,,
1657,DR=0.08_LT=25,China,2023,Coal,0.4,98.30224333002575,661053.9285714285,,
1658,Default,China,2024,Coal,0.4,74.91201109546523,661053.9285714285,,
1659,DR=0.08_LT=25,China,2024,Coal,0.4,82.11103402770014,661053.9285714285,,
1660,Default,China,2015,Gas,0.4,87.79052100928723,635430.0000000001,,
1661,DR=0.08_LT=25,China,2015,Gas,0.4,90.68983853114396,635430.0000000001,,
1662,Default,China,2016,Gas,0.4,66.71904987216439,635430.0000000001,,
1663,DR=0.08_LT=25,China,2016,Gas,0.4,69.61836739402116,635430.0000000001,,
1664,Default,China,2017,Gas,0.4,65.58166932783107,635430.0000000001,,
1665,DR=0.08_LT=25,China,2017,Gas,0.4,68.48098684968782,635430.0000000001,,
1666,Default,China,2018,Gas,0.4,80.84651347546269,635430.0000000001,,
1667,DR=0.08_LT=25,China,2018,Gas,0.4,83.74583099731943,635430.0000000001,,
1668,Default,China,2019,Gas,0.4,54.746623089708265,635430.0000000001,,
1669,DR=0.08_LT=25,China,2019,Gas,0.4,57.645940611565024,635430.0000000001,,
1670,Default,China,2020,Gas,0.4,48.34137476109422,635430.0000000001,,
1671,DR=0.08_LT=25,China,2020,Gas,0.4,51.24069228295099,635430.0000000001,,
1672,Default,China,2021,Gas,0.4,133.5251913182697,635430.0000000001,,
1673,DR=0.08_LT=25,China,2021,Gas,0.4,136.42450884012644,635430.0000000001,,
1674,Default,China,2022,Gas,0.4,221.52252816932236,635430.0000000001,,
1675,DR=0.08_LT=25,China,2022,Gas,0.4,224.42184569117904,635430.0000000001,,
1676,Default,China,2023,Gas,0.4,102.7560544873574,635430.0000000001,,
1677,DR=0.08_LT=25,China,2023,Gas,0.4,105.65537200921416,635430.0000000001,,
1678,Default,China,2024,Gas,0.4,92.28018105270827,635430.0000000001,,
1679,DR=0.08_LT=25,China,2024,Gas,0.4,95.17949857456502,635430.0000000001,,
1680,Default,China,2024,Solar+BESS,0.45,26.5,1568665.8217484953,2.0,2.0
1681,DR=0.08_LT=25,China,2024,Solar+BESS,0.45,40.52,1568665.8217484953,2.0,2.0
1682,Default,China,2015,Solar+BESS,0.45,88.95,6346942.3641,2.0,2.0
1683,DR=0.08_LT=25,China,2015,Solar+BESS,0.45,145.66,6346942.3641,2.0,2.0
1684,Default,China,2016,Solar+BESS,0.45,73.34,5152741.4533,2.0,2.0
1685,DR=0.08_LT=25,China,2016,Solar+BESS,0.45,119.38,5152741.4533,2.0,2.0
1686,Default,China,2017,Solar+BESS,0.45,62.78,4344648.848759162,2.0,2.0
1687,DR=0.08_LT=25,China,2017,Solar+BESS,0.45,101.6,4344648.848759162,2.0,2.0
1688,Default,China,2018,Solar+BESS,0.45,52.04,3522848.6037898827,2.0,2.0
1689,DR=0.08_LT=25,China,2018,Solar+BESS,0.45,83.52,3522848.6037898827,2.0,2.0
1690,Default,China,2019,Solar+BESS,0.45,39.51,2563838.6597804814,2.0,2.0
1691,DR=0.08_LT=25,China,2019,Solar+BESS,0.45,62.41,2563838.6597804814,2.0,2.0
1692,Default,China,2020,Solar+BESS,0.45,33.92,2136455.0576200825,2.0,2.0
1693,DR=0.08_LT=25,China,2020,Solar+BESS,0.45,53.01,2136455.0576200825,2.0,2.0
1694,Default,China,2021,Solar+BESS,0.45,32.09,1996057.647938191,2.0,2.0
1695,DR=0.08_LT=25,China,2021,Solar+BESS,0.45,49.92,1996057.647938191,2.0,2.0
1696,Default,China,2022,Solar+BESS,0.45,35.23,2236901.753116307,2.0,2.0
1697,DR=0.08_LT=25,China,2022,Solar+BESS,0.45,55.22,2236901.753116307,2.0,2.0
1698,Default,China,2023,Solar+BESS,0.45,31.11,1921829.3941539726,2.0,2.0
1699,DR=0.08_LT=25,China,2023,Solar+BESS,0.45,48.29,1921829.3941539726,2.0,2.0
1700,Default,China,2015,Coal,0.45,44.84219229157633,661053.9285714285,,
1701,DR=0.08_LT=25,China,2015,Coal,0.45,51.24132378689626,661053.9285714285,,
1702,Default,China,2016,Coal,0.45,46.986320198553074,661053.9285714285,,
1703,DR=0.08_LT=25,China,2016,Coal,0.45,53.385451693873016,661053.9285714285,,
1704,Default,China,2017,Coal,0.45,55.84204112878563,661053.9285714285,,
1705,DR=0.08_LT=25,China,2017,Coal,0.45,62.24117262410557,661053.9285714285,,
1706,Default,China,2018,Coal,0.45,62.47078531483215,661053.9285714285,,
1707,DR=0.08_LT=25,China,2018,Coal,0.45,68.86991681015208,661053.9285714285,,
1708,Default,China,2019,Coal,0.45,51.04029694273911,661053.9285714285,,
1709,DR=0.08_LT=25,China,2019,Coal,0.45,57.43942843805905,661053.9285714285,,
1710,Default,China,2020,Coal,0.45,44.341192291576334,661053.9285714285,,
1711,DR=0.08_LT=25,China,2020,Coal,0.45,50.74032378689626,661053.9285714285,,
1712,Default,China,2021,Coal,0.45,72.88221554739029,661053.9285714285,,
1713,DR=0.08_LT=25,China,2021,Coal,0.45,79.28134704271022,661053.9285714285,,
1714,Default,China,2022,Coal,0.45,150.24635508227402,661053.9285714285,,
1715,DR=0.08_LT=25,China,2022,Coal,0.45,156.64548657759397,661053.9285714285,,
1716,Default,China,2023,Coal,0.45,88.75416903576237,661053.9285714285,,
1717,DR=0.08_LT=25,China,2023,Coal,0.45,95.1533005310823,661053.9285714285,,
1718,Default,China,2024,Coal,0.45,72.5629597334368,661053.9285714285,,
1719,DR=0.08_LT=25,China,2024,Coal,0.45,78.96209122875673,661053.9285714285,,
1720,Default,China,2015,Gas,0.45,85.66929631579525,635430.0000000001,,
1721,DR=0.08_LT=25,China,2015,Gas,0.45,88.2464674463346,635430.0000000001,,
1722,Default,China,2016,Gas,0.45,64.59782517867244,635430.0000000001,,
1723,DR=0.08_LT=25,China,2016,Gas,0.45,67.17499630921179,635430.0000000001,,
1724,Default,China,2017,Gas,0.45,63.46044463433912,635430.0000000001,,
1725,DR=0.08_LT=25,China,2017,Gas,0.45,66.03761576487847,635430.0000000001,,
1726,Default,China,2018,Gas,0.45,78.72528878197072,635430.0000000001,,
1727,DR=0.08_LT=25,China,2018,Gas,0.45,81.30245991251006,635430.0000000001,,
1728,Default,China,2019,Gas,0.45,52.6253983962163,635430.0000000001,,
1729,DR=0.08_LT=25,China,2019,Gas,0.45,55.20256952675565,635430.0000000001,,
1730,Default,China,2020,Gas,0.45,46.22015006760227,635430.0000000001,,
1731,DR=0.08_LT=25,China,2020,Gas,0.45,48.797321198141624,635430.0000000001,,
1732,Default,China,2021,Gas,0.45,131.40396662477772,635430.0000000001,,
1733,DR=0.08_LT=25,China,2021,Gas,0.45,133.98113775531706,635430.0000000001,,
1734,Default,China,2022,Gas,0.45,219.40130347583033,635430.0000000001,,
1735,DR=0.08_LT=25,China,2022,Gas,0.45,221.9784746063697,635430.0000000001,,
1736,Default,China,2023,Gas,0.45,100.63482979386545,635430.0000000001,,
1737,DR=0.08_LT=25,China,2023,Gas,0.45,103.21200092440479,635430.0000000001,,
1738,Default,China,2024,Gas,0.45,90.1589563592163,635430.0000000001,,
1739,DR=0.08_LT=25,China,2024,Gas,0.45,92.73612748975565,635430.0000000001,,
1740,Default,China,2024,Solar+BESS,0.5,29.98,1936833.9037100568,2.2,3.2
1741,DR=0.08_LT=25,China,2024,Solar+BESS,0.5,45.55,1936833.9037100568,2.2,3.2
1742,Default,China,2015,Solar+BESS,0.5,108.27,8593419.9647,2.2,3.2
1743,DR=0.08_LT=25,China,2015,Solar+BESS,0.5,177.38,8593419.9647,2.2,3.2
1744,Default,China,2016,Solar+BESS,0.5,87.5,6827406.7161,2.2,3.2
1745,DR=0.08_LT=25,China,2016,Solar+BESS,0.5,142.4,6827406.7161,2.2,3.2
1746,Default,China,2017,Solar+BESS,0.5,73.29,5619366.812997594,2.2,3.2
1747,DR=0.08_LT=25,China,2017,Solar+BESS,0.5,118.48,5619366.812997594,2.2,3.2
1748,Default,China,2018,Solar+BESS,0.5,61.6,4625755.901015452,2.2,3.2
1749,DR=0.08_LT=25,China,2018,Solar+BESS,0.5,98.8,4625755.901015452,2.2,3.2
1750,Default,China,2019,Solar+BESS,0.5,44.66,3185214.2871872433,2.2,3.2
1751,DR=0.08_LT=25,China,2019,Solar+BESS,0.5,70.28,3185214.2871872433,2.2,3.2
1752,Default,China,2020,Solar+BESS,0.5,38.67,2676223.5426359195,2.2,3.2
1753,DR=0.08_LT=25,China,2020,Solar+BESS,0.5,60.2,2676223.5426359195,2.2,3.2
1754,Default,China,2021,Solar+BESS,0.5,36.63,2501992.74998183,2.2,3.2
1755,DR=0.08_LT=25,China,2021,Solar+BESS,0.5,56.75,2501992.74998183,2.2,3.2
1756,Default,China,2022,Solar+BESS,0.5,40.65,2844423.972080104,2.2,3.2
1757,DR=0.08_LT=25,China,2022,Solar+BESS,0.5,63.53,2844423.972080104,2.2,3.2
1758,Default,China,2023,Solar+BESS,0.5,35.54,2409391.6003290694,2.2,3.2
1759,DR=0.08_LT=25,China,2023,Solar+BESS,0.5,54.91,2409391.6003290694,2.2,3.2
1760,Default,China,2015,Coal,0.5,42.96295120195358,661053.9285714285,,
1761,DR=0.08_LT=25,China,2015,Coal,0.5,48.72216954774152,661053.9285714285,,
1762,Default,China,2016,Coal,0.5,45.10707910893032,661053.9285714285,,
1763,DR=0.08_LT=25,China,2016,Coal,0.5,50.86629745471827,661053.9285714285,,
1764,Default,China,2017,Coal,0.5,53.96280003916287,661053.9285714285,,
1765,DR=0.08_LT=25,China,2017,Coal,0.5,59.72201838495082,661053.9285714285,,
1766,Default,China,2018,Coal,0.5,60.59154422520939,661053.9285714285,,
1767,DR=0.08_LT=25,China,2018,Coal,0.5,66.35076257099733,661053.9285714285,,
1768,Default,China,2019,Coal,0.5,49.161055853116366,661053.9285714285,,
1769,DR=0.08_LT=25,China,2019,Coal,0.5,54.920274198904316,661053.9285714285,,
1770,Default,China,2020,Coal,0.5,42.461951201953575,661053.9285714285,,
1771,DR=0.08_LT=25,China,2020,Coal,0.5,48.221169547741525,661053.9285714285,,
1772,Default,China,2021,Coal,0.5,71.00297445776754,661053.9285714285,,
1773,DR=0.08_LT=25,China,2021,Coal,0.5,76.76219280355548,661053.9285714285,,
1774,Default,China,2022,Coal,0.5,148.3671139926513,661053.9285714285,,
1775,DR=0.08_LT=25,China,2022,Coal,0.5,154.12633233843923,661053.9285714285,,
1776,Default,China,2023,Coal,0.5,86.87492794613962,661053.9285714285,,
1777,DR=0.08_LT=25,China,2023,Coal,0.5,92.63414629192756,661053.9285714285,,
1778,Default,China,2024,Coal,0.5,70.68371864381405,661053.9285714285,,
1779,DR=0.08_LT=25,China,2024,Coal,0.5,76.442936989602,661053.9285714285,,
1780,Default,China,2015,Gas,0.5,83.97231656100169,635430.0000000001,,
1781,DR=0.08_LT=25,China,2015,Gas,0.5,86.29177057848712,635430.0000000001,,
1782,Default,China,2016,Gas,0.5,62.900845423878884,635430.0000000001,,
1783,DR=0.08_LT=25,China,2016,Gas,0.5,65.2202994413643,635430.0000000001,,
1784,Default,China,2017,Gas,0.5,61.76346487954556,635430.0000000001,,
1785,DR=0.08_LT=25,China,2017,Gas,0.5,64.08291889703096,635430.0000000001,,
1786,Default,China,2018,Gas,0.5,77.02830902717717,635430.0000000001,,
1787,DR=0.08_LT=25,China,2018,Gas,0.5,79.34776304466259,635430.0000000001,,
1788,Default,China,2019,Gas,0.5,50.92841864142276,635430.0000000001,,
1789,DR=0.08_LT=25,China,2019,Gas,0.5,53.247872658908165,635430.0000000001,,
1790,Default,China,2020,Gas,0.5,44.52317031280871,635430.0000000001,,
1791,DR=0.08_LT=25,China,2020,Gas,0.5,46.84262433029413,635430.0000000001,,
1792,Default,China,2021,Gas,0.5,129.70698686998418,635430.0000000001,,
1793,DR=0.08_LT=25,China,2021,Gas,0.5,132.0264408874696,635430.0000000001,,
1794,Default,China,2022,Gas,0.5,217.70432372103681,635430.0000000001,,
1795,DR=0.08_LT=25,China,2022,Gas,0.5,220.0237777385222,635430.0000000001,,
1796,Default,China,2023,Gas,0.5,98.93785003907188,635430.0000000001,,
1797,DR=0.08_LT=25,China,2023,Gas,0.5,101.25730405655729,635430.0000000001,,
1798,Default,China,2024,Gas,0.5,88.46197660442276,635430.0000000001,,
1799,DR=0.08_LT=25,China,2024,Gas,0.5,90.78143062190816,635430.0000000001,,
1800,Default,China,2024,Solar+BESS,0.55,32.92,2311645.9332962804,2.5,4.4
1801,DR=0.08_LT=25,China,2024,Solar+BESS,0.55,49.82,2311645.9332962804,2.5,4.4
1802,Default,China,2015,Solar+BESS,0.55,124.45,10872084.738,2.5,4.4
1803,DR=0.08_LT=25,China,2015,Solar+BESS,0.55,203.93,10872084.738,2.5,4.4
1804,Default,China,2016,Solar+BESS,0.55,99.38,8527157.66,2.5,4.4
1805,DR=0.08_LT=25,China,2016,Solar+BESS,0.55,161.72,8527157.66,2.5,4.4
1806,Default,China,2017,Solar+BESS,0.55,82.13,6914273.799246239,2.5,4.4
1807,DR=0.08_LT=25,China,2017,Solar+BESS,0.55,132.68,6914273.799246239,2.5,4.4
1808,Default,China,2018,Solar+BESS,0.55,69.64,5745519.2307880325,2.5,4.4
1809,DR=0.08_LT=25,China,2018,Solar+BESS,0.55,111.64,5745519.2307880325,2.5,4.4
1810,Default,China,2019,Solar+BESS,0.55,49.02,3817586.4947562385,2.5,4.4
1811,DR=0.08_LT=25,China,2019,Solar+BESS,0.55,76.93,3817586.4947562385,2.5,4.4
1812,Default,China,2020,Solar+BESS,0.55,42.69,3225309.546384324,2.5,4.4
1813,DR=0.08_LT=25,China,2020,Solar+BESS,0.55,66.27,3225309.546384324,2.5,4.4
1814,Default,China,2021,Solar+BESS,0.55,40.46,3016644.547775262,2.5,4.4
1815,DR=0.08_LT=25,China,2021,Solar+BESS,0.55,62.51,3016644.547775262,2.5,4.4
1816,Default,China,2022,Solar+BESS,0.55,45.22,3461998.823999378,2.5,4.4
1817,DR=0.08_LT=25,China,2022,Solar+BESS,0.55,70.53,3461998.823999378,2.5,4.4
1818,Default,China,2023,Solar+BESS,0.55,39.27,2905349.4457485355,2.5,4.4
1819,DR=0.08_LT=25,China,2023,Solar+BESS,0.55,60.51,2905349.4457485355,2.5,4.4
1820,Default,China,2015,Coal,0.55,41.42539031044406,661053.9285714285,,
1821,DR=0.08_LT=25,China,2015,Coal,0.55,46.661043352069456,661053.9285714285,,
1822,Default,China,2016,Coal,0.55,43.5695182174208,661053.9285714285,,
1823,DR=0.08_LT=25,China,2016,Coal,0.55,48.8051712590462,661053.9285714285,,
1824,Default,China,2017,Coal,0.55,52.42523914765336,661053.9285714285,,
1825,DR=0.08_LT=25,China,2017,Coal,0.55,57.660892189278755,661053.9285714285,,
1826,Default,China,2018,Coal,0.55,59.05398333369987,661053.9285714285,,
1827,DR=0.08_LT=25,China,2018,Coal,0.55,64.28963637532526,661053.9285714285,,
1828,Default,China,2019,Coal,0.55,47.623494961606845,661053.9285714285,,
1829,DR=0.08_LT=25,China,2019,Coal,0.55,52.85914800323224,661053.9285714285,,
1830,Default,China,2020,Coal,0.55,40.92439031044406,661053.9285714285,,
1831,DR=0.08_LT=25,China,2020,Coal,0.55,46.16004335206945,661053.9285714285,,
1832,Default,China,2021,Coal,0.55,69.46541356625801,661053.9285714285,,
1833,DR=0.08_LT=25,China,2021,Coal,0.55,74.70106660788342,661053.9285714285,,
1834,Default,China,2022,Coal,0.55,146.82955310114176,661053.9285714285,,
1835,DR=0.08_LT=25,China,2022,Coal,0.55,152.06520614276712,661053.9285714285,,
1836,Default,China,2023,Coal,0.55,85.33736705463009,661053.9285714285,,
1837,DR=0.08_LT=25,China,2023,Coal,0.55,90.57302009625548,661053.9285714285,,
1838,Default,China,2024,Coal,0.55,69.14615775230452,661053.9285714285,,
1839,DR=0.08_LT=25,China,2024,Coal,0.55,74.38181079392992,661053.9285714285,,
1840,Default,China,2015,Gas,0.55,82.58387857980696,635430.0000000001,,
1841,DR=0.08_LT=25,China,2015,Gas,0.55,84.69247314115734,635430.0000000001,,
1842,Default,China,2016,Gas,0.55,61.51240744268415,635430.0000000001,,
1843,DR=0.08_LT=25,China,2016,Gas,0.55,63.62100200403452,635430.0000000001,,
1844,Default,China,2017,Gas,0.55,60.375026898350825,635430.0000000001,,
1845,DR=0.08_LT=25,China,2017,Gas,0.55,62.48362145970119,635430.0000000001,,
1846,Default,China,2018,Gas,0.55,75.63987104598243,635430.0000000001,,
1847,DR=0.08_LT=25,China,2018,Gas,0.55,77.7484656073328,635430.0000000001,,
1848,Default,China,2019,Gas,0.55,49.53998066022802,635430.0000000001,,
1849,DR=0.08_LT=25,China,2019,Gas,0.55,51.64857522157839,635430.0000000001,,
1850,Default,China,2020,Gas,0.55,43.13473233161398,635430.0000000001,,
1851,DR=0.08_LT=25,China,2020,Gas,0.55,45.243326892964355,635430.0000000001,,
1852,Default,China,2021,Gas,0.55,128.31854888878945,635430.0000000001,,
1853,DR=0.08_LT=25,China,2021,Gas,0.55,130.4271434501398,635430.0000000001,,
1854,Default,China,2022,Gas,0.55,216.31588573984206,635430.0000000001,,
1855,DR=0.08_LT=25,China,2022,Gas,0.55,218.4244803011924,635430.0000000001,,
1856,Default,China,2023,Gas,0.55,97.54941205787713,635430.0000000001,,
1857,DR=0.08_LT=25,China,2023,Gas,0.55,99.6580066192275,635430.0000000001,,
1858,Default,China,2024,Gas,0.55,87.073538623228,635430.0000000001,,
1859,DR=0.08_LT=25,China,2024,Gas,0.55,89.18213318457839,635430.0000000001,,
1860,Default,China,2024,Solar+BESS,0.6,35.52,2693371.1748741427,2.7,5.8
1861,DR=0.08_LT=25,China,2024,Solar+BESS,0.6,53.57,2693371.1748741427,2.7,5.8
1862,Default,China,2015,Solar+BESS,0.6,139.35,13286435.9333,2.7,5.8
1863,DR=0.08_LT=25,China,2015,Solar+BESS,0.6,228.39,13286435.9333,2.7,5.8
1864,Default,China,2016,Solar+BESS,0.6,110.23,10315840.7799,2.7,5.8
1865,DR=0.08_LT=25,China,2016,Solar+BESS,0.6,179.36,10315840.7799,2.7,5.8
1866,Default,China,2017,Solar+BESS,0.6,90.13,8264623.239186233,2.7,5.8
1867,DR=0.08_LT=25,China,2017,Solar+BESS,0.6,145.51,8264623.239186233,2.7,5.8
1868,Default,China,2018,Solar+BESS,0.6,76.95,6920101.582742041,2.7,5.8
1869,DR=0.08_LT=25,China,2018,Solar+BESS,0.6,123.32,6920101.582742041,2.7,5.8
1870,Default,China,2019,Solar+BESS,0.6,52.88,4464052.77480206,2.7,5.8
1871,DR=0.08_LT=25,China,2019,Solar+BESS,0.6,82.79,4464052.77480206,2.7,5.8
1872,Default,China,2020,Solar+BESS,0.6,46.26,3789267.589409519,2.7,5.8
1873,DR=0.08_LT=25,China,2020,Solar+BESS,0.6,71.66,3789267.589409519,2.7,5.8
1874,Default,China,2021,Solar+BESS,0.6,43.87,3545424.128912936,2.7,5.8
1875,DR=0.08_LT=25,China,2021,Solar+BESS,0.6,67.63,3545424.128912936,2.7,5.8
1876,Default,China,2022,Solar+BESS,0.6,49.32,4101175.9912776947,2.7,5.8
1877,DR=0.08_LT=25,China,2022,Solar+BESS,0.6,76.8,4101175.9912776947,2.7,5.8
1878,Default,China,2023,Solar+BESS,0.6,42.59,3414972.5379541256,2.7,5.8
1879,DR=0.08_LT=25,China,2023,Solar+BESS,0.6,65.48,3414972.5379541256,2.7,5.8
1880,Default,China,2015,Coal,0.6,40.14408956751946,661053.9285714285,,
1881,DR=0.08_LT=25,China,2015,Coal,0.6,44.9434381890094,661053.9285714285,,
1882,Default,China,2016,Coal,0.6,42.28821747449619,661053.9285714285,,
1883,DR=0.08_LT=25,China,2016,Coal,0.6,47.087566095986155,661053.9285714285,,
1884,Default,China,2017,Coal,0.6,51.14393840472876,661053.9285714285,,
1885,DR=0.08_LT=25,China,2017,Coal,0.6,55.94328702621871,661053.9285714285,,
1886,Default,China,2018,Coal,0.6,57.77268259077527,661053.9285714285,,
1887,DR=0.08_LT=25,China,2018,Coal,0.6,62.572031212265216,661053.9285714285,,
1888,Default,China,2019,Coal,0.6,46.342194218682245,661053.9285714285,,
1889,DR=0.08_LT=25,China,2019,Coal,0.6,51.1415428401722,661053.9285714285,,
1890,Default,China,2020,Coal,0.6,39.64308956751945,661053.9285714285,,
1891,DR=0.08_LT=25,China,2020,Coal,0.6,44.4424381890094,661053.9285714285,,
1892,Default,China,2021,Coal,0.6,68.18411282333341,661053.9285714285,,
1893,DR=0.08_LT=25,China,2021,Coal,0.6,72.98346144482335,661053.9285714285,,
1894,Default,China,2022,Coal,0.6,145.54825235821716,661053.9285714285,,
1895,DR=0.08_LT=25,China,2022,Coal,0.6,150.34760097970712,661053.9285714285,,
1896,Default,China,2023,Coal,0.6,84.05606631170551,661053.9285714285,,
1897,DR=0.08_LT=25,China,2023,Coal,0.6,88.85541493319543,661053.9285714285,,
1898,Default,China,2024,Coal,0.6,67.86485700937992,661053.9285714285,,
1899,DR=0.08_LT=25,China,2024,Coal,0.6,72.66420563086986,661053.9285714285,,
1900,Default,China,2015,Gas,0.6,81.42684692881136,635430.0000000001,,
1901,DR=0.08_LT=25,China,2015,Gas,0.6,83.35972527671586,635430.0000000001,,
1902,Default,China,2016,Gas,0.6,60.35537579168855,635430.0000000001,,
1903,DR=0.08_LT=25,China,2016,Gas,0.6,62.28825413959304,635430.0000000001,,
1904,Default,China,2017,Gas,0.6,59.21799524735521,635430.0000000001,,
1905,DR=0.08_LT=25,China,2017,Gas,0.6,61.150873595259725,635430.0000000001,,
1906,Default,China,2018,Gas,0.6,74.48283939498683,635430.0000000001,,
1907,DR=0.08_LT=25,China,2018,Gas,0.6,76.41571774289133,635430.0000000001,,
1908,Default,China,2019,Gas,0.6,48.382949009232405,635430.0000000001,,
1909,DR=0.08_LT=25,China,2019,Gas,0.6,50.31582735713691,635430.0000000001,,
1910,Default,China,2020,Gas,0.6,41.977700680618376,635430.0000000001,,
1911,DR=0.08_LT=25,China,2020,Gas,0.6,43.91057902852288,635430.0000000001,,
1912,Default,China,2021,Gas,0.6,127.16151723779382,635430.0000000001,,
1913,DR=0.08_LT=25,China,2021,Gas,0.6,129.09439558569832,635430.0000000001,,
1914,Default,China,2022,Gas,0.6,215.15885408884648,635430.0000000001,,
1915,DR=0.08_LT=25,China,2022,Gas,0.6,217.09173243675096,635430.0000000001,,
1916,Default,China,2023,Gas,0.6,96.39238040688154,635430.0000000001,,
1917,DR=0.08_LT=25,China,2023,Gas,0.6,98.32525875478606,635430.0000000001,,
1918,Default,China,2024,Gas,0.6,85.91650697223241,635430.0000000001,,
1919,DR=0.08_LT=25,China,2024,Gas,0.6,87.84938532013692,635430.0000000001,,
1920,Default,China,2024,Solar+BESS,0.65,37.89,3086339.079206054,2.9,7.2
1921,DR=0.08_LT=25,China,2024,Solar+BESS,0.65,56.99,3086339.079206054,2.9,7.2
1922,Default,China,2015,Solar+BESS,0.65,153.11,15820714.962699998,2.9,7.2
1923,DR=0.08_LT=25,China,2015,Solar+BESS,0.65,250.97,15820714.962699998,2.9,7.2
1924,Default,China,2016,Solar+BESS,0.65,120.23,12187219.256099999,2.9,7.2
1925,DR=0.08_LT=25,China,2016,Solar+BESS,0.65,195.62,12187219.256099999,2.9,7.2
1926,Default,China,2017,Solar+BESS,0.65,97.47,9671193.647756234,2.9,7.2
1927,DR=0.08_LT=25,China,2017,Solar+BESS,0.65,157.3,9671193.647756234,2.9,7.2
1928,Default,China,2018,Solar+BESS,0.65,83.68,8147087.089466495,2.9,7.2
1929,DR=0.08_LT=25,China,2018,Solar+BESS,0.65,134.08,8147087.089466495,2.9,7.2
1930,Default,China,2019,Solar+BESS,0.65,56.39,5130825.745623768,2.9,7.2
1931,DR=0.08_LT=25,China,2019,Solar+BESS,0.65,88.13,5130825.745623768,2.9,7.2
1932,Default,China,2020,Solar+BESS,0.65,49.53,4372308.53336043,2.9,7.2
1933,DR=0.08_LT=25,China,2020,Solar+BESS,0.65,76.58,4372308.53336043,2.9,7.2
1934,Default,China,2021,Solar+BESS,0.65,46.99,4092193.6390524376,2.9,7.2
1935,DR=0.08_LT=25,China,2021,Solar+BESS,0.65,72.31,4092193.6390524376,2.9,7.2
1936,Default,China,2022,Solar+BESS,0.65,53.08,4764501.166396029,2.9,7.2
1937,DR=0.08_LT=25,China,2022,Solar+BESS,0.65,82.55,4764501.166396029,2.9,7.2
1938,Default,China,2023,Solar+BESS,0.65,45.63,3941959.9866665453,2.9,7.2
1939,DR=0.08_LT=25,China,2023,Solar+BESS,0.65,70.02,3941959.9866665453,2.9,7.2
1940,Default,China,2015,Coal,0.65,39.05991201581403,661053.9285714285,,
1941,DR=0.08_LT=25,China,2015,Coal,0.65,43.49007997411243,661053.9285714285,,
1942,Default,China,2016,Coal,0.65,41.20403992279078,661053.9285714285,,
1943,DR=0.08_LT=25,China,2016,Coal,0.65,45.63420788108919,661053.9285714285,,
1944,Default,China,2017,Coal,0.65,50.05976085302332,661053.9285714285,,
1945,DR=0.08_LT=25,China,2017,Coal,0.65,54.48992881132173,661053.9285714285,,
1946,Default,China,2018,Coal,0.65,56.68850503906983,661053.9285714285,,
1947,DR=0.08_LT=25,China,2018,Coal,0.65,61.11867299736825,661053.9285714285,,
1948,Default,China,2019,Coal,0.65,45.25801666697681,661053.9285714285,,
1949,DR=0.08_LT=25,China,2019,Coal,0.65,49.68818462527523,661053.9285714285,,
1950,Default,China,2020,Coal,0.65,38.55891201581403,661053.9285714285,,
1951,DR=0.08_LT=25,China,2020,Coal,0.65,42.989079974112435,661053.9285714285,,
1952,Default,China,2021,Coal,0.65,67.09993527162798,661053.9285714285,,
1953,DR=0.08_LT=25,China,2021,Coal,0.65,71.5301032299264,661053.9285714285,,
1954,Default,China,2022,Coal,0.65,144.46407480651175,661053.9285714285,,
1955,DR=0.08_LT=25,China,2022,Coal,0.65,148.89424276481014,661053.9285714285,,
1956,Default,China,2023,Coal,0.65,82.97188876000008,661053.9285714285,,
1957,DR=0.08_LT=25,China,2023,Coal,0.65,87.40205671829848,661053.9285714285,,
1958,Default,China,2024,Coal,0.65,66.7806794576745,661053.9285714285,,
1959,DR=0.08_LT=25,China,2024,Coal,0.65,71.2108474159729,661053.9285714285,,
1960,Default,China,2015,Gas,0.65,80.44782014719968,635430.0000000001,,
1961,DR=0.08_LT=25,China,2015,Gas,0.65,82.23201554526537,635430.0000000001,,
1962,Default,China,2016,Gas,0.65,59.376349010076886,635430.0000000001,,
1963,DR=0.08_LT=25,China,2016,Gas,0.65,61.16054440814258,635430.0000000001,,
1964,Default,China,2017,Gas,0.65,58.23896846574354,635430.0000000001,,
1965,DR=0.08_LT=25,China,2017,Gas,0.65,60.02316386380924,635430.0000000001,,
1966,Default,China,2018,Gas,0.65,73.50381261337516,635430.0000000001,,
1967,DR=0.08_LT=25,China,2018,Gas,0.65,75.28800801144085,635430.0000000001,,
1968,Default,China,2019,Gas,0.65,47.40392222762074,635430.0000000001,,
1969,DR=0.08_LT=25,China,2019,Gas,0.65,49.18811762568644,635430.0000000001,,
1970,Default,China,2020,Gas,0.65,40.9986738990067,635430.0000000001,,
1971,DR=0.08_LT=25,China,2020,Gas,0.65,42.7828692970724,635430.0000000001,,
1972,Default,China,2021,Gas,0.65,126.18249045618214,635430.0000000001,,
1973,DR=0.08_LT=25,China,2021,Gas,0.65,127.96668585424783,635430.0000000001,,
1974,Default,China,2022,Gas,0.65,214.1798273072348,635430.0000000001,,
1975,DR=0.08_LT=25,China,2022,Gas,0.65,215.96402270530047,635430.0000000001,,
1976,Default,China,2023,Gas,0.65,95.41335362526986,635430.0000000001,,
1977,DR=0.08_LT=25,China,2023,Gas,0.65,97.19754902333555,635430.0000000001,,
1978,Default,China,2024,Gas,0.65,84.93748019062075,635430.0000000001,,
1979,DR=0.08_LT=25,China,2024,Gas,0.65,86.72167558868644,635430.0000000001,,
1980,Default,China,2024,Solar+BESS,0.7,39.97,3485893.5818776074,3.1,8.6
1981,DR=0.08_LT=25,China,2024,Solar+BESS,0.7,60.0,3485893.5818776074,3.1,8.6
1982,Default,China,2015,Solar+BESS,0.7,164.71,18333525.034599997,3.1,8.6
1983,DR=0.08_LT=25,China,2015,Solar+BESS,0.7,270.02,18333525.034599997,3.1,8.6
1984,Default,China,2016,Solar+BESS,0.7,128.73,14050649.6508,3.1,8.6
1985,DR=0.08_LT=25,China,2016,Solar+BESS,0.7,209.44,14050649.6508,3.1,8.6
1986,Default,China,2017,Solar+BESS,0.7,103.77,11079792.635059394,3.1,8.6
1987,DR=0.08_LT=25,China,2017,Solar+BESS,0.7,167.42,11079792.635059394,3.1,8.6
1988,Default,China,2018,Solar+BESS,0.7,89.42,9371311.146788917,3.1,8.6
1989,DR=0.08_LT=25,China,2018,Solar+BESS,0.7,143.25,9371311.146788917,3.1,8.6
1990,Default,China,2019,Solar+BESS,0.7,59.48,5807115.276783093,3.1,8.6
1991,DR=0.08_LT=25,China,2019,Solar+BESS,0.7,92.83,5807115.276783093,3.1,8.6
1992,Default,China,2020,Solar+BESS,0.7,52.38,4961882.573353116,3.1,8.6
1993,DR=0.08_LT=25,China,2020,Solar+BESS,0.7,80.88,4961882.573353116,3.1,8.6
1994,Default,China,2021,Solar+BESS,0.7,49.71,4644962.807747685,3.1,8.6
1995,DR=0.08_LT=25,China,2021,Solar+BESS,0.7,76.39,4644962.807747685,3.1,8.6
1996,Default,China,2022,Solar+BESS,0.7,56.32,5431972.379275683,3.1,8.6
1997,DR=0.08_LT=25,China,2022,Solar+BESS,0.7,87.53,5431972.379275683,3.1,8.6
1998,Default,China,2023,Solar+BESS,0.7,48.28,4474695.910217442,3.1,8.6
1999,DR=0.08_LT=25,China,2023,Solar+BESS,0.7,73.99,4474695.910217442,3.1,8.6
2000,Default,China,2015,Coal,0.7,38.13061697149508,661053.9285714285,,
2001,DR=0.08_LT=25,China,2015,Coal,0.7,42.24434436134361,661053.9285714285,,
2002,Default,China,2016,Coal,0.7,40.27474487847182,661053.9285714285,,
2003,DR=0.08_LT=25,China,2016,Coal,0.7,44.38847226832036,661053.9285714285,,
2004,Default,China,2017,Coal,0.7,49.13046580870438,661053.9285714285,,
2005,DR=0.08_LT=25,China,2017,Coal,0.7,53.24419319855291,661053.9285714285,,
2006,Default,China,2018,Coal,0.7,55.75920999475089,661053.9285714285,,
2007,DR=0.08_LT=25,China,2018,Coal,0.7,59.87293738459943,661053.9285714285,,
2008,Default,China,2019,Coal,0.7,44.328721622657866,661053.9285714285,,
2009,DR=0.08_LT=25,China,2019,Coal,0.7,48.4424490125064,661053.9285714285,,
2010,Default,China,2020,Coal,0.7,37.629616971495075,661053.9285714285,,
2011,DR=0.08_LT=25,China,2020,Coal,0.7,41.74334436134362,661053.9285714285,,
2012,Default,China,2021,Coal,0.7,66.17064022730904,661053.9285714285,,
2013,DR=0.08_LT=25,China,2021,Coal,0.7,70.28436761715757,661053.9285714285,,
2014,Default,China,2022,Coal,0.7,143.53477976219278,661053.9285714285,,
2015,DR=0.08_LT=25,China,2022,Coal,0.7,147.64850715204133,661053.9285714285,,
2016,Default,China,2023,Coal,0.7,82.04259371568114,661053.9285714285,,
2017,DR=0.08_LT=25,China,2023,Coal,0.7,86.15632110552966,661053.9285714285,,
2018,Default,China,2024,Coal,0.7,65.85138441335553,661053.9285714285,,
2019,DR=0.08_LT=25,China,2024,Coal,0.7,69.96511180320408,661053.9285714285,,
2020,Default,China,2015,Gas,0.7,79.60865433438968,635430.0000000001,,
2021,DR=0.08_LT=25,China,2015,Gas,0.7,81.26540720402211,635430.0000000001,,
2022,Default,China,2016,Gas,0.7,58.53718319726687,635430.0000000001,,
2023,DR=0.08_LT=25,China,2016,Gas,0.7,60.19393606689931,635430.0000000001,,
2024,Default,China,2017,Gas,0.7,57.39980265293354,635430.0000000001,,
2025,DR=0.08_LT=25,China,2017,Gas,0.7,59.056555522565986,635430.0000000001,,
2026,Default,China,2018,Gas,0.7,72.66464680056515,635430.0000000001,,
2027,DR=0.08_LT=25,China,2018,Gas,0.7,74.3213996701976,635430.0000000001,,
2028,Default,China,2019,Gas,0.7,46.56475641481074,635430.0000000001,,
2029,DR=0.08_LT=25,China,2019,Gas,0.7,48.22150928444318,635430.0000000001,,
2030,Default,China,2020,Gas,0.7,40.1595080861967,635430.0000000001,,
2031,DR=0.08_LT=25,China,2020,Gas,0.7,41.816260955829144,635430.0000000001,,
2032,Default,China,2021,Gas,0.7,125.34332464337216,635430.0000000001,,
2033,DR=0.08_LT=25,China,2021,Gas,0.7,127.00007751300458,635430.0000000001,,
2034,Default,China,2022,Gas,0.7,213.34066149442478,635430.0000000001,,
2035,DR=0.08_LT=25,China,2022,Gas,0.7,214.99741436405722,635430.0000000001,,
2036,Default,China,2023,Gas,0.7,94.57418781245985,635430.0000000001,,
2037,DR=0.08_LT=25,China,2023,Gas,0.7,96.2309406820923,635430.0000000001,,
2038,Default,China,2024,Gas,0.7,84.09831437781075,635430.0000000001,,
2039,DR=0.08_LT=25,China,2024,Gas,0.7,85.75506724744318,635430.0000000001,,
2040,Default,China,2024,Solar+BESS,0.75,41.83,3891484.522062744,3.4,10.0
2041,DR=0.08_LT=25,China,2024,Solar+BESS,0.75,62.69,3891484.522062744,3.4,10.0
2042,Default,China,2015,Solar+BESS,0.75,174.73,20840560.9036,3.4,10.0
2043,DR=0.08_LT=25,China,2015,Solar+BESS,0.75,286.46,20840560.9036,3.4,10.0
2044,Default,China,2016,Solar+BESS,0.75,136.11,15915342.559799999,3.4,10.0
2045,DR=0.08_LT=25,China,2016,Solar+BESS,0.75,221.43,15915342.559799999,3.4,10.0
2046,Default,China,2017,Solar+BESS,0.75,109.29,12494934.966647003,3.4,10.0
2047,DR=0.08_LT=25,China,2017,Solar+BESS,0.75,176.27,12494934.966647003,3.4,10.0
2048,Default,China,2018,Solar+BESS,0.75,94.41,10598075.573079044,3.4,10.0
2049,DR=0.08_LT=25,China,2018,Solar+BESS,0.75,151.23,10598075.573079044,3.4,10.0
2050,Default,China,2019,Solar+BESS,0.75,62.22,6492487.20227067,3.4,10.0
2051,DR=0.08_LT=25,China,2019,Solar+BESS,0.75,97.03,6492487.20227067,3.4,10.0
2052,Default,China,2020,Solar+BESS,0.75,54.89,5558148.229212549,3.4,10.0
2053,DR=0.08_LT=25,China,2020,Solar+BESS,0.75,84.69,5558148.229212549,3.4,10.0
2054,Default,China,2021,Solar+BESS,0.75,52.12,5203918.512621248,3.4,10.0
2055,DR=0.08_LT=25,China,2021,Solar+BESS,0.75,80.02,5203918.512621248,3.4,10.0
2056,Default,China,2022,Solar+BESS,0.75,59.18,6104759.000862776,3.4,10.0
2057,DR=0.08_LT=25,China,2022,Solar+BESS,0.75,91.91,6104759.000862776,3.4,10.0
2058,Default,China,2023,Solar+BESS,0.75,50.62,5013370.691435887,3.4,10.0
2059,DR=0.08_LT=25,China,2023,Solar+BESS,0.75,77.5,5013370.691435887,3.4,10.0
2060,Default,China,2015,Coal,0.75,37.32522793308532,661053.9285714285,,
2061,DR=0.08_LT=25,China,2015,Coal,0.75,41.16470683027729,661053.9285714285,,
2062,Default,China,2016,Coal,0.75,39.46935584006207,661053.9285714285,,
2063,DR=0.08_LT=25,China,2016,Coal,0.75,43.308834737254045,661053.9285714285,,
2064,Default,China,2017,Coal,0.75,48.32507677029462,661053.9285714285,,
2065,DR=0.08_LT=25,China,2017,Coal,0.75,52.164555667486596,661053.9285714285,,
2066,Default,China,2018,Coal,0.75,54.95382095634114,661053.9285714285,,
2067,DR=0.08_LT=25,China,2018,Coal,0.75,58.7932998535331,661053.9285714285,,
2068,Default,China,2019,Coal,0.75,43.523332584248124,661053.9285714285,,
2069,DR=0.08_LT=25,China,2019,Coal,0.75,47.36281148144008,661053.9285714285,,
2070,Default,China,2020,Coal,0.75,36.82422793308533,661053.9285714285,,
2071,DR=0.08_LT=25,China,2020,Coal,0.75,40.66370683027729,661053.9285714285,,
2072,Default,China,2021,Coal,0.75,65.36525118889928,661053.9285714285,,
2073,DR=0.08_LT=25,China,2021,Coal,0.75,69.20473008609125,661053.9285714285,,
2074,Default,China,2022,Coal,0.75,142.729390723783,661053.9285714285,,
2075,DR=0.08_LT=25,China,2022,Coal,0.75,146.568869620975,661053.9285714285,,
2076,Default,China,2023,Coal,0.75,81.23720467727138,661053.9285714285,,
2077,DR=0.08_LT=25,China,2023,Coal,0.75,85.07668357446333,661053.9285714285,,
2078,Default,China,2024,Coal,0.75,65.04599537494579,661053.9285714285,,
2079,DR=0.08_LT=25,China,2024,Coal,0.75,68.88547427213776,661053.9285714285,,
2080,Default,China,2015,Gas,0.75,78.88137729662103,635430.0000000001,,
2081,DR=0.08_LT=25,China,2015,Gas,0.75,80.42767997494462,635430.0000000001,,
2082,Default,China,2016,Gas,0.75,57.80990615949821,635430.0000000001,,
2083,DR=0.08_LT=25,China,2016,Gas,0.75,59.356208837821825,635430.0000000001,,
2084,Default,China,2017,Gas,0.75,56.67252561516488,635430.0000000001,,
2085,DR=0.08_LT=25,China,2017,Gas,0.75,58.21882829348848,635430.0000000001,,
2086,Default,China,2018,Gas,0.75,71.9373697627965,635430.0000000001,,
2087,DR=0.08_LT=25,China,2018,Gas,0.75,73.48367244112008,635430.0000000001,,
2088,Default,China,2019,Gas,0.75,45.83747937704207,635430.0000000001,,
2089,DR=0.08_LT=25,China,2019,Gas,0.75,47.38378205536567,635430.0000000001,,
2090,Default,China,2020,Gas,0.75,39.43223104842804,635430.0000000001,,
2091,DR=0.08_LT=25,China,2020,Gas,0.75,40.978533726751635,635430.0000000001,,
2092,Default,China,2021,Gas,0.75,124.61604760560348,635430.0000000001,,
2093,DR=0.08_LT=25,China,2021,Gas,0.75,126.16235028392708,635430.0000000001,,
2094,Default,China,2022,Gas,0.75,212.61338445665612,635430.0000000001,,
2095,DR=0.08_LT=25,China,2022,Gas,0.75,214.15968713497972,635430.0000000001,,
2096,Default,China,2023,Gas,0.75,93.84691077469121,635430.0000000001,,
2097,DR=0.08_LT=25,China,2023,Gas,0.75,95.39321345301481,635430.0000000001,,
2098,Default,China,2024,Gas,0.75,83.37103734004207,635430.0000000001,,
2099,DR=0.08_LT=25,China,2024,Gas,0.75,84.91734001836568,635430.0000000001,,
2100,Default,China,2024,Solar+BESS,0.8,43.54,4306232.279304737,3.6,11.4
2101,DR=0.08_LT=25,China,2024,Solar+BESS,0.8,65.19,4306232.279304737,3.6,11.4
2102,Default,China,2015,Solar+BESS,0.8,183.95,23405950.7365,3.6,11.4
2103,DR=0.08_LT=25,China,2015,Solar+BESS,0.8,301.59,23405950.7365,3.6,11.4
2104,Default,China,2016,Solar+BESS,0.8,142.91,17823211.9895,3.6,11.4
2105,DR=0.08_LT=25,China,2016,Solar+BESS,0.8,232.49,17823211.9895,3.6,11.4
2106,Default,China,2017,Solar+BESS,0.8,114.38,13942617.227318091,3.6,11.4
2107,DR=0.08_LT=25,China,2017,Solar+BESS,0.8,184.46,13942617.227318091,3.6,11.4
2108,Default,China,2018,Solar+BESS,0.8,99.02,11853175.838709757,3.6,11.4
2109,DR=0.08_LT=25,China,2018,Solar+BESS,0.8,158.6,11853175.838709757,3.6,11.4
2110,Default,China,2019,Solar+BESS,0.8,64.77,7193377.927304802,3.6,11.4
2111,DR=0.08_LT=25,China,2019,Solar+BESS,0.8,100.92,7193377.927304802,3.6,11.4
2112,Default,China,2020,Solar+BESS,0.8,57.23,6167964.314871395,3.6,11.4
2113,DR=0.08_LT=25,China,2020,Solar+BESS,0.8,88.23,6167964.314871395,3.6,11.4
2114,Default,China,2021,Solar+BESS,0.8,54.34,5775580.276059179,3.6,11.4
2115,DR=0.08_LT=25,China,2021,Solar+BESS,0.8,83.37,5775580.276059179,3.6,11.4
2116,Default,China,2022,Solar+BESS,0.8,61.82,6792926.006781051,3.6,11.4
2117,DR=0.08_LT=25,China,2022,Solar+BESS,0.8,95.96,6792926.006781051,3.6,11.4
2118,Default,China,2023,Solar+BESS,0.8,52.79,5564291.454456996,3.6,11.4
2119,DR=0.08_LT=25,China,2023,Solar+BESS,0.8,80.76,5564291.454456996,3.6,11.4
2120,Default,China,2015,Coal,0.8,36.620512524476794,661053.9285714285,,
2121,DR=0.08_LT=25,China,2015,Coal,0.8,40.220023990594264,661053.9285714285,,
2122,Default,China,2016,Coal,0.8,38.76464043145355,661053.9285714285,,
2123,DR=0.08_LT=25,China,2016,Coal,0.8,42.364151897571006,661053.9285714285,,
2124,Default,China,2017,Coal,0.8,47.6203613616861,661053.9285714285,,
2125,DR=0.08_LT=25,China,2017,Coal,0.8,51.21987282780357,661053.9285714285,,
2126,Default,China,2018,Coal,0.8,54.24910554773262,661053.9285714285,,
2127,DR=0.08_LT=25,China,2018,Coal,0.8,57.848617013850074,661053.9285714285,,
2128,Default,China,2019,Coal,0.8,42.81861717563959,661053.9285714285,,
2129,DR=0.08_LT=25,China,2019,Coal,0.8,46.41812864175706,661053.9285714285,,
2130,Default,China,2020,Coal,0.8,36.1195125244768,661053.9285714285,,
2131,DR=0.08_LT=25,China,2020,Coal,0.8,39.71902399059426,661053.9285714285,,
2132,Default,China,2021,Coal,0.8,64.66053578029076,661053.9285714285,,
2133,DR=0.08_LT=25,China,2021,Coal,0.8,68.26004724640822,661053.9285714285,,
2134,Default,China,2022,Coal,0.8,142.0246753151745,661053.9285714285,,
2135,DR=0.08_LT=25,China,2022,Coal,0.8,145.62418678129194,661053.9285714285,,
2136,Default,China,2023,Coal,0.8,80.53248926866284,661053.9285714285,,
2137,DR=0.08_LT=25,China,2023,Coal,0.8,84.13200073478029,661053.9285714285,,
2138,Default,China,2024,Coal,0.8,64.34127996633727,661053.9285714285,,
2139,DR=0.08_LT=25,China,2024,Coal,0.8,67.94079143245473,661053.9285714285,,
2140,Default,China,2015,Gas,0.8,78.24500988857343,635430.0000000001,,
2141,DR=0.08_LT=25,China,2015,Gas,0.8,79.6946686495018,635430.0000000001,,
2142,Default,China,2016,Gas,0.8,57.173538751450614,635430.0000000001,,
2143,DR=0.08_LT=25,China,2016,Gas,0.8,58.623197512378994,635430.0000000001,,
2144,Default,China,2017,Gas,0.8,56.03615820711729,635430.0000000001,,
2145,DR=0.08_LT=25,China,2017,Gas,0.8,57.485816968045675,635430.0000000001,,
2146,Default,China,2018,Gas,0.8,71.3010023547489,635430.0000000001,,
2147,DR=0.08_LT=25,China,2018,Gas,0.8,72.75066111567727,635430.0000000001,,
2148,Default,China,2019,Gas,0.8,45.20111196899449,635430.0000000001,,
2149,DR=0.08_LT=25,China,2019,Gas,0.8,46.65077072992287,635430.0000000001,,
2150,Default,China,2020,Gas,0.8,38.79586364038045,635430.0000000001,,
2151,DR=0.08_LT=25,China,2020,Gas,0.8,40.245522401308826,635430.0000000001,,
2152,Default,China,2021,Gas,0.8,123.97968019755592,635430.0000000001,,
2153,DR=0.08_LT=25,China,2021,Gas,0.8,125.42933895848427,635430.0000000001,,
2154,Default,China,2022,Gas,0.8,211.97701704860856,635430.0000000001,,
2155,DR=0.08_LT=25,China,2022,Gas,0.8,213.4266758095369,635430.0000000001,,
2156,Default,China,2023,Gas,0.8,93.2105433666436,635430.0000000001,,
2157,DR=0.08_LT=25,China,2023,Gas,0.8,94.66020212757198,635430.0000000001,,
2158,Default,China,2024,Gas,0.8,82.73466993199449,635430.0000000001,,
2159,DR=0.08_LT=25,China,2024,Gas,0.8,84.18432869292286,635430.0000000001,,
2160,Default,China,2024,Solar+BESS,0.85,45.19,4741245.2994376775,3.9,12.7
2161,DR=0.08_LT=25,China,2024,Solar+BESS,0.85,67.62,4741245.2994376775,3.9,12.7
2162,Default,China,2015,Solar+BESS,0.85,191.82,25934231.3886,3.9,12.7
2163,DR=0.08_LT=25,China,2015,Solar+BESS,0.85,314.5,25934231.3886,3.9,12.7
2164,Default,China,2016,Solar+BESS,0.85,148.85,19724422.9058,3.9,12.7
2165,DR=0.08_LT=25,China,2016,Solar+BESS,0.85,242.16,19724422.9058,3.9,12.7
2166,Default,China,2017,Solar+BESS,0.85,118.98,15406294.200716168,3.9,12.7
2167,DR=0.08_LT=25,China,2017,Solar+BESS,0.85,191.85,15406294.200716168,3.9,12.7
2168,Default,China,2018,Solar+BESS,0.85,103.09,13110338.840998046,3.9,12.7
2169,DR=0.08_LT=25,China,2018,Solar+BESS,0.85,165.11,13110338.840998046,3.9,12.7
2170,Default,China,2019,Solar+BESS,0.85,67.21,7924299.744951498,3.9,12.7
2171,DR=0.08_LT=25,China,2019,Solar+BESS,0.85,104.7,7924299.744951498,3.9,12.7
2172,Default,China,2020,Solar+BESS,0.85,59.43,6799347.3367936155,3.9,12.7
2173,DR=0.08_LT=25,China,2020,Solar+BESS,0.85,91.59,6799347.3367936155,3.9,12.7
2174,Default,China,2021,Solar+BESS,0.85,56.44,6367133.997714318,3.9,12.7
2175,DR=0.08_LT=25,China,2021,Solar+BESS,0.85,86.56,6367133.997714318,3.9,12.7
2176,Default,China,2022,Solar+BESS,0.85,64.25,7497005.195337777,3.9,12.7
2177,DR=0.08_LT=25,China,2022,Solar+BESS,0.85,99.72,7497005.195337777,3.9,12.7
2178,Default,China,2023,Solar+BESS,0.85,54.83,6134294.961348479,3.9,12.7
2179,DR=0.08_LT=25,China,2023,Solar+BESS,0.85,83.84,6134294.961348479,3.9,12.7
2180,Default,China,2015,Coal,0.85,35.998704810998674,661053.9285714285,,
2181,DR=0.08_LT=25,China,2015,Coal,0.85,39.386480308521,661053.9285714285,,
2182,Default,China,2016,Coal,0.85,38.14283271797543,661053.9285714285,,
2183,DR=0.08_LT=25,China,2016,Coal,0.85,41.53060821549776,661053.9285714285,,
2184,Default,China,2017,Coal,0.85,46.99855364820798,661053.9285714285,,
2185,DR=0.08_LT=25,China,2017,Coal,0.85,50.38632914573031,661053.9285714285,,
2186,Default,China,2018,Coal,0.85,53.62729783425449,661053.9285714285,,
2187,DR=0.08_LT=25,China,2018,Coal,0.85,57.01507333177682,661053.9285714285,,
2188,Default,China,2019,Coal,0.85,42.19680946216147,661053.9285714285,,
2189,DR=0.08_LT=25,China,2019,Coal,0.85,45.584584959683795,661053.9285714285,,
2190,Default,China,2020,Coal,0.85,35.497704810998684,661053.9285714285,,
2191,DR=0.08_LT=25,China,2020,Coal,0.85,38.88548030852101,661053.9285714285,,
2192,Default,China,2021,Coal,0.85,64.03872806681265,661053.9285714285,,
2193,DR=0.08_LT=25,China,2021,Coal,0.85,67.42650356433496,661053.9285714285,,
2194,Default,China,2022,Coal,0.85,141.40286760169639,661053.9285714285,,
2195,DR=0.08_LT=25,China,2022,Coal,0.85,144.7906430992187,661053.9285714285,,
2196,Default,China,2023,Coal,0.85,79.91068155518474,661053.9285714285,,
2197,DR=0.08_LT=25,China,2023,Coal,0.85,83.29845705270705,661053.9285714285,,
2198,Default,China,2024,Coal,0.85,63.71947225285915,661053.9285714285,,
2199,DR=0.08_LT=25,China,2024,Coal,0.85,67.10724775038146,661053.9285714285,,
2200,Default,China,2015,Gas,0.85,77.68350923441379,635430.0000000001,,
2201,DR=0.08_LT=25,China,2015,Gas,0.85,79.04789395058167,635430.0000000001,,
2202,Default,China,2016,Gas,0.85,56.612038097291,635430.0000000001,,
2203,DR=0.08_LT=25,China,2016,Gas,0.85,57.97642281345888,635430.0000000001,,
2204,Default,China,2017,Gas,0.85,55.47465755295766,635430.0000000001,,
2205,DR=0.08_LT=25,China,2017,Gas,0.85,56.83904226912554,635430.0000000001,,
2206,Default,China,2018,Gas,0.85,70.73950170058926,635430.0000000001,,
2207,DR=0.08_LT=25,China,2018,Gas,0.85,72.10388641675716,635430.0000000001,,
2208,Default,China,2019,Gas,0.85,44.63961131483485,635430.0000000001,,
2209,DR=0.08_LT=25,China,2019,Gas,0.85,46.00399603100274,635430.0000000001,,
2210,Default,China,2020,Gas,0.85,38.234362986220816,635430.0000000001,,
2211,DR=0.08_LT=25,China,2020,Gas,0.85,39.59874770238871,635430.0000000001,,
2212,Default,China,2021,Gas,0.85,123.41817954339628,635430.0000000001,,
2213,DR=0.08_LT=25,China,2021,Gas,0.85,124.78256425956415,635430.0000000001,,
2214,Default,China,2022,Gas,0.85,211.4155163944489,635430.0000000001,,
2215,DR=0.08_LT=25,China,2022,Gas,0.85,212.77990111061683,635430.0000000001,,
2216,Default,China,2023,Gas,0.85,92.64904271248396,635430.0000000001,,
2217,DR=0.08_LT=25,China,2023,Gas,0.85,94.01342742865185,635430.0000000001,,
2218,Default,China,2024,Gas,0.85,82.17316927783484,635430.0000000001,,
2219,DR=0.08_LT=25,China,2024,Gas,0.85,83.53755399400274,635430.0000000001,,
2220,Default,China,2024,Solar+BESS,0.9,47.18,5263835.313624902,4.5,13.6
2221,DR=0.08_LT=25,China,2024,Solar+BESS,0.9,70.7,5263835.313624902,4.5,13.6
2222,Default,China,2015,Solar+BESS,0.9,197.61,28284554.2969,4.5,13.6
2223,DR=0.08_LT=25,China,2015,Solar+BESS,0.9,323.97,28284554.2969,4.5,13.6
2224,Default,China,2016,Solar+BESS,0.9,153.84,21586044.9107,4.5,13.6
2225,DR=0.08_LT=25,China,2016,Solar+BESS,0.9,250.28,21586044.9107,4.5,13.6
2226,Default,China,2017,Solar+BESS,0.9,123.43,16933166.044187754,4.5,13.6
2227,DR=0.08_LT=25,China,2017,Solar+BESS,0.9,199.09,16933166.044187754,4.5,13.6
2228,Default,China,2018,Solar+BESS,0.9,106.69,14369999.621319905,4.5,13.6
2229,DR=0.08_LT=25,China,2018,Solar+BESS,0.9,170.89,14369999.621319905,4.5,13.6
2230,Default,China,2019,Solar+BESS,0.9,70.19,8784545.490281358,4.5,13.6
2231,DR=0.08_LT=25,China,2019,Solar+BESS,0.9,109.44,8784545.490281358,4.5,13.6
2232,Default,China,2020,Solar+BESS,0.9,61.95,7523041.556368997,4.5,13.6
2233,DR=0.08_LT=25,China,2020,Solar+BESS,0.9,95.56,7523041.556368997,4.5,13.6
2234,Default,China,2021,Solar+BESS,0.9,58.81,7043780.9407143835,4.5,13.6
2235,DR=0.08_LT=25,China,2021,Solar+BESS,0.9,90.28,7043780.9407143835,4.5,13.6
2236,Default,China,2022,Solar+BESS,0.9,66.81,8267931.6524994355,4.5,13.6
2237,DR=0.08_LT=25,China,2022,Solar+BESS,0.9,103.75,8267931.6524994355,4.5,13.6
2238,Default,China,2023,Solar+BESS,0.9,57.13,6785916.754686081,4.5,13.6
2239,DR=0.08_LT=25,China,2023,Solar+BESS,0.9,87.45,6785916.754686081,4.5,13.6
2240,Default,China,2015,Coal,0.9,35.44598684346258,661053.9285714285,,
2241,DR=0.08_LT=25,China,2015,Coal,0.9,38.645552591122545,661053.9285714285,,
2242,Default,China,2016,Coal,0.9,37.59011475043933,661053.9285714285,,
2243,DR=0.08_LT=25,China,2016,Coal,0.9,40.7896804980993,661053.9285714285,,
2244,Default,China,2017,Coal,0.9,46.445835680671884,661053.9285714285,,
2245,DR=0.08_LT=25,China,2017,Coal,0.9,49.64540142833185,661053.9285714285,,
2246,Default,China,2018,Coal,0.9,53.074579866718395,661053.9285714285,,
2247,DR=0.08_LT=25,China,2018,Coal,0.9,56.274145614378355,661053.9285714285,,
2248,Default,China,2019,Coal,0.9,41.644091494625364,661053.9285714285,,
2249,DR=0.08_LT=25,China,2019,Coal,0.9,44.84365724228534,661053.9285714285,,
2250,Default,China,2020,Coal,0.9,34.94498684346258,661053.9285714285,,
2251,DR=0.08_LT=25,China,2020,Coal,0.9,38.14455259112255,661053.9285714285,,
2252,Default,China,2021,Coal,0.9,63.48601009927655,661053.9285714285,,
2253,DR=0.08_LT=25,China,2021,Coal,0.9,66.68557584693652,661053.9285714285,,
2254,Default,China,2022,Coal,0.9,140.8501496341603,661053.9285714285,,
2255,DR=0.08_LT=25,China,2022,Coal,0.9,144.04971538182025,661053.9285714285,,
2256,Default,China,2023,Coal,0.9,79.35796358764863,661053.9285714285,,
2257,DR=0.08_LT=25,China,2023,Coal,0.9,82.55752933530859,661053.9285714285,,
2258,Default,China,2024,Coal,0.9,63.16675428532306,661053.9285714285,,
2259,DR=0.08_LT=25,China,2024,Coal,0.9,66.36632003298301,661053.9285714285,,
2260,Default,China,2015,Gas,0.9,77.18439754182747,635430.0000000001,,
2261,DR=0.08_LT=25,China,2015,Gas,0.9,78.47298310709712,635430.0000000001,,
2262,Default,China,2016,Gas,0.9,56.11292640470464,635430.0000000001,,
2263,DR=0.08_LT=25,China,2016,Gas,0.9,57.401511969974315,635430.0000000001,,
2264,Default,China,2017,Gas,0.9,54.97554586037131,635430.0000000001,,
2265,DR=0.08_LT=25,China,2017,Gas,0.9,56.26413142564099,635430.0000000001,,
2266,Default,China,2018,Gas,0.9,70.2403900080029,635430.0000000001,,
2267,DR=0.08_LT=25,China,2018,Gas,0.9,71.52897557327259,635430.0000000001,,
2268,Default,China,2019,Gas,0.9,44.1404996222485,635430.0000000001,,
2269,DR=0.08_LT=25,China,2019,Gas,0.9,45.429085187518176,635430.0000000001,,
2270,Default,China,2020,Gas,0.9,37.73525129363447,635430.0000000001,,
2271,DR=0.08_LT=25,China,2020,Gas,0.9,39.02383685890415,635430.0000000001,,
2272,Default,China,2021,Gas,0.9,122.91906785080992,635430.0000000001,,
2273,DR=0.08_LT=25,China,2021,Gas,0.9,124.2076534160796,635430.0000000001,,
2274,Default,China,2022,Gas,0.9,210.91640470186255,635430.0000000001,,
2275,DR=0.08_LT=25,China,2022,Gas,0.9,212.20499026713222,635430.0000000001,,
2276,Default,China,2023,Gas,0.9,92.14993101989762,635430.0000000001,,
2277,DR=0.08_LT=25,China,2023,Gas,0.9,93.4385165851673,635430.0000000001,,
2278,Default,China,2024,Gas,0.9,81.67405758524849,635430.0000000001,,
2279,DR=0.08_LT=25,China,2024,Gas,0.9,82.96264315051818,635430.0000000001,,
2280,Default,China,2024,Solar+BESS,0.95,51.18,6061322.434189927,5.4,14.9
2281,DR=0.08_LT=25,China,2024,Solar+BESS,0.95,76.83,6061322.434189927,5.4,14.9
2282,Default,China,2015,Solar+BESS,0.95,210.32,31768840.862899996,5.4,14.9
2283,DR=0.08_LT=25,China,2015,Solar+BESS,0.95,344.78,31768840.862899996,5.4,14.9
2284,Default,China,2016,Solar+BESS,0.95,164.48,24363993.528699998,5.4,14.9
2285,DR=0.08_LT=25,China,2016,Solar+BESS,0.95,267.6,24363993.528699998,5.4,14.9
2286,Default,China,2017,Solar+BESS,0.95,132.69,19228720.474286985,5.4,14.9
2287,DR=0.08_LT=25,China,2017,Solar+BESS,0.95,214.07,19228720.474286985,5.4,14.9
2288,Default,China,2018,Solar+BESS,0.95,114.28,16254932.83694911,5.4,14.9
2289,DR=0.08_LT=25,China,2018,Solar+BESS,0.95,183.08,16254932.83694911,5.4,14.9
2290,Default,China,2019,Solar+BESS,0.95,76.14,10094648.353586607,5.4,14.9
2291,DR=0.08_LT=25,China,2019,Solar+BESS,0.95,118.87,10094648.353586607,5.4,14.9
2292,Default,China,2020,Solar+BESS,0.95,67.03,8622233.465030793,5.4,14.9
2293,DR=0.08_LT=25,China,2020,Solar+BESS,0.95,103.52,8622233.465030793,5.4,14.9
2294,Default,China,2021,Solar+BESS,0.95,63.62,8071296.666730837,5.4,14.9
2295,DR=0.08_LT=25,China,2021,Solar+BESS,0.95,97.78,8071296.666730837,5.4,14.9
2296,Default,China,2022,Solar+BESS,0.95,72.05,9433225.542004175,5.4,14.9
2297,DR=0.08_LT=25,China,2022,Solar+BESS,0.95,111.98,9433225.542004175,5.4,14.9
2298,Default,China,2023,Solar+BESS,0.95,61.79,7775372.087414226,5.4,14.9
2299,DR=0.08_LT=25,China,2023,Solar+BESS,0.95,94.7,7775372.087414226,5.4,14.9
2300,Default,China,2015,Coal,0.95,34.95144971461448,661053.9285714285,,
2301,DR=0.08_LT=25,China,2015,Coal,0.95,37.9826172650292,661053.9285714285,,
2302,Default,China,2016,Coal,0.95,37.09557762159124,661053.9285714285,,
2303,DR=0.08_LT=25,China,2016,Coal,0.95,40.126745172005954,661053.9285714285,,
2304,Default,China,2017,Coal,0.95,45.95129855182379,661053.9285714285,,
2305,DR=0.08_LT=25,China,2017,Coal,0.95,48.982466102238504,661053.9285714285,,
2306,Default,China,2018,Coal,0.95,52.58004273787029,661053.9285714285,,
2307,DR=0.08_LT=25,China,2018,Coal,0.95,55.61121028828501,661053.9285714285,,
2308,Default,China,2019,Coal,0.95,41.14955436577727,661053.9285714285,,
2309,DR=0.08_LT=25,China,2019,Coal,0.95,44.180721916191985,661053.9285714285,,
2310,Default,China,2020,Coal,0.95,34.450449714614486,661053.9285714285,,
2311,DR=0.08_LT=25,China,2020,Coal,0.95,37.48161726502921,661053.9285714285,,
2312,Default,China,2021,Coal,0.95,62.991472970428454,661053.9285714285,,
2313,DR=0.08_LT=25,China,2021,Coal,0.95,66.02264052084315,661053.9285714285,,
2314,Default,China,2022,Coal,0.95,140.35561250531214,661053.9285714285,,
2315,DR=0.08_LT=25,China,2022,Coal,0.95,143.38678005572692,661053.9285714285,,
2316,Default,China,2023,Coal,0.95,78.86342645880055,661053.9285714285,,
2317,DR=0.08_LT=25,China,2023,Coal,0.95,81.89459400921525,661053.9285714285,,
2318,Default,China,2024,Coal,0.95,62.67221715647496,661053.9285714285,,
2319,DR=0.08_LT=25,China,2024,Coal,0.95,65.70338470688968,661053.9285714285,,
2320,Default,China,2015,Gas,0.95,76.73782392214493,635430.0000000001,,
2321,DR=0.08_LT=25,China,2015,Gas,0.95,77.95858919450569,635430.0000000001,,
2322,Default,China,2016,Gas,0.95,55.66635278502213,635430.0000000001,,
2323,DR=0.08_LT=25,China,2016,Gas,0.95,56.887118057382885,635430.0000000001,,
2324,Default,China,2017,Gas,0.95,54.528972240688795,635430.0000000001,,
2325,DR=0.08_LT=25,China,2017,Gas,0.95,55.74973751304955,635430.0000000001,,
2326,Default,China,2018,Gas,0.95,69.7938163883204,635430.0000000001,,
2327,DR=0.08_LT=25,China,2018,Gas,0.95,71.01458166068115,635430.0000000001,,
2328,Default,China,2019,Gas,0.95,43.693926002565995,635430.0000000001,,
2329,DR=0.08_LT=25,China,2019,Gas,0.95,44.914691274926746,635430.0000000001,,
2330,Default,China,2020,Gas,0.95,37.28867767395195,635430.0000000001,,
2331,DR=0.08_LT=25,China,2020,Gas,0.95,38.509442946312696,635430.0000000001,,
2332,Default,China,2021,Gas,0.95,122.4724942311274,635430.0000000001,,
2333,DR=0.08_LT=25,China,2021,Gas,0.95,123.69325950348818,635430.0000000001,,
2334,Default,China,2022,Gas,0.95,210.46983108218004,635430.0000000001,,
2335,DR=0.08_LT=25,China,2022,Gas,0.95,211.69059635454082,635430.0000000001,,
2336,Default,China,2023,Gas,0.95,91.7033574002151,635430.0000000001,,
2337,DR=0.08_LT=25,China,2023,Gas,0.95,92.92412267257588,635430.0000000001,,
2338,Default,China,2024,Gas,0.95,81.22748396556598,635430.0000000001,,
2339,DR=0.08_LT=25,China,2024,Gas,0.95,82.44824923792673,635430.0000000001,,
2340,Default,China,2024,Solar+BESS,1.0,63.37,7975804.113820406,7.7,17.9
2341,DR=0.08_LT=25,China,2024,Solar+BESS,1.0,95.44,7975804.113820406,7.7,17.9
2342,Default,China,2015,Solar+BESS,1.0,252.17,40080115.7789,7.7,17.9
2343,DR=0.08_LT=25,China,2015,Solar+BESS,1.0,413.33,40080115.7789,7.7,17.9
2344,Default,China,2016,Solar+BESS,1.0,198.77,31000115.9367,7.7,17.9
2345,DR=0.08_LT=25,China,2016,Solar+BESS,1.0,323.42,31000115.9367,7.7,17.9
2346,Default,China,2017,Solar+BESS,1.0,161.85,24721582.83892019,7.7,17.9
2347,DR=0.08_LT=25,China,2017,Solar+BESS,1.0,261.25,24721582.83892019,7.7,17.9
2348,Default,China,2018,Solar+BESS,1.0,138.56,20760558.05350616,7.7,17.9
2349,DR=0.08_LT=25,China,2018,Solar+BESS,1.0,222.03,20760558.05350616,7.7,17.9
2350,Default,China,2019,Solar+BESS,1.0,94.32,13238355.470688686,7.7,17.9
2351,DR=0.08_LT=25,China,2019,Solar+BESS,1.0,147.55,13238355.470688686,7.7,17.9
2352,Default,China,2020,Solar+BESS,1.0,82.67,11258302.941263411,7.7,17.9
2353,DR=0.08_LT=25,China,2020,Solar+BESS,1.0,127.94,11258302.941263411,7.7,17.9
2354,Default,China,2021,Solar+BESS,1.0,78.42,10535359.286856271,7.7,17.9
2355,DR=0.08_LT=25,China,2021,Solar+BESS,1.0,120.78,10535359.286856271,7.7,17.9
2356,Default,China,2022,Solar+BESS,1.0,88.36,12224873.782037538,7.7,17.9
2357,DR=0.08_LT=25,China,2022,Solar+BESS,1.0,137.51,12224873.782037538,7.7,17.9
2358,Default,China,2023,Solar+BESS,1.0,76.14,10148132.243285928,7.7,17.9
2359,DR=0.08_LT=25,China,2023,Solar+BESS,1.0,116.95,10148132.243285928,7.7,17.9
2360,Default,China,2015,Coal,1.0,34.5063662986512,661053.9285714285,,
2361,DR=0.08_LT=25,China,2015,Coal,1.0,37.38597547154518,661053.9285714285,,
2362,Default,China,2016,Coal,1.0,36.65049420562794,661053.9285714285,,
2363,DR=0.08_LT=25,China,2016,Coal,1.0,39.53010337852192,661053.9285714285,,
2364,Default,China,2017,Coal,1.0,45.5062151358605,661053.9285714285,,
2365,DR=0.08_LT=25,China,2017,Coal,1.0,48.385824308754486,661053.9285714285,,
2366,Default,China,2018,Coal,1.0,52.13495932190701,661053.9285714285,,
2367,DR=0.08_LT=25,China,2018,Coal,1.0,55.01456849480099,661053.9285714285,,
2368,Default,China,2019,Coal,1.0,40.704470949813995,661053.9285714285,,
2369,DR=0.08_LT=25,China,2019,Coal,1.0,43.58408012270797,661053.9285714285,,
2370,Default,China,2020,Coal,1.0,34.005366298651204,661053.9285714285,,
2371,DR=0.08_LT=25,China,2020,Coal,1.0,36.88497547154518,661053.9285714285,,
2372,Default,China,2021,Coal,1.0,62.546389554465165,661053.9285714285,,
2373,DR=0.08_LT=25,China,2021,Coal,1.0,65.42599872735914,661053.9285714285,,
2374,Default,China,2022,Coal,1.0,139.91052908934893,661053.9285714285,,
2375,DR=0.08_LT=25,China,2022,Coal,1.0,142.79013826224292,661053.9285714285,,
2376,Default,China,2023,Coal,1.0,78.41834304283725,661053.9285714285,,
2377,DR=0.08_LT=25,China,2023,Coal,1.0,81.29795221573121,661053.9285714285,,
2378,Default,China,2024,Coal,1.0,62.227133740511675,661053.9285714285,,
2379,DR=0.08_LT=25,China,2024,Coal,1.0,65.10674291340564,661053.9285714285,,
2380,Default,China,2015,Gas,1.0,76.33590766443068,635430.0000000001,,
2381,DR=0.08_LT=25,China,2015,Gas,1.0,77.49563467317338,635430.0000000001,,
2382,Default,China,2016,Gas,1.0,55.26443652730787,635430.0000000001,,
2383,DR=0.08_LT=25,China,2016,Gas,1.0,56.42416353605058,635430.0000000001,,
2384,Default,China,2017,Gas,1.0,54.12705598297454,635430.0000000001,,
2385,DR=0.08_LT=25,China,2017,Gas,1.0,55.286782991717246,635430.0000000001,,
2386,Default,China,2018,Gas,1.0,69.39190013060615,635430.0000000001,,
2387,DR=0.08_LT=25,China,2018,Gas,1.0,70.55162713934885,635430.0000000001,,
2388,Default,China,2019,Gas,1.0,43.29200974485174,635430.0000000001,,
2389,DR=0.08_LT=25,China,2019,Gas,1.0,44.45173675359444,635430.0000000001,,
2390,Default,China,2020,Gas,1.0,36.88676141623769,635430.0000000001,,
2391,DR=0.08_LT=25,China,2020,Gas,1.0,38.046488424980396,635430.0000000001,,
2392,Default,China,2021,Gas,1.0,122.07057797341315,635430.0000000001,,
2393,DR=0.08_LT=25,China,2021,Gas,1.0,123.23030498215586,635430.0000000001,,
2394,Default,China,2022,Gas,1.0,210.06791482446576,635430.0000000001,,
2395,DR=0.08_LT=25,China,2022,Gas,1.0,211.2276418332085,635430.0000000001,,
2396,Default,China,2023,Gas,1.0,91.30144114250086,635430.0000000001,,
2397,DR=0.08_LT=25,China,2023,Gas,1.0,92.46116815124357,635430.0000000001,,
2398,Default,China,2024,Gas,1.0,80.82556770785173,635430.0000000001,,
2399,DR=0.08_LT=25,China,2024,Gas,1.0,81.98529471659442,635430.0000000001,,
2400,Default,Spain,2024,Solar+BESS,0.05,22.67,163361.55918,0.2,0.0
2401,DR=0.08_LT=25,Spain,2024,Solar+BESS,0.05,35.32,163361.55918,0.2,0.0
2402,Default,Spain,2015,Solar+BESS,0.05,62.68,495053.09479,0.2,0.0
2403,DR=0.08_LT=25,Spain,2015,Solar+BESS,0.05,101.01,495053.09479,0.2,0.0
2404,Default,Spain,2016,Solar+BESS,0.05,61.88,488494.78402,0.2,0.0
2405,DR=0.08_LT=25,Spain,2016,Solar+BESS,0.05,99.71,488494.78402,0.2,0.0
2406,Default,Spain,2017,Solar+BESS,0.05,48.1,374221.18727,0.2,0.0
2407,DR=0.08_LT=25,Spain,2017,Solar+BESS,0.05,77.08,374221.18727,0.2,0.0
2408,Default,Spain,2018,Solar+BESS,0.05,40.82,313805.23351,0.2,0.0
2409,DR=0.08_LT=25,Spain,2018,Solar+BESS,0.05,65.12,313805.23351,0.2,0.0
2410,Default,Spain,2019,Solar+BESS,0.05,38.71,296316.40479,0.2,0.0
2411,DR=0.08_LT=25,Spain,2019,Solar+BESS,0.05,61.65,296316.40479,0.2,0.0
2412,Default,Spain,2020,Solar+BESS,0.05,24.47,178266.81092999998,0.2,0.0
2413,DR=0.08_LT=25,Spain,2020,Solar+BESS,0.05,38.28,178266.81092999998,0.2,0.0
2414,Default,Spain,2021,Solar+BESS,0.05,25.19,184228.91163,0.2,0.0
2415,DR=0.08_LT=25,Spain,2021,Solar+BESS,0.05,39.46,184228.91163,0.2,0.0
2416,Default,Spain,2022,Solar+BESS,0.05,22.77,164156.50594,0.2,0.0
2417,DR=0.08_LT=25,Spain,2022,Solar+BESS,0.05,35.48,164156.50594,0.2,0.0
2418,Default,Spain,2023,Solar+BESS,0.05,19.44,136532.10603,0.2,0.0
2419,DR=0.08_LT=25,Spain,2023,Solar+BESS,0.05,30.01,136532.10603,0.2,0.0
2420,Default,Spain,2015,Coal,0.05,383.4761389352757,2294519.9999999995,,
2421,DR=0.08_LT=25,Spain,2015,Coal,0.05,576.2581614695958,2294519.9999999995,,
2422,Default,Spain,2016,Coal,0.05,385.6202668422525,2294519.9999999995,,
2423,DR=0.08_LT=25,Spain,2016,Coal,0.05,578.4022893765725,2294519.9999999995,,
2424,Default,Spain,2017,Coal,0.05,394.47598777248504,2294519.9999999995,,
2425,DR=0.08_LT=25,Spain,2017,Coal,0.05,587.2580103068051,2294519.9999999995,,
2426,Default,Spain,2018,Coal,0.05,401.10473195853154,2294519.9999999995,,
2427,DR=0.08_LT=25,Spain,2018,Coal,0.05,593.8867544928515,2294519.9999999995,,
2428,Default,Spain,2019,Coal,0.05,389.6742435864385,2294519.9999999995,,
2429,DR=0.08_LT=25,Spain,2019,Coal,0.05,582.4562661207585,2294519.9999999995,,
2430,Default,Spain,2020,Coal,0.05,382.9751389352757,2294519.9999999995,,
2431,DR=0.08_LT=25,Spain,2020,Coal,0.05,575.7571614695958,2294519.9999999995,,
2432,Default,Spain,2021,Coal,0.05,411.5161621910896,2294519.9999999995,,
2433,DR=0.08_LT=25,Spain,2021,Coal,0.05,604.2981847254098,2294519.9999999995,,
2434,Default,Spain,2022,Coal,0.05,488.8803017259733,2294519.9999999995,,
2435,DR=0.08_LT=25,Spain,2022,Coal,0.05,681.6623242602935,2294519.9999999995,,
2436,Default,Spain,2023,Coal,0.05,427.38811567946175,2294519.9999999995,,
2437,DR=0.08_LT=25,Spain,2023,Coal,0.05,620.1701382137818,2294519.9999999995,,
2438,Default,Spain,2024,Coal,0.05,411.1969063771362,2294519.9999999995,,
2439,DR=0.08_LT=25,Spain,2024,Coal,0.05,603.9789289114563,2294519.9999999995,,
2440,Default,Spain,2015,Gas,0.05,259.67279459710693,1023180.0000000001,,
2441,DR=0.08_LT=25,Spain,2015,Gas,0.05,294.4036497202264,1023180.0000000001,,
2442,Default,Spain,2016,Gas,0.05,248.1741770532473,1023180.0000000001,,
2443,DR=0.08_LT=25,Spain,2016,Gas,0.05,282.9050321763667,1023180.0000000001,,
2444,Default,Spain,2017,Gas,0.05,255.25944898307185,1023180.0000000001,,
2445,DR=0.08_LT=25,Spain,2017,Gas,0.05,289.9903041061913,1023180.0000000001,,
2446,Default,Spain,2018,Gas,0.05,268.2532630181596,1023180.0000000001,,
2447,DR=0.08_LT=25,Spain,2018,Gas,0.05,302.984118141279,1023180.0000000001,,
2448,Default,Spain,2019,Gas,0.05,247.76355950938762,1023180.0000000001,,
2449,DR=0.08_LT=25,Spain,2019,Gas,0.05,282.4944146325071,1023180.0000000001,,
2450,Default,Spain,2020,Gas,0.05,239.82171389535253,1023180.0000000001,,
2451,DR=0.08_LT=25,Spain,2020,Gas,0.05,274.55256901847196,1023180.0000000001,,
2452,Default,Spain,2021,Gas,0.05,314.8362735444754,1023180.0000000001,,
2453,DR=0.08_LT=25,Spain,2021,Gas,0.05,349.5671286675948,1023180.0000000001,,
2454,Default,Spain,2022,Gas,0.05,443.10357179008935,1023180.0000000001,,
2455,DR=0.08_LT=25,Spain,2022,Gas,0.05,477.83442691320874,1023180.0000000001,,
2456,Default,Spain,2023,Gas,0.05,298.0766507374578,1023180.0000000001,,
2457,DR=0.08_LT=25,Spain,2023,Gas,0.05,332.80750586057724,1023180.0000000001,,
2458,Default,Spain,2024,Gas,0.05,286.249241965528,1023180.0000000001,,
2459,DR=0.08_LT=25,Spain,2024,Gas,0.05,320.98009708864737,1023180.0000000001,,
2460,Default,Spain,2024,Solar+BESS,0.1,22.67,326723.11014,0.4,0.0
2461,DR=0.08_LT=25,Spain,2024,Solar+BESS,0.1,35.32,326723.11014,0.4,0.0
2462,Default,Spain,2015,Solar+BESS,0.1,62.68,990106.16467,0.4,0.0
2463,DR=0.08_LT=25,Spain,2015,Solar+BESS,0.1,101.01,990106.16467,0.4,0.0
2464,Default,Spain,2016,Solar+BESS,0.1,61.88,976989.54346,0.4,0.0
2465,DR=0.08_LT=25,Spain,2016,Solar+BESS,0.1,99.71,976989.54346,0.4,0.0
2466,Default,Spain,2017,Solar+BESS,0.1,48.1,748442.35571,0.4,0.0
2467,DR=0.08_LT=25,Spain,2017,Solar+BESS,0.1,77.08,748442.35571,0.4,0.0
2468,Default,Spain,2018,Solar+BESS,0.1,40.82,627610.45123,0.4,0.0
2469,DR=0.08_LT=25,Spain,2018,Solar+BESS,0.1,65.12,627610.45123,0.4,0.0
2470,Default,Spain,2019,Solar+BESS,0.1,38.71,592632.79467,0.4,0.0
2471,DR=0.08_LT=25,Spain,2019,Solar+BESS,0.1,61.65,592632.79467,0.4,0.0
2472,Default,Spain,2020,Solar+BESS,0.1,24.47,356533.61289,0.4,0.0
2473,DR=0.08_LT=25,Spain,2020,Solar+BESS,0.1,38.28,356533.61289,0.4,0.0
2474,Default,Spain,2021,Solar+BESS,0.1,25.19,368457.81399,0.4,0.0
2475,DR=0.08_LT=25,Spain,2021,Solar+BESS,0.1,39.46,368457.81399,0.4,0.0
2476,Default,Spain,2022,Solar+BESS,0.1,22.77,328313.00362000003,0.4,0.0
2477,DR=0.08_LT=25,Spain,2022,Solar+BESS,0.1,35.48,328313.00362000003,0.4,0.0
2478,Default,Spain,2023,Solar+BESS,0.1,19.44,273064.20519,0.4,0.0
2479,DR=0.08_LT=25,Spain,2023,Solar+BESS,0.1,30.01,273064.20519,0.4,0.0
2480,Default,Spain,2015,Coal,0.1,204.76296016531228,2294519.9999999995,,
2481,DR=0.08_LT=25,Spain,2015,Coal,0.1,301.1539714324723,2294519.9999999995,,
2482,Default,Spain,2016,Coal,0.1,206.907088072289,2294519.9999999995,,
2483,DR=0.08_LT=25,Spain,2016,Coal,0.1,303.29809933944904,2294519.9999999995,,
2484,Default,Spain,2017,Coal,0.1,215.76280900252158,2294519.9999999995,,
2485,DR=0.08_LT=25,Spain,2017,Coal,0.1,312.1538202696816,2294519.9999999995,,
2486,Default,Spain,2018,Coal,0.1,222.39155318856808,2294519.9999999995,,
2487,DR=0.08_LT=25,Spain,2018,Coal,0.1,318.7825644557281,2294519.9999999995,,
2488,Default,Spain,2019,Coal,0.1,210.96106481647504,2294519.9999999995,,
2489,DR=0.08_LT=25,Spain,2019,Coal,0.1,307.3520760836351,2294519.9999999995,,
2490,Default,Spain,2020,Coal,0.1,204.26196016531227,2294519.9999999995,,
2491,DR=0.08_LT=25,Spain,2020,Coal,0.1,300.6529714324723,2294519.9999999995,,
2492,Default,Spain,2021,Coal,0.1,232.80298342112624,2294519.9999999995,,
2493,DR=0.08_LT=25,Spain,2021,Coal,0.1,329.1939946882863,2294519.9999999995,,
2494,Default,Spain,2022,Coal,0.1,310.16712295600996,2294519.9999999995,,
2495,DR=0.08_LT=25,Spain,2022,Coal,0.1,406.55813422317,2294519.9999999995,,
2496,Default,Spain,2023,Coal,0.1,248.6749369094983,2294519.9999999995,,
2497,DR=0.08_LT=25,Spain,2023,Coal,0.1,345.0659481766583,2294519.9999999995,,
2498,Default,Spain,2024,Coal,0.1,232.48372760717274,2294519.9999999995,,
2499,DR=0.08_LT=25,Spain,2024,Coal,0.1,328.87473887433276,2294519.9999999995,,
2500,Default,Spain,2015,Gas,0.1,150.68270343890433,1023180.0000000001,,
2501,DR=0.08_LT=25,Spain,2015,Gas,0.1,168.04813100046405,1023180.0000000001,,
2502,Default,Spain,2016,Gas,0.1,139.1840858950447,1023180.0000000001,,
2503,DR=0.08_LT=25,Spain,2016,Gas,0.1,156.5495134566044,1023180.0000000001,,
2504,Default,Spain,2017,Gas,0.1,146.26935782486927,1023180.0000000001,,
2505,DR=0.08_LT=25,Spain,2017,Gas,0.1,163.63478538642897,1023180.0000000001,,
2506,Default,Spain,2018,Gas,0.1,159.26317185995697,1023180.0000000001,,
2507,DR=0.08_LT=25,Spain,2018,Gas,0.1,176.6285994215167,1023180.0000000001,,
2508,Default,Spain,2019,Gas,0.1,138.77346835118504,1023180.0000000001,,
2509,DR=0.08_LT=25,Spain,2019,Gas,0.1,156.13889591274474,1023180.0000000001,,
2510,Default,Spain,2020,Gas,0.1,130.83162273714996,1023180.0000000001,,
2511,DR=0.08_LT=25,Spain,2020,Gas,0.1,148.19705029870968,1023180.0000000001,,
2512,Default,Spain,2021,Gas,0.1,205.84618238627274,1023180.0000000001,,
2513,DR=0.08_LT=25,Spain,2021,Gas,0.1,223.21160994783244,1023180.0000000001,,
2514,Default,Spain,2022,Gas,0.1,334.1134806318868,1023180.0000000001,,
2515,DR=0.08_LT=25,Spain,2022,Gas,0.1,351.4789081934465,1023180.0000000001,,
2516,Default,Spain,2023,Gas,0.1,189.0865595792552,1023180.0000000001,,
2517,DR=0.08_LT=25,Spain,2023,Gas,0.1,206.45198714081494,1023180.0000000001,,
2518,Default,Spain,2024,Gas,0.1,177.2591508073254,1023180.0000000001,,
2519,DR=0.08_LT=25,Spain,2024,Gas,0.1,194.6245783688851,1023180.0000000001,,
2520,Default,Spain,2024,Solar+BESS,0.15,22.67,490084.66932,0.6,0.0
2521,DR=0.08_LT=25,Spain,2024,Solar+BESS,0.15,35.32,490084.66932,0.6,0.0
2522,Default,Spain,2015,Solar+BESS,0.15,62.68,1485159.2594599999,0.6,0.0
2523,DR=0.08_LT=25,Spain,2015,Solar+BESS,0.15,101.01,1485159.2594599999,0.6,0.0
2524,Default,Spain,2016,Solar+BESS,0.15,61.88,1465484.32748,0.6,0.0
2525,DR=0.08_LT=25,Spain,2016,Solar+BESS,0.15,99.71,1465484.32748,0.6,0.0
2526,Default,Spain,2017,Solar+BESS,0.15,48.1,1122663.54298,0.6,0.0
2527,DR=0.08_LT=25,Spain,2017,Solar+BESS,0.15,77.08,1122663.54298,0.6,0.0
2528,Default,Spain,2018,Solar+BESS,0.15,40.82,941415.6847399999,0.6,0.0
2529,DR=0.08_LT=25,Spain,2018,Solar+BESS,0.15,65.12,941415.6847399999,0.6,0.0
2530,Default,Spain,2019,Solar+BESS,0.15,38.71,888949.1994599999,0.6,0.0
2531,DR=0.08_LT=25,Spain,2019,Solar+BESS,0.15,61.65,888949.1994599999,0.6,0.0
2532,Default,Spain,2020,Solar+BESS,0.15,24.47,534800.42382,0.6,0.0
2533,DR=0.08_LT=25,Spain,2020,Solar+BESS,0.15,38.28,534800.42382,0.6,0.0
2534,Default,Spain,2021,Solar+BESS,0.15,25.19,552686.7256199999,0.6,0.0
2535,DR=0.08_LT=25,Spain,2021,Solar+BESS,0.15,39.46,552686.7256199999,0.6,0.0
2536,Default,Spain,2022,Solar+BESS,0.15,22.77,492469.50956000003,0.6,0.0
2537,DR=0.08_LT=25,Spain,2022,Solar+BESS,0.15,35.48,492469.50956000003,0.6,0.0
2538,Default,Spain,2023,Solar+BESS,0.15,19.44,409596.31122000003,0.6,0.0
2539,DR=0.08_LT=25,Spain,2023,Solar+BESS,0.15,30.01,409596.31122000003,0.6,0.0
2540,Default,Spain,2015,Coal,0.15,145.19190057532447,2294519.9999999995,,
2541,DR=0.08_LT=25,Spain,2015,Coal,0.15,209.45257475343115,2294519.9999999995,,
2542,Default,Spain,2016,Coal,0.15,147.3360284823012,2294519.9999999995,,
2543,DR=0.08_LT=25,Spain,2016,Coal,0.15,211.59670266040789,2294519.9999999995,,
2544,Default,Spain,2017,Coal,0.15,156.19174941253377,2294519.9999999995,,
2545,DR=0.08_LT=25,Spain,2017,Coal,0.15,220.45242359064045,2294519.9999999995,,
2546,Default,Spain,2018,Coal,0.15,162.82049359858027,2294519.9999999995,,
2547,DR=0.08_LT=25,Spain,2018,Coal,0.15,227.08116777668698,2294519.9999999995,,
2548,Default,Spain,2019,Coal,0.15,151.39000522648726,2294519.9999999995,,
2549,DR=0.08_LT=25,Spain,2019,Coal,0.15,215.65067940459394,2294519.9999999995,,
2550,Default,Spain,2020,Coal,0.15,144.69090057532443,2294519.9999999995,,
2551,DR=0.08_LT=25,Spain,2020,Coal,0.15,208.95157475343115,2294519.9999999995,,
2552,Default,Spain,2021,Coal,0.15,173.2319238311384,2294519.9999999995,,
2553,DR=0.08_LT=25,Spain,2021,Coal,0.15,237.49259800924514,2294519.9999999995,,
2554,Default,Spain,2022,Coal,0.15,250.59606336602218,2294519.9999999995,,
2555,DR=0.08_LT=25,Spain,2022,Coal,0.15,314.8567375441288,2294519.9999999995,,
2556,Default,Spain,2023,Coal,0.15,189.10387731951047,2294519.9999999995,,
2557,DR=0.08_LT=25,Spain,2023,Coal,0.15,253.36455149761719,2294519.9999999995,,
2558,Default,Spain,2024,Coal,0.15,172.91266801718496,2294519.9999999995,,
2559,DR=0.08_LT=25,Spain,2024,Coal,0.15,237.17334219529164,2294519.9999999995,,
2560,Default,Spain,2015,Gas,0.15,114.35267305283683,1023180.0000000001,,
2561,DR=0.08_LT=25,Spain,2015,Gas,0.15,125.92962476054329,1023180.0000000001,,
2562,Default,Spain,2016,Gas,0.15,102.85405550897718,1023180.0000000001,,
2563,DR=0.08_LT=25,Spain,2016,Gas,0.15,114.43100721668365,1023180.0000000001,,
2564,Default,Spain,2017,Gas,0.15,109.93932743880174,1023180.0000000001,,
2565,DR=0.08_LT=25,Spain,2017,Gas,0.15,121.5162791465082,1023180.0000000001,,
2566,Default,Spain,2018,Gas,0.15,122.93314147388946,1023180.0000000001,,
2567,DR=0.08_LT=25,Spain,2018,Gas,0.15,134.51009318159592,1023180.0000000001,,
2568,Default,Spain,2019,Gas,0.15,102.44343796511754,1023180.0000000001,,
2569,DR=0.08_LT=25,Spain,2019,Gas,0.15,114.02038967282401,1023180.0000000001,,
2570,Default,Spain,2020,Gas,0.15,94.50159235108242,1023180.0000000001,,
2571,DR=0.08_LT=25,Spain,2020,Gas,0.15,106.0785440587889,1023180.0000000001,,
2572,Default,Spain,2021,Gas,0.15,169.51615200020527,1023180.0000000001,,
2573,DR=0.08_LT=25,Spain,2021,Gas,0.15,181.09310370791172,1023180.0000000001,,
2574,Default,Spain,2022,Gas,0.15,297.7834502458193,1023180.0000000001,,
2575,DR=0.08_LT=25,Spain,2022,Gas,0.15,309.3604019535258,1023180.0000000001,,
2576,Default,Spain,2023,Gas,0.15,152.75652919318767,1023180.0000000001,,
2577,DR=0.08_LT=25,Spain,2023,Gas,0.15,164.33348090089416,1023180.0000000001,,
2578,Default,Spain,2024,Gas,0.15,140.92912042125786,1023180.0000000001,,
2579,DR=0.08_LT=25,Spain,2024,Gas,0.15,152.50607212896435,1023180.0000000001,,
2580,Default,Spain,2024,Solar+BESS,0.2,22.67,653446.2285000001,0.8,0.0
2581,DR=0.08_LT=25,Spain,2024,Solar+BESS,0.2,35.32,653446.2285000001,0.8,0.0
2582,Default,Spain,2015,Solar+BESS,0.2,62.68,1980212.35425,0.8,0.0
2583,DR=0.08_LT=25,Spain,2015,Solar+BESS,0.2,101.01,1980212.35425,0.8,0.0
2584,Default,Spain,2016,Solar+BESS,0.2,61.88,1953979.1115,0.8,0.0
2585,DR=0.08_LT=25,Spain,2016,Solar+BESS,0.2,99.71,1953979.1115,0.8,0.0
2586,Default,Spain,2017,Solar+BESS,0.2,48.1,1496884.73025,0.8,0.0
2587,DR=0.08_LT=25,Spain,2017,Solar+BESS,0.2,77.08,1496884.73025,0.8,0.0
2588,Default,Spain,2018,Solar+BESS,0.2,40.82,1255220.91825,0.8,0.0
2589,DR=0.08_LT=25,Spain,2018,Solar+BESS,0.2,65.12,1255220.91825,0.8,0.0
2590,Default,Spain,2019,Solar+BESS,0.2,38.71,1185265.60425,0.8,0.0
2591,DR=0.08_LT=25,Spain,2019,Solar+BESS,0.2,61.65,1185265.60425,0.8,0.0
2592,Default,Spain,2020,Solar+BESS,0.2,24.47,713067.2347500001,0.8,0.0
2593,DR=0.08_LT=25,Spain,2020,Solar+BESS,0.2,38.28,713067.2347500001,0.8,0.0
2594,Default,Spain,2021,Solar+BESS,0.2,25.19,736915.63725,0.8,0.0
2595,DR=0.08_LT=25,Spain,2021,Solar+BESS,0.2,39.46,736915.63725,0.8,0.0
2596,Default,Spain,2022,Solar+BESS,0.2,22.77,656626.0155,0.8,0.0
2597,DR=0.08_LT=25,Spain,2022,Solar+BESS,0.2,35.48,656626.0155,0.8,0.0
2598,Default,Spain,2023,Solar+BESS,0.2,19.44,546128.4172499999,0.8,0.0
2599,DR=0.08_LT=25,Spain,2023,Solar+BESS,0.2,30.01,546128.4172499999,0.8,0.0
2600,Default,Spain,2015,Coal,0.2,115.40637078033055,2294519.9999999995,,
2601,DR=0.08_LT=25,Spain,2015,Coal,0.2,163.6018764139106,2294519.9999999995,,
2602,Default,Spain,2016,Coal,0.2,117.55049868730731,2294519.9999999995,,
2603,DR=0.08_LT=25,Spain,2016,Coal,0.2,165.74600432088732,2294519.9999999995,,
2604,Default,Spain,2017,Coal,0.2,126.40621961753986,2294519.9999999995,,
2605,DR=0.08_LT=25,Spain,2017,Coal,0.2,174.60172525111986,2294519.9999999995,,
2606,Default,Spain,2018,Coal,0.2,133.03496380358638,2294519.9999999995,,
2607,DR=0.08_LT=25,Spain,2018,Coal,0.2,181.23046943716636,2294519.9999999995,,
2608,Default,Spain,2019,Coal,0.2,121.60447543149334,2294519.9999999995,,
2609,DR=0.08_LT=25,Spain,2019,Coal,0.2,169.79998106507338,2294519.9999999995,,
2610,Default,Spain,2020,Coal,0.2,114.90537078033056,2294519.9999999995,,
2611,DR=0.08_LT=25,Spain,2020,Coal,0.2,163.10087641391056,2294519.9999999995,,
2612,Default,Spain,2021,Coal,0.2,143.4463940361445,2294519.9999999995,,
2613,DR=0.08_LT=25,Spain,2021,Coal,0.2,191.64189966972452,2294519.9999999995,,
2614,Default,Spain,2022,Coal,0.2,220.8105335710282,2294519.9999999995,,
2615,DR=0.08_LT=25,Spain,2022,Coal,0.2,269.0060392046082,2294519.9999999995,,
2616,Default,Spain,2023,Coal,0.2,159.31834752451658,2294519.9999999995,,
2617,DR=0.08_LT=25,Spain,2023,Coal,0.2,207.51385315809662,2294519.9999999995,,
2618,Default,Spain,2024,Coal,0.2,143.12713822219104,2294519.9999999995,,
2619,DR=0.08_LT=25,Spain,2024,Coal,0.2,191.32264385577105,2294519.9999999995,,
2620,Default,Spain,2015,Gas,0.2,96.18765785980305,1023180.0000000001,,
2621,DR=0.08_LT=25,Spain,2015,Gas,0.2,104.87037164058289,1023180.0000000001,,
2622,Default,Spain,2016,Gas,0.2,84.6890403159434,1023180.0000000001,,
2623,DR=0.08_LT=25,Spain,2016,Gas,0.2,93.37175409672325,1023180.0000000001,,
2624,Default,Spain,2017,Gas,0.2,91.77431224576796,1023180.0000000001,,
2625,DR=0.08_LT=25,Spain,2017,Gas,0.2,100.45702602654782,1023180.0000000001,,
2626,Default,Spain,2018,Gas,0.2,104.76812628085568,1023180.0000000001,,
2627,DR=0.08_LT=25,Spain,2018,Gas,0.2,113.45084006163555,1023180.0000000001,,
2628,Default,Spain,2019,Gas,0.2,84.27842277208376,1023180.0000000001,,
2629,DR=0.08_LT=25,Spain,2019,Gas,0.2,92.96113655286361,1023180.0000000001,,
2630,Default,Spain,2020,Gas,0.2,76.33657715804867,1023180.0000000001,,
2631,DR=0.08_LT=25,Spain,2020,Gas,0.2,85.01929093882852,1023180.0000000001,,
2632,Default,Spain,2021,Gas,0.2,151.35113680717149,1023180.0000000001,,
2633,DR=0.08_LT=25,Spain,2021,Gas,0.2,160.03385058795132,1023180.0000000001,,
2634,Default,Spain,2022,Gas,0.2,279.61843505278546,1023180.0000000001,,
2635,DR=0.08_LT=25,Spain,2022,Gas,0.2,288.3011488335653,1023180.0000000001,,
2636,Default,Spain,2023,Gas,0.2,134.5915140001539,1023180.0000000001,,
2637,DR=0.08_LT=25,Spain,2023,Gas,0.2,143.27422778093376,1023180.0000000001,,
2638,Default,Spain,2024,Gas,0.2,122.76410522822408,1023180.0000000001,,
2639,DR=0.08_LT=25,Spain,2024,Gas,0.2,131.44681900900395,1023180.0000000001,,
2640,Default,Spain,2024,Solar+BESS,0.25,22.67,816807.77946,1.0,0.0
2641,DR=0.08_LT=25,Spain,2024,Solar+BESS,0.25,35.32,816807.77946,1.0,0.0
2642,Default,Spain,2015,Solar+BESS,0.25,62.68,2475265.42413,1.0,0.0
2643,DR=0.08_LT=25,Spain,2015,Solar+BESS,0.25,101.01,2475265.42413,1.0,0.0
2644,Default,Spain,2016,Solar+BESS,0.25,61.88,2442473.87094,1.0,0.0
2645,DR=0.08_LT=25,Spain,2016,Solar+BESS,0.25,99.71,2442473.87094,1.0,0.0
2646,Default,Spain,2017,Solar+BESS,0.25,48.1,1871105.89869,1.0,0.0
2647,DR=0.08_LT=25,Spain,2017,Solar+BESS,0.25,77.08,1871105.89869,1.0,0.0
2648,Default,Spain,2018,Solar+BESS,0.25,40.82,1569026.13597,1.0,0.0
2649,DR=0.08_LT=25,Spain,2018,Solar+BESS,0.25,65.12,1569026.13597,1.0,0.0
2650,Default,Spain,2019,Solar+BESS,0.25,38.71,1481581.99413,1.0,0.0
2651,DR=0.08_LT=25,Spain,2019,Solar+BESS,0.25,61.65,1481581.99413,1.0,0.0
2652,Default,Spain,2020,Solar+BESS,0.25,24.47,891334.0367100001,1.0,0.0
2653,DR=0.08_LT=25,Spain,2020,Solar+BESS,0.25,38.28,891334.0367100001,1.0,0.0
2654,Default,Spain,2021,Solar+BESS,0.25,25.19,921144.5396100001,1.0,0.0
2655,DR=0.08_LT=25,Spain,2021,Solar+BESS,0.25,39.46,921144.5396100001,1.0,0.0
2656,Default,Spain,2022,Solar+BESS,0.25,22.77,820782.51318,1.0,0.0
2657,DR=0.08_LT=25,Spain,2022,Solar+BESS,0.25,35.48,820782.51318,1.0,0.0
2658,Default,Spain,2023,Solar+BESS,0.25,19.44,682660.51641,1.0,0.0
2659,DR=0.08_LT=25,Spain,2023,Solar+BESS,0.25,30.01,682660.51641,1.0,0.0
2660,Default,Spain,2015,Coal,0.25,97.5350529033342,2294519.9999999995,,
2661,DR=0.08_LT=25,Spain,2015,Coal,0.25,136.09145741019822,2294519.9999999995,,
2662,Default,Spain,2016,Coal,0.25,99.67918081031097,2294519.9999999995,,
2663,DR=0.08_LT=25,Spain,2016,Coal,0.25,138.23558531717498,2294519.9999999995,,
2664,Default,Spain,2017,Coal,0.25,108.53490174054352,2294519.9999999995,,
2665,DR=0.08_LT=25,Spain,2017,Coal,0.25,147.09130624740754,2294519.9999999995,,
2666,Default,Spain,2018,Coal,0.25,115.16364592659005,2294519.9999999995,,
2667,DR=0.08_LT=25,Spain,2018,Coal,0.25,153.72005043345408,2294519.9999999995,,
2668,Default,Spain,2019,Coal,0.25,103.73315755449698,2294519.9999999995,,
2669,DR=0.08_LT=25,Spain,2019,Coal,0.25,142.28956206136104,2294519.9999999995,,
2670,Default,Spain,2020,Coal,0.25,97.03405290333421,2294519.9999999995,,
2671,DR=0.08_LT=25,Spain,2020,Coal,0.25,135.59045741019824,2294519.9999999995,,
2672,Default,Spain,2021,Coal,0.25,125.57507615914815,2294519.9999999995,,
2673,DR=0.08_LT=25,Spain,2021,Coal,0.25,164.13148066601218,2294519.9999999995,,
2674,Default,Spain,2022,Coal,0.25,202.9392156940319,2294519.9999999995,,
2675,DR=0.08_LT=25,Spain,2022,Coal,0.25,241.49562020089593,2294519.9999999995,,
2676,Default,Spain,2023,Coal,0.25,141.44702964752025,2294519.9999999995,,
2677,DR=0.08_LT=25,Spain,2023,Coal,0.25,180.00343415438428,2294519.9999999995,,
2678,Default,Spain,2024,Coal,0.25,125.25582034519468,2294519.9999999995,,
2679,DR=0.08_LT=25,Spain,2024,Coal,0.25,163.8122248520587,2294519.9999999995,,
2680,Default,Spain,2015,Gas,0.25,85.28864874398279,1023180.0000000001,,
2681,DR=0.08_LT=25,Spain,2015,Gas,0.25,92.23481976860668,1023180.0000000001,,
2682,Default,Spain,2016,Gas,0.25,73.79003120012315,1023180.0000000001,,
2683,DR=0.08_LT=25,Spain,2016,Gas,0.25,80.73620222474703,1023180.0000000001,,
2684,Default,Spain,2017,Gas,0.25,80.87530312994771,1023180.0000000001,,
2685,DR=0.08_LT=25,Spain,2017,Gas,0.25,87.8214741545716,1023180.0000000001,,
2686,Default,Spain,2018,Gas,0.25,93.86911716503543,1023180.0000000001,,
2687,DR=0.08_LT=25,Spain,2018,Gas,0.25,100.81528818965931,1023180.0000000001,,
2688,Default,Spain,2019,Gas,0.25,73.3794136562635,1023180.0000000001,,
2689,DR=0.08_LT=25,Spain,2019,Gas,0.25,80.32558468088739,1023180.0000000001,,
2690,Default,Spain,2020,Gas,0.25,65.4375680422284,1023180.0000000001,,
2691,DR=0.08_LT=25,Spain,2020,Gas,0.25,72.38373906685229,1023180.0000000001,,
2692,Default,Spain,2021,Gas,0.25,140.45212769135122,1023180.0000000001,,
2693,DR=0.08_LT=25,Spain,2021,Gas,0.25,147.39829871597513,1023180.0000000001,,
2694,Default,Spain,2022,Gas,0.25,268.71942593696525,1023180.0000000001,,
2695,DR=0.08_LT=25,Spain,2022,Gas,0.25,275.6655969615892,1023180.0000000001,,
2696,Default,Spain,2023,Gas,0.25,123.69250488433364,1023180.0000000001,,
2697,DR=0.08_LT=25,Spain,2023,Gas,0.25,130.63867590895754,1023180.0000000001,,
2698,Default,Spain,2024,Gas,0.25,111.86509611240385,1023180.0000000001,,
2699,DR=0.08_LT=25,Spain,2024,Gas,0.25,118.81126713702774,1023180.0000000001,,
2700,Default,Spain,2024,Solar+BESS,0.3,23.87,1031775.9618,1.3,0.0
2701,DR=0.08_LT=25,Spain,2024,Solar+BESS,0.3,37.18,1031775.9618,1.3,0.0
2702,Default,Spain,2015,Solar+BESS,0.3,65.98,3126707.9329000004,1.3,0.0
2703,DR=0.08_LT=25,Spain,2015,Solar+BESS,0.3,106.33,3126707.9329000004,1.3,0.0
2704,Default,Spain,2016,Solar+BESS,0.3,65.14,3085286.2702,1.3,0.0
2705,DR=0.08_LT=25,Spain,2016,Solar+BESS,0.3,104.96,3085286.2702,1.3,0.0
2706,Default,Spain,2017,Solar+BESS,0.3,50.64,2363545.1777000003,1.3,0.0
2707,DR=0.08_LT=25,Spain,2017,Solar+BESS,0.3,81.14,2363545.1777000003,1.3,0.0
2708,Default,Spain,2018,Solar+BESS,0.3,42.97,1981963.8001,1.3,0.0
2709,DR=0.08_LT=25,Spain,2018,Solar+BESS,0.3,68.55,1981963.8001,1.3,0.0
2710,Default,Spain,2019,Solar+BESS,0.3,40.75,1871506.0329,1.3,0.0
2711,DR=0.08_LT=25,Spain,2019,Solar+BESS,0.3,64.9,1871506.0329,1.3,0.0
2712,Default,Spain,2020,Solar+BESS,0.3,25.76,1125916.1043000002,1.3,0.0
2713,DR=0.08_LT=25,Spain,2020,Solar+BESS,0.3,40.29,1125916.1043000002,1.3,0.0
2714,Default,Spain,2021,Solar+BESS,0.3,26.52,1163572.1613,1.3,0.0
2715,DR=0.08_LT=25,Spain,2021,Solar+BESS,0.3,41.53,1163572.1613,1.3,0.0
2716,Default,Spain,2022,Solar+BESS,0.3,23.97,1036796.7694000001,1.3,0.0
2717,DR=0.08_LT=25,Spain,2022,Solar+BESS,0.3,37.35,1036796.7694000001,1.3,0.0
2718,Default,Spain,2023,Solar+BESS,0.3,20.46,862323.7053,1.3,0.0
2719,DR=0.08_LT=25,Spain,2023,Solar+BESS,0.3,31.59,862323.7053,1.3,0.0
2720,Default,Spain,2015,Coal,0.3,85.62084098533666,2294519.9999999995,,
2721,DR=0.08_LT=25,Spain,2015,Coal,0.3,117.75117807439,2294519.9999999995,,
2722,Default,Spain,2016,Coal,0.3,87.76496889231339,2294519.9999999995,,
2723,DR=0.08_LT=25,Spain,2016,Coal,0.3,119.89530598136675,2294519.9999999995,,
2724,Default,Spain,2017,Coal,0.3,96.62068982254597,2294519.9999999995,,
2725,DR=0.08_LT=25,Spain,2017,Coal,0.3,128.7510269115993,2294519.9999999995,,
2726,Default,Spain,2018,Coal,0.3,103.24943400859247,2294519.9999999995,,
2727,DR=0.08_LT=25,Spain,2018,Coal,0.3,135.3797710976458,2294519.9999999995,,
2728,Default,Spain,2019,Coal,0.3,91.81894563649945,2294519.9999999995,,
2729,DR=0.08_LT=25,Spain,2019,Coal,0.3,123.94928272555278,2294519.9999999995,,
2730,Default,Spain,2020,Coal,0.3,85.11984098533665,2294519.9999999995,,
2731,DR=0.08_LT=25,Spain,2020,Coal,0.3,117.25017807439,2294519.9999999995,,
2732,Default,Spain,2021,Coal,0.3,113.6608642411506,2294519.9999999995,,
2733,DR=0.08_LT=25,Spain,2021,Coal,0.3,145.79120133020396,2294519.9999999995,,
2734,Default,Spain,2022,Coal,0.3,191.02500377603434,2294519.9999999995,,
2735,DR=0.08_LT=25,Spain,2022,Coal,0.3,223.1553408650877,2294519.9999999995,,
2736,Default,Spain,2023,Coal,0.3,129.5328177295227,2294519.9999999995,,
2737,DR=0.08_LT=25,Spain,2023,Coal,0.3,161.66315481857603,2294519.9999999995,,
2738,Default,Spain,2024,Coal,0.3,113.34160842719712,2294519.9999999995,,
2739,DR=0.08_LT=25,Spain,2024,Coal,0.3,145.47194551625046,2294519.9999999995,,
2740,Default,Spain,2015,Gas,0.3,78.0226426667693,1023180.0000000001,,
2741,DR=0.08_LT=25,Spain,2015,Gas,0.3,83.81111852062251,1023180.0000000001,,
2742,Default,Spain,2016,Gas,0.3,66.52402512290965,1023180.0000000001,,
2743,DR=0.08_LT=25,Spain,2016,Gas,0.3,72.31250097676286,1023180.0000000001,,
2744,Default,Spain,2017,Gas,0.3,73.6092970527342,1023180.0000000001,,
2745,DR=0.08_LT=25,Spain,2017,Gas,0.3,79.39777290658743,1023180.0000000001,,
2746,Default,Spain,2018,Gas,0.3,86.60311108782192,1023180.0000000001,,
2747,DR=0.08_LT=25,Spain,2018,Gas,0.3,92.39158694167517,1023180.0000000001,,
2748,Default,Spain,2019,Gas,0.3,66.11340757904998,1023180.0000000001,,
2749,DR=0.08_LT=25,Spain,2019,Gas,0.3,71.90188343290322,1023180.0000000001,,
2750,Default,Spain,2020,Gas,0.3,58.1715619650149,1023180.0000000001,,
2751,DR=0.08_LT=25,Spain,2020,Gas,0.3,63.96003781886814,1023180.0000000001,,
2752,Default,Spain,2021,Gas,0.3,133.18612161413773,1023180.0000000001,,
2753,DR=0.08_LT=25,Spain,2021,Gas,0.3,138.97459746799095,1023180.0000000001,,
2754,Default,Spain,2022,Gas,0.3,261.45341985975176,1023180.0000000001,,
2755,DR=0.08_LT=25,Spain,2022,Gas,0.3,267.241895713605,1023180.0000000001,,
2756,Default,Spain,2023,Gas,0.3,116.42649880712015,1023180.0000000001,,
2757,DR=0.08_LT=25,Spain,2023,Gas,0.3,122.2149746609734,1023180.0000000001,,
2758,Default,Spain,2024,Gas,0.3,104.59909003519034,1023180.0000000001,,
2759,DR=0.08_LT=25,Spain,2024,Gas,0.3,110.38756588904357,1023180.0000000001,,
2760,Default,Spain,2024,Solar+BESS,0.35,27.81,1376530.2409940627,1.6,0.4
2761,DR=0.08_LT=25,Spain,2024,Solar+BESS,0.35,43.04,1376530.2409940627,1.6,0.4
2762,Default,Spain,2015,Solar+BESS,0.35,83.08,4584160.33194,1.6,0.4
2763,DR=0.08_LT=25,Spain,2015,Solar+BESS,0.35,133.79,4584160.33194,1.6,0.4
2764,Default,Spain,2016,Solar+BESS,0.35,78.92,4342850.255520001,1.6,0.4
2765,DR=0.08_LT=25,Spain,2016,Solar+BESS,0.35,126.96,4342850.255520001,1.6,0.4
2766,Default,Spain,2017,Solar+BESS,0.35,61.01,3303571.6418359876,1.6,0.4
2767,DR=0.08_LT=25,Spain,2017,Solar+BESS,0.35,97.56,3303571.6418359876,1.6,0.4
2768,Default,Spain,2018,Solar+BESS,0.35,52.18,2791013.914739305,1.6,0.4
2769,DR=0.08_LT=25,Spain,2018,Solar+BESS,0.35,83.06,2791013.914739305,1.6,0.4
2770,Default,Spain,2019,Solar+BESS,0.35,47.01,2490662.506422492,1.6,0.4
2771,DR=0.08_LT=25,Spain,2019,Solar+BESS,0.35,74.56,2490662.506422492,1.6,0.4
2772,Default,Spain,2020,Solar+BESS,0.35,30.65,1541027.9124956783,1.6,0.4
2773,DR=0.08_LT=25,Spain,2020,Solar+BESS,0.35,47.69,1541027.9124956783,1.6,0.4
2774,Default,Spain,2021,Solar+BESS,0.35,31.33,1580541.6823051558,1.6,0.4
2775,DR=0.08_LT=25,Spain,2021,Solar+BESS,0.35,48.81,1580541.6823051558,1.6,0.4
2776,Default,Spain,2022,Solar+BESS,0.35,29.14,1453699.5630837188,1.6,0.4
2777,DR=0.08_LT=25,Spain,2022,Solar+BESS,0.35,45.22,1453699.5630837188,1.6,0.4
2778,Default,Spain,2023,Solar+BESS,0.35,24.74,1198299.8982790487,1.6,0.4
2779,DR=0.08_LT=25,Spain,2023,Solar+BESS,0.35,38.0,1198299.8982790487,1.6,0.4
2780,Default,Spain,2015,Coal,0.35,77.11068961533839,2294519.9999999995,,
2781,DR=0.08_LT=25,Spain,2015,Coal,0.35,104.6509785488127,2294519.9999999995,,
2782,Default,Spain,2016,Coal,0.35,79.25481752231514,2294519.9999999995,,
2783,DR=0.08_LT=25,Spain,2016,Coal,0.35,106.79510645578944,2294519.9999999995,,
2784,Default,Spain,2017,Coal,0.35,88.11053845254769,2294519.9999999995,,
2785,DR=0.08_LT=25,Spain,2017,Coal,0.35,115.65082738602202,2294519.9999999995,,
2786,Default,Spain,2018,Coal,0.35,94.7392826385942,2294519.9999999995,,
2787,DR=0.08_LT=25,Spain,2018,Coal,0.35,122.2795715720685,2294519.9999999995,,
2788,Default,Spain,2019,Coal,0.35,83.30879426650118,2294519.9999999995,,
2789,DR=0.08_LT=25,Spain,2019,Coal,0.35,110.84908319997548,2294519.9999999995,,
2790,Default,Spain,2020,Coal,0.35,76.6096896153384,2294519.9999999995,,
2791,DR=0.08_LT=25,Spain,2020,Coal,0.35,104.1499785488127,2294519.9999999995,,
2792,Default,Spain,2021,Coal,0.35,105.15071287115235,2294519.9999999995,,
2793,DR=0.08_LT=25,Spain,2021,Coal,0.35,132.69100180462667,2294519.9999999995,,
2794,Default,Spain,2022,Coal,0.35,182.5148524060361,2294519.9999999995,,
2795,DR=0.08_LT=25,Spain,2022,Coal,0.35,210.0551413395104,2294519.9999999995,,
2796,Default,Spain,2023,Coal,0.35,121.02266635952444,2294519.9999999995,,
2797,DR=0.08_LT=25,Spain,2023,Coal,0.35,148.56295529299874,2294519.9999999995,,
2798,Default,Spain,2024,Coal,0.35,104.83145705719885,2294519.9999999995,,
2799,DR=0.08_LT=25,Spain,2024,Coal,0.35,132.37174599067316,2294519.9999999995,,
2800,Default,Spain,2015,Gas,0.35,72.83263832590251,1023180.0000000001,,
2801,DR=0.08_LT=25,Spain,2015,Gas,0.35,77.7941890577767,1023180.0000000001,,
2802,Default,Spain,2016,Gas,0.35,61.334020782042856,1023180.0000000001,,
2803,DR=0.08_LT=25,Spain,2016,Gas,0.35,66.29557151391705,1023180.0000000001,,
2804,Default,Spain,2017,Gas,0.35,68.41929271186743,1023180.0000000001,,
2805,DR=0.08_LT=25,Spain,2017,Gas,0.35,73.38084344374161,1023180.0000000001,,
2806,Default,Spain,2018,Gas,0.35,81.41310674695514,1023180.0000000001,,
2807,DR=0.08_LT=25,Spain,2018,Gas,0.35,86.37465747882933,1023180.0000000001,,
2808,Default,Spain,2019,Gas,0.35,60.92340323818319,1023180.0000000001,,
2809,DR=0.08_LT=25,Spain,2019,Gas,0.35,65.88495397005741,1023180.0000000001,,
2810,Default,Spain,2020,Gas,0.35,52.98155762414812,1023180.0000000001,,
2811,DR=0.08_LT=25,Spain,2020,Gas,0.35,57.94310835602232,1023180.0000000001,,
2812,Default,Spain,2021,Gas,0.35,127.99611727327093,1023180.0000000001,,
2813,DR=0.08_LT=25,Spain,2021,Gas,0.35,132.95766800514514,1023180.0000000001,,
2814,Default,Spain,2022,Gas,0.35,256.263415518885,1023180.0000000001,,
2815,DR=0.08_LT=25,Spain,2022,Gas,0.35,261.2249662507592,1023180.0000000001,,
2816,Default,Spain,2023,Gas,0.35,111.23649446625338,1023180.0000000001,,
2817,DR=0.08_LT=25,Spain,2023,Gas,0.35,116.19804519812757,1023180.0000000001,,
2818,Default,Spain,2024,Gas,0.35,99.40908569432357,1023180.0000000001,,
2819,DR=0.08_LT=25,Spain,2024,Gas,0.35,104.37063642619776,1023180.0000000001,,
2820,Default,Spain,2024,Solar+BESS,0.4,32.65,1782113.3605212972,1.8,1.6
2821,DR=0.08_LT=25,Spain,2024,Solar+BESS,0.4,49.9,1782113.3605212972,1.8,1.6
2822,Default,Spain,2015,Solar+BESS,0.4,110.93,6974575.9894,1.8,1.6
2823,DR=0.08_LT=25,Spain,2015,Solar+BESS,0.4,178.44,6974575.9894,1.8,1.6
2824,Default,Spain,2016,Solar+BESS,0.4,99.15,6193453.0932,1.8,1.6
2825,DR=0.08_LT=25,Spain,2016,Solar+BESS,0.4,159.1,6193453.0932,1.8,1.6
2826,Default,Spain,2017,Solar+BESS,0.4,75.97,4655541.474546138,1.8,1.6
2827,DR=0.08_LT=25,Spain,2017,Solar+BESS,0.4,121.03,4655541.474546138,1.8,1.6
2828,Default,Spain,2018,Solar+BESS,0.4,65.84,3983205.8127658293,1.8,1.6
2829,DR=0.08_LT=25,Spain,2018,Solar+BESS,0.4,104.39,3983205.8127658293,1.8,1.6
2830,Default,Spain,2019,Solar+BESS,0.4,54.16,3208939.7462244723,1.8,1.6
2831,DR=0.08_LT=25,Spain,2019,Solar+BESS,0.4,85.22,3208939.7462244723,1.8,1.6
2832,Default,Spain,2020,Solar+BESS,0.4,37.34,2093084.8011760039,1.8,1.6
2833,DR=0.08_LT=25,Spain,2020,Solar+BESS,0.4,57.6,2093084.8011760039,1.8,1.6
2834,Default,Spain,2021,Solar+BESS,0.4,37.71,2117222.454780699,1.8,1.6
2835,DR=0.08_LT=25,Spain,2021,Solar+BESS,0.4,58.2,2117222.454780699,1.8,1.6
2836,Default,Spain,2022,Solar+BESS,0.4,36.84,2059558.138268126,1.8,1.6
2837,DR=0.08_LT=25,Spain,2022,Solar+BESS,0.4,56.77,2059558.138268126,1.8,1.6
2838,Default,Spain,2023,Solar+BESS,0.4,30.99,1671898.2426357006,1.8,1.6
2839,DR=0.08_LT=25,Spain,2023,Solar+BESS,0.4,47.18,1671898.2426357006,1.8,1.6
2840,Default,Spain,2015,Coal,0.4,70.7280760878397,2294519.9999999995,,
2841,DR=0.08_LT=25,Spain,2015,Coal,0.4,94.8258289046297,2294519.9999999995,,
2842,Default,Spain,2016,Coal,0.4,72.87220399481643,2294519.9999999995,,
2843,DR=0.08_LT=25,Spain,2016,Coal,0.4,96.96995681160644,2294519.9999999995,,
2844,Default,Spain,2017,Coal,0.4,81.727924925049,2294519.9999999995,,
2845,DR=0.08_LT=25,Spain,2017,Coal,0.4,105.82567774183899,2294519.9999999995,,
2846,Default,Spain,2018,Coal,0.4,88.3566691110955,2294519.9999999995,,
2847,DR=0.08_LT=25,Spain,2018,Coal,0.4,112.45442192788552,2294519.9999999995,,
2848,Default,Spain,2019,Coal,0.4,76.92618073900249,2294519.9999999995,,
2849,DR=0.08_LT=25,Spain,2019,Coal,0.4,101.0239335557925,2294519.9999999995,,
2850,Default,Spain,2020,Coal,0.4,70.2270760878397,2294519.9999999995,,
2851,DR=0.08_LT=25,Spain,2020,Coal,0.4,94.32482890462971,2294519.9999999995,,
2852,Default,Spain,2021,Coal,0.4,98.76809934365366,2294519.9999999995,,
2853,DR=0.08_LT=25,Spain,2021,Coal,0.4,122.86585216044365,2294519.9999999995,,
2854,Default,Spain,2022,Coal,0.4,176.1322388785374,2294519.9999999995,,
2855,DR=0.08_LT=25,Spain,2022,Coal,0.4,200.22999169532739,2294519.9999999995,,
2856,Default,Spain,2023,Coal,0.4,114.64005283202573,2294519.9999999995,,
2857,DR=0.08_LT=25,Spain,2023,Coal,0.4,138.73780564881574,2294519.9999999995,,
2858,Default,Spain,2024,Coal,0.4,98.44884352970017,2294519.9999999995,,
2859,DR=0.08_LT=25,Spain,2024,Coal,0.4,122.54659634649018,2294519.9999999995,,
2860,Default,Spain,2015,Gas,0.4,68.9401350702524,1023180.0000000001,,
2861,DR=0.08_LT=25,Spain,2015,Gas,0.4,73.28149196064233,1023180.0000000001,,
2862,Default,Spain,2016,Gas,0.4,57.44151752639275,1023180.0000000001,,
2863,DR=0.08_LT=25,Spain,2016,Gas,0.4,61.782874416782676,1023180.0000000001,,
2864,Default,Spain,2017,Gas,0.4,64.52678945621732,1023180.0000000001,,
2865,DR=0.08_LT=25,Spain,2017,Gas,0.4,68.86814634660725,1023180.0000000001,,
2866,Default,Spain,2018,Gas,0.4,77.52060349130504,1023180.0000000001,,
2867,DR=0.08_LT=25,Spain,2018,Gas,0.4,81.86196038169496,1023180.0000000001,,
2868,Default,Spain,2019,Gas,0.4,57.0308999825331,1023180.0000000001,,
2869,DR=0.08_LT=25,Spain,2019,Gas,0.4,61.37225687292303,1023180.0000000001,,
2870,Default,Spain,2020,Gas,0.4,49.08905436849801,1023180.0000000001,,
2871,DR=0.08_LT=25,Spain,2020,Gas,0.4,53.430411258887936,1023180.0000000001,,
2872,Default,Spain,2021,Gas,0.4,124.10361401762081,1023180.0000000001,,
2873,DR=0.08_LT=25,Spain,2021,Gas,0.4,128.44497090801076,1023180.0000000001,,
2874,Default,Spain,2022,Gas,0.4,252.37091226323483,1023180.0000000001,,
2875,DR=0.08_LT=25,Spain,2022,Gas,0.4,256.7122691536248,1023180.0000000001,,
2876,Default,Spain,2023,Gas,0.4,107.34399121060325,1023180.0000000001,,
2877,DR=0.08_LT=25,Spain,2023,Gas,0.4,111.6853481009932,1023180.0000000001,,
2878,Default,Spain,2024,Gas,0.4,95.51658243867347,1023180.0000000001,,
2879,DR=0.08_LT=25,Spain,2024,Gas,0.4,99.85793932906338,1023180.0000000001,,
2880,Default,Spain,2024,Solar+BESS,0.45,36.88,2209274.34218917,2.0,3.0
2881,DR=0.08_LT=25,Spain,2024,Solar+BESS,0.45,55.89,2209274.34218917,2.0,3.0
2882,Default,Spain,2015,Solar+BESS,0.45,135.39,9561114.3234,2.0,3.0
2883,DR=0.08_LT=25,Spain,2015,Solar+BESS,0.45,217.66,9561114.3234,2.0,3.0
2884,Default,Spain,2016,Solar+BESS,0.45,116.89,8180377.7302,2.0,3.0
2885,DR=0.08_LT=25,Spain,2016,Solar+BESS,0.45,187.28,8180377.7302,2.0,3.0
2886,Default,Spain,2017,Solar+BESS,0.45,89.08,6104544.9809766095,2.0,3.0
2887,DR=0.08_LT=25,Spain,2017,Solar+BESS,0.45,141.6,6104544.9809766095,2.0,3.0
2888,Default,Spain,2018,Solar+BESS,0.45,77.8,5263350.159279516,2.0,3.0
2889,DR=0.08_LT=25,Spain,2018,Solar+BESS,0.45,123.09,5263350.159279516,2.0,3.0
2890,Default,Spain,2019,Solar+BESS,0.45,60.4,3964397.9575235993,2.0,3.0
2891,DR=0.08_LT=25,Spain,2019,Solar+BESS,0.45,94.51,3964397.9575235993,2.0,3.0
2892,Default,Spain,2020,Solar+BESS,0.45,43.2,2681011.3179681534,2.0,3.0
2893,DR=0.08_LT=25,Spain,2020,Solar+BESS,0.45,66.27,2681011.3179681534,2.0,3.0
2894,Default,Spain,2021,Solar+BESS,0.45,43.28,2687163.137263716,2.0,3.0
2895,DR=0.08_LT=25,Spain,2021,Solar+BESS,0.45,66.4,2687163.137263716,2.0,3.0
2896,Default,Spain,2022,Solar+BESS,0.45,43.58,2709422.718897726,2.0,3.0
2897,DR=0.08_LT=25,Spain,2022,Solar+BESS,0.45,66.89,2709422.718897726,2.0,3.0
2898,Default,Spain,2023,Solar+BESS,0.45,36.47,2178685.6503384076,2.0,3.0
2899,DR=0.08_LT=25,Spain,2023,Solar+BESS,0.45,55.22,2178685.6503384076,2.0,3.0
2900,Default,Spain,2015,Coal,0.45,65.76382112200737,2294519.9999999995,,
2901,DR=0.08_LT=25,Spain,2015,Coal,0.45,87.18404584804294,2294519.9999999995,,
2902,Default,Spain,2016,Coal,0.45,67.90794902898413,2294519.9999999995,,
2903,DR=0.08_LT=25,Spain,2016,Coal,0.45,89.32817375501969,2294519.9999999995,,
2904,Default,Spain,2017,Coal,0.45,76.76366995921668,2294519.9999999995,,
2905,DR=0.08_LT=25,Spain,2017,Coal,0.45,98.18389468525224,2294519.9999999995,,
2906,Default,Spain,2018,Coal,0.45,83.39241414526317,2294519.9999999995,,
2907,DR=0.08_LT=25,Spain,2018,Coal,0.45,104.81263887129876,2294519.9999999995,,
2908,Default,Spain,2019,Coal,0.45,71.96192577317017,2294519.9999999995,,
2909,DR=0.08_LT=25,Spain,2019,Coal,0.45,93.38215049920572,2294519.9999999995,,
2910,Default,Spain,2020,Coal,0.45,65.26282112200738,2294519.9999999995,,
2911,DR=0.08_LT=25,Spain,2020,Coal,0.45,86.68304584804295,2294519.9999999995,,
2912,Default,Spain,2021,Coal,0.45,93.80384437782132,2294519.9999999995,,
2913,DR=0.08_LT=25,Spain,2021,Coal,0.45,115.2240691038569,2294519.9999999995,,
2914,Default,Spain,2022,Coal,0.45,171.16798391270507,2294519.9999999995,,
2915,DR=0.08_LT=25,Spain,2022,Coal,0.45,192.58820863874064,2294519.9999999995,,
2916,Default,Spain,2023,Coal,0.45,109.67579786619342,2294519.9999999995,,
2917,DR=0.08_LT=25,Spain,2023,Coal,0.45,131.096022592229,2294519.9999999995,,
2918,Default,Spain,2024,Coal,0.45,93.48458856386785,2294519.9999999995,,
2919,DR=0.08_LT=25,Spain,2024,Coal,0.45,114.90481328990342,2294519.9999999995,,
2920,Default,Spain,2015,Gas,0.45,65.9126325380801,1023180.0000000001,,
2921,DR=0.08_LT=25,Spain,2015,Gas,0.45,69.77161644064894,1023180.0000000001,,
2922,Default,Spain,2016,Gas,0.45,54.41401499422046,1023180.0000000001,,
2923,DR=0.08_LT=25,Spain,2016,Gas,0.45,58.2729988967893,1023180.0000000001,,
2924,Default,Spain,2017,Gas,0.45,61.49928692404502,1023180.0000000001,,
2925,DR=0.08_LT=25,Spain,2017,Gas,0.45,65.35827082661385,1023180.0000000001,,
2926,Default,Spain,2018,Gas,0.45,74.49310095913275,1023180.0000000001,,
2927,DR=0.08_LT=25,Spain,2018,Gas,0.45,78.35208486170157,1023180.0000000001,,
2928,Default,Spain,2019,Gas,0.45,54.00339745036081,1023180.0000000001,,
2929,DR=0.08_LT=25,Spain,2019,Gas,0.45,57.86238135292964,1023180.0000000001,,
2930,Default,Spain,2020,Gas,0.45,46.06155183632572,1023180.0000000001,,
2931,DR=0.08_LT=25,Spain,2020,Gas,0.45,49.92053573889454,1023180.0000000001,,
2932,Default,Spain,2021,Gas,0.45,121.07611148544852,1023180.0000000001,,
2933,DR=0.08_LT=25,Spain,2021,Gas,0.45,124.93509538801736,1023180.0000000001,,
2934,Default,Spain,2022,Gas,0.45,249.34340973106254,1023180.0000000001,,
2935,DR=0.08_LT=25,Spain,2022,Gas,0.45,253.20239363363137,1023180.0000000001,,
2936,Default,Spain,2023,Gas,0.45,104.31648867843097,1023180.0000000001,,
2937,DR=0.08_LT=25,Spain,2023,Gas,0.45,108.1754725809998,1023180.0000000001,,
2938,Default,Spain,2024,Gas,0.45,92.48907990650116,1023180.0000000001,,
2939,DR=0.08_LT=25,Spain,2024,Gas,0.45,96.34806380906998,1023180.0000000001,,
2940,Default,Spain,2024,Solar+BESS,0.5,40.49,2653929.2512422325,2.2,4.3
2941,DR=0.08_LT=25,Spain,2024,Solar+BESS,0.5,61.04,2653929.2512422325,2.2,4.3
2942,Default,Spain,2015,Solar+BESS,0.5,155.49,12189036.6501,2.2,4.3
2943,DR=0.08_LT=25,Spain,2015,Solar+BESS,0.5,249.87,12189036.6501,2.2,4.3
2944,Default,Spain,2016,Solar+BESS,0.5,131.66,10213226.8048,2.2,4.3
2945,DR=0.08_LT=25,Spain,2016,Solar+BESS,0.5,210.75,10213226.8048,2.2,4.3
2946,Default,Spain,2017,Solar+BESS,0.5,100.01,7589387.9701907765,2.2,4.3
2947,DR=0.08_LT=25,Spain,2017,Solar+BESS,0.5,158.78,7589387.9701907765,2.2,4.3
2948,Default,Spain,2018,Solar+BESS,0.5,87.76,6572962.166770479,2.2,4.3
2949,DR=0.08_LT=25,Spain,2018,Solar+BESS,0.5,138.66,6572962.166770479,2.2,4.3
2950,Default,Spain,2019,Solar+BESS,0.5,65.79,4751762.074802397,2.2,4.3
2951,DR=0.08_LT=25,Spain,2019,Solar+BESS,0.5,102.59,4751762.074802397,2.2,4.3
2952,Default,Spain,2020,Solar+BESS,0.5,48.13,3286931.6849120986,2.2,4.3
2953,DR=0.08_LT=25,Spain,2020,Solar+BESS,0.5,73.58,3286931.6849120986,2.2,4.3
2954,Default,Spain,2021,Solar+BESS,0.5,48.0,3276038.348221057,2.2,4.3
2955,DR=0.08_LT=25,Spain,2021,Solar+BESS,0.5,73.36,3276038.348221057,2.2,4.3
2956,Default,Spain,2022,Solar+BESS,0.5,49.19,3374880.5143295806,2.2,4.3
2957,DR=0.08_LT=25,Spain,2022,Solar+BESS,0.5,75.32,3374880.5143295806,2.2,4.3
2958,Default,Spain,2023,Solar+BESS,0.5,41.03,2698745.722715907,2.2,4.3
2959,DR=0.08_LT=25,Spain,2023,Solar+BESS,0.5,61.93,2698745.722715907,2.2,4.3
2960,Default,Spain,2015,Coal,0.5,61.792417149341524,2294519.9999999995,,
2961,DR=0.08_LT=25,Spain,2015,Coal,0.5,81.07061940277353,2294519.9999999995,,
2962,Default,Spain,2016,Coal,0.5,63.936545056318266,2294519.9999999995,,
2963,DR=0.08_LT=25,Spain,2016,Coal,0.5,83.2147473097503,2294519.9999999995,,
2964,Default,Spain,2017,Coal,0.5,72.79226598655083,2294519.9999999995,,
2965,DR=0.08_LT=25,Spain,2017,Coal,0.5,92.07046823998283,2294519.9999999995,,
2966,Default,Spain,2018,Coal,0.5,79.42101017259732,2294519.9999999995,,
2967,DR=0.08_LT=25,Spain,2018,Coal,0.5,98.69921242602936,2294519.9999999995,,
2968,Default,Spain,2019,Coal,0.5,67.99052180050431,2294519.9999999995,,
2969,DR=0.08_LT=25,Spain,2019,Coal,0.5,87.26872405393634,2294519.9999999995,,
2970,Default,Spain,2020,Coal,0.5,61.29141714934151,2294519.9999999995,,
2971,DR=0.08_LT=25,Spain,2020,Coal,0.5,80.56961940277354,2294519.9999999995,,
2972,Default,Spain,2021,Coal,0.5,89.83244040515548,2294519.9999999995,,
2973,DR=0.08_LT=25,Spain,2021,Coal,0.5,109.1106426585875,2294519.9999999995,,
2974,Default,Spain,2022,Coal,0.5,167.19657994003921,2294519.9999999995,,
2975,DR=0.08_LT=25,Spain,2022,Coal,0.5,186.47478219347124,2294519.9999999995,,
2976,Default,Spain,2023,Coal,0.5,105.70439389352755,2294519.9999999995,,
2977,DR=0.08_LT=25,Spain,2023,Coal,0.5,124.98259614695957,2294519.9999999995,,
2978,Default,Spain,2024,Coal,0.5,89.51318459120199,2294519.9999999995,,
2979,DR=0.08_LT=25,Spain,2024,Coal,0.5,108.79138684463402,2294519.9999999995,,
2980,Default,Spain,2015,Gas,0.5,63.490630512342285,1023180.0000000001,,
2981,DR=0.08_LT=25,Spain,2015,Gas,0.5,66.96371602465422,1023180.0000000001,,
2982,Default,Spain,2016,Gas,0.5,51.992012968482626,1023180.0000000001,,
2983,DR=0.08_LT=25,Spain,2016,Gas,0.5,55.46509848079457,1023180.0000000001,,
2984,Default,Spain,2017,Gas,0.5,59.07728489830719,1023180.0000000001,,
2985,DR=0.08_LT=25,Spain,2017,Gas,0.5,62.55037041061913,1023180.0000000001,,
2986,Default,Spain,2018,Gas,0.5,72.07109893339491,1023180.0000000001,,
2987,DR=0.08_LT=25,Spain,2018,Gas,0.5,75.54418444570686,1023180.0000000001,,
2988,Default,Spain,2019,Gas,0.5,51.581395424622976,1023180.0000000001,,
2989,DR=0.08_LT=25,Spain,2019,Gas,0.5,55.05448093693492,1023180.0000000001,,
2990,Default,Spain,2020,Gas,0.5,43.63954981058789,1023180.0000000001,,
2991,DR=0.08_LT=25,Spain,2020,Gas,0.5,47.112635322899834,1023180.0000000001,,
2992,Default,Spain,2021,Gas,0.5,118.6541094597107,1023180.0000000001,,
2993,DR=0.08_LT=25,Spain,2021,Gas,0.5,122.12719497202266,1023180.0000000001,,
2994,Default,Spain,2022,Gas,0.5,246.92140770532473,1023180.0000000001,,
2995,DR=0.08_LT=25,Spain,2022,Gas,0.5,250.3944932176367,1023180.0000000001,,
2996,Default,Spain,2023,Gas,0.5,101.89448665269313,1023180.0000000001,,
2997,DR=0.08_LT=25,Spain,2023,Gas,0.5,105.36757216500509,1023180.0000000001,,
2998,Default,Spain,2024,Gas,0.5,90.06707788076334,1023180.0000000001,,
2999,DR=0.08_LT=25,Spain,2024,Gas,0.5,93.54016339307528,1023180.0000000001,,
3000,Default,Spain,2024,Solar+BESS,0.55,43.65,3107963.781802784,2.4,5.7
3001,DR=0.08_LT=25,Spain,2024,Solar+BESS,0.55,65.53,3107963.781802784,2.4,5.7
3002,Default,Spain,2015,Solar+BESS,0.55,173.5,14951105.672600001,2.4,5.7
3003,DR=0.08_LT=25,Spain,2015,Solar+BESS,0.55,278.75,14951105.672600001,2.4,5.7
3004,Default,Spain,2016,Solar+BESS,0.55,144.78,12332186.0848,2.4,5.7
3005,DR=0.08_LT=25,Spain,2016,Solar+BESS,0.55,231.6,12332186.0848,2.4,5.7
3006,Default,Spain,2017,Solar+BESS,0.55,109.72,9134214.406470878,2.4,5.7
3007,DR=0.08_LT=25,Spain,2017,Solar+BESS,0.55,174.02,9134214.406470878,2.4,5.7
3008,Default,Spain,2018,Solar+BESS,0.55,96.61,7938198.315397305,2.4,5.7
3009,DR=0.08_LT=25,Spain,2018,Solar+BESS,0.55,152.49,7938198.315397305,2.4,5.7
3010,Default,Spain,2019,Solar+BESS,0.55,70.48,5554555.822563894,2.4,5.7
3011,DR=0.08_LT=25,Spain,2019,Solar+BESS,0.55,109.58,5554555.822563894,2.4,5.7
3012,Default,Spain,2020,Solar+BESS,0.55,52.48,3913052.9731239798,2.4,5.7
3013,DR=0.08_LT=25,Spain,2020,Solar+BESS,0.55,80.03,3913052.9731239798,2.4,5.7
3014,Default,Spain,2021,Solar+BESS,0.55,52.15,3882709.48938848,2.4,5.7
3015,DR=0.08_LT=25,Spain,2021,Solar+BESS,0.55,79.48,3882709.48938848,2.4,5.7
3016,Default,Spain,2022,Solar+BESS,0.55,54.18,4067816.1150448937,2.4,5.7
3017,DR=0.08_LT=25,Spain,2022,Solar+BESS,0.55,82.81,4067816.1150448937,2.4,5.7
3018,Default,Spain,2023,Solar+BESS,0.55,45.09,3238900.700227325,2.4,5.7
3019,DR=0.08_LT=25,Spain,2023,Solar+BESS,0.55,67.89,3238900.700227325,2.4,5.7
3020,Default,Spain,2015,Coal,0.55,58.54308662625128,2294519.9999999995,,
3021,DR=0.08_LT=25,Spain,2015,Coal,0.55,76.06872503846219,2294519.9999999995,,
3022,Default,Spain,2016,Coal,0.55,60.68721453322803,2294519.9999999995,,
3023,DR=0.08_LT=25,Spain,2016,Coal,0.55,78.21285294543894,2294519.9999999995,,
3024,Default,Spain,2017,Coal,0.55,69.54293546346058,2294519.9999999995,,
3025,DR=0.08_LT=25,Spain,2017,Coal,0.55,87.06857387567149,2294519.9999999995,,
3026,Default,Spain,2018,Coal,0.55,76.17167964950708,2294519.9999999995,,
3027,DR=0.08_LT=25,Spain,2018,Coal,0.55,93.69731806171801,2294519.9999999995,,
3028,Default,Spain,2019,Coal,0.55,64.74119127741407,2294519.9999999995,,
3029,DR=0.08_LT=25,Spain,2019,Coal,0.55,82.26682968962498,2294519.9999999995,,
3030,Default,Spain,2020,Coal,0.55,58.04208662625128,2294519.9999999995,,
3031,DR=0.08_LT=25,Spain,2020,Coal,0.55,75.56772503846219,2294519.9999999995,,
3032,Default,Spain,2021,Coal,0.55,86.58310988206523,2294519.9999999995,,
3033,DR=0.08_LT=25,Spain,2021,Coal,0.55,104.10874829427614,2294519.9999999995,,
3034,Default,Spain,2022,Coal,0.55,163.94724941694898,2294519.9999999995,,
3035,DR=0.08_LT=25,Spain,2022,Coal,0.55,181.47288782915987,2294519.9999999995,,
3036,Default,Spain,2023,Coal,0.55,102.45506337043732,2294519.9999999995,,
3037,DR=0.08_LT=25,Spain,2023,Coal,0.55,119.98070178264823,2294519.9999999995,,
3038,Default,Spain,2024,Coal,0.55,86.26385406811174,2294519.9999999995,,
3039,DR=0.08_LT=25,Spain,2024,Coal,0.55,103.78949248032265,2294519.9999999995,,
3040,Default,Spain,2015,Gas,0.55,61.50899249128406,1023180.0000000001,,
3041,DR=0.08_LT=25,Spain,2015,Gas,0.55,64.66634295702218,1023180.0000000001,,
3042,Default,Spain,2016,Gas,0.55,50.010374947424395,1023180.0000000001,,
3043,DR=0.08_LT=25,Spain,2016,Gas,0.55,53.16772541316252,1023180.0000000001,,
3044,Default,Spain,2017,Gas,0.55,57.09564687724897,1023180.0000000001,,
3045,DR=0.08_LT=25,Spain,2017,Gas,0.55,60.25299734298709,1023180.0000000001,,
3046,Default,Spain,2018,Gas,0.55,70.08946091233669,1023180.0000000001,,
3047,DR=0.08_LT=25,Spain,2018,Gas,0.55,73.24681137807481,1023180.0000000001,,
3048,Default,Spain,2019,Gas,0.55,49.59975740356475,1023180.0000000001,,
3049,DR=0.08_LT=25,Spain,2019,Gas,0.55,52.75710786930287,1023180.0000000001,,
3050,Default,Spain,2020,Gas,0.55,41.657911789529656,1023180.0000000001,,
3051,DR=0.08_LT=25,Spain,2020,Gas,0.55,44.81526225526779,1023180.0000000001,,
3052,Default,Spain,2021,Gas,0.55,116.67247143865248,1023180.0000000001,,
3053,DR=0.08_LT=25,Spain,2021,Gas,0.55,119.8298219043906,1023180.0000000001,,
3054,Default,Spain,2022,Gas,0.55,244.93976968426657,1023180.0000000001,,
3055,DR=0.08_LT=25,Spain,2022,Gas,0.55,248.09712015000463,1023180.0000000001,,
3056,Default,Spain,2023,Gas,0.55,99.91284863163492,1023180.0000000001,,
3057,DR=0.08_LT=25,Spain,2023,Gas,0.55,103.07019909737303,1023180.0000000001,,
3058,Default,Spain,2024,Gas,0.55,88.0854398597051,1023180.0000000001,,
3059,DR=0.08_LT=25,Spain,2024,Gas,0.55,91.24279032544322,1023180.0000000001,,
3060,Default,Spain,2024,Solar+BESS,0.6,46.39,3570558.3556372477,2.7,7.2
3061,DR=0.08_LT=25,Spain,2024,Solar+BESS,0.6,69.44,3570558.3556372477,2.7,7.2
3062,Default,Spain,2015,Solar+BESS,0.6,188.93,17752744.092600003,2.7,7.2
3063,DR=0.08_LT=25,Spain,2015,Solar+BESS,0.6,303.48,17752744.092600003,2.7,7.2
3064,Default,Spain,2016,Solar+BESS,0.6,156.08,14484227.1648,2.7,7.2
3065,DR=0.08_LT=25,Spain,2016,Solar+BESS,0.6,249.54,14484227.1648,2.7,7.2
3066,Default,Spain,2017,Solar+BESS,0.6,118.08,10703612.535446491,2.7,7.2
3067,DR=0.08_LT=25,Spain,2017,Solar+BESS,0.6,187.15,10703612.535446491,2.7,7.2
3068,Default,Spain,2018,Solar+BESS,0.6,104.22,9324725.609616574,2.7,7.2
3069,DR=0.08_LT=25,Spain,2018,Solar+BESS,0.6,164.4,9324725.609616574,2.7,7.2
3070,Default,Spain,2019,Solar+BESS,0.6,74.56,6372672.196834973,2.7,7.2
3071,DR=0.08_LT=25,Spain,2019,Solar+BESS,0.6,115.68,6372672.196834973,2.7,7.2
3072,Default,Spain,2020,Solar+BESS,0.6,56.24,4549800.004093449,2.7,7.2
3073,DR=0.08_LT=25,Spain,2020,Solar+BESS,0.6,85.6,4549800.004093449,2.7,7.2
3074,Default,Spain,2021,Solar+BESS,0.6,55.74,4499964.621551435,2.7,7.2
3075,DR=0.08_LT=25,Spain,2021,Solar+BESS,0.6,84.77,4499964.621551435,2.7,7.2
3076,Default,Spain,2022,Solar+BESS,0.6,58.47,4771680.606083258,2.7,7.2
3077,DR=0.08_LT=25,Spain,2022,Solar+BESS,0.6,89.26,4771680.606083258,2.7,7.2
3078,Default,Spain,2023,Solar+BESS,0.6,48.58,3787789.7876331755,2.7,7.2
3079,DR=0.08_LT=25,Spain,2023,Solar+BESS,0.6,73.02,3787789.7876331755,2.7,7.2
3080,Default,Spain,2015,Coal,0.6,55.83531119034274,2294519.9999999995,,
3081,DR=0.08_LT=25,Spain,2015,Coal,0.6,71.9004797348694,2294519.9999999995,,
3082,Default,Spain,2016,Coal,0.6,57.979439097319485,2294519.9999999995,,
3083,DR=0.08_LT=25,Spain,2016,Coal,0.6,74.04460764184616,2294519.9999999995,,
3084,Default,Spain,2017,Coal,0.6,66.83516002755205,2294519.9999999995,,
3085,DR=0.08_LT=25,Spain,2017,Coal,0.6,82.90032857207872,2294519.9999999995,,
3086,Default,Spain,2018,Coal,0.6,73.46390421359855,2294519.9999999995,,
3087,DR=0.08_LT=25,Spain,2018,Coal,0.6,89.52907275812522,2294519.9999999995,,
3088,Default,Spain,2019,Coal,0.6,62.03341584150553,2294519.9999999995,,
3089,DR=0.08_LT=25,Spain,2019,Coal,0.6,78.0985843860322,2294519.9999999995,,
3090,Default,Spain,2020,Coal,0.6,55.33431119034274,2294519.9999999995,,
3091,DR=0.08_LT=25,Spain,2020,Coal,0.6,71.39947973486942,2294519.9999999995,,
3092,Default,Spain,2021,Coal,0.6,83.87533444615669,2294519.9999999995,,
3093,DR=0.08_LT=25,Spain,2021,Coal,0.6,99.94050299068337,2294519.9999999995,,
3094,Default,Spain,2022,Coal,0.6,161.23947398104045,2294519.9999999995,,
3095,DR=0.08_LT=25,Spain,2022,Coal,0.6,177.30464252556712,2294519.9999999995,,
3096,Default,Spain,2023,Coal,0.6,99.74728793452877,2294519.9999999995,,
3097,DR=0.08_LT=25,Spain,2023,Coal,0.6,115.81245647905544,2294519.9999999995,,
3098,Default,Spain,2024,Coal,0.6,83.5560786322032,2294519.9999999995,,
3099,DR=0.08_LT=25,Spain,2024,Coal,0.6,99.62124717672987,2294519.9999999995,,
3100,Default,Spain,2015,Gas,0.6,59.85762747373553,1023180.0000000001,,
3101,DR=0.08_LT=25,Spain,2015,Gas,0.6,62.75186540066213,1023180.0000000001,,
3102,Default,Spain,2016,Gas,0.6,48.35900992987588,1023180.0000000001,,
3103,DR=0.08_LT=25,Spain,2016,Gas,0.6,51.253247856802496,1023180.0000000001,,
3104,Default,Spain,2017,Gas,0.6,55.444281859700446,1023180.0000000001,,
3105,DR=0.08_LT=25,Spain,2017,Gas,0.6,58.33851978662705,1023180.0000000001,,
3106,Default,Spain,2018,Gas,0.6,68.43809589478816,1023180.0000000001,,
3107,DR=0.08_LT=25,Spain,2018,Gas,0.6,71.33233382171477,1023180.0000000001,,
3108,Default,Spain,2019,Gas,0.6,47.948392386016224,1023180.0000000001,,
3109,DR=0.08_LT=25,Spain,2019,Gas,0.6,50.84263031294284,1023180.0000000001,,
3110,Default,Spain,2020,Gas,0.6,40.00654677198114,1023180.0000000001,,
3111,DR=0.08_LT=25,Spain,2020,Gas,0.6,42.900784698907756,1023180.0000000001,,
3112,Default,Spain,2021,Gas,0.6,115.02110642110397,1023180.0000000001,,
3113,DR=0.08_LT=25,Spain,2021,Gas,0.6,117.91534434803057,1023180.0000000001,,
3114,Default,Spain,2022,Gas,0.6,243.28840466671804,1023180.0000000001,,
3115,DR=0.08_LT=25,Spain,2022,Gas,0.6,246.1826425936446,1023180.0000000001,,
3116,Default,Spain,2023,Gas,0.6,98.26148361408639,1023180.0000000001,,
3117,DR=0.08_LT=25,Spain,2023,Gas,0.6,101.15572154101301,1023180.0000000001,,
3118,Default,Spain,2024,Gas,0.6,86.43407484215658,1023180.0000000001,,
3119,DR=0.08_LT=25,Spain,2024,Gas,0.6,89.32831276908318,1023180.0000000001,,
3120,Default,Spain,2024,Solar+BESS,0.65,48.76,4038985.7267248947,2.9,8.6
3121,DR=0.08_LT=25,Spain,2024,Solar+BESS,0.65,72.82,4038985.7267248947,2.9,8.6
3122,Default,Spain,2015,Solar+BESS,0.65,201.93,20549441.2111,2.9,8.6
3123,DR=0.08_LT=25,Spain,2015,Solar+BESS,0.65,324.33,20549441.2111,2.9,8.6
3124,Default,Spain,2016,Solar+BESS,0.65,165.67,16641288.6078,2.9,8.6
3125,DR=0.08_LT=25,Spain,2016,Solar+BESS,0.65,264.8,16641288.6078,2.9,8.6
3126,Default,Spain,2017,Solar+BESS,0.65,125.2,12278136.548275245,2.9,8.6
3127,DR=0.08_LT=25,Spain,2017,Solar+BESS,0.65,198.33,12278136.548275245,2.9,8.6
3128,Default,Spain,2018,Solar+BESS,0.65,110.69,10714412.137534926,2.9,8.6
3129,DR=0.08_LT=25,Spain,2018,Solar+BESS,0.65,174.51,10714412.137534926,2.9,8.6
3130,Default,Spain,2019,Solar+BESS,0.65,78.1,7201707.312939815,2.9,8.6
3131,DR=0.08_LT=25,Spain,2019,Solar+BESS,0.65,121.0,7201707.312939815,2.9,8.6
3132,Default,Spain,2020,Solar+BESS,0.65,59.45,5190780.116547357,2.9,8.6
3133,DR=0.08_LT=25,Spain,2020,Solar+BESS,0.65,90.37,5190780.116547357,2.9,8.6
3134,Default,Spain,2021,Solar+BESS,0.65,58.81,5122253.440093929,2.9,8.6
3135,DR=0.08_LT=25,Spain,2021,Solar+BESS,0.65,89.32,5122253.440093929,2.9,8.6
3136,Default,Spain,2022,Solar+BESS,0.65,62.11,5477544.321338747,2.9,8.6
3137,DR=0.08_LT=25,Spain,2022,Solar+BESS,0.65,94.73,5477544.321338747,2.9,8.6
3138,Default,Spain,2023,Solar+BESS,0.65,51.54,4338931.878314574,2.9,8.6
3139,DR=0.08_LT=25,Spain,2023,Solar+BESS,0.65,77.39,4338931.878314574,2.9,8.6
3140,Default,Spain,2015,Coal,0.65,53.544116590727825,2294519.9999999995,,
3141,DR=0.08_LT=25,Spain,2015,Coal,0.65,68.37350293952169,2294519.9999999995,,
3142,Default,Spain,2016,Coal,0.65,55.688244497704574,2294519.9999999995,,
3143,DR=0.08_LT=25,Spain,2016,Coal,0.65,70.51763084649842,2294519.9999999995,,
3144,Default,Spain,2017,Coal,0.65,64.54396542793712,2294519.9999999995,,
3145,DR=0.08_LT=25,Spain,2017,Coal,0.65,79.37335177673098,2294519.9999999995,,
3146,Default,Spain,2018,Coal,0.65,71.17270961398364,2294519.9999999995,,
3147,DR=0.08_LT=25,Spain,2018,Coal,0.65,86.00209596277747,2294519.9999999995,,
3148,Default,Spain,2019,Coal,0.65,59.74222124189062,2294519.9999999995,,
3149,DR=0.08_LT=25,Spain,2019,Coal,0.65,74.57160759068447,2294519.9999999995,,
3150,Default,Spain,2020,Coal,0.65,53.04311659072783,2294519.9999999995,,
3151,DR=0.08_LT=25,Spain,2020,Coal,0.65,67.87250293952167,2294519.9999999995,,
3152,Default,Spain,2021,Coal,0.65,81.58413984654177,2294519.9999999995,,
3153,DR=0.08_LT=25,Spain,2021,Coal,0.65,96.41352619533563,2294519.9999999995,,
3154,Default,Spain,2022,Coal,0.65,158.94827938142552,2294519.9999999995,,
3155,DR=0.08_LT=25,Spain,2022,Coal,0.65,173.77766573021938,2294519.9999999995,,
3156,Default,Spain,2023,Coal,0.65,97.45609333491387,2294519.9999999995,,
3157,DR=0.08_LT=25,Spain,2023,Coal,0.65,112.28547968370772,2294519.9999999995,,
3158,Default,Spain,2024,Coal,0.65,81.2648840325883,2294519.9999999995,,
3159,DR=0.08_LT=25,Spain,2024,Coal,0.65,96.09427038138215,2294519.9999999995,,
3160,Default,Spain,2015,Gas,0.65,58.460318612732934,1023180.0000000001,,
3161,DR=0.08_LT=25,Spain,2015,Gas,0.65,61.13192285297288,1023180.0000000001,,
3162,Default,Spain,2016,Gas,0.65,46.96170106887328,1023180.0000000001,,
3163,DR=0.08_LT=25,Spain,2016,Gas,0.65,49.63330530911323,1023180.0000000001,,
3164,Default,Spain,2017,Gas,0.65,54.04697299869785,1023180.0000000001,,
3165,DR=0.08_LT=25,Spain,2017,Gas,0.65,56.71857723893779,1023180.0000000001,,
3166,Default,Spain,2018,Gas,0.65,67.04078703378556,1023180.0000000001,,
3167,DR=0.08_LT=25,Spain,2018,Gas,0.65,69.7123912740255,1023180.0000000001,,
3168,Default,Spain,2019,Gas,0.65,46.55108352501363,1023180.0000000001,,
3169,DR=0.08_LT=25,Spain,2019,Gas,0.65,49.222687765253575,1023180.0000000001,,
3170,Default,Spain,2020,Gas,0.65,38.609237910978536,1023180.0000000001,,
3171,DR=0.08_LT=25,Spain,2020,Gas,0.65,41.28084215121849,1023180.0000000001,,
3172,Default,Spain,2021,Gas,0.65,113.62379756010135,1023180.0000000001,,
3173,DR=0.08_LT=25,Spain,2021,Gas,0.65,116.2954018003413,1023180.0000000001,,
3174,Default,Spain,2022,Gas,0.65,241.8910958057154,1023180.0000000001,,
3175,DR=0.08_LT=25,Spain,2022,Gas,0.65,244.5627000459553,1023180.0000000001,,
3176,Default,Spain,2023,Gas,0.65,96.8641747530838,1023180.0000000001,,
3177,DR=0.08_LT=25,Spain,2023,Gas,0.65,99.53577899332375,1023180.0000000001,,
3178,Default,Spain,2024,Gas,0.65,85.03676598115398,1023180.0000000001,,
3179,DR=0.08_LT=25,Spain,2024,Gas,0.65,87.70837022139393,1023180.0000000001,,
3180,Default,Spain,2024,Solar+BESS,0.7,50.92,4515607.892689657,3.1,10.1
3181,DR=0.08_LT=25,Spain,2024,Solar+BESS,0.7,75.9,4515607.892689657,3.1,10.1
3182,Default,Spain,2015,Solar+BESS,0.7,214.0,23447243.2562,3.1,10.1
3183,DR=0.08_LT=25,Spain,2015,Solar+BESS,0.7,343.69,23447243.2562,3.1,10.1
3184,Default,Spain,2016,Solar+BESS,0.7,174.53,18864742.735600002,3.1,10.1
3185,DR=0.08_LT=25,Spain,2016,Solar+BESS,0.7,278.87,18864742.735600002,3.1,10.1
3186,Default,Spain,2017,Solar+BESS,0.7,131.75,13899205.697602972,3.1,10.1
3187,DR=0.08_LT=25,Spain,2017,Solar+BESS,0.7,208.63,13899205.697602972,3.1,10.1
3188,Default,Spain,2018,Solar+BESS,0.7,116.66,12146970.731930133,3.1,10.1
3189,DR=0.08_LT=25,Spain,2018,Solar+BESS,0.7,183.85,12146970.731930133,3.1,10.1
3190,Default,Spain,2019,Solar+BESS,0.7,81.32,8044464.132457627,3.1,10.1
3191,DR=0.08_LT=25,Spain,2019,Solar+BESS,0.7,125.81,8044464.132457627,3.1,10.1
3192,Default,Spain,2020,Solar+BESS,0.7,62.4,5847892.119793541,3.1,10.1
3193,DR=0.08_LT=25,Spain,2020,Solar+BESS,0.7,94.74,5847892.119793541,3.1,10.1
3194,Default,Spain,2021,Solar+BESS,0.7,61.63,5758991.238628428,3.1,10.1
3195,DR=0.08_LT=25,Spain,2021,Solar+BESS,0.7,93.48,5758991.238628428,3.1,10.1
3196,Default,Spain,2022,Solar+BESS,0.7,65.47,6204666.3328616945,3.1,10.1
3197,DR=0.08_LT=25,Spain,2022,Solar+BESS,0.7,99.79,6204666.3328616945,3.1,10.1
3198,Default,Spain,2023,Solar+BESS,0.7,54.28,4905764.542517712,3.1,10.1
3199,DR=0.08_LT=25,Spain,2023,Solar+BESS,0.7,81.42,4905764.542517712,3.1,10.1
3200,Default,Spain,2015,Coal,0.7,51.580235505343616,2294519.9999999995,,
3201,DR=0.08_LT=25,Spain,2015,Coal,0.7,65.35037997208077,2294519.9999999995,,
3202,Default,Spain,2016,Coal,0.7,53.72436341232037,2294519.9999999995,,
3203,DR=0.08_LT=25,Spain,2016,Coal,0.7,67.49450787905751,2294519.9999999995,,
3204,Default,Spain,2017,Coal,0.7,62.580084342552915,2294519.9999999995,,
3205,DR=0.08_LT=25,Spain,2017,Coal,0.7,76.35022880929006,2294519.9999999995,,
3206,Default,Spain,2018,Coal,0.7,69.20882852859943,2294519.9999999995,,
3207,DR=0.08_LT=25,Spain,2018,Coal,0.7,82.97897299533658,2294519.9999999995,,
3208,Default,Spain,2019,Coal,0.7,57.7783401565064,2294519.9999999995,,
3209,DR=0.08_LT=25,Spain,2019,Coal,0.7,71.54848462324355,2294519.9999999995,,
3210,Default,Spain,2020,Coal,0.7,51.07923550534362,2294519.9999999995,,
3211,DR=0.08_LT=25,Spain,2020,Coal,0.7,64.84937997208077,2294519.9999999995,,
3212,Default,Spain,2021,Coal,0.7,79.62025876115756,2294519.9999999995,,
3213,DR=0.08_LT=25,Spain,2021,Coal,0.7,93.39040322789472,2294519.9999999995,,
3214,Default,Spain,2022,Coal,0.7,156.98439829604132,2294519.9999999995,,
3215,DR=0.08_LT=25,Spain,2022,Coal,0.7,170.75454276277847,2294519.9999999995,,
3216,Default,Spain,2023,Coal,0.7,95.49221224952966,2294519.9999999995,,
3217,DR=0.08_LT=25,Spain,2023,Coal,0.7,109.26235671626681,2294519.9999999995,,
3218,Default,Spain,2024,Coal,0.7,79.30100294720408,2294519.9999999995,,
3219,DR=0.08_LT=25,Spain,2024,Coal,0.7,93.07114741394123,2294519.9999999995,,
3220,Default,Spain,2015,Gas,0.7,57.26262530330213,1023180.0000000001,,
3221,DR=0.08_LT=25,Spain,2015,Gas,0.7,59.743400669239236,1023180.0000000001,,
3222,Default,Spain,2016,Gas,0.7,45.764007759442485,1023180.0000000001,,
3223,DR=0.08_LT=25,Spain,2016,Gas,0.7,48.244783125379584,1023180.0000000001,,
3224,Default,Spain,2017,Gas,0.7,52.84927968926704,1023180.0000000001,,
3225,DR=0.08_LT=25,Spain,2017,Gas,0.7,55.33005505520415,1023180.0000000001,,
3226,Default,Spain,2018,Gas,0.7,65.84309372435476,1023180.0000000001,,
3227,DR=0.08_LT=25,Spain,2018,Gas,0.7,68.32386909029186,1023180.0000000001,,
3228,Default,Spain,2019,Gas,0.7,45.35339021558283,1023180.0000000001,,
3229,DR=0.08_LT=25,Spain,2019,Gas,0.7,47.83416558151993,1023180.0000000001,,
3230,Default,Spain,2020,Gas,0.7,37.411544601547746,1023180.0000000001,,
3231,DR=0.08_LT=25,Spain,2020,Gas,0.7,39.89231996748485,1023180.0000000001,,
3232,Default,Spain,2021,Gas,0.7,112.42610425067055,1023180.0000000001,,
3233,DR=0.08_LT=25,Spain,2021,Gas,0.7,114.90687961660767,1023180.0000000001,,
3234,Default,Spain,2022,Gas,0.7,240.69340249628462,1023180.0000000001,,
3235,DR=0.08_LT=25,Spain,2022,Gas,0.7,243.1741778622217,1023180.0000000001,,
3236,Default,Spain,2023,Gas,0.7,95.666481443653,1023180.0000000001,,
3237,DR=0.08_LT=25,Spain,2023,Gas,0.7,98.1472568095901,1023180.0000000001,,
3238,Default,Spain,2024,Gas,0.7,83.83907267172319,1023180.0000000001,,
3239,DR=0.08_LT=25,Spain,2024,Gas,0.7,86.3198480376603,1023180.0000000001,,
3240,Default,Spain,2024,Solar+BESS,0.75,52.94,5011163.28362065,3.4,11.6
3241,DR=0.08_LT=25,Spain,2024,Solar+BESS,0.75,78.81,5011163.28362065,3.4,11.6
3242,Default,Spain,2015,Solar+BESS,0.75,224.58,26359093.412200004,3.4,11.6
3243,DR=0.08_LT=25,Spain,2015,Solar+BESS,0.75,360.65,26359093.412200004,3.4,11.6
3244,Default,Spain,2016,Solar+BESS,0.75,182.46,21121016.9536,3.4,11.6
3245,DR=0.08_LT=25,Spain,2016,Solar+BESS,0.75,291.5,21121016.9536,3.4,11.6
3246,Default,Spain,2017,Solar+BESS,0.75,137.65,15547869.293692902,3.4,11.6
3247,DR=0.08_LT=25,Spain,2017,Solar+BESS,0.75,217.92,15547869.293692902,3.4,11.6
3248,Default,Spain,2018,Solar+BESS,0.75,122.0,13600486.627474029,3.4,11.6
3249,DR=0.08_LT=25,Spain,2018,Solar+BESS,0.75,192.21,13600486.627474029,3.4,11.6
3250,Default,Spain,2019,Solar+BESS,0.75,84.38,8922212.397908691,3.4,11.6
3251,DR=0.08_LT=25,Spain,2019,Solar+BESS,0.75,130.44,8922212.397908691,3.4,11.6
3252,Default,Spain,2020,Solar+BESS,0.75,65.08,6521580.756782807,3.4,11.6
3253,DR=0.08_LT=25,Spain,2020,Solar+BESS,0.75,98.75,6521580.756782807,3.4,11.6
3254,Default,Spain,2021,Solar+BESS,0.75,64.22,6414122.572785985,3.4,11.6
3255,DR=0.08_LT=25,Spain,2021,Solar+BESS,0.75,97.33,6414122.572785985,3.4,11.6
3256,Default,Spain,2022,Solar+BESS,0.75,68.48,6943415.380300708,3.4,11.6
3257,DR=0.08_LT=25,Spain,2022,Solar+BESS,0.75,104.32,6943415.380300708,3.4,11.6
3258,Default,Spain,2023,Solar+BESS,0.75,56.74,5483398.296324011,3.4,11.6
3259,DR=0.08_LT=25,Spain,2023,Solar+BESS,0.75,85.04,5483398.296324011,3.4,11.6
3260,Default,Spain,2015,Coal,0.75,49.87820523134395,2294519.9999999995,,
3261,DR=0.08_LT=25,Spain,2015,Coal,0.75,62.7303400669653,2294519.9999999995,,
3262,Default,Spain,2016,Coal,0.75,52.022333138320704,2294519.9999999995,,
3263,DR=0.08_LT=25,Spain,2016,Coal,0.75,64.87446797394205,2294519.9999999995,,
3264,Default,Spain,2017,Coal,0.75,60.87805406855325,2294519.9999999995,,
3265,DR=0.08_LT=25,Spain,2017,Coal,0.75,73.73018890417461,2294519.9999999995,,
3266,Default,Spain,2018,Coal,0.75,67.50679825459976,2294519.9999999995,,
3267,DR=0.08_LT=25,Spain,2018,Coal,0.75,80.35893309022111,2294519.9999999995,,
3268,Default,Spain,2019,Coal,0.75,56.07630988250675,2294519.9999999995,,
3269,DR=0.08_LT=25,Spain,2019,Coal,0.75,68.92844471812809,2294519.9999999995,,
3270,Default,Spain,2020,Coal,0.75,49.37720523134396,2294519.9999999995,,
3271,DR=0.08_LT=25,Spain,2020,Coal,0.75,62.2293400669653,2294519.9999999995,,
3272,Default,Spain,2021,Coal,0.75,77.91822848715792,2294519.9999999995,,
3273,DR=0.08_LT=25,Spain,2021,Coal,0.75,90.77036332277926,2294519.9999999995,,
3274,Default,Spain,2022,Coal,0.75,155.28236802204165,2294519.9999999995,,
3275,DR=0.08_LT=25,Spain,2022,Coal,0.75,168.134502857663,2294519.9999999995,,
3276,Default,Spain,2023,Coal,0.75,93.79018197552999,2294519.9999999995,,
3277,DR=0.08_LT=25,Spain,2023,Coal,0.75,106.64231681115135,2294519.9999999995,,
3278,Default,Spain,2024,Coal,0.75,77.59897267320441,2294519.9999999995,,
3279,DR=0.08_LT=25,Spain,2024,Coal,0.75,90.45110750882576,2294519.9999999995,,
3280,Default,Spain,2015,Gas,0.75,56.22462443512877,1023180.0000000001,,
3281,DR=0.08_LT=25,Spain,2015,Gas,0.75,58.54001477667007,1023180.0000000001,,
3282,Default,Spain,2016,Gas,0.75,44.726006891269115,1023180.0000000001,,
3283,DR=0.08_LT=25,Spain,2016,Gas,0.75,47.04139723281041,1023180.0000000001,,
3284,Default,Spain,2017,Gas,0.75,51.81127882109368,1023180.0000000001,,
3285,DR=0.08_LT=25,Spain,2017,Gas,0.75,54.126669162634975,1023180.0000000001,,
3286,Default,Spain,2018,Gas,0.75,64.8050928561814,1023180.0000000001,,
3287,DR=0.08_LT=25,Spain,2018,Gas,0.75,67.1204831977227,1023180.0000000001,,
3288,Default,Spain,2019,Gas,0.75,44.315389347409464,1023180.0000000001,,
3289,DR=0.08_LT=25,Spain,2019,Gas,0.75,46.63077968895076,1023180.0000000001,,
3290,Default,Spain,2020,Gas,0.75,36.373543733374376,1023180.0000000001,,
3291,DR=0.08_LT=25,Spain,2020,Gas,0.75,38.68893407491568,1023180.0000000001,,
3292,Default,Spain,2021,Gas,0.75,111.38810338249718,1023180.0000000001,,
3293,DR=0.08_LT=25,Spain,2021,Gas,0.75,113.70349372403848,1023180.0000000001,,
3294,Default,Spain,2022,Gas,0.75,239.65540162811124,1023180.0000000001,,
3295,DR=0.08_LT=25,Spain,2022,Gas,0.75,241.9707919696525,1023180.0000000001,,
3296,Default,Spain,2023,Gas,0.75,94.62848057547961,1023180.0000000001,,
3297,DR=0.08_LT=25,Spain,2023,Gas,0.75,96.9438709170209,1023180.0000000001,,
3298,Default,Spain,2024,Gas,0.75,82.80107180354982,1023180.0000000001,,
3299,DR=0.08_LT=25,Spain,2024,Gas,0.75,85.11646214509113,1023180.0000000001,,
3300,Default,Spain,2024,Solar+BESS,0.8,54.95,5539648.796098843,3.7,13.0
3301,DR=0.08_LT=25,Spain,2024,Solar+BESS,0.8,81.76,5539648.796098843,3.7,13.0
3302,Default,Spain,2015,Solar+BESS,0.8,233.94,29286699.8085,3.7,13.0
3303,DR=0.08_LT=25,Spain,2015,Solar+BESS,0.8,375.68,29286699.8085,3.7,13.0
3304,Default,Spain,2016,Solar+BESS,0.8,189.79,23429608.833000004,3.7,13.0
3305,DR=0.08_LT=25,Spain,2016,Solar+BESS,0.8,303.19,23429608.833000004,3.7,13.0
3306,Default,Spain,2017,Solar+BESS,0.8,143.15,17241367.580769833,3.7,13.0
3307,DR=0.08_LT=25,Spain,2017,Solar+BESS,0.8,226.59,17241367.580769833,3.7,13.0
3308,Default,Spain,2018,Solar+BESS,0.8,126.91,15087366.463995429,3.7,13.0
3309,DR=0.08_LT=25,Spain,2018,Solar+BESS,0.8,199.93,15087366.463995429,3.7,13.0
3310,Default,Spain,2019,Solar+BESS,0.8,87.52,9860950.468303403,3.7,13.0
3311,DR=0.08_LT=25,Spain,2019,Solar+BESS,0.8,135.24,9860950.468303403,3.7,13.0
3312,Default,Spain,2020,Solar+BESS,0.8,67.64,7223282.819773284,3.7,13.0
3313,DR=0.08_LT=25,Spain,2020,Solar+BESS,0.8,102.6,7223282.819773284,3.7,13.0
3314,Default,Spain,2021,Solar+BESS,0.8,66.71,7100652.917723827,3.7,13.0
3315,DR=0.08_LT=25,Spain,2021,Solar+BESS,0.8,101.08,7100652.917723827,3.7,13.0
3316,Default,Spain,2022,Solar+BESS,0.8,71.24,7700905.377712928,3.7,13.0
3317,DR=0.08_LT=25,Spain,2022,Solar+BESS,0.8,108.51,7700905.377712928,3.7,13.0
3318,Default,Spain,2023,Solar+BESS,0.8,59.01,6078812.231219692,3.7,13.0
3319,DR=0.08_LT=25,Spain,2023,Solar+BESS,0.8,88.43,6078812.231219692,3.7,13.0
3320,Default,Spain,2015,Coal,0.8,48.38892874159426,2294519.9999999995,,
3321,DR=0.08_LT=25,Spain,2015,Coal,0.8,60.43780514998926,2294519.9999999995,,
3322,Default,Spain,2016,Coal,0.8,50.53305664857101,2294519.9999999995,,
3323,DR=0.08_LT=25,Spain,2016,Coal,0.8,62.581933056966,2294519.9999999995,,
3324,Default,Spain,2017,Coal,0.8,59.38877757880357,2294519.9999999995,,
3325,DR=0.08_LT=25,Spain,2017,Coal,0.8,71.43765398719857,2294519.9999999995,,
3326,Default,Spain,2018,Coal,0.8,66.01752176485007,2294519.9999999995,,
3327,DR=0.08_LT=25,Spain,2018,Coal,0.8,78.06639817324508,2294519.9999999995,,
3328,Default,Spain,2019,Coal,0.8,54.58703339275706,2294519.9999999995,,
3329,DR=0.08_LT=25,Spain,2019,Coal,0.8,66.63590980115207,2294519.9999999995,,
3330,Default,Spain,2020,Coal,0.8,47.887928741594266,2294519.9999999995,,
3331,DR=0.08_LT=25,Spain,2020,Coal,0.8,59.93680514998927,2294519.9999999995,,
3332,Default,Spain,2021,Coal,0.8,76.42895199740822,2294519.9999999995,,
3333,DR=0.08_LT=25,Spain,2021,Coal,0.8,88.47782840580324,2294519.9999999995,,
3334,Default,Spain,2022,Coal,0.8,153.79309153229192,2294519.9999999995,,
3335,DR=0.08_LT=25,Spain,2022,Coal,0.8,165.84196794068694,2294519.9999999995,,
3336,Default,Spain,2023,Coal,0.8,92.3009054857803,2294519.9999999995,,
3337,DR=0.08_LT=25,Spain,2023,Coal,0.8,104.34978189417531,2294519.9999999995,,
3338,Default,Spain,2024,Coal,0.8,76.10969618345473,2294519.9999999995,,
3339,DR=0.08_LT=25,Spain,2024,Coal,0.8,88.15857259184973,2294519.9999999995,,
3340,Default,Spain,2015,Gas,0.8,55.31637367547708,1023180.0000000001,,
3341,DR=0.08_LT=25,Spain,2015,Gas,0.8,57.48705212067205,1023180.0000000001,,
3342,Default,Spain,2016,Gas,0.8,43.81775613161743,1023180.0000000001,,
3343,DR=0.08_LT=25,Spain,2016,Gas,0.8,45.98843457681239,1023180.0000000001,,
3344,Default,Spain,2017,Gas,0.8,50.903028061441994,1023180.0000000001,,
3345,DR=0.08_LT=25,Spain,2017,Gas,0.8,53.07370650663696,1023180.0000000001,,
3346,Default,Spain,2018,Gas,0.8,63.89684209652971,1023180.0000000001,,
3347,DR=0.08_LT=25,Spain,2018,Gas,0.8,66.06752054172468,1023180.0000000001,,
3348,Default,Spain,2019,Gas,0.8,43.407138587757785,1023180.0000000001,,
3349,DR=0.08_LT=25,Spain,2019,Gas,0.8,45.577817032952744,1023180.0000000001,,
3350,Default,Spain,2020,Gas,0.8,35.46529297372269,1023180.0000000001,,
3351,DR=0.08_LT=25,Spain,2020,Gas,0.8,37.635971418917656,1023180.0000000001,,
3352,Default,Spain,2021,Gas,0.8,110.47985262284548,1023180.0000000001,,
3353,DR=0.08_LT=25,Spain,2021,Gas,0.8,112.65053106804046,1023180.0000000001,,
3354,Default,Spain,2022,Gas,0.8,238.74715086845956,1023180.0000000001,,
3355,DR=0.08_LT=25,Spain,2022,Gas,0.8,240.91782931365452,1023180.0000000001,,
3356,Default,Spain,2023,Gas,0.8,93.72022981582792,1023180.0000000001,,
3357,DR=0.08_LT=25,Spain,2023,Gas,0.8,95.8909082610229,1023180.0000000001,,
3358,Default,Spain,2024,Gas,0.8,81.89282104389812,1023180.0000000001,,
3359,DR=0.08_LT=25,Spain,2024,Gas,0.8,84.0634994890931,1023180.0000000001,,
3360,Default,Spain,2024,Solar+BESS,0.85,57.37,6192112.760196157,4.4,13.6
3361,DR=0.08_LT=25,Spain,2024,Solar+BESS,0.85,85.57,6192112.760196157,4.4,13.6
3362,Default,Spain,2015,Solar+BESS,0.85,239.7,31894346.891,4.4,13.6
3363,DR=0.08_LT=25,Spain,2015,Solar+BESS,0.85,384.98,31894346.891,4.4,13.6
3364,Default,Spain,2016,Solar+BESS,0.85,195.95,25726871.428000003,4.4,13.6
3365,DR=0.08_LT=25,Spain,2016,Solar+BESS,0.85,313.14,25726871.428000003,4.4,13.6
3366,Default,Spain,2017,Solar+BESS,0.85,147.98,18965555.569493398,4.4,13.6
3367,DR=0.08_LT=25,Spain,2017,Solar+BESS,0.85,234.37,18965555.569493398,4.4,13.6
3368,Default,Spain,2018,Solar+BESS,0.85,130.95,16564944.299965518,4.4,13.6
3369,DR=0.08_LT=25,Spain,2018,Solar+BESS,0.85,206.41,16564944.299965518,4.4,13.6
3370,Default,Spain,2019,Solar+BESS,0.85,91.72,11034990.533528954,4.4,13.6
3371,DR=0.08_LT=25,Spain,2019,Solar+BESS,0.85,141.99,11034990.533528954,4.4,13.6
3372,Default,Spain,2020,Solar+BESS,0.85,70.16,7994701.25896682,4.4,13.6
3373,DR=0.08_LT=25,Spain,2020,Solar+BESS,0.85,106.57,7994701.25896682,4.4,13.6
3374,Default,Spain,2021,Solar+BESS,0.85,69.34,7879502.001130327,4.4,13.6
3375,DR=0.08_LT=25,Spain,2021,Solar+BESS,0.85,105.23,7879502.001130327,4.4,13.6
3376,Default,Spain,2022,Solar+BESS,0.85,73.49,8464189.558727045,4.4,13.6
3377,DR=0.08_LT=25,Spain,2022,Solar+BESS,0.85,112.04,8464189.558727045,4.4,13.6
3378,Default,Spain,2023,Solar+BESS,0.85,60.95,6697199.217487898,4.4,13.6
3379,DR=0.08_LT=25,Spain,2023,Solar+BESS,0.85,91.46,6697199.217487898,4.4,13.6
3380,Default,Spain,2015,Coal,0.85,47.07486125063864,2294519.9999999995,,
3381,DR=0.08_LT=25,Spain,2015,Coal,0.85,58.414980223245706,2294519.9999999995,,
3382,Default,Spain,2016,Coal,0.85,49.2189891576154,2294519.9999999995,,
3383,DR=0.08_LT=25,Spain,2016,Coal,0.85,60.55910813022248,2294519.9999999995,,
3384,Default,Spain,2017,Coal,0.85,58.07471008784795,2294519.9999999995,,
3385,DR=0.08_LT=25,Spain,2017,Coal,0.85,69.41482906045502,2294519.9999999995,,
3386,Default,Spain,2018,Coal,0.85,64.70345427389447,2294519.9999999995,,
3387,DR=0.08_LT=25,Spain,2018,Coal,0.85,76.04357324650154,2294519.9999999995,,
3388,Default,Spain,2019,Coal,0.85,53.27296590180144,2294519.9999999995,,
3389,DR=0.08_LT=25,Spain,2019,Coal,0.85,64.61308487440851,2294519.9999999995,,
3390,Default,Spain,2020,Coal,0.85,46.57386125063866,2294519.9999999995,,
3391,DR=0.08_LT=25,Spain,2020,Coal,0.85,57.91398022324572,2294519.9999999995,,
3392,Default,Spain,2021,Coal,0.85,75.11488450645261,2294519.9999999995,,
3393,DR=0.08_LT=25,Spain,2021,Coal,0.85,86.45500347905967,2294519.9999999995,,
3394,Default,Spain,2022,Coal,0.85,152.47902404133632,2294519.9999999995,,
3395,DR=0.08_LT=25,Spain,2022,Coal,0.85,163.8191430139434,2294519.9999999995,,
3396,Default,Spain,2023,Coal,0.85,90.9868379948247,2294519.9999999995,,
3397,DR=0.08_LT=25,Spain,2023,Coal,0.85,102.32695696743178,2294519.9999999995,,
3398,Default,Spain,2024,Coal,0.85,74.79562869249912,2294519.9999999995,,
3399,DR=0.08_LT=25,Spain,2024,Coal,0.85,86.1357476651062,2294519.9999999995,,
3400,Default,Spain,2015,Gas,0.85,54.51497594637265,1023180.0000000001,,
3401,DR=0.08_LT=25,Spain,2015,Gas,0.85,56.55796742420321,1023180.0000000001,,
3402,Default,Spain,2016,Gas,0.85,43.016358402513006,1023180.0000000001,,
3403,DR=0.08_LT=25,Spain,2016,Gas,0.85,45.059349880343554,1023180.0000000001,,
3404,Default,Spain,2017,Gas,0.85,50.101630332337564,1023180.0000000001,,
3405,DR=0.08_LT=25,Spain,2017,Gas,0.85,52.14462181016812,1023180.0000000001,,
3406,Default,Spain,2018,Gas,0.85,63.09544436742528,1023180.0000000001,,
3407,DR=0.08_LT=25,Spain,2018,Gas,0.85,65.13843584525584,1023180.0000000001,,
3408,Default,Spain,2019,Gas,0.85,42.60574085865335,1023180.0000000001,,
3409,DR=0.08_LT=25,Spain,2019,Gas,0.85,44.64873233648391,1023180.0000000001,,
3410,Default,Spain,2020,Gas,0.85,34.66389524461826,1023180.0000000001,,
3411,DR=0.08_LT=25,Spain,2020,Gas,0.85,36.706886722448814,1023180.0000000001,,
3412,Default,Spain,2021,Gas,0.85,109.67845489374106,1023180.0000000001,,
3413,DR=0.08_LT=25,Spain,2021,Gas,0.85,111.72144637157164,1023180.0000000001,,
3414,Default,Spain,2022,Gas,0.85,237.9457531393551,1023180.0000000001,,
3415,DR=0.08_LT=25,Spain,2022,Gas,0.85,239.9887446171857,1023180.0000000001,,
3416,Default,Spain,2023,Gas,0.85,92.9188320867235,1023180.0000000001,,
3417,DR=0.08_LT=25,Spain,2023,Gas,0.85,94.96182356455408,1023180.0000000001,,
3418,Default,Spain,2024,Gas,0.85,81.09142331479369,1023180.0000000001,,
3419,DR=0.08_LT=25,Spain,2024,Gas,0.85,83.13441479262426,1023180.0000000001,,
3420,Default,Spain,2024,Solar+BESS,0.9,61.79,7120187.986478331,5.3,14.6
3421,DR=0.08_LT=25,Spain,2024,Solar+BESS,0.9,92.42,7120187.986478331,5.3,14.6
3422,Default,Spain,2015,Solar+BESS,0.9,252.86,35637078.256400004,5.3,14.6
3423,DR=0.08_LT=25,Spain,2015,Solar+BESS,0.9,406.17,35637078.256400004,5.3,14.6
3424,Default,Spain,2016,Solar+BESS,0.9,208.48,29012972.4732,5.3,14.6
3425,DR=0.08_LT=25,Spain,2016,Solar+BESS,0.9,333.29,29012972.4732,5.3,14.6
3426,Default,Spain,2017,Solar+BESS,0.9,157.67,21430293.023926597,5.3,14.6
3427,DR=0.08_LT=25,Spain,2017,Solar+BESS,0.9,249.86,21430293.023926597,5.3,14.6
3428,Default,Spain,2018,Solar+BESS,0.9,139.24,18678616.74980973,5.3,14.6
3429,DR=0.08_LT=25,Spain,2018,Solar+BESS,0.9,219.59,18678616.74980973,5.3,14.6
3430,Default,Spain,2019,Solar+BESS,0.9,99.21,12704461.059525773,5.3,14.6
3431,DR=0.08_LT=25,Spain,2019,Solar+BESS,0.9,153.86,12704461.059525773,5.3,14.6
3432,Default,Spain,2020,Solar+BESS,0.9,75.03,9095143.790143566,5.3,14.6
3433,DR=0.08_LT=25,Spain,2020,Solar+BESS,0.9,114.15,9095143.790143566,5.3,14.6
3434,Default,Spain,2021,Solar+BESS,0.9,74.32,8989641.589332428,5.3,14.6
3435,DR=0.08_LT=25,Spain,2021,Solar+BESS,0.9,112.99,8989641.589332428,5.3,14.6
3436,Default,Spain,2022,Solar+BESS,0.9,78.11,9555629.836089974,5.3,14.6
3437,DR=0.08_LT=25,Spain,2022,Solar+BESS,0.9,119.22,9555629.836089974,5.3,14.6
3438,Default,Spain,2023,Solar+BESS,0.9,64.88,7580694.617263548,5.3,14.6
3439,DR=0.08_LT=25,Spain,2023,Solar+BESS,0.9,97.49,7580694.617263548,5.3,14.6
3440,Default,Spain,2015,Coal,0.9,45.9068012586781,2294519.9999999995,,
3441,DR=0.08_LT=25,Spain,2015,Coal,0.9,56.616913621695886,2294519.9999999995,,
3442,Default,Spain,2016,Coal,0.9,48.05092916565486,2294519.9999999995,,
3443,DR=0.08_LT=25,Spain,2016,Coal,0.9,58.76104152867264,2294519.9999999995,,
3444,Default,Spain,2017,Coal,0.9,56.90665009588741,2294519.9999999995,,
3445,DR=0.08_LT=25,Spain,2017,Coal,0.9,67.61676245890519,2294519.9999999995,,
3446,Default,Spain,2018,Coal,0.9,63.53539428193392,2294519.9999999995,,
3447,DR=0.08_LT=25,Spain,2018,Coal,0.9,74.2455066449517,2294519.9999999995,,
3448,Default,Spain,2019,Coal,0.9,52.10490590984089,2294519.9999999995,,
3449,DR=0.08_LT=25,Spain,2019,Coal,0.9,62.81501827285868,2294519.9999999995,,
3450,Default,Spain,2020,Coal,0.9,45.4058012586781,2294519.9999999995,,
3451,DR=0.08_LT=25,Spain,2020,Coal,0.9,56.115913621695896,2294519.9999999995,,
3452,Default,Spain,2021,Coal,0.9,73.94682451449208,2294519.9999999995,,
3453,DR=0.08_LT=25,Spain,2021,Coal,0.9,84.65693687750985,2294519.9999999995,,
3454,Default,Spain,2022,Coal,0.9,151.3109640493758,2294519.9999999995,,
3455,DR=0.08_LT=25,Spain,2022,Coal,0.9,162.02107641239357,2294519.9999999995,,
3456,Default,Spain,2023,Coal,0.9,89.81877800286415,2294519.9999999995,,
3457,DR=0.08_LT=25,Spain,2023,Coal,0.9,100.52889036588192,2294519.9999999995,,
3458,Default,Spain,2024,Coal,0.9,73.62756870053857,2294519.9999999995,,
3459,DR=0.08_LT=25,Spain,2024,Coal,0.9,84.33768106355636,2294519.9999999995,,
3460,Default,Spain,2015,Gas,0.9,53.802622409390935,1023180.0000000001,,
3461,DR=0.08_LT=25,Spain,2015,Gas,0.9,55.73211436067535,1023180.0000000001,,
3462,Default,Spain,2016,Gas,0.9,42.30400486553129,1023180.0000000001,,
3463,DR=0.08_LT=25,Spain,2016,Gas,0.9,44.233496816815695,1023180.0000000001,,
3464,Default,Spain,2017,Gas,0.9,49.38927679535585,1023180.0000000001,,
3465,DR=0.08_LT=25,Spain,2017,Gas,0.9,51.31876874664026,1023180.0000000001,,
3466,Default,Spain,2018,Gas,0.9,62.38309083044356,1023180.0000000001,,
3467,DR=0.08_LT=25,Spain,2018,Gas,0.9,64.31258278172798,1023180.0000000001,,
3468,Default,Spain,2019,Gas,0.9,41.89338732167163,1023180.0000000001,,
3469,DR=0.08_LT=25,Spain,2019,Gas,0.9,43.82287927295605,1023180.0000000001,,
3470,Default,Spain,2020,Gas,0.9,33.951541707636544,1023180.0000000001,,
3471,DR=0.08_LT=25,Spain,2020,Gas,0.9,35.881033658920956,1023180.0000000001,,
3472,Default,Spain,2021,Gas,0.9,108.96610135675932,1023180.0000000001,,
3473,DR=0.08_LT=25,Spain,2021,Gas,0.9,110.89559330804376,1023180.0000000001,,
3474,Default,Spain,2022,Gas,0.9,237.23339960237342,1023180.0000000001,,
3475,DR=0.08_LT=25,Spain,2022,Gas,0.9,239.1628915536578,1023180.0000000001,,
3476,Default,Spain,2023,Gas,0.9,92.20647854974179,1023180.0000000001,,
3477,DR=0.08_LT=25,Spain,2023,Gas,0.9,94.13597050102621,1023180.0000000001,,
3478,Default,Spain,2024,Gas,0.9,80.37906977781198,1023180.0000000001,,
3479,DR=0.08_LT=25,Spain,2024,Gas,0.9,82.30856172909638,1023180.0000000001,,
3480,Default,Spain,2024,Solar+BESS,0.95,69.02,8477917.742875516,6.6,15.8
3481,DR=0.08_LT=25,Spain,2024,Solar+BESS,0.95,103.57,8477917.742875516,6.6,15.8
3482,Default,Spain,2015,Solar+BESS,0.95,275.16,40955223.5287,6.6,15.8
3483,DR=0.08_LT=25,Spain,2015,Solar+BESS,0.95,442.08,40955223.5287,6.6,15.8
3484,Default,Spain,2016,Solar+BESS,0.95,229.33,33733996.9506,6.6,15.8
3485,DR=0.08_LT=25,Spain,2016,Solar+BESS,0.95,366.81,33733996.9506,6.6,15.8
3486,Default,Spain,2017,Solar+BESS,0.95,173.76,24978811.09156233,6.6,15.8
3487,DR=0.08_LT=25,Spain,2017,Solar+BESS,0.95,275.56,24978811.09156233,6.6,15.8
3488,Default,Spain,2018,Solar+BESS,0.95,153.04,21714868.25830768,6.6,15.8
3489,DR=0.08_LT=25,Spain,2018,Solar+BESS,0.95,241.54,21714868.25830768,6.6,15.8
3490,Default,Spain,2019,Solar+BESS,0.95,111.36,15149173.054933008,6.6,15.8
3491,DR=0.08_LT=25,Spain,2019,Solar+BESS,0.95,173.1,15149173.054933008,6.6,15.8
3492,Default,Spain,2020,Solar+BESS,0.95,83.06,10690212.207972214,6.6,15.8
3493,DR=0.08_LT=25,Spain,2020,Solar+BESS,0.95,126.63,10690212.207972214,6.6,15.8
3494,Default,Spain,2021,Solar+BESS,0.95,82.51,10602983.739954017,6.6,15.8
3495,DR=0.08_LT=25,Spain,2021,Solar+BESS,0.95,125.72,10602983.739954017,6.6,15.8
3496,Default,Spain,2022,Solar+BESS,0.95,85.82,11125496.629611569,6.6,15.8
3497,DR=0.08_LT=25,Spain,2022,Solar+BESS,0.95,131.17,11125496.629611569,6.6,15.8
3498,Default,Spain,2023,Solar+BESS,0.95,71.41,8854972.36451523,6.6,15.8
3499,DR=0.08_LT=25,Spain,2023,Solar+BESS,0.95,107.5,8854972.36451523,6.6,15.8
3500,Default,Spain,2015,Coal,0.95,44.86169495008182,2294519.9999999995,,
3501,DR=0.08_LT=25,Spain,2015,Coal,0.95,55.00811718873025,2294519.9999999995,,
3502,Default,Spain,2016,Coal,0.95,47.00582285705858,2294519.9999999995,,
3503,DR=0.08_LT=25,Spain,2016,Coal,0.95,57.15224509570701,2294519.9999999995,,
3504,Default,Spain,2017,Coal,0.95,55.861543787291126,2294519.9999999995,,
3505,DR=0.08_LT=25,Spain,2017,Coal,0.95,66.00796602593958,2294519.9999999995,,
3506,Default,Spain,2018,Coal,0.95,62.49028797333764,2294519.9999999995,,
3507,DR=0.08_LT=25,Spain,2018,Coal,0.95,72.63671021198607,2294519.9999999995,,
3508,Default,Spain,2019,Coal,0.95,51.05979960124461,2294519.9999999995,,
3509,DR=0.08_LT=25,Spain,2019,Coal,0.95,61.20622183989305,2294519.9999999995,,
3510,Default,Spain,2020,Coal,0.95,44.360694950081836,2294519.9999999995,,
3511,DR=0.08_LT=25,Spain,2020,Coal,0.95,54.50711718873026,2294519.9999999995,,
3512,Default,Spain,2021,Coal,0.95,72.90171820589579,2294519.9999999995,,
3513,DR=0.08_LT=25,Spain,2021,Coal,0.95,83.04814044454423,2294519.9999999995,,
3514,Default,Spain,2022,Coal,0.95,150.2658577407795,2294519.9999999995,,
3515,DR=0.08_LT=25,Spain,2022,Coal,0.95,160.41227997942798,2294519.9999999995,,
3516,Default,Spain,2023,Coal,0.95,88.77367169426788,2294519.9999999995,,
3517,DR=0.08_LT=25,Spain,2023,Coal,0.95,98.92009393291632,2294519.9999999995,,
3518,Default,Spain,2024,Coal,0.95,72.5824623919423,2294519.9999999995,,
3519,DR=0.08_LT=25,Spain,2024,Coal,0.95,82.72888463059074,2294519.9999999995,,
3520,Default,Spain,2015,Gas,0.95,53.1652534552494,1023180.0000000001,,
3521,DR=0.08_LT=25,Spain,2015,Gas,0.95,54.99319319857148,1023180.0000000001,,
3522,Default,Spain,2016,Gas,0.95,41.666635911389754,1023180.0000000001,,
3523,DR=0.08_LT=25,Spain,2016,Gas,0.95,43.49457565471183,1023180.0000000001,,
3524,Default,Spain,2017,Gas,0.95,48.75190784121432,1023180.0000000001,,
3525,DR=0.08_LT=25,Spain,2017,Gas,0.95,50.579847584536395,1023180.0000000001,,
3526,Default,Spain,2018,Gas,0.95,61.745721876302035,1023180.0000000001,,
3527,DR=0.08_LT=25,Spain,2018,Gas,0.95,63.57366161962411,1023180.0000000001,,
3528,Default,Spain,2019,Gas,0.95,41.2560183675301,1023180.0000000001,,
3529,DR=0.08_LT=25,Spain,2019,Gas,0.95,43.08395811085218,1023180.0000000001,,
3530,Default,Spain,2020,Gas,0.95,33.31417275349501,1023180.0000000001,,
3531,DR=0.08_LT=25,Spain,2020,Gas,0.95,35.14211249681709,1023180.0000000001,,
3532,Default,Spain,2021,Gas,0.95,108.32873240261783,1023180.0000000001,,
3533,DR=0.08_LT=25,Spain,2021,Gas,0.95,110.15667214593991,1023180.0000000001,,
3534,Default,Spain,2022,Gas,0.95,236.5960306482319,1023180.0000000001,,
3535,DR=0.08_LT=25,Spain,2022,Gas,0.95,238.42397039155398,1023180.0000000001,,
3536,Default,Spain,2023,Gas,0.95,91.56910959560028,1023180.0000000001,,
3537,DR=0.08_LT=25,Spain,2023,Gas,0.95,93.39704933892236,1023180.0000000001,,
3538,Default,Spain,2024,Gas,0.95,79.74170082367044,1023180.0000000001,,
3539,DR=0.08_LT=25,Spain,2024,Gas,0.95,81.56964056699252,1023180.0000000001,,
3540,Default,Spain,2024,Solar+BESS,1.0,91.76,12023083.673869804,10.1,19.6
3541,DR=0.08_LT=25,Spain,2024,Solar+BESS,1.0,138.31,12023083.673869804,10.1,19.6
3542,Default,Spain,2015,Solar+BESS,1.0,352.72,55300839.276,10.1,19.6
3543,DR=0.08_LT=25,Spain,2015,Solar+BESS,1.0,566.84,55300839.276,10.1,19.6
3544,Default,Spain,2016,Solar+BESS,1.0,298.53,46313366.228,10.1,19.6
3545,DR=0.08_LT=25,Spain,2016,Solar+BESS,1.0,477.84,46313366.228,10.1,19.6
3546,Default,Spain,2017,Solar+BESS,1.0,226.76,34411628.925007686,10.1,19.6
3547,DR=0.08_LT=25,Spain,2017,Solar+BESS,1.0,360.0,34411628.925007686,10.1,19.6
3548,Default,Spain,2018,Solar+BESS,1.0,198.99,29806238.317630135,10.1,19.6
3549,DR=0.08_LT=25,Spain,2018,Solar+BESS,1.0,314.39,29806238.317630135,10.1,19.6
3550,Default,Spain,2019,Solar+BESS,1.0,149.06,21525674.27526974,10.1,19.6
3551,DR=0.08_LT=25,Spain,2019,Solar+BESS,1.0,232.4,21525674.27526974,10.1,19.6
3552,Default,Spain,2020,Solar+BESS,1.0,109.1,14898397.595258571,10.1,19.6
3553,DR=0.08_LT=25,Spain,2020,Solar+BESS,1.0,166.78,14898397.595258571,10.1,19.6
3554,Default,Spain,2021,Solar+BESS,1.0,108.79,14846945.244454844,10.1,19.6
3555,DR=0.08_LT=25,Spain,2021,Solar+BESS,1.0,166.27,14846945.244454844,10.1,19.6
3556,Default,Spain,2022,Solar+BESS,1.0,111.54,15303020.201485174,10.1,19.6
3557,DR=0.08_LT=25,Spain,2022,Solar+BESS,1.0,170.79,15303020.201485174,10.1,19.6
3558,Default,Spain,2023,Solar+BESS,1.0,93.04,12235493.943754815,10.1,19.6
3559,DR=0.08_LT=25,Spain,2023,Solar+BESS,1.0,140.41,12235493.943754815,10.1,19.6
3560,Default,Spain,2015,Coal,1.0,43.921099272345174,2294519.9999999995,,
3561,DR=0.08_LT=25,Spain,2015,Coal,1.0,53.56020039906119,2294519.9999999995,,
3562,Default,Spain,2016,Coal,1.0,46.065227179321916,2294519.9999999995,,
3563,DR=0.08_LT=25,Spain,2016,Coal,1.0,55.70432830603794,2294519.9999999995,,
3564,Default,Spain,2017,Coal,1.0,54.92094810955448,2294519.9999999995,,
3565,DR=0.08_LT=25,Spain,2017,Coal,1.0,64.5600492362705,2294519.9999999995,,
3566,Default,Spain,2018,Coal,1.0,61.54969229560099,2294519.9999999995,,
3567,DR=0.08_LT=25,Spain,2018,Coal,1.0,71.188793422317,2294519.9999999995,,
3568,Default,Spain,2019,Coal,1.0,50.11920392350796,2294519.9999999995,,
3569,DR=0.08_LT=25,Spain,2019,Coal,1.0,59.75830505022398,2294519.9999999995,,
3570,Default,Spain,2020,Coal,1.0,43.420099272345176,2294519.9999999995,,
3571,DR=0.08_LT=25,Spain,2020,Coal,1.0,53.05920039906119,2294519.9999999995,,
3572,Default,Spain,2021,Coal,1.0,71.96112252815914,2294519.9999999995,,
3573,DR=0.08_LT=25,Spain,2021,Coal,1.0,81.60022365487517,2294519.9999999995,,
3574,Default,Spain,2022,Coal,1.0,149.32526206304289,2294519.9999999995,,
3575,DR=0.08_LT=25,Spain,2022,Coal,1.0,158.9643631897589,2294519.9999999995,,
3576,Default,Spain,2023,Coal,1.0,87.83307601653122,2294519.9999999995,,
3577,DR=0.08_LT=25,Spain,2023,Coal,1.0,97.47217714324724,2294519.9999999995,,
3578,Default,Spain,2024,Coal,1.0,71.64186671420565,2294519.9999999995,,
3579,DR=0.08_LT=25,Spain,2024,Coal,1.0,81.28096784092166,2294519.9999999995,,
3580,Default,Spain,2015,Gas,1.0,52.591621396522015,1023180.0000000001,,
3581,DR=0.08_LT=25,Spain,2015,Gas,1.0,54.32816415267799,1023180.0000000001,,
3582,Default,Spain,2016,Gas,1.0,41.09300385266236,1023180.0000000001,,
3583,DR=0.08_LT=25,Spain,2016,Gas,1.0,42.82954660881835,1023180.0000000001,,
3584,Default,Spain,2017,Gas,1.0,48.178275782486935,1023180.0000000001,,
3585,DR=0.08_LT=25,Spain,2017,Gas,1.0,49.91481853864291,1023180.0000000001,,
3586,Default,Spain,2018,Gas,1.0,61.172089817574644,1023180.0000000001,,
3587,DR=0.08_LT=25,Spain,2018,Gas,1.0,62.90863257373063,1023180.0000000001,,
3588,Default,Spain,2019,Gas,1.0,40.68238630880272,1023180.0000000001,,
3589,DR=0.08_LT=25,Spain,2019,Gas,1.0,42.41892906495869,1023180.0000000001,,
3590,Default,Spain,2020,Gas,1.0,32.740540694767624,1023180.0000000001,,
3591,DR=0.08_LT=25,Spain,2020,Gas,1.0,34.4770834509236,1023180.0000000001,,
3592,Default,Spain,2021,Gas,1.0,107.75510034389043,1023180.0000000001,,
3593,DR=0.08_LT=25,Spain,2021,Gas,1.0,109.49164310004643,1023180.0000000001,,
3594,Default,Spain,2022,Gas,1.0,236.0223985895045,1023180.0000000001,,
3595,DR=0.08_LT=25,Spain,2022,Gas,1.0,237.75894134566045,1023180.0000000001,,
3596,Default,Spain,2023,Gas,1.0,90.99547753687287,1023180.0000000001,,
3597,DR=0.08_LT=25,Spain,2023,Gas,1.0,92.73202029302885,1023180.0000000001,,
3598,Default,Spain,2024,Gas,1.0,79.16806876494306,1023180.0000000001,,
3599,DR=0.08_LT=25,Spain,2024,Gas,1.0,80.90461152109903,1023180.0000000001,,
3600,Default,United Kingdom,2024,Solar+BESS,0.05,24.37,174308.29216,0.2,0.0
3601,DR=0.08_LT=25,United Kingdom,2024,Solar+BESS,0.05,37.87,174308.29216,0.2,0.0
3602,Default,United Kingdom,2015,Solar+BESS,0.05,50.81,393592.15136,0.2,0.0
3603,DR=0.08_LT=25,United Kingdom,2015,Solar+BESS,0.05,81.29,393592.15136,0.2,0.0
3604,Default,United Kingdom,2016,Solar+BESS,0.05,56.2,438219.4977034055,0.2,0.0
3605,DR=0.08_LT=25,United Kingdom,2016,Solar+BESS,0.05,90.13,438219.4977034055,0.2,0.0
3606,Default,United Kingdom,2017,Solar+BESS,0.05,48.77,376638.56552132923,0.2,0.0
3607,DR=0.08_LT=25,United Kingdom,2017,Solar+BESS,0.05,77.93,376638.56552132923,0.2,0.0
3608,Default,United Kingdom,2018,Solar+BESS,0.05,42.16,321874.30260526616,0.2,0.0
3609,DR=0.08_LT=25,United Kingdom,2018,Solar+BESS,0.05,67.09,321874.30260526616,0.2,0.0
3610,Default,United Kingdom,2019,Solar+BESS,0.05,35.41,265877.6376699702,0.2,0.0
3611,DR=0.08_LT=25,United Kingdom,2019,Solar+BESS,0.05,56.0,265877.6376699702,0.2,0.0
3612,Default,United Kingdom,2020,Solar+BESS,0.05,31.51,233554.479009178,0.2,0.0
3613,DR=0.08_LT=25,United Kingdom,2020,Solar+BESS,0.05,49.6,233554.479009178,0.2,0.0
3614,Default,United Kingdom,2021,Solar+BESS,0.05,29.6,217666.309714862,0.2,0.0
3615,DR=0.08_LT=25,United Kingdom,2021,Solar+BESS,0.05,46.45,217666.309714862,0.2,0.0
3616,Default,United Kingdom,2022,Solar+BESS,0.05,28.43,208031.58739044648,0.2,0.0
3617,DR=0.08_LT=25,United Kingdom,2022,Solar+BESS,0.05,44.54,208031.58739044648,0.2,0.0
3618,Default,United Kingdom,2023,Solar+BESS,0.05,24.28,173577.65872777477,0.2,0.0
3619,DR=0.08_LT=25,United Kingdom,2023,Solar+BESS,0.05,37.72,173577.65872777477,0.2,0.0
3620,Default,United Kingdom,2015,Coal,0.05,333.5901995287563,1856989.9999999998,,
3621,DR=0.08_LT=25,United Kingdom,2015,Coal,0.05,489.611627986999,1856989.9999999998,,
3622,Default,United Kingdom,2016,Coal,0.05,335.73432743573306,1856989.9999999998,,
3623,DR=0.08_LT=25,United Kingdom,2016,Coal,0.05,491.75575589397573,1856989.9999999998,,
3624,Default,United Kingdom,2017,Coal,0.05,344.59004836596563,1856989.9999999998,,
3625,DR=0.08_LT=25,United Kingdom,2017,Coal,0.05,500.6114768242083,1856989.9999999998,,
3626,Default,United Kingdom,2018,Coal,0.05,351.21879255201213,1856989.9999999998,,
3627,DR=0.08_LT=25,United Kingdom,2018,Coal,0.05,507.2402210102548,1856989.9999999998,,
3628,Default,United Kingdom,2019,Coal,0.05,339.78830417991907,1856989.9999999998,,
3629,DR=0.08_LT=25,United Kingdom,2019,Coal,0.05,495.8097326381618,1856989.9999999998,,
3630,Default,United Kingdom,2020,Coal,0.05,333.0891995287563,1856989.9999999998,,
3631,DR=0.08_LT=25,United Kingdom,2020,Coal,0.05,489.1106279869991,1856989.9999999998,,
3632,Default,United Kingdom,2021,Coal,0.05,361.63022278457026,1856989.9999999998,,
3633,DR=0.08_LT=25,United Kingdom,2021,Coal,0.05,517.6516512428129,1856989.9999999998,,
3634,Default,United Kingdom,2022,Coal,0.05,438.994362319454,1856989.9999999998,,
3635,DR=0.08_LT=25,United Kingdom,2022,Coal,0.05,595.0157907776967,1856989.9999999998,,
3636,Default,United Kingdom,2023,Coal,0.05,377.5021762729423,1856989.9999999998,,
3637,DR=0.08_LT=25,United Kingdom,2023,Coal,0.05,533.5236047311851,1856989.9999999998,,
3638,Default,United Kingdom,2024,Coal,0.05,361.3109669706168,1856989.9999999998,,
3639,DR=0.08_LT=25,United Kingdom,2024,Coal,0.05,517.3323954288594,1856989.9999999998,,
3640,Default,United Kingdom,2015,Gas,0.05,257.18719047843683,1005290.0000000001,,
3641,DR=0.08_LT=25,United Kingdom,2015,Gas,0.05,291.31078686100955,1005290.0000000001,,
3642,Default,United Kingdom,2016,Gas,0.05,245.95294486440176,1005290.0000000001,,
3643,DR=0.08_LT=25,United Kingdom,2016,Gas,0.05,280.07654124697444,1005290.0000000001,,
3644,Default,United Kingdom,2017,Gas,0.05,252.71966767141933,1005290.0000000001,,
3645,DR=0.08_LT=25,United Kingdom,2017,Gas,0.05,286.843264053992,1005290.0000000001,,
3646,Default,United Kingdom,2018,Gas,0.05,265.8616676714193,1005290.0000000001,,
3647,DR=0.08_LT=25,United Kingdom,2018,Gas,0.05,299.985264053992,1005290.0000000001,,
3648,Default,United Kingdom,2019,Gas,0.05,244.85063082931407,1005290.0000000001,,
3649,DR=0.08_LT=25,United Kingdom,2019,Gas,0.05,278.9742272118867,1005290.0000000001,,
3650,Default,United Kingdom,2020,Gas,0.05,237.1325887240509,1005290.0000000001,,
3651,DR=0.08_LT=25,United Kingdom,2020,Gas,0.05,271.2561851066236,1005290.0000000001,,
3652,Default,United Kingdom,2021,Gas,0.05,310.61770977668243,1005290.0000000001,,
3653,DR=0.08_LT=25,United Kingdom,2021,Gas,0.05,344.74130615925515,1005290.0000000001,,
3654,Default,United Kingdom,2022,Gas,0.05,365.08195539071755,1005290.0000000001,,
3655,DR=0.08_LT=25,United Kingdom,2022,Gas,0.05,399.20555177329027,1005290.0000000001,,
3656,Default,United Kingdom,2023,Gas,0.05,291.7582781977351,1005290.0000000001,,
3657,DR=0.08_LT=25,United Kingdom,2023,Gas,0.05,325.8818745803078,1005290.0000000001,,
3658,Default,United Kingdom,2024,Gas,0.05,282.11651679422636,1005290.0000000001,,
3659,DR=0.08_LT=25,United Kingdom,2024,Gas,0.05,316.24011317679907,1005290.0000000001,,
3660,Default,United Kingdom,2024,Solar+BESS,0.1,24.37,348616.57652999996,0.4,0.0
3661,DR=0.08_LT=25,United Kingdom,2024,Solar+BESS,0.1,37.87,348616.57652999996,0.4,0.0
3662,Default,United Kingdom,2015,Solar+BESS,0.1,50.81,787184.2851300001,0.4,0.0
3663,DR=0.08_LT=25,United Kingdom,2015,Solar+BESS,0.1,81.29,787184.2851300001,0.4,0.0
3664,Default,United Kingdom,2016,Solar+BESS,0.1,56.2,876438.9758223734,0.4,0.0
3665,DR=0.08_LT=25,United Kingdom,2016,Solar+BESS,0.1,90.13,876438.9758223734,0.4,0.0
3666,Default,United Kingdom,2017,Solar+BESS,0.1,48.77,753277.11421033,0.4,0.0
3667,DR=0.08_LT=25,United Kingdom,2017,Solar+BESS,0.1,77.93,753277.11421033,0.4,0.0
3668,Default,United Kingdom,2018,Solar+BESS,0.1,42.16,643748.5908256698,0.4,0.0
3669,DR=0.08_LT=25,United Kingdom,2018,Solar+BESS,0.1,67.09,643748.5908256698,0.4,0.0
3670,Default,United Kingdom,2019,Solar+BESS,0.1,35.41,531755.2634576211,0.4,0.0
3671,DR=0.08_LT=25,United Kingdom,2019,Solar+BESS,0.1,56.0,531755.2634576211,0.4,0.0
3672,Default,United Kingdom,2020,Solar+BESS,0.1,31.51,467108.94758058875,0.4,0.0
3673,DR=0.08_LT=25,United Kingdom,2020,Solar+BESS,0.1,49.6,467108.94758058875,0.4,0.0
3674,Default,United Kingdom,2021,Solar+BESS,0.1,29.6,435332.60970201384,0.4,0.0
3675,DR=0.08_LT=25,United Kingdom,2021,Solar+BESS,0.1,46.45,435332.60970201384,0.4,0.0
3676,Default,United Kingdom,2022,Solar+BESS,0.1,28.43,416063.1654837674,0.4,0.0
3677,DR=0.08_LT=25,United Kingdom,2022,Solar+BESS,0.1,44.54,416063.1654837674,0.4,0.0
3678,Default,United Kingdom,2023,Solar+BESS,0.1,24.28,347155.30969820224,0.4,0.0
3679,DR=0.08_LT=25,United Kingdom,2023,Solar+BESS,0.1,37.72,347155.30969820224,0.4,0.0
3680,Default,United Kingdom,2015,Coal,0.1,179.81999046205257,1856989.9999999998,,
3681,DR=0.08_LT=25,United Kingdom,2015,Coal,0.1,257.83070469117393,1856989.9999999998,,
3682,Default,United Kingdom,2016,Coal,0.1,181.96411836902934,1856989.9999999998,,
3683,DR=0.08_LT=25,United Kingdom,2016,Coal,0.1,259.97483259815067,1856989.9999999998,,
3684,Default,United Kingdom,2017,Coal,0.1,190.81983929926184,1856989.9999999998,,
3685,DR=0.08_LT=25,United Kingdom,2017,Coal,0.1,268.83055352838323,1856989.9999999998,,
3686,Default,United Kingdom,2018,Coal,0.1,197.44858348530838,1856989.9999999998,,
3687,DR=0.08_LT=25,United Kingdom,2018,Coal,0.1,275.4592977144298,1856989.9999999998,,
3688,Default,United Kingdom,2019,Coal,0.1,186.01809511321537,1856989.9999999998,,
3689,DR=0.08_LT=25,United Kingdom,2019,Coal,0.1,264.02880934233673,1856989.9999999998,,
3690,Default,United Kingdom,2020,Coal,0.1,179.31899046205257,1856989.9999999998,,
3691,DR=0.08_LT=25,United Kingdom,2020,Coal,0.1,257.3297046911739,1856989.9999999998,,
3692,Default,United Kingdom,2021,Coal,0.1,207.86001371786654,1856989.9999999998,,
3693,DR=0.08_LT=25,United Kingdom,2021,Coal,0.1,285.87072794698787,1856989.9999999998,,
3694,Default,United Kingdom,2022,Coal,0.1,285.2241532527502,1856989.9999999998,,
3695,DR=0.08_LT=25,United Kingdom,2022,Coal,0.1,363.23486748187156,1856989.9999999998,,
3696,Default,United Kingdom,2023,Coal,0.1,223.7319672062386,1856989.9999999998,,
3697,DR=0.08_LT=25,United Kingdom,2023,Coal,0.1,301.74268143535994,1856989.9999999998,,
3698,Default,United Kingdom,2024,Coal,0.1,207.54075790391306,1856989.9999999998,,
3699,DR=0.08_LT=25,United Kingdom,2024,Coal,0.1,285.5514721330344,1856989.9999999998,,
3700,Default,United Kingdom,2015,Gas,0.1,149.66489874799035,1005290.0000000001,,
3701,DR=0.08_LT=25,United Kingdom,2015,Gas,0.1,166.7266969392767,1005290.0000000001,,
3702,Default,United Kingdom,2016,Gas,0.1,138.43065313395525,1005290.0000000001,,
3703,DR=0.08_LT=25,United Kingdom,2016,Gas,0.1,155.4924513252416,1005290.0000000001,,
3704,Default,United Kingdom,2017,Gas,0.1,145.19737594097282,1005290.0000000001,,
3705,DR=0.08_LT=25,United Kingdom,2017,Gas,0.1,162.25917413225915,1005290.0000000001,,
3706,Default,United Kingdom,2018,Gas,0.1,158.3393759409728,1005290.0000000001,,
3707,DR=0.08_LT=25,United Kingdom,2018,Gas,0.1,175.40117413225917,1005290.0000000001,,
3708,Default,United Kingdom,2019,Gas,0.1,137.32833909886756,1005290.0000000001,,
3709,DR=0.08_LT=25,United Kingdom,2019,Gas,0.1,154.39013729015392,1005290.0000000001,,
3710,Default,United Kingdom,2020,Gas,0.1,129.61029699360438,1005290.0000000001,,
3711,DR=0.08_LT=25,United Kingdom,2020,Gas,0.1,146.67209518489074,1005290.0000000001,,
3712,Default,United Kingdom,2021,Gas,0.1,203.09541804623598,1005290.0000000001,,
3713,DR=0.08_LT=25,United Kingdom,2021,Gas,0.1,220.15721623752233,1005290.0000000001,,
3714,Default,United Kingdom,2022,Gas,0.1,257.55966366027104,1005290.0000000001,,
3715,DR=0.08_LT=25,United Kingdom,2022,Gas,0.1,274.62146185155734,1005290.0000000001,,
3716,Default,United Kingdom,2023,Gas,0.1,184.23598646728863,1005290.0000000001,,
3717,DR=0.08_LT=25,United Kingdom,2023,Gas,0.1,201.29778465857495,1005290.0000000001,,
3718,Default,United Kingdom,2024,Gas,0.1,174.59422506377982,1005290.0000000001,,
3719,DR=0.08_LT=25,United Kingdom,2024,Gas,0.1,191.65602325506617,1005290.0000000001,,
3720,Default,United Kingdom,2024,Solar+BESS,0.15,24.37,522924.86869000003,0.7,0.0
3721,DR=0.08_LT=25,United Kingdom,2024,Solar+BESS,0.15,37.87,522924.86869000003,0.7,0.0
3722,Default,United Kingdom,2015,Solar+BESS,0.15,50.81,1180776.43649,0.7,0.0
3723,DR=0.08_LT=25,United Kingdom,2015,Solar+BESS,0.15,81.29,1180776.43649,0.7,0.0
3724,Default,United Kingdom,2016,Solar+BESS,0.15,56.2,1314658.473525779,0.7,0.0
3725,DR=0.08_LT=25,United Kingdom,2016,Solar+BESS,0.15,90.13,1314658.473525779,0.7,0.0
3726,Default,United Kingdom,2017,Solar+BESS,0.15,48.77,1129915.6797316591,0.7,0.0
3727,DR=0.08_LT=25,United Kingdom,2017,Solar+BESS,0.15,77.93,1129915.6797316591,0.7,0.0
3728,Default,United Kingdom,2018,Solar+BESS,0.15,42.16,965622.8934309359,0.7,0.0
3729,DR=0.08_LT=25,United Kingdom,2018,Solar+BESS,0.15,67.09,965622.8934309359,0.7,0.0
3730,Default,United Kingdom,2019,Solar+BESS,0.15,35.41,797632.9011275914,0.7,0.0
3731,DR=0.08_LT=25,United Kingdom,2019,Solar+BESS,0.15,56.0,797632.9011275914,0.7,0.0
3732,Default,United Kingdom,2020,Solar+BESS,0.15,31.51,700663.4265897666,0.7,0.0
3733,DR=0.08_LT=25,United Kingdom,2020,Solar+BESS,0.15,49.6,700663.4265897666,0.7,0.0
3734,Default,United Kingdom,2021,Solar+BESS,0.15,29.6,652998.9194168759,0.7,0.0
3735,DR=0.08_LT=25,United Kingdom,2021,Solar+BESS,0.15,46.45,652998.9194168759,0.7,0.0
3736,Default,United Kingdom,2022,Solar+BESS,0.15,28.43,624094.7528742139,0.7,0.0
3737,DR=0.08_LT=25,United Kingdom,2022,Solar+BESS,0.15,44.54,624094.7528742139,0.7,0.0
3738,Default,United Kingdom,2023,Solar+BESS,0.15,24.28,520732.968425977,0.7,0.0
3739,DR=0.08_LT=25,United Kingdom,2023,Solar+BESS,0.15,37.72,520732.968425977,0.7,0.0
3740,Default,United Kingdom,2015,Coal,0.15,128.56325410648466,1856989.9999999998,,
3741,DR=0.08_LT=25,United Kingdom,2015,Coal,0.15,180.5703969258989,1856989.9999999998,,
3742,Default,United Kingdom,2016,Coal,0.15,130.70738201346143,1856989.9999999998,,
3743,DR=0.08_LT=25,United Kingdom,2016,Coal,0.15,182.71452483287564,1856989.9999999998,,
3744,Default,United Kingdom,2017,Coal,0.15,139.563102943694,1856989.9999999998,,
3745,DR=0.08_LT=25,United Kingdom,2017,Coal,0.15,191.5702457631082,1856989.9999999998,,
3746,Default,United Kingdom,2018,Coal,0.15,146.1918471297405,1856989.9999999998,,
3747,DR=0.08_LT=25,United Kingdom,2018,Coal,0.15,198.1989899491547,1856989.9999999998,,
3748,Default,United Kingdom,2019,Coal,0.15,134.76135875764746,1856989.9999999998,,
3749,DR=0.08_LT=25,United Kingdom,2019,Coal,0.15,186.76850157706167,1856989.9999999998,,
3750,Default,United Kingdom,2020,Coal,0.15,128.06225410648466,1856989.9999999998,,
3751,DR=0.08_LT=25,United Kingdom,2020,Coal,0.15,180.0693969258989,1856989.9999999998,,
3752,Default,United Kingdom,2021,Coal,0.15,156.6032773622986,1856989.9999999998,,
3753,DR=0.08_LT=25,United Kingdom,2021,Coal,0.15,208.61042018171287,1856989.9999999998,,
3754,Default,United Kingdom,2022,Coal,0.15,233.96741689718237,1856989.9999999998,,
3755,DR=0.08_LT=25,United Kingdom,2022,Coal,0.15,285.9745597165966,1856989.9999999998,,
3756,Default,United Kingdom,2023,Coal,0.15,172.4752308506707,1856989.9999999998,,
3757,DR=0.08_LT=25,United Kingdom,2023,Coal,0.15,224.48237367008494,1856989.9999999998,,
3758,Default,United Kingdom,2024,Coal,0.15,156.28402154834512,1856989.9999999998,,
3759,DR=0.08_LT=25,United Kingdom,2024,Coal,0.15,208.29116436775936,1856989.9999999998,,
3760,Default,United Kingdom,2015,Gas,0.15,113.82413483784156,1005290.0000000001,,
3761,DR=0.08_LT=25,United Kingdom,2015,Gas,0.15,125.19866696536576,1005290.0000000001,,
3762,Default,United Kingdom,2016,Gas,0.15,102.58988922380645,1005290.0000000001,,
3763,DR=0.08_LT=25,United Kingdom,2016,Gas,0.15,113.96442135133067,1005290.0000000001,,
3764,Default,United Kingdom,2017,Gas,0.15,109.35661203082401,1005290.0000000001,,
3765,DR=0.08_LT=25,United Kingdom,2017,Gas,0.15,120.73114415834823,1005290.0000000001,,
3766,Default,United Kingdom,2018,Gas,0.15,122.49861203082399,1005290.0000000001,,
3767,DR=0.08_LT=25,United Kingdom,2018,Gas,0.15,133.8731441583482,1005290.0000000001,,
3768,Default,United Kingdom,2019,Gas,0.15,101.48757518871874,1005290.0000000001,,
3769,DR=0.08_LT=25,United Kingdom,2019,Gas,0.15,112.86210731624296,1005290.0000000001,,
3770,Default,United Kingdom,2020,Gas,0.15,93.76953308345557,1005290.0000000001,,
3771,DR=0.08_LT=25,United Kingdom,2020,Gas,0.15,105.1440652109798,1005290.0000000001,,
3772,Default,United Kingdom,2021,Gas,0.15,167.2546541360872,1005290.0000000001,,
3773,DR=0.08_LT=25,United Kingdom,2021,Gas,0.15,178.62918626361142,1005290.0000000001,,
3774,Default,United Kingdom,2022,Gas,0.15,221.71889975012223,1005290.0000000001,,
3775,DR=0.08_LT=25,United Kingdom,2022,Gas,0.15,233.09343187764645,1005290.0000000001,,
3776,Default,United Kingdom,2023,Gas,0.15,148.3952225571398,1005290.0000000001,,
3777,DR=0.08_LT=25,United Kingdom,2023,Gas,0.15,159.769754684664,1005290.0000000001,,
3778,Default,United Kingdom,2024,Gas,0.15,138.75346115363098,1005290.0000000001,,
3779,DR=0.08_LT=25,United Kingdom,2024,Gas,0.15,150.12799328115523,1005290.0000000001,,
3780,Default,United Kingdom,2024,Solar+BESS,0.2,24.37,697233.1530599999,0.9,0.0
3781,DR=0.08_LT=25,United Kingdom,2024,Solar+BESS,0.2,37.87,697233.1530599999,0.9,0.0
3782,Default,United Kingdom,2015,Solar+BESS,0.2,50.81,1574368.5702600002,0.9,0.0
3783,DR=0.08_LT=25,United Kingdom,2015,Solar+BESS,0.2,81.29,1574368.5702600002,0.9,0.0
3784,Default,United Kingdom,2016,Solar+BESS,0.2,56.2,1752877.9516447468,0.9,0.0
3785,DR=0.08_LT=25,United Kingdom,2016,Solar+BESS,0.2,90.13,1752877.9516447468,0.9,0.0
3786,Default,United Kingdom,2017,Solar+BESS,0.2,48.77,1506554.22842066,0.9,0.0
3787,DR=0.08_LT=25,United Kingdom,2017,Solar+BESS,0.2,77.93,1506554.22842066,0.9,0.0
3788,Default,United Kingdom,2018,Solar+BESS,0.2,42.16,1287497.1816513396,0.9,0.0
3789,DR=0.08_LT=25,United Kingdom,2018,Solar+BESS,0.2,67.09,1287497.1816513396,0.9,0.0
3790,Default,United Kingdom,2019,Solar+BESS,0.2,35.41,1063510.5269152422,0.9,0.0
3791,DR=0.08_LT=25,United Kingdom,2019,Solar+BESS,0.2,56.0,1063510.5269152422,0.9,0.0
3792,Default,United Kingdom,2020,Solar+BESS,0.2,31.51,934217.8951611775,0.9,0.0
3793,DR=0.08_LT=25,United Kingdom,2020,Solar+BESS,0.2,49.6,934217.8951611775,0.9,0.0
3794,Default,United Kingdom,2021,Solar+BESS,0.2,29.6,870665.2194040277,0.9,0.0
3795,DR=0.08_LT=25,United Kingdom,2021,Solar+BESS,0.2,46.45,870665.2194040277,0.9,0.0
3796,Default,United Kingdom,2022,Solar+BESS,0.2,28.43,832126.3309675348,0.9,0.0
3797,DR=0.08_LT=25,United Kingdom,2022,Solar+BESS,0.2,44.54,832126.3309675348,0.9,0.0
3798,Default,United Kingdom,2023,Solar+BESS,0.2,24.28,694310.6193964045,0.9,0.0
3799,DR=0.08_LT=25,United Kingdom,2023,Solar+BESS,0.2,37.72,694310.6193964045,0.9,0.0
3800,Default,United Kingdom,2015,Coal,0.2,102.93488592870071,1856989.9999999998,,
3801,DR=0.08_LT=25,United Kingdom,2015,Coal,0.2,141.94024304326138,1856989.9999999998,,
3802,Default,United Kingdom,2016,Coal,0.2,105.07901383567744,1856989.9999999998,,
3803,DR=0.08_LT=25,United Kingdom,2016,Coal,0.2,144.08437095023814,1856989.9999999998,,
3804,Default,United Kingdom,2017,Coal,0.2,113.93473476591001,1856989.9999999998,,
3805,DR=0.08_LT=25,United Kingdom,2017,Coal,0.2,152.94009188047067,1856989.9999999998,,
3806,Default,United Kingdom,2018,Coal,0.2,120.56347895195651,1856989.9999999998,,
3807,DR=0.08_LT=25,United Kingdom,2018,Coal,0.2,159.5688360665172,1856989.9999999998,,
3808,Default,United Kingdom,2019,Coal,0.2,109.13299057986349,1856989.9999999998,,
3809,DR=0.08_LT=25,United Kingdom,2019,Coal,0.2,148.13834769442417,1856989.9999999998,,
3810,Default,United Kingdom,2020,Coal,0.2,102.43388592870072,1856989.9999999998,,
3811,DR=0.08_LT=25,United Kingdom,2020,Coal,0.2,141.43924304326137,1856989.9999999998,,
3812,Default,United Kingdom,2021,Coal,0.2,130.97490918451467,1856989.9999999998,,
3813,DR=0.08_LT=25,United Kingdom,2021,Coal,0.2,169.9802662990753,1856989.9999999998,,
3814,Default,United Kingdom,2022,Coal,0.2,208.3390487193984,1856989.9999999998,,
3815,DR=0.08_LT=25,United Kingdom,2022,Coal,0.2,247.34440583395906,1856989.9999999998,,
3816,Default,United Kingdom,2023,Coal,0.2,146.84686267288672,1856989.9999999998,,
3817,DR=0.08_LT=25,United Kingdom,2023,Coal,0.2,185.8522197874474,1856989.9999999998,,
3818,Default,United Kingdom,2024,Coal,0.2,130.65565337056117,1856989.9999999998,,
3819,DR=0.08_LT=25,United Kingdom,2024,Coal,0.2,169.66101048512184,1856989.9999999998,,
3820,Default,United Kingdom,2015,Gas,0.2,95.9037528827671,1005290.0000000001,,
3821,DR=0.08_LT=25,United Kingdom,2015,Gas,0.2,104.43465197841029,1005290.0000000001,,
3822,Default,United Kingdom,2016,Gas,0.2,84.66950726873202,1005290.0000000001,,
3823,DR=0.08_LT=25,United Kingdom,2016,Gas,0.2,93.2004063643752,1005290.0000000001,,
3824,Default,United Kingdom,2017,Gas,0.2,91.43623007574958,1005290.0000000001,,
3825,DR=0.08_LT=25,United Kingdom,2017,Gas,0.2,99.96712917139274,1005290.0000000001,,
3826,Default,United Kingdom,2018,Gas,0.2,104.57823007574956,1005290.0000000001,,
3827,DR=0.08_LT=25,United Kingdom,2018,Gas,0.2,113.10912917139275,1005290.0000000001,,
3828,Default,United Kingdom,2019,Gas,0.2,83.5671932336443,1005290.0000000001,,
3829,DR=0.08_LT=25,United Kingdom,2019,Gas,0.2,92.09809232928747,1005290.0000000001,,
3830,Default,United Kingdom,2020,Gas,0.2,75.84915112838114,1005290.0000000001,,
3831,DR=0.08_LT=25,United Kingdom,2020,Gas,0.2,84.38005022402432,1005290.0000000001,,
3832,Default,United Kingdom,2021,Gas,0.2,149.33427218101272,1005290.0000000001,,
3833,DR=0.08_LT=25,United Kingdom,2021,Gas,0.2,157.8651712766559,1005290.0000000001,,
3834,Default,United Kingdom,2022,Gas,0.2,203.7985177950478,1005290.0000000001,,
3835,DR=0.08_LT=25,United Kingdom,2022,Gas,0.2,212.32941689069096,1005290.0000000001,,
3836,Default,United Kingdom,2023,Gas,0.2,130.47484060206537,1005290.0000000001,,
3837,DR=0.08_LT=25,United Kingdom,2023,Gas,0.2,139.00573969770852,1005290.0000000001,,
3838,Default,United Kingdom,2024,Gas,0.2,120.83307919855658,1005290.0000000001,,
3839,DR=0.08_LT=25,United Kingdom,2024,Gas,0.2,129.36397829419974,1005290.0000000001,,
3840,Default,United Kingdom,2024,Solar+BESS,0.25,24.72,884060.7698,1.1,0.0
3841,DR=0.08_LT=25,United Kingdom,2024,Solar+BESS,0.25,38.41,884060.7698,1.1,0.0
3842,Default,United Kingdom,2015,Solar+BESS,0.25,51.54,1996229.6458,1.1,0.0
3843,DR=0.08_LT=25,United Kingdom,2015,Solar+BESS,0.25,82.46,1996229.6458,1.1,0.0
3844,Default,United Kingdom,2016,Solar+BESS,0.25,57.0,2222571.638332791,1.1,0.0
3845,DR=0.08_LT=25,United Kingdom,2016,Solar+BESS,0.25,91.42,2222571.638332791,1.1,0.0
3846,Default,United Kingdom,2017,Solar+BESS,0.25,49.47,1910244.0626606278,1.1,0.0
3847,DR=0.08_LT=25,United Kingdom,2017,Solar+BESS,0.25,79.05,1910244.0626606278,1.1,0.0
3848,Default,United Kingdom,2018,Solar+BESS,0.25,42.77,1632489.425568185,1.1,0.0
3849,DR=0.08_LT=25,United Kingdom,2018,Solar+BESS,0.25,68.05,1632489.425568185,1.1,0.0
3850,Default,United Kingdom,2019,Solar+BESS,0.25,35.92,1348484.2638201164,1.1,0.0
3851,DR=0.08_LT=25,United Kingdom,2019,Solar+BESS,0.25,56.8,1348484.2638201164,1.1,0.0
3852,Default,United Kingdom,2020,Solar+BESS,0.25,31.97,1184546.9308686953,1.1,0.0
3853,DR=0.08_LT=25,United Kingdom,2020,Solar+BESS,0.25,50.31,1184546.9308686953,1.1,0.0
3854,Default,United Kingdom,2021,Solar+BESS,0.25,30.02,1103964.9516467738,1.1,0.0
3855,DR=0.08_LT=25,United Kingdom,2021,Solar+BESS,0.25,47.12,1103964.9516467738,1.1,0.0
3856,Default,United Kingdom,2022,Solar+BESS,0.25,28.84,1055099.3473236386,1.1,0.0
3857,DR=0.08_LT=25,United Kingdom,2022,Solar+BESS,0.25,45.18,1055099.3473236386,1.1,0.0
3858,Default,United Kingdom,2023,Solar+BESS,0.25,24.63,880355.1265025386,1.1,0.0
3859,DR=0.08_LT=25,United Kingdom,2023,Solar+BESS,0.25,38.26,880355.1265025386,1.1,0.0
3860,Default,United Kingdom,2015,Coal,0.25,87.55786502203033,1856989.9999999998,,
3861,DR=0.08_LT=25,United Kingdom,2015,Coal,0.25,118.76215071367888,1856989.9999999998,,
3862,Default,United Kingdom,2016,Coal,0.25,89.70199292900708,1856989.9999999998,,
3863,DR=0.08_LT=25,United Kingdom,2016,Coal,0.25,120.90627862065563,1856989.9999999998,,
3864,Default,United Kingdom,2017,Coal,0.25,98.55771385923964,1856989.9999999998,,
3865,DR=0.08_LT=25,United Kingdom,2017,Coal,0.25,129.7619995508882,1856989.9999999998,,
3866,Default,United Kingdom,2018,Coal,0.25,105.18645804528616,1856989.9999999998,,
3867,DR=0.08_LT=25,United Kingdom,2018,Coal,0.25,136.3907437369347,1856989.9999999998,,
3868,Default,United Kingdom,2019,Coal,0.25,93.75596967319312,1856989.9999999998,,
3869,DR=0.08_LT=25,United Kingdom,2019,Coal,0.25,124.96025536484169,1856989.9999999998,,
3870,Default,United Kingdom,2020,Coal,0.25,87.05686502203032,1856989.9999999998,,
3871,DR=0.08_LT=25,United Kingdom,2020,Coal,0.25,118.26115071367887,1856989.9999999998,,
3872,Default,United Kingdom,2021,Coal,0.25,115.59788827784429,1856989.9999999998,,
3873,DR=0.08_LT=25,United Kingdom,2021,Coal,0.25,146.80217396949283,1856989.9999999998,,
3874,Default,United Kingdom,2022,Coal,0.25,192.962027812728,1856989.9999999998,,
3875,DR=0.08_LT=25,United Kingdom,2022,Coal,0.25,224.16631350437657,1856989.9999999998,,
3876,Default,United Kingdom,2023,Coal,0.25,131.46984176621635,1856989.9999999998,,
3877,DR=0.08_LT=25,United Kingdom,2023,Coal,0.25,162.67412745786493,1856989.9999999998,,
3878,Default,United Kingdom,2024,Coal,0.25,115.2786324638908,1856989.9999999998,,
3879,DR=0.08_LT=25,United Kingdom,2024,Coal,0.25,146.48291815553935,1856989.9999999998,,
3880,Default,United Kingdom,2015,Gas,0.25,85.15152370972245,1005290.0000000001,,
3881,DR=0.08_LT=25,United Kingdom,2015,Gas,0.25,91.976242986237,1005290.0000000001,,
3882,Default,United Kingdom,2016,Gas,0.25,73.91727809568737,1005290.0000000001,,
3883,DR=0.08_LT=25,United Kingdom,2016,Gas,0.25,80.74199737220192,1005290.0000000001,,
3884,Default,United Kingdom,2017,Gas,0.25,80.68400090270491,1005290.0000000001,,
3885,DR=0.08_LT=25,United Kingdom,2017,Gas,0.25,87.50872017921947,1005290.0000000001,,
3886,Default,United Kingdom,2018,Gas,0.25,93.82600090270492,1005290.0000000001,,
3887,DR=0.08_LT=25,United Kingdom,2018,Gas,0.25,100.65072017921948,1005290.0000000001,,
3888,Default,United Kingdom,2019,Gas,0.25,72.81496406059966,1005290.0000000001,,
3889,DR=0.08_LT=25,United Kingdom,2019,Gas,0.25,79.63968333711419,1005290.0000000001,,
3890,Default,United Kingdom,2020,Gas,0.25,65.0969219553365,1005290.0000000001,,
3891,DR=0.08_LT=25,United Kingdom,2020,Gas,0.25,71.92164123185104,1005290.0000000001,,
3892,Default,United Kingdom,2021,Gas,0.25,138.58204300796808,1005290.0000000001,,
3893,DR=0.08_LT=25,United Kingdom,2021,Gas,0.25,145.40676228448262,1005290.0000000001,,
3894,Default,United Kingdom,2022,Gas,0.25,193.04628862200315,1005290.0000000001,,
3895,DR=0.08_LT=25,United Kingdom,2022,Gas,0.25,199.87100789851772,1005290.0000000001,,
3896,Default,United Kingdom,2023,Gas,0.25,119.72261142902072,1005290.0000000001,,
3897,DR=0.08_LT=25,United Kingdom,2023,Gas,0.25,126.54733070553526,1005290.0000000001,,
3898,Default,United Kingdom,2024,Gas,0.25,110.08085002551194,1005290.0000000001,,
3899,DR=0.08_LT=25,United Kingdom,2024,Gas,0.25,116.9055693020265,1005290.0000000001,,
3900,Default,United Kingdom,2024,Solar+BESS,0.3,27.41,1176495.5002,1.5,0.0
3901,DR=0.08_LT=25,United Kingdom,2024,Solar+BESS,0.3,42.6,1176495.5002,1.5,0.0
3902,Default,United Kingdom,2015,Solar+BESS,0.3,57.16,2656554.0242,1.5,0.0
3903,DR=0.08_LT=25,United Kingdom,2015,Solar+BESS,0.3,91.45,2656554.0242,1.5,0.0
3904,Default,United Kingdom,2016,Solar+BESS,0.3,63.22,2957766.7290476244,1.5,0.0
3905,DR=0.08_LT=25,United Kingdom,2016,Solar+BESS,0.3,101.39,2957766.7290476244,1.5,0.0
3906,Default,United Kingdom,2017,Solar+BESS,0.3,54.86,2542125.632961205,1.5,0.0
3907,DR=0.08_LT=25,United Kingdom,2017,Solar+BESS,0.3,87.67,2542125.632961205,1.5,0.0
3908,Default,United Kingdom,2018,Solar+BESS,0.3,47.43,2172493.711874073,1.5,0.0
3909,DR=0.08_LT=25,United Kingdom,2018,Solar+BESS,0.3,75.47,2172493.711874073,1.5,0.0
3910,Default,United Kingdom,2019,Solar+BESS,0.3,39.83,1794543.681464098,1.5,0.0
3911,DR=0.08_LT=25,United Kingdom,2019,Solar+BESS,0.3,62.99,1794543.681464098,1.5,0.0
3912,Default,United Kingdom,2020,Solar+BESS,0.3,35.45,1576378.2101291702,1.5,0.0
3913,DR=0.08_LT=25,United Kingdom,2020,Solar+BESS,0.3,55.79,1576378.2101291702,1.5,0.0
3914,Default,United Kingdom,2021,Solar+BESS,0.3,33.29,1469140.8581389356,1.5,0.0
3915,DR=0.08_LT=25,United Kingdom,2021,Solar+BESS,0.3,52.25,1469140.8581389356,1.5,0.0
3916,Default,United Kingdom,2022,Solar+BESS,0.3,31.99,1404111.2068246617,1.5,0.0
3917,DR=0.08_LT=25,United Kingdom,2022,Solar+BESS,0.3,50.11,1404111.2068246617,1.5,0.0
3918,Default,United Kingdom,2023,Solar+BESS,0.3,27.31,1171564.0827977823,1.5,0.0
3919,DR=0.08_LT=25,United Kingdom,2023,Solar+BESS,0.3,42.43,1171564.0827977823,1.5,0.0
3920,Default,United Kingdom,2015,Coal,0.3,77.30651775091675,1856989.9999999998,,
3921,DR=0.08_LT=25,United Kingdom,2015,Coal,0.3,103.31008916062387,1856989.9999999998,,
3922,Default,United Kingdom,2016,Coal,0.3,79.45064565789349,1856989.9999999998,,
3923,DR=0.08_LT=25,United Kingdom,2016,Coal,0.3,105.45421706760061,1856989.9999999998,,
3924,Default,United Kingdom,2017,Coal,0.3,88.30636658812605,1856989.9999999998,,
3925,DR=0.08_LT=25,United Kingdom,2017,Coal,0.3,114.30993799783317,1856989.9999999998,,
3926,Default,United Kingdom,2018,Coal,0.3,94.93511077417257,1856989.9999999998,,
3927,DR=0.08_LT=25,United Kingdom,2018,Coal,0.3,120.93868218387968,1856989.9999999998,,
3928,Default,United Kingdom,2019,Coal,0.3,83.50462240207955,1856989.9999999998,,
3929,DR=0.08_LT=25,United Kingdom,2019,Coal,0.3,109.50819381178665,1856989.9999999998,,
3930,Default,United Kingdom,2020,Coal,0.3,76.80551775091675,1856989.9999999998,,
3931,DR=0.08_LT=25,United Kingdom,2020,Coal,0.3,102.80908916062387,1856989.9999999998,,
3932,Default,United Kingdom,2021,Coal,0.3,105.34654100673069,1856989.9999999998,,
3933,DR=0.08_LT=25,United Kingdom,2021,Coal,0.3,131.35011241643784,1856989.9999999998,,
3934,Default,United Kingdom,2022,Coal,0.3,182.71068054161444,1856989.9999999998,,
3935,DR=0.08_LT=25,United Kingdom,2022,Coal,0.3,208.7142519513216,1856989.9999999998,,
3936,Default,United Kingdom,2023,Coal,0.3,121.2184944951028,1856989.9999999998,,
3937,DR=0.08_LT=25,United Kingdom,2023,Coal,0.3,147.22206590480988,1856989.9999999998,,
3938,Default,United Kingdom,2024,Coal,0.3,105.02728519277721,1856989.9999999998,,
3939,DR=0.08_LT=25,United Kingdom,2024,Coal,0.3,131.0308566024843,1856989.9999999998,,
3940,Default,United Kingdom,2015,Gas,0.3,77.9833709276927,1005290.0000000001,,
3941,DR=0.08_LT=25,United Kingdom,2015,Gas,0.3,83.67063699145481,1005290.0000000001,,
3942,Default,United Kingdom,2016,Gas,0.3,66.7491253136576,1005290.0000000001,,
3943,DR=0.08_LT=25,United Kingdom,2016,Gas,0.3,72.43639137741972,1005290.0000000001,,
3944,Default,United Kingdom,2017,Gas,0.3,73.51584812067517,1005290.0000000001,,
3945,DR=0.08_LT=25,United Kingdom,2017,Gas,0.3,79.20311418443727,1005290.0000000001,,
3946,Default,United Kingdom,2018,Gas,0.3,86.65784812067515,1005290.0000000001,,
3947,DR=0.08_LT=25,United Kingdom,2018,Gas,0.3,92.34511418443728,1005290.0000000001,,
3948,Default,United Kingdom,2019,Gas,0.3,65.64681127856988,1005290.0000000001,,
3949,DR=0.08_LT=25,United Kingdom,2019,Gas,0.3,71.334077342332,1005290.0000000001,,
3950,Default,United Kingdom,2020,Gas,0.3,57.92876917330674,1005290.0000000001,,
3951,DR=0.08_LT=25,United Kingdom,2020,Gas,0.3,63.61603523706885,1005290.0000000001,,
3952,Default,United Kingdom,2021,Gas,0.3,131.41389022593833,1005290.0000000001,,
3953,DR=0.08_LT=25,United Kingdom,2021,Gas,0.3,137.1011562897004,1005290.0000000001,,
3954,Default,United Kingdom,2022,Gas,0.3,185.8781358399734,1005290.0000000001,,
3955,DR=0.08_LT=25,United Kingdom,2022,Gas,0.3,191.5654019037355,1005290.0000000001,,
3956,Default,United Kingdom,2023,Gas,0.3,112.55445864699097,1005290.0000000001,,
3957,DR=0.08_LT=25,United Kingdom,2023,Gas,0.3,118.24172471075306,1005290.0000000001,,
3958,Default,United Kingdom,2024,Gas,0.3,102.91269724348217,1005290.0000000001,,
3959,DR=0.08_LT=25,United Kingdom,2024,Gas,0.3,108.59996330724428,1005290.0000000001,,
3960,Default,United Kingdom,2024,Solar+BESS,0.35,33.37,1614475.645449769,1.8,1.0
3961,DR=0.08_LT=25,United Kingdom,2024,Solar+BESS,0.35,51.23,1614475.645449769,1.8,1.0
3962,Default,United Kingdom,2015,Solar+BESS,0.35,86.56,4701602.78986,1.8,1.0
3963,DR=0.08_LT=25,United Kingdom,2015,Solar+BESS,0.35,138.57,4701602.78986,1.8,1.0
3964,Default,United Kingdom,2016,Solar+BESS,0.35,85.64,4648337.856916797,1.8,1.0
3965,DR=0.08_LT=25,United Kingdom,2016,Solar+BESS,0.35,137.06,4648337.856916797,1.8,1.0
3966,Default,United Kingdom,2017,Solar+BESS,0.35,71.81,3845512.1104577784,1.8,1.0
3967,DR=0.08_LT=25,United Kingdom,2017,Solar+BESS,0.35,114.35,3845512.1104577784,1.8,1.0
3968,Default,United Kingdom,2018,Solar+BESS,0.35,62.76,3320433.8989937436,1.8,1.0
3969,DR=0.08_LT=25,United Kingdom,2018,Solar+BESS,0.35,99.49,3320433.8989937436,1.8,1.0
3970,Default,United Kingdom,2019,Solar+BESS,0.35,48.65,2501422.7042943006,1.8,1.0
3971,DR=0.08_LT=25,United Kingdom,2019,Solar+BESS,0.35,76.32,2501422.7042943006,1.8,1.0
3972,Default,United Kingdom,2020,Solar+BESS,0.35,43.53,2204249.730364005,1.8,1.0
3973,DR=0.08_LT=25,United Kingdom,2020,Solar+BESS,0.35,67.92,2204249.730364005,1.8,1.0
3974,Default,United Kingdom,2021,Solar+BESS,0.35,40.99,2056539.417875644,1.8,1.0
3975,DR=0.08_LT=25,United Kingdom,2021,Solar+BESS,0.35,63.74,2056539.417875644,1.8,1.0
3976,Default,United Kingdom,2022,Solar+BESS,0.35,40.85,2048810.7477376098,1.8,1.0
3977,DR=0.08_LT=25,United Kingdom,2022,Solar+BESS,0.35,63.52,2048810.7477376098,1.8,1.0
3978,Default,United Kingdom,2023,Solar+BESS,0.35,34.58,1684696.4033262094,1.8,1.0
3979,DR=0.08_LT=25,United Kingdom,2023,Solar+BESS,0.35,53.22,1684696.4033262094,1.8,1.0
3980,Default,United Kingdom,2015,Coal,0.35,69.98412684297848,1856989.9999999998,,
3981,DR=0.08_LT=25,United Kingdom,2015,Coal,0.35,92.27290233701315,1856989.9999999998,,
3982,Default,United Kingdom,2016,Coal,0.35,72.12825474995522,1856989.9999999998,,
3983,DR=0.08_LT=25,United Kingdom,2016,Coal,0.35,94.4170302439899,1856989.9999999998,,
3984,Default,United Kingdom,2017,Coal,0.35,80.98397568018778,1856989.9999999998,,
3985,DR=0.08_LT=25,United Kingdom,2017,Coal,0.35,103.27275117422246,1856989.9999999998,,
3986,Default,United Kingdom,2018,Coal,0.35,87.61271986623429,1856989.9999999998,,
3987,DR=0.08_LT=25,United Kingdom,2018,Coal,0.35,109.90149536026897,1856989.9999999998,,
3988,Default,United Kingdom,2019,Coal,0.35,76.18223149414128,1856989.9999999998,,
3989,DR=0.08_LT=25,United Kingdom,2019,Coal,0.35,98.47100698817594,1856989.9999999998,,
3990,Default,United Kingdom,2020,Coal,0.35,69.48312684297848,1856989.9999999998,,
3991,DR=0.08_LT=25,United Kingdom,2020,Coal,0.35,91.77190233701316,1856989.9999999998,,
3992,Default,United Kingdom,2021,Coal,0.35,98.02415009879242,1856989.9999999998,,
3993,DR=0.08_LT=25,United Kingdom,2021,Coal,0.35,120.31292559282711,1856989.9999999998,,
3994,Default,United Kingdom,2022,Coal,0.35,175.38828963367618,1856989.9999999998,,
3995,DR=0.08_LT=25,United Kingdom,2022,Coal,0.35,197.67706512771088,1856989.9999999998,,
3996,Default,United Kingdom,2023,Coal,0.35,113.89610358716452,1856989.9999999998,,
3997,DR=0.08_LT=25,United Kingdom,2023,Coal,0.35,136.1848790811992,1856989.9999999998,,
3998,Default,United Kingdom,2024,Coal,0.35,97.70489428483894,1856989.9999999998,,
3999,DR=0.08_LT=25,United Kingdom,2024,Coal,0.35,119.99366977887361,1856989.9999999998,,
4000,Default,United Kingdom,2015,Gas,0.35,72.86326179767144,1005290.0000000001,,
4001,DR=0.08_LT=25,United Kingdom,2015,Gas,0.35,77.7380612808961,1005290.0000000001,,
4002,Default,United Kingdom,2016,Gas,0.35,61.629016183636345,1005290.0000000001,,
4003,DR=0.08_LT=25,United Kingdom,2016,Gas,0.35,66.50381566686102,1005290.0000000001,,
4004,Default,United Kingdom,2017,Gas,0.35,68.39573899065391,1005290.0000000001,,
4005,DR=0.08_LT=25,United Kingdom,2017,Gas,0.35,73.27053847387857,1005290.0000000001,,
4006,Default,United Kingdom,2018,Gas,0.35,81.53773899065389,1005290.0000000001,,
4007,DR=0.08_LT=25,United Kingdom,2018,Gas,0.35,86.41253847387857,1005290.0000000001,,
4008,Default,United Kingdom,2019,Gas,0.35,60.52670214854864,1005290.0000000001,,
4009,DR=0.08_LT=25,United Kingdom,2019,Gas,0.35,65.40150163177331,1005290.0000000001,,
4010,Default,United Kingdom,2020,Gas,0.35,52.80866004328547,1005290.0000000001,,
4011,DR=0.08_LT=25,United Kingdom,2020,Gas,0.35,57.68345952651014,1005290.0000000001,,
4012,Default,United Kingdom,2021,Gas,0.35,126.29378109591707,1005290.0000000001,,
4013,DR=0.08_LT=25,United Kingdom,2021,Gas,0.35,131.16858057914175,1005290.0000000001,,
4014,Default,United Kingdom,2022,Gas,0.35,180.75802670995213,1005290.0000000001,,
4015,DR=0.08_LT=25,United Kingdom,2022,Gas,0.35,185.6328261931768,1005290.0000000001,,
4016,Default,United Kingdom,2023,Gas,0.35,107.4343495169697,1005290.0000000001,,
4017,DR=0.08_LT=25,United Kingdom,2023,Gas,0.35,112.30914900019437,1005290.0000000001,,
4018,Default,United Kingdom,2024,Gas,0.35,97.79258811346091,1005290.0000000001,,
4019,DR=0.08_LT=25,United Kingdom,2024,Gas,0.35,102.66738759668559,1005290.0000000001,,
4020,Default,United Kingdom,2024,Solar+BESS,0.4,39.18,2096136.774974632,2.1,2.5
4021,DR=0.08_LT=25,United Kingdom,2024,Solar+BESS,0.4,59.47,2096136.774974632,2.1,2.5
4022,Default,United Kingdom,2015,Solar+BESS,0.4,120.08,7462943.777000001,2.1,2.5
4023,DR=0.08_LT=25,United Kingdom,2015,Solar+BESS,0.4,192.32,7462943.777000001,2.1,2.5
4024,Default,United Kingdom,2016,Solar+BESS,0.4,109.99,6793481.744984777,2.1,2.5
4025,DR=0.08_LT=25,United Kingdom,2016,Solar+BESS,0.4,175.75,6793481.744984777,2.1,2.5
4026,Default,United Kingdom,2017,Solar+BESS,0.4,89.77,5452087.467890957,2.1,2.5
4027,DR=0.08_LT=25,United Kingdom,2017,Solar+BESS,0.4,142.54,5452087.467890957,2.1,2.5
4028,Default,United Kingdom,2018,Solar+BESS,0.4,79.15,4747404.471262114,2.1,2.5
4029,DR=0.08_LT=25,United Kingdom,2018,Solar+BESS,0.4,125.1,4747404.471262114,2.1,2.5
4030,Default,United Kingdom,2019,Solar+BESS,0.4,57.29,3297630.917419404,2.1,2.5
4031,DR=0.08_LT=25,United Kingdom,2019,Solar+BESS,0.4,89.21,3297630.917419404,2.1,2.5
4032,Default,United Kingdom,2020,Solar+BESS,0.4,51.52,2914642.9836667734,2.1,2.5
4033,DR=0.08_LT=25,United Kingdom,2020,Solar+BESS,0.4,79.73,2914642.9836667734,2.1,2.5
4034,Default,United Kingdom,2021,Solar+BESS,0.4,48.62,2722155.851097657,2.1,2.5
4035,DR=0.08_LT=25,United Kingdom,2021,Solar+BESS,0.4,74.97,2722155.851097657,2.1,2.5
4036,Default,United Kingdom,2022,Solar+BESS,0.4,50.05,2816985.694037631,2.1,2.5
4037,DR=0.08_LT=25,United Kingdom,2022,Solar+BESS,0.4,77.31,2816985.694037631,2.1,2.5
4038,Default,United Kingdom,2023,Solar+BESS,0.4,42.05,2286353.893603197,2.1,2.5
4039,DR=0.08_LT=25,United Kingdom,2023,Solar+BESS,0.4,64.18,2286353.893603197,2.1,2.5
4040,Default,United Kingdom,2015,Coal,0.4,64.49233366202476,1856989.9999999998,,
4041,DR=0.08_LT=25,United Kingdom,2015,Coal,0.4,83.9950122193051,1856989.9999999998,,
4042,Default,United Kingdom,2016,Coal,0.4,66.63646156900153,1856989.9999999998,,
4043,DR=0.08_LT=25,United Kingdom,2016,Coal,0.4,86.13914012628186,1856989.9999999998,,
4044,Default,United Kingdom,2017,Coal,0.4,75.49218249923408,1856989.9999999998,,
4045,DR=0.08_LT=25,United Kingdom,2017,Coal,0.4,94.99486105651441,1856989.9999999998,,
4046,Default,United Kingdom,2018,Coal,0.4,82.12092668528058,1856989.9999999998,,
4047,DR=0.08_LT=25,United Kingdom,2018,Coal,0.4,101.62360524256091,1856989.9999999998,,
4048,Default,United Kingdom,2019,Coal,0.4,70.69043831318756,1856989.9999999998,,
4049,DR=0.08_LT=25,United Kingdom,2019,Coal,0.4,90.19311687046789,1856989.9999999998,,
4050,Default,United Kingdom,2020,Coal,0.4,63.99133366202477,1856989.9999999998,,
4051,DR=0.08_LT=25,United Kingdom,2020,Coal,0.4,83.4940122193051,1856989.9999999998,,
4052,Default,United Kingdom,2021,Coal,0.4,92.53235691783873,1856989.9999999998,,
4053,DR=0.08_LT=25,United Kingdom,2021,Coal,0.4,112.03503547511907,1856989.9999999998,,
4054,Default,United Kingdom,2022,Coal,0.4,169.89649645272246,1856989.9999999998,,
4055,DR=0.08_LT=25,United Kingdom,2022,Coal,0.4,189.39917501000278,1856989.9999999998,,
4056,Default,United Kingdom,2023,Coal,0.4,108.40431040621081,1856989.9999999998,,
4057,DR=0.08_LT=25,United Kingdom,2023,Coal,0.4,127.90698896349116,1856989.9999999998,,
4058,Default,United Kingdom,2024,Coal,0.4,92.21310110388524,1856989.9999999998,,
4059,DR=0.08_LT=25,United Kingdom,2024,Coal,0.4,111.71577966116557,1856989.9999999998,,
4060,Default,United Kingdom,2015,Gas,0.4,69.0231799501555,1005290.0000000001,,
4061,DR=0.08_LT=25,United Kingdom,2015,Gas,0.4,73.28862949797708,1005290.0000000001,,
4062,Default,United Kingdom,2016,Gas,0.4,57.78893433612039,1005290.0000000001,,
4063,DR=0.08_LT=25,United Kingdom,2016,Gas,0.4,62.05438388394198,1005290.0000000001,,
4064,Default,United Kingdom,2017,Gas,0.4,64.55565714313794,1005290.0000000001,,
4065,DR=0.08_LT=25,United Kingdom,2017,Gas,0.4,68.82110669095952,1005290.0000000001,,
4066,Default,United Kingdom,2018,Gas,0.4,77.69765714313795,1005290.0000000001,,
4067,DR=0.08_LT=25,United Kingdom,2018,Gas,0.4,81.96310669095952,1005290.0000000001,,
4068,Default,United Kingdom,2019,Gas,0.4,56.68662030103268,1005290.0000000001,,
4069,DR=0.08_LT=25,United Kingdom,2019,Gas,0.4,60.95206984885426,1005290.0000000001,,
4070,Default,United Kingdom,2020,Gas,0.4,48.96857819576952,1005290.0000000001,,
4071,DR=0.08_LT=25,United Kingdom,2020,Gas,0.4,53.23402774359111,1005290.0000000001,,
4072,Default,United Kingdom,2021,Gas,0.4,122.45369924840111,1005290.0000000001,,
4073,DR=0.08_LT=25,United Kingdom,2021,Gas,0.4,126.71914879622271,1005290.0000000001,,
4074,Default,United Kingdom,2022,Gas,0.4,176.91794486243614,1005290.0000000001,,
4075,DR=0.08_LT=25,United Kingdom,2022,Gas,0.4,181.18339441025773,1005290.0000000001,,
4076,Default,United Kingdom,2023,Gas,0.4,103.59426766945373,1005290.0000000001,,
4077,DR=0.08_LT=25,United Kingdom,2023,Gas,0.4,107.85971721727533,1005290.0000000001,,
4078,Default,United Kingdom,2024,Gas,0.4,93.95250626594496,1005290.0000000001,,
4079,DR=0.08_LT=25,United Kingdom,2024,Gas,0.4,98.21795581376654,1005290.0000000001,,
4080,Default,United Kingdom,2024,Solar+BESS,0.45,44.04,2598762.8279173053,2.4,4.0
4081,DR=0.08_LT=25,United Kingdom,2024,Solar+BESS,0.45,66.4,2598762.8279173053,2.4,4.0
4082,Default,United Kingdom,2015,Solar+BESS,0.45,147.11,10290874.472,2.4,4.0
4083,DR=0.08_LT=25,United Kingdom,2015,Solar+BESS,0.45,235.66,10290874.472,2.4,4.0
4084,Default,United Kingdom,2016,Solar+BESS,0.45,129.84,9002077.403204652,2.4,4.0
4085,DR=0.08_LT=25,United Kingdom,2016,Solar+BESS,0.45,207.3,9002077.403204652,2.4,4.0
4086,Default,United Kingdom,2017,Solar+BESS,0.45,104.5,7110470.774276646,2.4,4.0
4087,DR=0.08_LT=25,United Kingdom,2017,Solar+BESS,0.45,165.68,7110470.774276646,2.4,4.0
4088,Default,United Kingdom,2018,Solar+BESS,0.45,92.55,6219271.004774443,2.4,4.0
4089,DR=0.08_LT=25,United Kingdom,2018,Solar+BESS,0.45,146.07,6219271.004774443,2.4,4.0
4090,Default,United Kingdom,2019,Solar+BESS,0.45,64.51,4126525.0782700945,2.4,4.0
4091,DR=0.08_LT=25,United Kingdom,2019,Solar+BESS,0.45,100.02,4126525.0782700945,2.4,4.0
4092,Default,United Kingdom,2020,Solar+BESS,0.45,58.18,3653874.8041324597,2.4,4.0
4093,DR=0.08_LT=25,United Kingdom,2020,Solar+BESS,0.45,89.62,3653874.8041324597,2.4,4.0
4094,Default,United Kingdom,2021,Solar+BESS,0.45,54.97,3414689.8560435884,2.4,4.0
4095,DR=0.08_LT=25,United Kingdom,2021,Solar+BESS,0.45,84.35,3414689.8560435884,2.4,4.0
4096,Default,United Kingdom,2022,Solar+BESS,0.45,57.62,3612405.175013484,2.4,4.0
4097,DR=0.08_LT=25,United Kingdom,2022,Solar+BESS,0.45,88.7,3612405.175013484,2.4,4.0
4098,Default,United Kingdom,2023,Solar+BESS,0.45,48.21,2910291.7832979187,2.4,4.0
4099,DR=0.08_LT=25,United Kingdom,2023,Solar+BESS,0.45,73.25,2910291.7832979187,2.4,4.0
4100,Default,United Kingdom,2015,Coal,0.45,60.22093896572744,1856989.9999999998,,
4101,DR=0.08_LT=25,United Kingdom,2015,Coal,0.45,77.55665323886552,1856989.9999999998,,
4102,Default,United Kingdom,2016,Coal,0.45,62.36506687270419,1856989.9999999998,,
4103,DR=0.08_LT=25,United Kingdom,2016,Coal,0.45,79.70078114584227,1856989.9999999998,,
4104,Default,United Kingdom,2017,Coal,0.45,71.22078780293674,1856989.9999999998,,
4105,DR=0.08_LT=25,United Kingdom,2017,Coal,0.45,88.55650207607484,1856989.9999999998,,
4106,Default,United Kingdom,2018,Coal,0.45,77.84953198898326,1856989.9999999998,,
4107,DR=0.08_LT=25,United Kingdom,2018,Coal,0.45,95.18524626212132,1856989.9999999998,,
4108,Default,United Kingdom,2019,Coal,0.45,66.41904361689022,1856989.9999999998,,
4109,DR=0.08_LT=25,United Kingdom,2019,Coal,0.45,83.75475789002832,1856989.9999999998,,
4110,Default,United Kingdom,2020,Coal,0.45,59.71993896572744,1856989.9999999998,,
4111,DR=0.08_LT=25,United Kingdom,2020,Coal,0.45,77.05565323886553,1856989.9999999998,,
4112,Default,United Kingdom,2021,Coal,0.45,88.2609622215414,1856989.9999999998,,
4113,DR=0.08_LT=25,United Kingdom,2021,Coal,0.45,105.59667649467949,1856989.9999999998,,
4114,Default,United Kingdom,2022,Coal,0.45,165.62510175642512,1856989.9999999998,,
4115,DR=0.08_LT=25,United Kingdom,2022,Coal,0.45,182.96081602956323,1856989.9999999998,,
4116,Default,United Kingdom,2023,Coal,0.45,104.13291570991348,1856989.9999999998,,
4117,DR=0.08_LT=25,United Kingdom,2023,Coal,0.45,121.46862998305157,1856989.9999999998,,
4118,Default,United Kingdom,2024,Coal,0.45,87.94170640758792,1856989.9999999998,,
4119,DR=0.08_LT=25,United Kingdom,2024,Coal,0.45,105.277420680726,1856989.9999999998,,
4120,Default,United Kingdom,2015,Gas,0.45,66.03644962430975,1005290.0000000001,,
4121,DR=0.08_LT=25,United Kingdom,2015,Gas,0.45,69.82796033348451,1005290.0000000001,,
4122,Default,United Kingdom,2016,Gas,0.45,54.80220401027466,1005290.0000000001,,
4123,DR=0.08_LT=25,United Kingdom,2016,Gas,0.45,58.5937147194494,1005290.0000000001,,
4124,Default,United Kingdom,2017,Gas,0.45,61.5689268172922,1005290.0000000001,,
4125,DR=0.08_LT=25,United Kingdom,2017,Gas,0.45,65.36043752646697,1005290.0000000001,,
4126,Default,United Kingdom,2018,Gas,0.45,74.7109268172922,1005290.0000000001,,
4127,DR=0.08_LT=25,United Kingdom,2018,Gas,0.45,78.50243752646696,1005290.0000000001,,
4128,Default,United Kingdom,2019,Gas,0.45,53.69988997518694,1005290.0000000001,,
4129,DR=0.08_LT=25,United Kingdom,2019,Gas,0.45,57.49140068436169,1005290.0000000001,,
4130,Default,United Kingdom,2020,Gas,0.45,45.98184786992378,1005290.0000000001,,
4131,DR=0.08_LT=25,United Kingdom,2020,Gas,0.45,49.77335857909852,1005290.0000000001,,
4132,Default,United Kingdom,2021,Gas,0.45,119.46696892255537,1005290.0000000001,,
4133,DR=0.08_LT=25,United Kingdom,2021,Gas,0.45,123.25847963173013,1005290.0000000001,,
4134,Default,United Kingdom,2022,Gas,0.45,173.93121453659043,1005290.0000000001,,
4135,DR=0.08_LT=25,United Kingdom,2022,Gas,0.45,177.72272524576516,1005290.0000000001,,
4136,Default,United Kingdom,2023,Gas,0.45,100.60753734360799,1005290.0000000001,,
4137,DR=0.08_LT=25,United Kingdom,2023,Gas,0.45,104.39904805278276,1005290.0000000001,,
4138,Default,United Kingdom,2024,Gas,0.45,90.96577594009923,1005290.0000000001,,
4139,DR=0.08_LT=25,United Kingdom,2024,Gas,0.45,94.75728664927396,1005290.0000000001,,
4140,Default,United Kingdom,2024,Solar+BESS,0.5,48.32,3119182.3965500854,2.6,5.7
4141,DR=0.08_LT=25,United Kingdom,2024,Solar+BESS,0.5,72.47,3119182.3965500854,2.6,5.7
4142,Default,United Kingdom,2015,Solar+BESS,0.5,171.67,13347469.6923,2.6,5.7
4143,DR=0.08_LT=25,United Kingdom,2015,Solar+BESS,0.5,275.03,13347469.6923,2.6,5.7
4144,Default,United Kingdom,2016,Solar+BESS,0.5,147.71,11360613.524564259,2.6,5.7
4145,DR=0.08_LT=25,United Kingdom,2016,Solar+BESS,0.5,235.68,11360613.524564259,2.6,5.7
4146,Default,United Kingdom,2017,Solar+BESS,0.5,117.68,8871020.923997853,2.6,5.7
4147,DR=0.08_LT=25,United Kingdom,2017,Solar+BESS,0.5,186.38,8871020.923997853,2.6,5.7
4148,Default,United Kingdom,2018,Solar+BESS,0.5,104.58,7784529.705087497,2.6,5.7
4149,DR=0.08_LT=25,United Kingdom,2018,Solar+BESS,0.5,164.86,7784529.705087497,2.6,5.7
4150,Default,United Kingdom,2019,Solar+BESS,0.5,70.87,4989487.792854395,2.6,5.7
4151,DR=0.08_LT=25,United Kingdom,2019,Solar+BESS,0.5,109.51,4989487.792854395,2.6,5.7
4152,Default,United Kingdom,2020,Solar+BESS,0.5,64.06,4424270.060178395,2.6,5.7
4153,DR=0.08_LT=25,United Kingdom,2020,Solar+BESS,0.5,98.32,4424270.060178395,2.6,5.7
4154,Default,United Kingdom,2021,Solar+BESS,0.5,60.59,4136667.053085341,2.6,5.7
4155,DR=0.08_LT=25,United Kingdom,2021,Solar+BESS,0.5,92.62,4136667.053085341,2.6,5.7
4156,Default,United Kingdom,2022,Solar+BESS,0.5,64.38,4450832.008374173,2.6,5.7
4157,DR=0.08_LT=25,United Kingdom,2022,Solar+BESS,0.5,98.84,4450832.008374173,2.6,5.7
4158,Default,United Kingdom,2023,Solar+BESS,0.5,53.7,3565689.229368982,2.6,5.7
4159,DR=0.08_LT=25,United Kingdom,2023,Solar+BESS,0.5,81.31,3565689.229368982,2.6,5.7
4160,Default,United Kingdom,2015,Coal,0.5,56.80382320868958,1856989.9999999998,,
4161,DR=0.08_LT=25,United Kingdom,2015,Coal,0.5,72.40596605451385,1856989.9999999998,,
4162,Default,United Kingdom,2016,Coal,0.5,58.94795111566632,1856989.9999999998,,
4163,DR=0.08_LT=25,United Kingdom,2016,Coal,0.5,74.5500939614906,1856989.9999999998,,
4164,Default,United Kingdom,2017,Coal,0.5,67.80367204589888,1856989.9999999998,,
4165,DR=0.08_LT=25,United Kingdom,2017,Coal,0.5,83.40581489172315,1856989.9999999998,,
4166,Default,United Kingdom,2018,Coal,0.5,74.4324162319454,1856989.9999999998,,
4167,DR=0.08_LT=25,United Kingdom,2018,Coal,0.5,90.03455907776967,1856989.9999999998,,
4168,Default,United Kingdom,2019,Coal,0.5,63.001927859852366,1856989.9999999998,,
4169,DR=0.08_LT=25,United Kingdom,2019,Coal,0.5,78.60407070567665,1856989.9999999998,,
4170,Default,United Kingdom,2020,Coal,0.5,56.30282320868958,1856989.9999999998,,
4171,DR=0.08_LT=25,United Kingdom,2020,Coal,0.5,71.90496605451386,1856989.9999999998,,
4172,Default,United Kingdom,2021,Coal,0.5,84.84384646450354,1856989.9999999998,,
4173,DR=0.08_LT=25,United Kingdom,2021,Coal,0.5,100.44598931032782,1856989.9999999998,,
4174,Default,United Kingdom,2022,Coal,0.5,162.2079859993873,1856989.9999999998,,
4175,DR=0.08_LT=25,United Kingdom,2022,Coal,0.5,177.81012884521155,1856989.9999999998,,
4176,Default,United Kingdom,2023,Coal,0.5,100.7157999528756,1856989.9999999998,,
4177,DR=0.08_LT=25,United Kingdom,2023,Coal,0.5,116.3179427986999,1856989.9999999998,,
4178,Default,United Kingdom,2024,Coal,0.5,84.52459065055005,1856989.9999999998,,
4179,DR=0.08_LT=25,United Kingdom,2024,Coal,0.5,100.12673349637433,1856989.9999999998,,
4180,Default,United Kingdom,2015,Gas,0.5,63.64706536363316,1005290.0000000001,,
4181,DR=0.08_LT=25,United Kingdom,2015,Gas,0.5,67.05942500189043,1005290.0000000001,,
4182,Default,United Kingdom,2016,Gas,0.5,52.41281974959807,1005290.0000000001,,
4183,DR=0.08_LT=25,United Kingdom,2016,Gas,0.5,55.82517938785535,1005290.0000000001,,
4184,Default,United Kingdom,2017,Gas,0.5,59.17954255661562,1005290.0000000001,,
4185,DR=0.08_LT=25,United Kingdom,2017,Gas,0.5,62.591902194872894,1005290.0000000001,,
4186,Default,United Kingdom,2018,Gas,0.5,72.32154255661563,1005290.0000000001,,
4187,DR=0.08_LT=25,United Kingdom,2018,Gas,0.5,75.73390219487291,1005290.0000000001,,
4188,Default,United Kingdom,2019,Gas,0.5,51.310505714510356,1005290.0000000001,,
4189,DR=0.08_LT=25,United Kingdom,2019,Gas,0.5,54.722865352767634,1005290.0000000001,,
4190,Default,United Kingdom,2020,Gas,0.5,43.59246360924719,1005290.0000000001,,
4191,DR=0.08_LT=25,United Kingdom,2020,Gas,0.5,47.00482324750447,1005290.0000000001,,
4192,Default,United Kingdom,2021,Gas,0.5,117.07758466187877,1005290.0000000001,,
4193,DR=0.08_LT=25,United Kingdom,2021,Gas,0.5,120.48994430013606,1005290.0000000001,,
4194,Default,United Kingdom,2022,Gas,0.5,171.54183027591384,1005290.0000000001,,
4195,DR=0.08_LT=25,United Kingdom,2022,Gas,0.5,174.95418991417117,1005290.0000000001,,
4196,Default,United Kingdom,2023,Gas,0.5,98.21815308293142,1005290.0000000001,,
4197,DR=0.08_LT=25,United Kingdom,2023,Gas,0.5,101.6305127211887,1005290.0000000001,,
4198,Default,United Kingdom,2024,Gas,0.5,88.57639167942263,1005290.0000000001,,
4199,DR=0.08_LT=25,United Kingdom,2024,Gas,0.5,91.98875131767991,1005290.0000000001,,
4200,Default,United Kingdom,2024,Solar+BESS,0.55,51.94,3651114.314973128,2.9,7.3
4201,DR=0.08_LT=25,United Kingdom,2024,Solar+BESS,0.55,77.64,3651114.314973128,2.9,7.3
4202,Default,United Kingdom,2015,Solar+BESS,0.55,191.61,16390390.559799999,2.9,7.3
4203,DR=0.08_LT=25,United Kingdom,2015,Solar+BESS,0.55,306.99,16390390.559799999,2.9,7.3
4204,Default,United Kingdom,2016,Solar+BESS,0.55,162.39,13725950.077107552,2.9,7.3
4205,DR=0.08_LT=25,United Kingdom,2016,Solar+BESS,0.55,259.02,13725950.077107552,2.9,7.3
4206,Default,United Kingdom,2017,Solar+BESS,0.55,128.59,10643035.919774262,2.9,7.3
4207,DR=0.08_LT=25,United Kingdom,2017,Solar+BESS,0.55,203.52,10643035.919774262,2.9,7.3
4208,Default,United Kingdom,2018,Solar+BESS,0.55,114.51,9358306.475164015,2.9,7.3
4209,DR=0.08_LT=25,United Kingdom,2018,Solar+BESS,0.55,180.39,9358306.475164015,2.9,7.3
4210,Default,United Kingdom,2019,Solar+BESS,0.55,76.25,5868552.636390679,2.9,7.3
4211,DR=0.08_LT=25,United Kingdom,2019,Solar+BESS,0.55,117.56,5868552.636390679,2.9,7.3
4212,Default,United Kingdom,2020,Solar+BESS,0.55,69.01,5208549.614751348,2.9,7.3
4213,DR=0.08_LT=25,United Kingdom,2020,Solar+BESS,0.55,105.68,5208549.614751348,2.9,7.3
4214,Default,United Kingdom,2021,Solar+BESS,0.55,65.32,4871499.902877592,2.9,7.3
4215,DR=0.08_LT=25,United Kingdom,2021,Solar+BESS,0.55,99.61,4871499.902877592,2.9,7.3
4216,Default,United Kingdom,2022,Solar+BESS,0.55,70.0,5298416.404399388,2.9,7.3
4217,DR=0.08_LT=25,United Kingdom,2022,Solar+BESS,0.55,107.3,5298416.404399388,2.9,7.3
4218,Default,United Kingdom,2023,Solar+BESS,0.55,58.28,4229658.8695293935,2.9,7.3
4219,DR=0.08_LT=25,United Kingdom,2023,Solar+BESS,0.55,88.06,4229658.8695293935,2.9,7.3
4220,Default,United Kingdom,2015,Coal,0.55,54.0080012256586,1856989.9999999998,,
4221,DR=0.08_LT=25,United Kingdom,2015,Coal,0.55,68.19176744913521,1856989.9999999998,,
4222,Default,United Kingdom,2016,Coal,0.55,56.15212913263535,1856989.9999999998,,
4223,DR=0.08_LT=25,United Kingdom,2016,Coal,0.55,70.33589535611196,1856989.9999999998,,
4224,Default,United Kingdom,2017,Coal,0.55,65.0078500628679,1856989.9999999998,,
4225,DR=0.08_LT=25,United Kingdom,2017,Coal,0.55,79.19161628634451,1856989.9999999998,,
4226,Default,United Kingdom,2018,Coal,0.55,71.6365942489144,1856989.9999999998,,
4227,DR=0.08_LT=25,United Kingdom,2018,Coal,0.55,85.82036047239103,1856989.9999999998,,
4228,Default,United Kingdom,2019,Coal,0.55,60.206105876821404,1856989.9999999998,,
4229,DR=0.08_LT=25,United Kingdom,2019,Coal,0.55,74.38987210029799,1856989.9999999998,,
4230,Default,United Kingdom,2020,Coal,0.55,53.507001225658605,1856989.9999999998,,
4231,DR=0.08_LT=25,United Kingdom,2020,Coal,0.55,67.69076744913521,1856989.9999999998,,
4232,Default,United Kingdom,2021,Coal,0.55,82.04802448147257,1856989.9999999998,,
4233,DR=0.08_LT=25,United Kingdom,2021,Coal,0.55,96.23179070494918,1856989.9999999998,,
4234,Default,United Kingdom,2022,Coal,0.55,159.4121640163563,1856989.9999999998,,
4235,DR=0.08_LT=25,United Kingdom,2022,Coal,0.55,173.59593023983288,1856989.9999999998,,
4236,Default,United Kingdom,2023,Coal,0.55,97.91997796984464,1856989.9999999998,,
4237,DR=0.08_LT=25,United Kingdom,2023,Coal,0.55,112.10374419332125,1856989.9999999998,,
4238,Default,United Kingdom,2024,Coal,0.55,81.72876866751908,1856989.9999999998,,
4239,DR=0.08_LT=25,United Kingdom,2024,Coal,0.55,95.91253489099567,1856989.9999999998,,
4240,Default,United Kingdom,2015,Gas,0.55,61.692114604897775,1005290.0000000001,,
4241,DR=0.08_LT=25,United Kingdom,2015,Gas,0.55,64.79425973058619,1005290.0000000001,,
4242,Default,United Kingdom,2016,Gas,0.55,50.45786899086269,1005290.0000000001,,
4243,DR=0.08_LT=25,United Kingdom,2016,Gas,0.55,53.56001411655111,1005290.0000000001,,
4244,Default,United Kingdom,2017,Gas,0.55,57.22459179788024,1005290.0000000001,,
4245,DR=0.08_LT=25,United Kingdom,2017,Gas,0.55,60.32673692356865,1005290.0000000001,,
4246,Default,United Kingdom,2018,Gas,0.55,70.36659179788025,1005290.0000000001,,
4247,DR=0.08_LT=25,United Kingdom,2018,Gas,0.55,73.46873692356866,1005290.0000000001,,
4248,Default,United Kingdom,2019,Gas,0.55,49.35555495577497,1005290.0000000001,,
4249,DR=0.08_LT=25,United Kingdom,2019,Gas,0.55,52.457700081463386,1005290.0000000001,,
4250,Default,United Kingdom,2020,Gas,0.55,41.637512850511804,1005290.0000000001,,
4251,DR=0.08_LT=25,United Kingdom,2020,Gas,0.55,44.73965797620023,1005290.0000000001,,
4252,Default,United Kingdom,2021,Gas,0.55,115.1226339031434,1005290.0000000001,,
4253,DR=0.08_LT=25,United Kingdom,2021,Gas,0.55,118.22477902883182,1005290.0000000001,,
4254,Default,United Kingdom,2022,Gas,0.55,169.5868795171785,1005290.0000000001,,
4255,DR=0.08_LT=25,United Kingdom,2022,Gas,0.55,172.68902464286688,1005290.0000000001,,
4256,Default,United Kingdom,2023,Gas,0.55,96.26320232419603,1005290.0000000001,,
4257,DR=0.08_LT=25,United Kingdom,2023,Gas,0.55,99.36534744988444,1005290.0000000001,,
4258,Default,United Kingdom,2024,Gas,0.55,86.62144092068725,1005290.0000000001,,
4259,DR=0.08_LT=25,United Kingdom,2024,Gas,0.55,89.72358604637566,1005290.0000000001,,
4260,Default,United Kingdom,2024,Solar+BESS,0.6,55.16,4195612.06671697,3.2,9.1
4261,DR=0.08_LT=25,United Kingdom,2024,Solar+BESS,0.6,82.24,4195612.06671697,3.2,9.1
4262,Default,United Kingdom,2015,Solar+BESS,0.6,209.64,19566001.9351,3.2,9.1
4263,DR=0.08_LT=25,United Kingdom,2015,Solar+BESS,0.6,335.9,19566001.9351,3.2,9.1
4264,Default,United Kingdom,2016,Solar+BESS,0.6,175.62,16181103.718945682,3.2,9.1
4265,DR=0.08_LT=25,United Kingdom,2016,Solar+BESS,0.6,280.04,16181103.718945682,3.2,9.1
4266,Default,United Kingdom,2017,Solar+BESS,0.6,138.4,12477467.721251845,3.2,9.1
4267,DR=0.08_LT=25,United Kingdom,2017,Solar+BESS,0.6,218.91,12477467.721251845,3.2,9.1
4268,Default,United Kingdom,2018,Solar+BESS,0.6,123.44,10988789.780283045,3.2,9.1
4269,DR=0.08_LT=25,United Kingdom,2018,Solar+BESS,0.6,194.35,10988789.780283045,3.2,9.1
4270,Default,United Kingdom,2019,Solar+BESS,0.6,81.04,6770618.54147787,3.2,9.1
4271,DR=0.08_LT=25,United Kingdom,2019,Solar+BESS,0.6,124.73,6770618.54147787,3.2,9.1
4272,Default,United Kingdom,2020,Solar+BESS,0.6,73.44,6013718.37145315,3.2,9.1
4273,DR=0.08_LT=25,United Kingdom,2020,Solar+BESS,0.6,112.24,6013718.37145315,3.2,9.1
4274,Default,United Kingdom,2021,Solar+BESS,0.6,69.54,5626022.140364831,3.2,9.1
4275,DR=0.08_LT=25,United Kingdom,2021,Solar+BESS,0.6,105.85,5626022.140364831,3.2,9.1
4276,Default,United Kingdom,2022,Solar+BESS,0.6,75.04,6173046.943925213,3.2,9.1
4277,DR=0.08_LT=25,United Kingdom,2022,Solar+BESS,0.6,114.87,6173046.943925213,3.2,9.1
4278,Default,United Kingdom,2023,Solar+BESS,0.6,62.38,4913746.332319418,3.2,9.1
4279,DR=0.08_LT=25,United Kingdom,2023,Solar+BESS,0.6,94.09,4913746.332319418,3.2,9.1
4280,Default,United Kingdom,2015,Coal,0.6,51.67814957313279,1856989.9999999998,,
4281,DR=0.08_LT=25,United Kingdom,2015,Coal,0.6,64.67993527798635,1856989.9999999998,,
4282,Default,United Kingdom,2016,Coal,0.6,53.82227748010953,1856989.9999999998,,
4283,DR=0.08_LT=25,United Kingdom,2016,Coal,0.6,66.8240631849631,1856989.9999999998,,
4284,Default,United Kingdom,2017,Coal,0.6,62.6779984103421,1856989.9999999998,,
4285,DR=0.08_LT=25,United Kingdom,2017,Coal,0.6,75.67978411519564,1856989.9999999998,,
4286,Default,United Kingdom,2018,Coal,0.6,69.3067425963886,1856989.9999999998,,
4287,DR=0.08_LT=25,United Kingdom,2018,Coal,0.6,82.30852830124216,1856989.9999999998,,
4288,Default,United Kingdom,2019,Coal,0.6,57.876254224295586,1856989.9999999998,,
4289,DR=0.08_LT=25,United Kingdom,2019,Coal,0.6,70.87803992914914,1856989.9999999998,,
4290,Default,United Kingdom,2020,Coal,0.6,51.17714957313279,1856989.9999999998,,
4291,DR=0.08_LT=25,United Kingdom,2020,Coal,0.6,64.17893527798634,1856989.9999999998,,
4292,Default,United Kingdom,2021,Coal,0.6,79.71817282894673,1856989.9999999998,,
4293,DR=0.08_LT=25,United Kingdom,2021,Coal,0.6,92.71995853380031,1856989.9999999998,,
4294,Default,United Kingdom,2022,Coal,0.6,157.08231236383048,1856989.9999999998,,
4295,DR=0.08_LT=25,United Kingdom,2022,Coal,0.6,170.08409806868406,1856989.9999999998,,
4296,Default,United Kingdom,2023,Coal,0.6,95.59012631731882,1856989.9999999998,,
4297,DR=0.08_LT=25,United Kingdom,2023,Coal,0.6,108.5919120221724,1856989.9999999998,,
4298,Default,United Kingdom,2024,Coal,0.6,79.39891701499326,1856989.9999999998,,
4299,DR=0.08_LT=25,United Kingdom,2024,Coal,0.6,92.40070271984682,1856989.9999999998,,
4300,Default,United Kingdom,2015,Gas,0.6,60.06298897261829,1005290.0000000001,,
4301,DR=0.08_LT=25,United Kingdom,2015,Gas,0.6,62.90662200449934,1005290.0000000001,,
4302,Default,United Kingdom,2016,Gas,0.6,48.82874335858319,1005290.0000000001,,
4303,DR=0.08_LT=25,United Kingdom,2016,Gas,0.6,51.67237639046425,1005290.0000000001,,
4304,Default,United Kingdom,2017,Gas,0.6,55.59546616560075,1005290.0000000001,,
4305,DR=0.08_LT=25,United Kingdom,2017,Gas,0.6,58.4390991974818,1005290.0000000001,,
4306,Default,United Kingdom,2018,Gas,0.6,68.73746616560075,1005290.0000000001,,
4307,DR=0.08_LT=25,United Kingdom,2018,Gas,0.6,71.5810991974818,1005290.0000000001,,
4308,Default,United Kingdom,2019,Gas,0.6,47.72642932349547,1005290.0000000001,,
4309,DR=0.08_LT=25,United Kingdom,2019,Gas,0.6,50.57006235537653,1005290.0000000001,,
4310,Default,United Kingdom,2020,Gas,0.6,40.00838721823232,1005290.0000000001,,
4311,DR=0.08_LT=25,United Kingdom,2020,Gas,0.6,42.85202025011337,1005290.0000000001,,
4312,Default,United Kingdom,2021,Gas,0.6,113.49350827086391,1005290.0000000001,,
4313,DR=0.08_LT=25,United Kingdom,2021,Gas,0.6,116.33714130274495,1005290.0000000001,,
4314,Default,United Kingdom,2022,Gas,0.6,167.95775388489898,1005290.0000000001,,
4315,DR=0.08_LT=25,United Kingdom,2022,Gas,0.6,170.80138691678005,1005290.0000000001,,
4316,Default,United Kingdom,2023,Gas,0.6,94.63407669191653,1005290.0000000001,,
4317,DR=0.08_LT=25,United Kingdom,2023,Gas,0.6,97.4777097237976,1005290.0000000001,,
4318,Default,United Kingdom,2024,Gas,0.6,84.99231528840774,1005290.0000000001,,
4319,DR=0.08_LT=25,United Kingdom,2024,Gas,0.6,87.83594832028881,1005290.0000000001,,
4320,Default,United Kingdom,2024,Solar+BESS,0.65,58.06,4760225.620428787,3.5,10.8
4321,DR=0.08_LT=25,United Kingdom,2024,Solar+BESS,0.65,86.42,4760225.620428787,3.5,10.8
4322,Default,United Kingdom,2015,Solar+BESS,0.65,224.48,22699429.0391,3.5,10.8
4323,DR=0.08_LT=25,United Kingdom,2015,Solar+BESS,0.65,359.69,22699429.0391,3.5,10.8
4324,Default,United Kingdom,2016,Solar+BESS,0.65,186.8,18637930.638103865,3.5,10.8
4325,DR=0.08_LT=25,United Kingdom,2016,Solar+BESS,0.65,297.82,18637930.638103865,3.5,10.8
4326,Default,United Kingdom,2017,Solar+BESS,0.65,146.8,14325748.987082012,3.5,10.8
4327,DR=0.08_LT=25,United Kingdom,2017,Solar+BESS,0.65,232.13,14325748.987082012,3.5,10.8
4328,Default,United Kingdom,2018,Solar+BESS,0.65,131.05,12628282.582784882,3.5,10.8
4329,DR=0.08_LT=25,United Kingdom,2018,Solar+BESS,0.65,206.27,12628282.582784882,3.5,10.8
4330,Default,United Kingdom,2019,Solar+BESS,0.65,85.34,7700147.825587557,3.5,10.8
4331,DR=0.08_LT=25,United Kingdom,2019,Solar+BESS,0.65,131.2,7700147.825587557,3.5,10.8
4332,Default,United Kingdom,2020,Solar+BESS,0.65,77.38,6842436.961647614,3.5,10.8
4333,DR=0.08_LT=25,United Kingdom,2020,Solar+BESS,0.65,118.14,6842436.961647614,3.5,10.8
4334,Default,United Kingdom,2021,Solar+BESS,0.65,73.3,6402306.379794591,3.5,10.8
4335,DR=0.08_LT=25,United Kingdom,2021,Solar+BESS,0.65,111.43,6402306.379794591,3.5,10.8
4336,Default,United Kingdom,2022,Solar+BESS,0.65,79.41,7061566.015358228,3.5,10.8
4337,DR=0.08_LT=25,United Kingdom,2022,Solar+BESS,0.65,121.47,7061566.015358228,3.5,10.8
4338,Default,United Kingdom,2023,Solar+BESS,0.65,65.96,5611478.800580203,3.5,10.8
4339,DR=0.08_LT=25,United Kingdom,2023,Solar+BESS,0.65,99.38,5611478.800580203,3.5,10.8
4340,Default,United Kingdom,2015,Coal,0.65,49.70673663638018,1856989.9999999998,,
4341,DR=0.08_LT=25,United Kingdom,2015,Coal,0.65,61.70838497932193,1856989.9999999998,,
4342,Default,United Kingdom,2016,Coal,0.65,51.85086454335693,1856989.9999999998,,
4343,DR=0.08_LT=25,United Kingdom,2016,Coal,0.65,63.852512886298676,1856989.9999999998,,
4344,Default,United Kingdom,2017,Coal,0.65,60.706585473589485,1856989.9999999998,,
4345,DR=0.08_LT=25,United Kingdom,2017,Coal,0.65,72.70823381653122,1856989.9999999998,,
4346,Default,United Kingdom,2018,Coal,0.65,67.33532965963599,1856989.9999999998,,
4347,DR=0.08_LT=25,United Kingdom,2018,Coal,0.65,79.33697800257774,1856989.9999999998,,
4348,Default,United Kingdom,2019,Coal,0.65,55.90484128754297,1856989.9999999998,,
4349,DR=0.08_LT=25,United Kingdom,2019,Coal,0.65,67.90648963048471,1856989.9999999998,,
4350,Default,United Kingdom,2020,Coal,0.65,49.20573663638018,1856989.9999999998,,
4351,DR=0.08_LT=25,United Kingdom,2020,Coal,0.65,61.207384979321915,1856989.9999999998,,
4352,Default,United Kingdom,2021,Coal,0.65,77.74675989219413,1856989.9999999998,,
4353,DR=0.08_LT=25,United Kingdom,2021,Coal,0.65,89.74840823513587,1856989.9999999998,,
4354,Default,United Kingdom,2022,Coal,0.65,155.11089942707787,1856989.9999999998,,
4355,DR=0.08_LT=25,United Kingdom,2022,Coal,0.65,167.1125477700196,1856989.9999999998,,
4356,Default,United Kingdom,2023,Coal,0.65,93.61871338056623,1856989.9999999998,,
4357,DR=0.08_LT=25,United Kingdom,2023,Coal,0.65,105.62036172350798,1856989.9999999998,,
4358,Default,United Kingdom,2024,Coal,0.65,77.42750407824064,1856989.9999999998,,
4359,DR=0.08_LT=25,United Kingdom,2024,Coal,0.65,89.4291524211824,1856989.9999999998,,
4360,Default,United Kingdom,2015,Gas,0.65,58.68449805299718,1005290.0000000001,,
4361,DR=0.08_LT=25,United Kingdom,2015,Gas,0.65,61.309390082425836,1005290.0000000001,,
4362,Default,United Kingdom,2016,Gas,0.65,47.45025243896208,1005290.0000000001,,
4363,DR=0.08_LT=25,United Kingdom,2016,Gas,0.65,50.07514446839075,1005290.0000000001,,
4364,Default,United Kingdom,2017,Gas,0.65,54.21697524597964,1005290.0000000001,,
4365,DR=0.08_LT=25,United Kingdom,2017,Gas,0.65,56.84186727540829,1005290.0000000001,,
4366,Default,United Kingdom,2018,Gas,0.65,67.35897524597965,1005290.0000000001,,
4367,DR=0.08_LT=25,United Kingdom,2018,Gas,0.65,69.9838672754083,1005290.0000000001,,
4368,Default,United Kingdom,2019,Gas,0.65,46.347938403874366,1005290.0000000001,,
4369,DR=0.08_LT=25,United Kingdom,2019,Gas,0.65,48.972830433303024,1005290.0000000001,,
4370,Default,United Kingdom,2020,Gas,0.65,38.62989629861121,1005290.0000000001,,
4371,DR=0.08_LT=25,United Kingdom,2020,Gas,0.65,41.254788328039865,1005290.0000000001,,
4372,Default,United Kingdom,2021,Gas,0.65,112.11501735124277,1005290.0000000001,,
4373,DR=0.08_LT=25,United Kingdom,2021,Gas,0.65,114.73990938067143,1005290.0000000001,,
4374,Default,United Kingdom,2022,Gas,0.65,166.57926296527785,1005290.0000000001,,
4375,DR=0.08_LT=25,United Kingdom,2022,Gas,0.65,169.20415499470653,1005290.0000000001,,
4376,Default,United Kingdom,2023,Gas,0.65,93.25558577229542,1005290.0000000001,,
4377,DR=0.08_LT=25,United Kingdom,2023,Gas,0.65,95.88047780172408,1005290.0000000001,,
4378,Default,United Kingdom,2024,Gas,0.65,83.61382436878664,1005290.0000000001,,
4379,DR=0.08_LT=25,United Kingdom,2024,Gas,0.65,86.23871639821532,1005290.0000000001,,
4380,Default,United Kingdom,2024,Solar+BESS,0.7,61.0,5412849.526085032,4.1,11.7
4381,DR=0.08_LT=25,United Kingdom,2024,Solar+BESS,0.7,90.93,5412849.526085032,4.1,11.7
4382,Default,United Kingdom,2015,Solar+BESS,0.7,231.7,25229440.1272,4.1,11.7
4383,DR=0.08_LT=25,United Kingdom,2015,Solar+BESS,0.7,371.25,25229440.1272,4.1,11.7
4384,Default,United Kingdom,2016,Solar+BESS,0.7,194.13,20868289.43244216,4.1,11.7
4385,DR=0.08_LT=25,United Kingdom,2016,Solar+BESS,0.7,309.56,20868289.43244216,4.1,11.7
4386,Default,United Kingdom,2017,Solar+BESS,0.7,153.0,16093027.967155525,4.1,11.7
4387,DR=0.08_LT=25,United Kingdom,2017,Solar+BESS,0.7,242.01,16093027.967155525,4.1,11.7
4388,Default,United Kingdom,2018,Solar+BESS,0.7,136.45,14172673.46391268,4.1,11.7
4389,DR=0.08_LT=25,United Kingdom,2018,Solar+BESS,0.7,214.85,14172673.46391268,4.1,11.7
4390,Default,United Kingdom,2019,Solar+BESS,0.7,89.61,8734440.101976927,4.1,11.7
4391,DR=0.08_LT=25,United Kingdom,2019,Solar+BESS,0.7,137.92,8734440.101976927,4.1,11.7
4392,Default,United Kingdom,2020,Solar+BESS,0.7,81.2,7757919.510249829,4.1,11.7
4393,DR=0.08_LT=25,United Kingdom,2020,Solar+BESS,0.7,124.11,7757919.510249829,4.1,11.7
4394,Default,United Kingdom,2021,Solar+BESS,0.7,76.89,7257751.0757110715,4.1,11.7
4395,DR=0.08_LT=25,United Kingdom,2021,Solar+BESS,0.7,117.03,7257751.0757110715,4.1,11.7
4396,Default,United Kingdom,2022,Solar+BESS,0.7,82.96,7962469.983986234,4.1,11.7
4397,DR=0.08_LT=25,United Kingdom,2022,Solar+BESS,0.7,127.0,7962469.983986234,4.1,11.7
4398,Default,United Kingdom,2023,Solar+BESS,0.7,68.97,6338376.445943121,4.1,11.7
4399,DR=0.08_LT=25,United Kingdom,2023,Solar+BESS,0.7,104.03,6338376.445943121,4.1,11.7
4400,Default,United Kingdom,2015,Coal,0.7,48.01695411916366,1856989.9999999998,,
4401,DR=0.08_LT=25,United Kingdom,2015,Coal,0.7,59.16134186618099,1856989.9999999998,,
4402,Default,United Kingdom,2016,Coal,0.7,50.161082026140406,1856989.9999999998,,
4403,DR=0.08_LT=25,United Kingdom,2016,Coal,0.7,61.305469773157746,1856989.9999999998,,
4404,Default,United Kingdom,2017,Coal,0.7,59.016802956372956,1856989.9999999998,,
4405,DR=0.08_LT=25,United Kingdom,2017,Coal,0.7,70.16119070339029,1856989.9999999998,,
4406,Default,United Kingdom,2018,Coal,0.7,65.64554714241946,1856989.9999999998,,
4407,DR=0.08_LT=25,United Kingdom,2018,Coal,0.7,76.78993488943681,1856989.9999999998,,
4408,Default,United Kingdom,2019,Coal,0.7,54.21505877032644,1856989.9999999998,,
4409,DR=0.08_LT=25,United Kingdom,2019,Coal,0.7,65.35944651734378,1856989.9999999998,,
4410,Default,United Kingdom,2020,Coal,0.7,47.51595411916366,1856989.9999999998,,
4411,DR=0.08_LT=25,United Kingdom,2020,Coal,0.7,58.66034186618099,1856989.9999999998,,
4412,Default,United Kingdom,2021,Coal,0.7,76.0569773749776,1856989.9999999998,,
4413,DR=0.08_LT=25,United Kingdom,2021,Coal,0.7,87.20136512199495,1856989.9999999998,,
4414,Default,United Kingdom,2022,Coal,0.7,153.42111690986135,1856989.9999999998,,
4415,DR=0.08_LT=25,United Kingdom,2022,Coal,0.7,164.5655046568787,1856989.9999999998,,
4416,Default,United Kingdom,2023,Coal,0.7,91.92893086334969,1856989.9999999998,,
4417,DR=0.08_LT=25,United Kingdom,2023,Coal,0.7,103.07331861036705,1856989.9999999998,,
4418,Default,United Kingdom,2024,Coal,0.7,75.73772156102412,1856989.9999999998,,
4419,DR=0.08_LT=25,United Kingdom,2024,Coal,0.7,86.88210930804146,1856989.9999999998,,
4420,Default,United Kingdom,2015,Gas,0.7,57.502934407607654,1005290.0000000001,,
4421,DR=0.08_LT=25,United Kingdom,2015,Gas,0.7,59.940334149219986,1005290.0000000001,,
4422,Default,United Kingdom,2016,Gas,0.7,46.268688793572565,1005290.0000000001,,
4423,DR=0.08_LT=25,United Kingdom,2016,Gas,0.7,48.7060885351849,1005290.0000000001,,
4424,Default,United Kingdom,2017,Gas,0.7,53.03541160059011,1005290.0000000001,,
4425,DR=0.08_LT=25,United Kingdom,2017,Gas,0.7,55.47281134220245,1005290.0000000001,,
4426,Default,United Kingdom,2018,Gas,0.7,66.1774116005901,1005290.0000000001,,
4427,DR=0.08_LT=25,United Kingdom,2018,Gas,0.7,68.61481134220246,1005290.0000000001,,
4428,Default,United Kingdom,2019,Gas,0.7,45.16637475848485,1005290.0000000001,,
4429,DR=0.08_LT=25,United Kingdom,2019,Gas,0.7,47.60377450009718,1005290.0000000001,,
4430,Default,United Kingdom,2020,Gas,0.7,37.448332653221684,1005290.0000000001,,
4431,DR=0.08_LT=25,United Kingdom,2020,Gas,0.7,39.88573239483402,1005290.0000000001,,
4432,Default,United Kingdom,2021,Gas,0.7,110.93345370585327,1005290.0000000001,,
4433,DR=0.08_LT=25,United Kingdom,2021,Gas,0.7,113.3708534474656,1005290.0000000001,,
4434,Default,United Kingdom,2022,Gas,0.7,165.39769931988835,1005290.0000000001,,
4435,DR=0.08_LT=25,United Kingdom,2022,Gas,0.7,167.8350990615007,1005290.0000000001,,
4436,Default,United Kingdom,2023,Gas,0.7,92.0740221269059,1005290.0000000001,,
4437,DR=0.08_LT=25,United Kingdom,2023,Gas,0.7,94.51142186851824,1005290.0000000001,,
4438,Default,United Kingdom,2024,Gas,0.7,82.43226072339712,1005290.0000000001,,
4439,DR=0.08_LT=25,United Kingdom,2024,Gas,0.7,84.86966046500945,1005290.0000000001,,
4440,Default,United Kingdom,2024,Solar+BESS,0.75,65.82,6309815.098552717,5.0,12.7
4441,DR=0.08_LT=25,United Kingdom,2024,Solar+BESS,0.75,98.4,6309815.098552717,5.0,12.7
4442,Default,United Kingdom,2015,Solar+BESS,0.75,242.85,28328429.163599998,5.0,12.7
4443,DR=0.08_LT=25,United Kingdom,2015,Solar+BESS,0.75,389.1,28328429.163599998,5.0,12.7
4444,Default,United Kingdom,2016,Solar+BESS,0.75,205.82,23722562.730489653,5.0,12.7
4445,DR=0.08_LT=25,United Kingdom,2016,Solar+BESS,0.75,328.29,23722562.730489653,5.0,12.7
4446,Default,United Kingdom,2017,Solar+BESS,0.75,162.98,18394101.99977199,5.0,12.7
4447,DR=0.08_LT=25,United Kingdom,2017,Solar+BESS,0.75,257.94,18394101.99977199,5.0,12.7
4448,Default,United Kingdom,2018,Solar+BESS,0.75,145.13,16173800.612686727,5.0,12.7
4449,DR=0.08_LT=25,United Kingdom,2018,Solar+BESS,0.75,228.63,16173800.612686727,5.0,12.7
4450,Default,United Kingdom,2019,Solar+BESS,0.75,96.63,10142067.969634546,5.0,12.7
4451,DR=0.08_LT=25,United Kingdom,2019,Solar+BESS,0.75,148.99,10142067.969634546,5.0,12.7
4452,Default,United Kingdom,2020,Solar+BESS,0.75,87.46,9001463.829203177,5.0,12.7
4453,DR=0.08_LT=25,United Kingdom,2020,Solar+BESS,0.75,133.93,9001463.829203177,5.0,12.7
4454,Default,United Kingdom,2021,Solar+BESS,0.75,82.78,8418976.841397118,5.0,12.7
4455,DR=0.08_LT=25,United Kingdom,2021,Solar+BESS,0.75,126.24,8418976.841397118,5.0,12.7
4456,Default,United Kingdom,2022,Solar+BESS,0.75,88.71,9156980.564519726,5.0,12.7
4457,DR=0.08_LT=25,United Kingdom,2022,Solar+BESS,0.75,135.99,9156980.564519726,5.0,12.7
4458,Default,United Kingdom,2023,Solar+BESS,0.75,73.86,7309849.007713457,5.0,12.7
4459,DR=0.08_LT=25,United Kingdom,2023,Solar+BESS,0.75,111.6,7309849.007713457,5.0,12.7
4460,Default,United Kingdom,2015,Coal,0.75,46.55247593757599,1856989.9999999998,,
4461,DR=0.08_LT=25,United Kingdom,2015,Coal,0.75,56.953904501458844,1856989.9999999998,,
4462,Default,United Kingdom,2016,Coal,0.75,48.69660384455275,1856989.9999999998,,
4463,DR=0.08_LT=25,United Kingdom,2016,Coal,0.75,59.09803240843559,1856989.9999999998,,
4464,Default,United Kingdom,2017,Coal,0.75,57.55232477478529,1856989.9999999998,,
4465,DR=0.08_LT=25,United Kingdom,2017,Coal,0.75,67.95375333866815,1856989.9999999998,,
4466,Default,United Kingdom,2018,Coal,0.75,64.1810689608318,1856989.9999999998,,
4467,DR=0.08_LT=25,United Kingdom,2018,Coal,0.75,74.58249752471467,1856989.9999999998,,
4468,Default,United Kingdom,2019,Coal,0.75,52.750580588738785,1856989.9999999998,,
4469,DR=0.08_LT=25,United Kingdom,2019,Coal,0.75,63.152009152621645,1856989.9999999998,,
4470,Default,United Kingdom,2020,Coal,0.75,46.05147593757601,1856989.9999999998,,
4471,DR=0.08_LT=25,United Kingdom,2020,Coal,0.75,56.452904501458846,1856989.9999999998,,
4472,Default,United Kingdom,2021,Coal,0.75,74.59249919338995,1856989.9999999998,,
4473,DR=0.08_LT=25,United Kingdom,2021,Coal,0.75,84.99392775727281,1856989.9999999998,,
4474,Default,United Kingdom,2022,Coal,0.75,151.95663872827367,1856989.9999999998,,
4475,DR=0.08_LT=25,United Kingdom,2022,Coal,0.75,162.35806729215653,1856989.9999999998,,
4476,Default,United Kingdom,2023,Coal,0.75,90.46445268176203,1856989.9999999998,,
4477,DR=0.08_LT=25,United Kingdom,2023,Coal,0.75,100.8658812456449,1856989.9999999998,,
4478,Default,United Kingdom,2024,Coal,0.75,74.27324337943645,1856989.9999999998,,
4479,DR=0.08_LT=25,United Kingdom,2024,Coal,0.75,84.67467194331932,1856989.9999999998,,
4480,Default,United Kingdom,2015,Gas,0.75,56.478912581603396,1005290.0000000001,,
4481,DR=0.08_LT=25,United Kingdom,2015,Gas,0.75,58.75381900710825,1005290.0000000001,,
4482,Default,United Kingdom,2016,Gas,0.75,45.24466696756831,1005290.0000000001,,
4483,DR=0.08_LT=25,United Kingdom,2016,Gas,0.75,47.51957339307315,1005290.0000000001,,
4484,Default,United Kingdom,2017,Gas,0.75,52.011389774585844,1005290.0000000001,,
4485,DR=0.08_LT=25,United Kingdom,2017,Gas,0.75,54.286296200090696,1005290.0000000001,,
4486,Default,United Kingdom,2018,Gas,0.75,65.15338977458585,1005290.0000000001,,
4487,DR=0.08_LT=25,United Kingdom,2018,Gas,0.75,67.42829620009071,1005290.0000000001,,
4488,Default,United Kingdom,2019,Gas,0.75,44.142352932480584,1005290.0000000001,,
4489,DR=0.08_LT=25,United Kingdom,2019,Gas,0.75,46.41725935798544,1005290.0000000001,,
4490,Default,United Kingdom,2020,Gas,0.75,36.424310827217425,1005290.0000000001,,
4491,DR=0.08_LT=25,United Kingdom,2020,Gas,0.75,38.69921725272228,1005290.0000000001,,
4492,Default,United Kingdom,2021,Gas,0.75,109.90943187984898,1005290.0000000001,,
4493,DR=0.08_LT=25,United Kingdom,2021,Gas,0.75,112.18433830535386,1005290.0000000001,,
4494,Default,United Kingdom,2022,Gas,0.75,164.37367749388406,1005290.0000000001,,
4495,DR=0.08_LT=25,United Kingdom,2022,Gas,0.75,166.64858391938893,1005290.0000000001,,
4496,Default,United Kingdom,2023,Gas,0.75,91.05000030090163,1005290.0000000001,,
4497,DR=0.08_LT=25,United Kingdom,2023,Gas,0.75,93.32490672640648,1005290.0000000001,,
4498,Default,United Kingdom,2024,Gas,0.75,81.40823889739285,1005290.0000000001,,
4499,DR=0.08_LT=25,United Kingdom,2024,Gas,0.75,83.68314532289772,1005290.0000000001,,
4500,Default,United Kingdom,2024,Solar+BESS,0.8,73.18,7542459.721293708,6.2,14.0
4501,DR=0.08_LT=25,United Kingdom,2024,Solar+BESS,0.8,109.69,7542459.721293708,6.2,14.0
4502,Default,United Kingdom,2015,Solar+BESS,0.8,262.21,32620318.438899998,6.2,14.0
4503,DR=0.08_LT=25,United Kingdom,2015,Solar+BESS,0.8,420.08,32620318.438899998,6.2,14.0
4504,Default,United Kingdom,2016,Solar+BESS,0.8,224.85,27663512.182420626,6.2,14.0
4505,DR=0.08_LT=25,United Kingdom,2016,Solar+BESS,0.8,358.73,27663512.182420626,6.2,14.0
4506,Default,United Kingdom,2017,Solar+BESS,0.8,178.9,21567529.50633812,6.2,14.0
4507,DR=0.08_LT=25,United Kingdom,2017,Solar+BESS,0.8,283.28,21567529.50633812,6.2,14.0
4508,Default,United Kingdom,2018,Solar+BESS,0.8,159.05,18934469.70715619,6.2,14.0
4509,DR=0.08_LT=25,United Kingdom,2018,Solar+BESS,0.8,250.69,18934469.70715619,6.2,14.0
4510,Default,United Kingdom,2019,Solar+BESS,0.8,107.37,12077702.368642712,6.2,14.0
4511,DR=0.08_LT=25,United Kingdom,2019,Solar+BESS,0.8,165.82,12077702.368642712,6.2,14.0
4512,Default,United Kingdom,2020,Solar+BESS,0.8,97.07,10711677.650210477,6.2,14.0
4513,DR=0.08_LT=25,United Kingdom,2020,Solar+BESS,0.8,148.91,10711677.650210477,6.2,14.0
4514,Default,United Kingdom,2021,Solar+BESS,0.8,91.83,10016048.0424633,6.2,14.0
4515,DR=0.08_LT=25,United Kingdom,2021,Solar+BESS,0.8,140.3,10016048.0424633,6.2,14.0
4516,Default,United Kingdom,2022,Solar+BESS,0.8,97.76,10802350.778669657,6.2,14.0
4517,DR=0.08_LT=25,United Kingdom,2022,Solar+BESS,0.8,150.04,10802350.778669657,6.2,14.0
4518,Default,United Kingdom,2023,Solar+BESS,0.8,81.51,8647299.848128539,6.2,14.0
4519,DR=0.08_LT=25,United Kingdom,2023,Solar+BESS,0.8,123.36,8647299.848128539,6.2,14.0
4520,Default,United Kingdom,2015,Coal,0.8,45.2710575286868,1856989.9999999998,,
4521,DR=0.08_LT=25,United Kingdom,2015,Coal,0.8,55.02239680732697,1856989.9999999998,,
4522,Default,United Kingdom,2016,Coal,0.8,47.41518543566355,1856989.9999999998,,
4523,DR=0.08_LT=25,United Kingdom,2016,Coal,0.8,57.16652471430371,1856989.9999999998,,
4524,Default,United Kingdom,2017,Coal,0.8,56.27090636589611,1856989.9999999998,,
4525,DR=0.08_LT=25,United Kingdom,2017,Coal,0.8,66.02224564453627,1856989.9999999998,,
4526,Default,United Kingdom,2018,Coal,0.8,62.899650551942614,1856989.9999999998,,
4527,DR=0.08_LT=25,United Kingdom,2018,Coal,0.8,72.65098983058279,1856989.9999999998,,
4528,Default,United Kingdom,2019,Coal,0.8,51.4691621798496,1856989.9999999998,,
4529,DR=0.08_LT=25,United Kingdom,2019,Coal,0.8,61.220501458489764,1856989.9999999998,,
4530,Default,United Kingdom,2020,Coal,0.8,44.770057528686806,1856989.9999999998,,
4531,DR=0.08_LT=25,United Kingdom,2020,Coal,0.8,54.52139680732697,1856989.9999999998,,
4532,Default,United Kingdom,2021,Coal,0.8,73.31108078450076,1856989.9999999998,,
4533,DR=0.08_LT=25,United Kingdom,2021,Coal,0.8,83.06242006314093,1856989.9999999998,,
4534,Default,United Kingdom,2022,Coal,0.8,150.67522031938447,1856989.9999999998,,
4535,DR=0.08_LT=25,United Kingdom,2022,Coal,0.8,160.42655959802465,1856989.9999999998,,
4536,Default,United Kingdom,2023,Coal,0.8,89.18303427287283,1856989.9999999998,,
4537,DR=0.08_LT=25,United Kingdom,2023,Coal,0.8,98.93437355151302,1856989.9999999998,,
4538,Default,United Kingdom,2024,Coal,0.8,72.99182497054727,1856989.9999999998,,
4539,DR=0.08_LT=25,United Kingdom,2024,Coal,0.8,82.74316424918744,1856989.9999999998,,
4540,Default,United Kingdom,2015,Gas,0.8,55.58289348384967,1005290.0000000001,,
4541,DR=0.08_LT=25,United Kingdom,2015,Gas,0.8,57.715618257760475,1005290.0000000001,,
4542,Default,United Kingdom,2016,Gas,0.8,44.348647869814585,1005290.0000000001,,
4543,DR=0.08_LT=25,United Kingdom,2016,Gas,0.8,46.48137264372537,1005290.0000000001,,
4544,Default,United Kingdom,2017,Gas,0.8,51.11537067683213,1005290.0000000001,,
4545,DR=0.08_LT=25,United Kingdom,2017,Gas,0.8,53.24809545074292,1005290.0000000001,,
4546,Default,United Kingdom,2018,Gas,0.8,64.25737067683212,1005290.0000000001,,
4547,DR=0.08_LT=25,United Kingdom,2018,Gas,0.8,66.39009545074292,1005290.0000000001,,
4548,Default,United Kingdom,2019,Gas,0.8,43.24633383472686,1005290.0000000001,,
4549,DR=0.08_LT=25,United Kingdom,2019,Gas,0.8,45.379058608637656,1005290.0000000001,,
4550,Default,United Kingdom,2020,Gas,0.8,35.5282917294637,1005290.0000000001,,
4551,DR=0.08_LT=25,United Kingdom,2020,Gas,0.8,37.661016503374505,1005290.0000000001,,
4552,Default,United Kingdom,2021,Gas,0.8,109.01341278209527,1005290.0000000001,,
4553,DR=0.08_LT=25,United Kingdom,2021,Gas,0.8,111.14613755600608,1005290.0000000001,,
4554,Default,United Kingdom,2022,Gas,0.8,163.47765839613035,1005290.0000000001,,
4555,DR=0.08_LT=25,United Kingdom,2022,Gas,0.8,165.61038317004113,1005290.0000000001,,
4556,Default,United Kingdom,2023,Gas,0.8,90.15398120314791,1005290.0000000001,,
4557,DR=0.08_LT=25,United Kingdom,2023,Gas,0.8,92.28670597705872,1005290.0000000001,,
4558,Default,United Kingdom,2024,Gas,0.8,80.51221979963914,1005290.0000000001,,
4559,DR=0.08_LT=25,United Kingdom,2024,Gas,0.8,82.64494457354994,1005290.0000000001,,
4560,Default,United Kingdom,2024,Solar+BESS,0.85,83.93,9286693.851116013,8.1,15.5
4561,DR=0.08_LT=25,United Kingdom,2024,Solar+BESS,0.85,126.23,9286693.851116013,8.1,15.5
4562,Default,United Kingdom,2015,Solar+BESS,0.85,288.81,38167588.4974,8.1,15.5
4563,DR=0.08_LT=25,United Kingdom,2015,Solar+BESS,0.85,462.67,38167588.4974,8.1,15.5
4564,Default,United Kingdom,2016,Solar+BESS,0.85,251.78,32946550.625777543,8.1,15.5
4565,DR=0.08_LT=25,United Kingdom,2016,Solar+BESS,0.85,401.85,32946550.625777543,8.1,15.5
4566,Default,United Kingdom,2017,Solar+BESS,0.85,201.65,25880253.040976655,8.1,15.5
4567,DR=0.08_LT=25,United Kingdom,2017,Solar+BESS,0.85,319.53,25880253.040976655,8.1,15.5
4568,Default,United Kingdom,2018,Solar+BESS,0.85,178.89,22672010.60962476,8.1,15.5
4569,DR=0.08_LT=25,United Kingdom,2018,Solar+BESS,0.85,282.16,22672010.60962476,8.1,15.5
4570,Default,United Kingdom,2019,Solar+BESS,0.85,123.02,14797362.220324479,8.1,15.5
4571,DR=0.08_LT=25,United Kingdom,2019,Solar+BESS,0.85,190.43,14797362.220324479,8.1,15.5
4572,Default,United Kingdom,2020,Solar+BESS,0.85,111.06,13111259.134009687,8.1,15.5
4573,DR=0.08_LT=25,United Kingdom,2020,Solar+BESS,0.85,170.78,13111259.134009687,8.1,15.5
4574,Default,United Kingdom,2021,Solar+BESS,0.85,104.99,12255803.322747882,8.1,15.5
4575,DR=0.08_LT=25,United Kingdom,2021,Solar+BESS,0.85,160.82,12255803.322747882,8.1,15.5
4576,Default,United Kingdom,2022,Solar+BESS,0.85,110.77,13069861.042401476,8.1,15.5
4577,DR=0.08_LT=25,United Kingdom,2022,Solar+BESS,0.85,170.3,13069861.042401476,8.1,15.5
4578,Default,United Kingdom,2023,Solar+BESS,0.85,92.55,10501500.361772511,8.1,15.5
4579,DR=0.08_LT=25,United Kingdom,2023,Solar+BESS,0.85,140.38,10501500.361772511,8.1,15.5
4580,Default,United Kingdom,2015,Coal,0.85,44.14039422672574,1856989.9999999998,,
4581,DR=0.08_LT=25,United Kingdom,2015,Coal,0.85,53.31812531250473,1856989.9999999998,,
4582,Default,United Kingdom,2016,Coal,0.85,46.284522133702495,1856989.9999999998,,
4583,DR=0.08_LT=25,United Kingdom,2016,Coal,0.85,55.46225321948149,1856989.9999999998,,
4584,Default,United Kingdom,2017,Coal,0.85,55.140243063935046,1856989.9999999998,,
4585,DR=0.08_LT=25,United Kingdom,2017,Coal,0.85,64.31797414971403,1856989.9999999998,,
4586,Default,United Kingdom,2018,Coal,0.85,61.768987249981556,1856989.9999999998,,
4587,DR=0.08_LT=25,United Kingdom,2018,Coal,0.85,70.94671833576055,1856989.9999999998,,
4588,Default,United Kingdom,2019,Coal,0.85,50.33849887788853,1856989.9999999998,,
4589,DR=0.08_LT=25,United Kingdom,2019,Coal,0.85,59.51622996366752,1856989.9999999998,,
4590,Default,United Kingdom,2020,Coal,0.85,43.63939422672575,1856989.9999999998,,
4591,DR=0.08_LT=25,United Kingdom,2020,Coal,0.85,52.817125312504736,1856989.9999999998,,
4592,Default,United Kingdom,2021,Coal,0.85,72.18041748253971,1856989.9999999998,,
4593,DR=0.08_LT=25,United Kingdom,2021,Coal,0.85,81.3581485683187,1856989.9999999998,,
4594,Default,United Kingdom,2022,Coal,0.85,149.54455701742341,1856989.9999999998,,
4595,DR=0.08_LT=25,United Kingdom,2022,Coal,0.85,158.72228810320243,1856989.9999999998,,
4596,Default,United Kingdom,2023,Coal,0.85,88.0523709709118,1856989.9999999998,,
4597,DR=0.08_LT=25,United Kingdom,2023,Coal,0.85,97.23010205669078,1856989.9999999998,,
4598,Default,United Kingdom,2024,Coal,0.85,71.8611616685862,1856989.9999999998,,
4599,DR=0.08_LT=25,United Kingdom,2024,Coal,0.85,81.0388927543652,1856989.9999999998,,
4600,Default,United Kingdom,2015,Gas,0.85,54.79228839759639,1005290.0000000001,,
4601,DR=0.08_LT=25,United Kingdom,2015,Gas,0.85,56.79955877304185,1005290.0000000001,,
4602,Default,United Kingdom,2016,Gas,0.85,43.558042783561305,1005290.0000000001,,
4603,DR=0.08_LT=25,United Kingdom,2016,Gas,0.85,45.56531315900676,1005290.0000000001,,
4604,Default,United Kingdom,2017,Gas,0.85,50.32476559057885,1005290.0000000001,,
4605,DR=0.08_LT=25,United Kingdom,2017,Gas,0.85,52.33203596602432,1005290.0000000001,,
4606,Default,United Kingdom,2018,Gas,0.85,63.46676559057885,1005290.0000000001,,
4607,DR=0.08_LT=25,United Kingdom,2018,Gas,0.85,65.47403596602432,1005290.0000000001,,
4608,Default,United Kingdom,2019,Gas,0.85,42.45572874847359,1005290.0000000001,,
4609,DR=0.08_LT=25,United Kingdom,2019,Gas,0.85,44.46299912391904,1005290.0000000001,,
4610,Default,United Kingdom,2020,Gas,0.85,34.737686643210424,1005290.0000000001,,
4611,DR=0.08_LT=25,United Kingdom,2020,Gas,0.85,36.74495701865588,1005290.0000000001,,
4612,Default,United Kingdom,2021,Gas,0.85,108.222807695842,1005290.0000000001,,
4613,DR=0.08_LT=25,United Kingdom,2021,Gas,0.85,110.23007807128745,1005290.0000000001,,
4614,Default,United Kingdom,2022,Gas,0.85,162.6870533098771,1005290.0000000001,,
4615,DR=0.08_LT=25,United Kingdom,2022,Gas,0.85,164.69432368532256,1005290.0000000001,,
4616,Default,United Kingdom,2023,Gas,0.85,89.36337611689463,1005290.0000000001,,
4617,DR=0.08_LT=25,United Kingdom,2023,Gas,0.85,91.37064649234009,1005290.0000000001,,
4618,Default,United Kingdom,2024,Gas,0.85,79.72161471338586,1005290.0000000001,,
4619,DR=0.08_LT=25,United Kingdom,2024,Gas,0.85,81.72888508883132,1005290.0000000001,,
4620,Default,United Kingdom,2024,Solar+BESS,0.9,100.67,11946719.907588191,11.1,17.1
4621,DR=0.08_LT=25,United Kingdom,2024,Solar+BESS,0.9,152.06,11946719.907588191,11.1,17.1
4622,Default,United Kingdom,2015,Solar+BESS,0.9,328.58,45963236.995,11.1,17.1
4623,DR=0.08_LT=25,United Kingdom,2015,Solar+BESS,0.9,526.31,45963236.995,11.1,17.1
4624,Default,United Kingdom,2016,Solar+BESS,0.9,292.87,40632682.864955604,11.1,17.1
4625,DR=0.08_LT=25,United Kingdom,2016,Solar+BESS,0.9,467.67,40632682.864955604,11.1,17.1
4626,Default,United Kingdom,2017,Solar+BESS,0.9,236.59,32232803.241043568,11.1,17.1
4627,DR=0.08_LT=25,United Kingdom,2017,Solar+BESS,0.9,375.25,32232803.241043568,11.1,17.1
4628,Default,United Kingdom,2018,Solar+BESS,0.9,209.29,28158604.86620743,11.1,17.1
4629,DR=0.08_LT=25,United Kingdom,2018,Solar+BESS,0.9,330.43,28158604.86620743,11.1,17.1
4630,Default,United Kingdom,2019,Solar+BESS,0.9,147.39,18920540.828367706,11.1,17.1
4631,DR=0.08_LT=25,United Kingdom,2019,Solar+BESS,0.9,228.79,18920540.828367706,11.1,17.1
4632,Default,United Kingdom,2020,Solar+BESS,0.9,132.82,16744915.657308819,11.1,17.1
4633,DR=0.08_LT=25,United Kingdom,2020,Solar+BESS,0.9,204.85,16744915.657308819,11.1,17.1
4634,Default,United Kingdom,2021,Solar+BESS,0.9,125.46,15646065.174761541,11.1,17.1
4635,DR=0.08_LT=25,United Kingdom,2021,Solar+BESS,0.9,192.76,15646065.174761541,11.1,17.1
4636,Default,United Kingdom,2022,Solar+BESS,0.9,130.85,16451189.5755755,11.1,17.1
4637,DR=0.08_LT=25,United Kingdom,2022,Solar+BESS,0.9,201.62,16451189.5755755,11.1,17.1
4638,Default,United Kingdom,2023,Solar+BESS,0.9,109.61,13280812.509167332,11.1,17.1
4639,DR=0.08_LT=25,United Kingdom,2023,Solar+BESS,0.9,166.74,13280812.509167332,11.1,17.1
4640,Default,United Kingdom,2015,Coal,0.9,43.135360180538136,1856989.9999999998,,
4641,DR=0.08_LT=25,United Kingdom,2015,Coal,0.9,51.803217317107176,1856989.9999999998,,
4642,Default,United Kingdom,2016,Coal,0.9,45.279488087514885,1856989.9999999998,,
4643,DR=0.08_LT=25,United Kingdom,2016,Coal,0.9,53.94734522408393,1856989.9999999998,,
4644,Default,United Kingdom,2017,Coal,0.9,54.13520901774744,1856989.9999999998,,
4645,DR=0.08_LT=25,United Kingdom,2017,Coal,0.9,62.803066154316475,1856989.9999999998,,
4646,Default,United Kingdom,2018,Coal,0.9,60.763953203793946,1856989.9999999998,,
4647,DR=0.08_LT=25,United Kingdom,2018,Coal,0.9,69.431810340363,1856989.9999999998,,
4648,Default,United Kingdom,2019,Coal,0.9,49.33346483170092,1856989.9999999998,,
4649,DR=0.08_LT=25,United Kingdom,2019,Coal,0.9,58.00132196826997,1856989.9999999998,,
4650,Default,United Kingdom,2020,Coal,0.9,42.63436018053814,1856989.9999999998,,
4651,DR=0.08_LT=25,United Kingdom,2020,Coal,0.9,51.30221731710718,1856989.9999999998,,
4652,Default,United Kingdom,2021,Coal,0.9,71.1753834363521,1856989.9999999998,,
4653,DR=0.08_LT=25,United Kingdom,2021,Coal,0.9,79.84324057292115,1856989.9999999998,,
4654,Default,United Kingdom,2022,Coal,0.9,148.5395229712358,1856989.9999999998,,
4655,DR=0.08_LT=25,United Kingdom,2022,Coal,0.9,157.20738010780485,1856989.9999999998,,
4656,Default,United Kingdom,2023,Coal,0.9,87.04733692472418,1856989.9999999998,,
4657,DR=0.08_LT=25,United Kingdom,2023,Coal,0.9,95.7151940612932,1856989.9999999998,,
4658,Default,United Kingdom,2024,Coal,0.9,70.8561276223986,1856989.9999999998,,
4659,DR=0.08_LT=25,United Kingdom,2024,Coal,0.9,79.52398475896764,1856989.9999999998,,
4660,Default,United Kingdom,2015,Gas,0.9,54.08952832092681,1005290.0000000001,,
4661,DR=0.08_LT=25,United Kingdom,2015,Gas,0.9,55.98528367551419,1005290.0000000001,,
4662,Default,United Kingdom,2016,Gas,0.9,42.855282706891714,1005290.0000000001,,
4663,DR=0.08_LT=25,United Kingdom,2016,Gas,0.9,44.75103806147909,1005290.0000000001,,
4664,Default,United Kingdom,2017,Gas,0.9,49.622005513909265,1005290.0000000001,,
4665,DR=0.08_LT=25,United Kingdom,2017,Gas,0.9,51.517760868496644,1005290.0000000001,,
4666,Default,United Kingdom,2018,Gas,0.9,62.76400551390927,1005290.0000000001,,
4667,DR=0.08_LT=25,United Kingdom,2018,Gas,0.9,64.65976086849665,1005290.0000000001,,
4668,Default,United Kingdom,2019,Gas,0.9,41.752968671804,1005290.0000000001,,
4669,DR=0.08_LT=25,United Kingdom,2019,Gas,0.9,43.64872402639137,1005290.0000000001,,
4670,Default,United Kingdom,2020,Gas,0.9,34.03492656654084,1005290.0000000001,,
4671,DR=0.08_LT=25,United Kingdom,2020,Gas,0.9,35.93068192112821,1005290.0000000001,,
4672,Default,United Kingdom,2021,Gas,0.9,107.52004761917242,1005290.0000000001,,
4673,DR=0.08_LT=25,United Kingdom,2021,Gas,0.9,109.41580297375978,1005290.0000000001,,
4674,Default,United Kingdom,2022,Gas,0.9,161.98429323320747,1005290.0000000001,,
4675,DR=0.08_LT=25,United Kingdom,2022,Gas,0.9,163.88004858779485,1005290.0000000001,,
4676,Default,United Kingdom,2023,Gas,0.9,88.66061604022504,1005290.0000000001,,
4677,DR=0.08_LT=25,United Kingdom,2023,Gas,0.9,90.55637139481242,1005290.0000000001,,
4678,Default,United Kingdom,2024,Gas,0.9,79.01885463671628,1005290.0000000001,,
4679,DR=0.08_LT=25,United Kingdom,2024,Gas,0.9,80.91460999130365,1005290.0000000001,,
4680,Default,United Kingdom,2024,Solar+BESS,0.95,128.95,16417109.036003102,16.5,18.7
4681,DR=0.08_LT=25,United Kingdom,2024,Solar+BESS,0.95,195.86,16417109.036003102,16.5,18.7
4682,Default,United Kingdom,2015,Solar+BESS,0.95,391.71,57813712.100999996,16.5,18.7
4683,DR=0.08_LT=25,United Kingdom,2015,Solar+BESS,0.95,627.34,57813712.100999996,16.5,18.7
4684,Default,United Kingdom,2016,Solar+BESS,0.95,360.22,52851727.76405428,16.5,18.7
4685,DR=0.08_LT=25,United Kingdom,2016,Solar+BESS,0.95,575.62,52851727.76405428,16.5,18.7
4686,Default,United Kingdom,2017,Solar+BESS,0.95,294.42,42485954.427546464,16.5,18.7
4687,DR=0.08_LT=25,United Kingdom,2017,Solar+BESS,0.95,467.58,42485954.427546464,16.5,18.7
4688,Default,United Kingdom,2018,Solar+BESS,0.95,259.46,36977577.12843469,16.5,18.7
4689,DR=0.08_LT=25,United Kingdom,2018,Solar+BESS,0.95,410.16,36977577.12843469,16.5,18.7
4690,Default,United Kingdom,2019,Solar+BESS,0.95,188.54,25803906.808117114,16.5,18.7
4691,DR=0.08_LT=25,United Kingdom,2019,Solar+BESS,0.95,293.7,25803906.808117114,16.5,18.7
4692,Default,United Kingdom,2020,Solar+BESS,0.95,169.49,22802982.663114965,16.5,18.7
4693,DR=0.08_LT=25,United Kingdom,2020,Solar+BESS,0.95,262.42,22802982.663114965,16.5,18.7
4694,Default,United Kingdom,2021,Solar+BESS,0.95,159.92,21295740.472782105,16.5,18.7
4695,DR=0.08_LT=25,United Kingdom,2021,Solar+BESS,0.95,246.71,21295740.472782105,16.5,18.7
4696,Default,United Kingdom,2022,Solar+BESS,0.95,164.32,21989317.332491834,16.5,18.7
4697,DR=0.08_LT=25,United Kingdom,2022,Solar+BESS,0.95,253.94,21989317.332491834,16.5,18.7
4698,Default,United Kingdom,2023,Solar+BESS,0.95,138.12,17860492.59070228,16.5,18.7
4699,DR=0.08_LT=25,United Kingdom,2023,Solar+BESS,0.95,210.91,17860492.59070228,16.5,18.7
4700,Default,United Kingdom,2015,Coal,0.95,42.23611919184396,1856989.9999999998,,
4701,DR=0.08_LT=25,United Kingdom,2015,Coal,0.95,50.44777332122516,1856989.9999999998,,
4702,Default,United Kingdom,2016,Coal,0.95,44.38024709882072,1856989.9999999998,,
4703,DR=0.08_LT=25,United Kingdom,2016,Coal,0.95,52.59190122820193,1856989.9999999998,,
4704,Default,United Kingdom,2017,Coal,0.95,53.23596802905326,1856989.9999999998,,
4705,DR=0.08_LT=25,United Kingdom,2017,Coal,0.95,61.44762215843448,1856989.9999999998,,
4706,Default,United Kingdom,2018,Coal,0.95,59.86471221509977,1856989.9999999998,,
4707,DR=0.08_LT=25,United Kingdom,2018,Coal,0.95,68.07636634448097,1856989.9999999998,,
4708,Default,United Kingdom,2019,Coal,0.95,48.43422384300675,1856989.9999999998,,
4709,DR=0.08_LT=25,United Kingdom,2019,Coal,0.95,56.64587797238796,1856989.9999999998,,
4710,Default,United Kingdom,2020,Coal,0.95,41.73511919184397,1856989.9999999998,,
4711,DR=0.08_LT=25,United Kingdom,2020,Coal,0.95,49.94677332122517,1856989.9999999998,,
4712,Default,United Kingdom,2021,Coal,0.95,70.27614244765793,1856989.9999999998,,
4713,DR=0.08_LT=25,United Kingdom,2021,Coal,0.95,78.48779657703913,1856989.9999999998,,
4714,Default,United Kingdom,2022,Coal,0.95,147.64028198254164,1856989.9999999998,,
4715,DR=0.08_LT=25,United Kingdom,2022,Coal,0.95,155.85193611192287,1856989.9999999998,,
4716,Default,United Kingdom,2023,Coal,0.95,86.14809593603002,1856989.9999999998,,
4717,DR=0.08_LT=25,United Kingdom,2023,Coal,0.95,94.35975006541122,1856989.9999999998,,
4718,Default,United Kingdom,2024,Coal,0.95,69.95688663370444,1856989.9999999998,,
4719,DR=0.08_LT=25,United Kingdom,2024,Coal,0.95,78.16854076308564,1856989.9999999998,,
4720,Default,United Kingdom,2015,Gas,0.95,53.460742989169816,1005290.0000000001,,
4721,DR=0.08_LT=25,United Kingdom,2015,Gas,0.95,55.256721746147335,1005290.0000000001,,
4722,Default,United Kingdom,2016,Gas,0.95,42.22649737513473,1005290.0000000001,,
4723,DR=0.08_LT=25,United Kingdom,2016,Gas,0.95,44.02247613211224,1005290.0000000001,,
4724,Default,United Kingdom,2017,Gas,0.95,48.99322018215227,1005290.0000000001,,
4725,DR=0.08_LT=25,United Kingdom,2017,Gas,0.95,50.78919893912978,1005290.0000000001,,
4726,Default,United Kingdom,2018,Gas,0.95,62.135220182152274,1005290.0000000001,,
4727,DR=0.08_LT=25,United Kingdom,2018,Gas,0.95,63.93119893912979,1005290.0000000001,,
4728,Default,United Kingdom,2019,Gas,0.95,41.124183340047004,1005290.0000000001,,
4729,DR=0.08_LT=25,United Kingdom,2019,Gas,0.95,42.920162097024516,1005290.0000000001,,
4730,Default,United Kingdom,2020,Gas,0.95,33.40614123478385,1005290.0000000001,,
4731,DR=0.08_LT=25,United Kingdom,2020,Gas,0.95,35.202119991761364,1005290.0000000001,,
4732,Default,United Kingdom,2021,Gas,0.95,106.89126228741542,1005290.0000000001,,
4733,DR=0.08_LT=25,United Kingdom,2021,Gas,0.95,108.68724104439295,1005290.0000000001,,
4734,Default,United Kingdom,2022,Gas,0.95,161.3555079014505,1005290.0000000001,,
4735,DR=0.08_LT=25,United Kingdom,2022,Gas,0.95,163.15148665842804,1005290.0000000001,,
4736,Default,United Kingdom,2023,Gas,0.95,88.03183070846806,1005290.0000000001,,
4737,DR=0.08_LT=25,United Kingdom,2023,Gas,0.95,89.82780946544558,1005290.0000000001,,
4738,Default,United Kingdom,2024,Gas,0.95,78.39006930495928,1005290.0000000001,,
4739,DR=0.08_LT=25,United Kingdom,2024,Gas,0.95,80.18604806193679,1005290.0000000001,,
4740,Default,United Kingdom,2024,Solar+BESS,1.0,221.08,30174582.971578002,32.7,24.5
4741,DR=0.08_LT=25,United Kingdom,2024,Solar+BESS,1.0,337.91,30174582.971578002,32.7,24.5
4742,Default,United Kingdom,2015,Solar+BESS,1.0,613.91,95321924.657,32.7,24.5
4743,DR=0.08_LT=25,United Kingdom,2015,Solar+BESS,1.0,982.98,95321924.657,32.7,24.5
4744,Default,United Kingdom,2016,Solar+BESS,1.0,588.07,91035238.13339263,32.7,24.5
4745,DR=0.08_LT=25,United Kingdom,2016,Solar+BESS,1.0,940.54,91035238.13339263,32.7,24.5
4746,Default,United Kingdom,2017,Solar+BESS,1.0,487.7,74390850.58585027,32.7,24.5
4747,DR=0.08_LT=25,United Kingdom,2017,Solar+BESS,1.0,775.73,74390850.58585027,32.7,24.5
4748,Default,United Kingdom,2018,Solar+BESS,1.0,427.77,64451286.283313215,32.7,24.5
4749,DR=0.08_LT=25,United Kingdom,2018,Solar+BESS,1.0,677.31,64451286.283313215,32.7,24.5
4750,Default,United Kingdom,2019,Solar+BESS,1.0,322.69,47025415.42126014,32.7,24.5
4751,DR=0.08_LT=25,United Kingdom,2019,Solar+BESS,1.0,504.76,47025415.42126014,32.7,24.5
4752,Default,United Kingdom,2020,Solar+BESS,1.0,289.29,41486834.99409957,32.7,24.5
4753,DR=0.08_LT=25,United Kingdom,2020,Solar+BESS,1.0,449.92,41486834.99409957,32.7,24.5
4754,Default,United Kingdom,2021,Solar+BESS,1.0,272.62,38722238.7833892,32.7,24.5
4755,DR=0.08_LT=25,United Kingdom,2021,Solar+BESS,1.0,422.54,38722238.7833892,32.7,24.5
4756,Default,United Kingdom,2022,Solar+BESS,1.0,275.22,39152705.68085196,32.7,24.5
4757,DR=0.08_LT=25,United Kingdom,2022,Solar+BESS,1.0,426.81,39152705.68085196,32.7,24.5
4758,Default,United Kingdom,2023,Solar+BESS,1.0,232.27,32030031.916361317,32.7,24.5
4759,DR=0.08_LT=25,United Kingdom,2023,Solar+BESS,1.0,356.28,32030031.916361317,32.7,24.5
4760,Default,United Kingdom,2015,Coal,1.0,41.426802302019205,1856989.9999999998,,
4761,DR=0.08_LT=25,United Kingdom,2015,Coal,1.0,49.22787372493135,1856989.9999999998,,
4762,Default,United Kingdom,2016,Coal,1.0,43.57093020899595,1856989.9999999998,,
4763,DR=0.08_LT=25,United Kingdom,2016,Coal,1.0,51.37200163190809,1856989.9999999998,,
4764,Default,United Kingdom,2017,Coal,1.0,52.426651139228504,1856989.9999999998,,
4765,DR=0.08_LT=25,United Kingdom,2017,Coal,1.0,60.227722562140656,1856989.9999999998,,
4766,Default,United Kingdom,2018,Coal,1.0,59.055395325275015,1856989.9999999998,,
4767,DR=0.08_LT=25,United Kingdom,2018,Coal,1.0,66.85646674818716,1856989.9999999998,,
4768,Default,United Kingdom,2019,Coal,1.0,47.624906953182,1856989.9999999998,,
4769,DR=0.08_LT=25,United Kingdom,2019,Coal,1.0,55.42597837609414,1856989.9999999998,,
4770,Default,United Kingdom,2020,Coal,1.0,40.92580230201921,1856989.9999999998,,
4771,DR=0.08_LT=25,United Kingdom,2020,Coal,1.0,48.72687372493135,1856989.9999999998,,
4772,Default,United Kingdom,2021,Coal,1.0,69.46682555783316,1856989.9999999998,,
4773,DR=0.08_LT=25,United Kingdom,2021,Coal,1.0,77.26789698074532,1856989.9999999998,,
4774,Default,United Kingdom,2022,Coal,1.0,146.83096509271692,1856989.9999999998,,
4775,DR=0.08_LT=25,United Kingdom,2022,Coal,1.0,154.63203651562907,1856989.9999999998,,
4776,Default,United Kingdom,2023,Coal,1.0,85.33877904620525,1856989.9999999998,,
4777,DR=0.08_LT=25,United Kingdom,2023,Coal,1.0,93.13985046911739,1856989.9999999998,,
4778,Default,United Kingdom,2024,Coal,1.0,69.14756974387969,1856989.9999999998,,
4779,DR=0.08_LT=25,United Kingdom,2024,Coal,1.0,76.94864116679182,1856989.9999999998,,
4780,Default,United Kingdom,2015,Gas,1.0,52.894836190588514,1005290.0000000001,,
4781,DR=0.08_LT=25,United Kingdom,2015,Gas,1.0,54.60101600971715,1005290.0000000001,,
4782,Default,United Kingdom,2016,Gas,1.0,41.660590576553425,1005290.0000000001,,
4783,DR=0.08_LT=25,United Kingdom,2016,Gas,1.0,43.36677039568207,1005290.0000000001,,
4784,Default,United Kingdom,2017,Gas,1.0,48.42731338357097,1005290.0000000001,,
4785,DR=0.08_LT=25,United Kingdom,2017,Gas,1.0,50.13349320269961,1005290.0000000001,,
4786,Default,United Kingdom,2018,Gas,1.0,61.56931338357098,1005290.0000000001,,
4787,DR=0.08_LT=25,United Kingdom,2018,Gas,1.0,63.27549320269962,1005290.0000000001,,
4788,Default,United Kingdom,2019,Gas,1.0,40.55827654146571,1005290.0000000001,,
4789,DR=0.08_LT=25,United Kingdom,2019,Gas,1.0,42.26445636059435,1005290.0000000001,,
4790,Default,United Kingdom,2020,Gas,1.0,32.84023443620254,1005290.0000000001,,
4791,DR=0.08_LT=25,United Kingdom,2020,Gas,1.0,34.546414255331186,1005290.0000000001,,
4792,Default,United Kingdom,2021,Gas,1.0,106.32535548883412,1005290.0000000001,,
4793,DR=0.08_LT=25,United Kingdom,2021,Gas,1.0,108.03153530796277,1005290.0000000001,,
4794,Default,United Kingdom,2022,Gas,1.0,160.7896011028692,1005290.0000000001,,
4795,DR=0.08_LT=25,United Kingdom,2022,Gas,1.0,162.49578092199786,1005290.0000000001,,
4796,Default,United Kingdom,2023,Gas,1.0,87.46592390988677,1005290.0000000001,,
4797,DR=0.08_LT=25,United Kingdom,2023,Gas,1.0,89.1721037290154,1005290.0000000001,,
4798,Default,United Kingdom,2024,Gas,1.0,77.82416250637797,1005290.0000000001,,
4799,DR=0.08_LT=25,United Kingdom,2024,Gas,1.0,79.53034232550662,1005290.0000000001,,
4800,Default,Saudi Arabia,2024,Solar+BESS,0.05,17.62,126532.52586073932,0.2,0.0
4801,DR=0.08_LT=25,Saudi Arabia,2024,Solar+BESS,0.05,27.8,126532.52586073932,0.2,0.0
4802,Default,Saudi Arabia,2015,Solar+BESS,0.05,48.84,391993.2337952706,0.2,0.0
4803,DR=0.08_LT=25,Saudi Arabia,2015,Solar+BESS,0.05,80.37,391993.2337952706,0.2,0.0
4804,Default,Saudi Arabia,2016,Solar+BESS,0.05,44.93,358674.1117516019,0.2,0.0
4805,DR=0.08_LT=25,Saudi Arabia,2016,Solar+BESS,0.05,73.77,358674.1117516019,0.2,0.0
4806,Default,Saudi Arabia,2017,Solar+BESS,0.05,39.0,308271.319847096,0.2,0.0
4807,DR=0.08_LT=25,Saudi Arabia,2017,Solar+BESS,0.05,63.79,308271.319847096,0.2,0.0
4808,Default,Saudi Arabia,2018,Solar+BESS,0.05,33.72,263447.8387831737,0.2,0.0
4809,DR=0.08_LT=25,Saudi Arabia,2018,Solar+BESS,0.05,54.91,263447.8387831737,0.2,0.0
4810,Default,Saudi Arabia,2019,Solar+BESS,0.05,28.33,217615.66070351898,0.2,0.0
4811,DR=0.08_LT=25,Saudi Arabia,2019,Solar+BESS,0.05,45.83,217615.66070351898,0.2,0.0
4812,Default,Saudi Arabia,2020,Solar+BESS,0.05,25.22,191159.78577685743,0.2,0.0
4813,DR=0.08_LT=25,Saudi Arabia,2020,Solar+BESS,0.05,40.6,191159.78577685743,0.2,0.0
4814,Default,Saudi Arabia,2021,Solar+BESS,0.05,23.69,178155.62909541553,0.2,0.0
4815,DR=0.08_LT=25,Saudi Arabia,2021,Solar+BESS,0.05,38.02,178155.62909541553,0.2,0.0
4816,Default,Saudi Arabia,2022,Solar+BESS,0.05,22.77,170269.79679038655,0.2,0.0
4817,DR=0.08_LT=25,Saudi Arabia,2022,Solar+BESS,0.05,36.46,170269.79679038655,0.2,0.0
4818,Default,Saudi Arabia,2023,Solar+BESS,0.05,19.45,142069.92817614076,0.2,0.0
4819,DR=0.08_LT=25,Saudi Arabia,2023,Solar+BESS,0.05,30.87,142069.92817614076,0.2,0.0
4820,Default,Saudi Arabia,2015,Coal,0.05,375.4094392824578,2285989.9999999995,,
4821,DR=0.08_LT=25,Saudi Arabia,2015,Coal,0.05,574.5689174620842,2285989.9999999995,,
4822,Default,Saudi Arabia,2016,Coal,0.05,377.55356718943455,2285989.9999999995,,
4823,DR=0.08_LT=25,Saudi Arabia,2016,Coal,0.05,576.713045369061,2285989.9999999995,,
4824,Default,Saudi Arabia,2017,Coal,0.05,386.40928811966717,2285989.9999999995,,
4825,DR=0.08_LT=25,Saudi Arabia,2017,Coal,0.05,585.5687662992934,2285989.9999999995,,
4826,Default,Saudi Arabia,2018,Coal,0.05,393.0380323057136,2285989.9999999995,,
4827,DR=0.08_LT=25,Saudi Arabia,2018,Coal,0.05,592.19751048534,2285989.9999999995,,
4828,Default,Saudi Arabia,2019,Coal,0.05,381.6075439336206,2285989.9999999995,,
4829,DR=0.08_LT=25,Saudi Arabia,2019,Coal,0.05,580.7670221132469,2285989.9999999995,,
4830,Default,Saudi Arabia,2020,Coal,0.05,374.90843928245783,2285989.9999999995,,
4831,DR=0.08_LT=25,Saudi Arabia,2020,Coal,0.05,574.0679174620842,2285989.9999999995,,
4832,Default,Saudi Arabia,2021,Coal,0.05,403.44946253827175,2285989.9999999995,,
4833,DR=0.08_LT=25,Saudi Arabia,2021,Coal,0.05,602.6089407178981,2285989.9999999995,,
4834,Default,Saudi Arabia,2022,Coal,0.05,480.81360207315555,2285989.9999999995,,
4835,DR=0.08_LT=25,Saudi Arabia,2022,Coal,0.05,679.9730802527819,2285989.9999999995,,
4836,Default,Saudi Arabia,2023,Coal,0.05,419.32141602664393,2285989.9999999995,,
4837,DR=0.08_LT=25,Saudi Arabia,2023,Coal,0.05,618.4808942062702,2285989.9999999995,,
4838,Default,Saudi Arabia,2024,Coal,0.05,403.1302067243183,2285989.9999999995,,
4839,DR=0.08_LT=25,Saudi Arabia,2024,Coal,0.05,602.2896849039447,2285989.9999999995,,
4840,Default,Saudi Arabia,2015,Gas,0.05,276.6252967923512,977140.0,,
4841,DR=0.08_LT=25,Saudi Arabia,2015,Gas,0.05,312.2929753508972,977140.0,,
4842,Default,Saudi Arabia,2016,Gas,0.05,255.5538256552284,977140.0,,
4843,DR=0.08_LT=25,Saudi Arabia,2016,Gas,0.05,291.2215042137744,977140.0,,
4844,Default,Saudi Arabia,2017,Gas,0.05,254.41644511089504,977140.0,,
4845,DR=0.08_LT=25,Saudi Arabia,2017,Gas,0.05,290.0841236694411,977140.0,,
4846,Default,Saudi Arabia,2018,Gas,0.05,269.6812892585267,977140.0,,
4847,DR=0.08_LT=25,Saudi Arabia,2018,Gas,0.05,305.34896781707266,977140.0,,
4848,Default,Saudi Arabia,2019,Gas,0.05,243.58139887277224,977140.0,,
4849,DR=0.08_LT=25,Saudi Arabia,2019,Gas,0.05,279.24907743131826,977140.0,,
4850,Default,Saudi Arabia,2020,Gas,0.05,237.1761505441582,977140.0,,
4851,DR=0.08_LT=25,Saudi Arabia,2020,Gas,0.05,272.8438291027042,977140.0,,
4852,Default,Saudi Arabia,2021,Gas,0.05,322.35996710133367,977140.0,,
4853,DR=0.08_LT=25,Saudi Arabia,2021,Gas,0.05,358.0276456598797,977140.0,,
4854,Default,Saudi Arabia,2022,Gas,0.05,410.3573039523863,977140.0,,
4855,DR=0.08_LT=25,Saudi Arabia,2022,Gas,0.05,446.0249825109323,977140.0,,
4856,Default,Saudi Arabia,2023,Gas,0.05,291.5908302704214,977140.0,,
4857,DR=0.08_LT=25,Saudi Arabia,2023,Gas,0.05,327.2585088289674,977140.0,,
4858,Default,Saudi Arabia,2024,Gas,0.05,281.11495683577226,977140.0,,
4859,DR=0.08_LT=25,Saudi Arabia,2024,Gas,0.05,316.7826353943183,977140.0,,
4860,Default,Saudi Arabia,2024,Solar+BESS,0.1,17.62,253065.05172147864,0.4,0.0
4861,DR=0.08_LT=25,Saudi Arabia,2024,Solar+BESS,0.1,27.8,253065.05172147864,0.4,0.0
4862,Default,Saudi Arabia,2015,Solar+BESS,0.1,48.84,783986.4675905412,0.4,0.0
4863,DR=0.08_LT=25,Saudi Arabia,2015,Solar+BESS,0.1,80.37,783986.4675905412,0.4,0.0
4864,Default,Saudi Arabia,2016,Solar+BESS,0.1,44.93,717348.2235032038,0.4,0.0
4865,DR=0.08_LT=25,Saudi Arabia,2016,Solar+BESS,0.1,73.77,717348.2235032038,0.4,0.0
4866,Default,Saudi Arabia,2017,Solar+BESS,0.1,39.0,616542.639694192,0.4,0.0
4867,DR=0.08_LT=25,Saudi Arabia,2017,Solar+BESS,0.1,63.79,616542.639694192,0.4,0.0
4868,Default,Saudi Arabia,2018,Solar+BESS,0.1,33.72,526895.6775663474,0.4,0.0
4869,DR=0.08_LT=25,Saudi Arabia,2018,Solar+BESS,0.1,54.91,526895.6775663474,0.4,0.0
4870,Default,Saudi Arabia,2019,Solar+BESS,0.1,28.33,435231.32140703796,0.4,0.0
4871,DR=0.08_LT=25,Saudi Arabia,2019,Solar+BESS,0.1,45.83,435231.32140703796,0.4,0.0
4872,Default,Saudi Arabia,2020,Solar+BESS,0.1,25.22,382319.57155371486,0.4,0.0
4873,DR=0.08_LT=25,Saudi Arabia,2020,Solar+BESS,0.1,40.6,382319.57155371486,0.4,0.0
4874,Default,Saudi Arabia,2021,Solar+BESS,0.1,23.69,356311.25819083105,0.4,0.0
4875,DR=0.08_LT=25,Saudi Arabia,2021,Solar+BESS,0.1,38.02,356311.25819083105,0.4,0.0
4876,Default,Saudi Arabia,2022,Solar+BESS,0.1,22.77,340539.5935807731,0.4,0.0
4877,DR=0.08_LT=25,Saudi Arabia,2022,Solar+BESS,0.1,36.46,340539.5935807731,0.4,0.0
4878,Default,Saudi Arabia,2023,Solar+BESS,0.1,19.45,284139.8563522815,0.4,0.0
4879,DR=0.08_LT=25,Saudi Arabia,2023,Solar+BESS,0.1,30.87,284139.8563522815,0.4,0.0
4880,Default,Saudi Arabia,2015,Coal,0.1,200.7296103389033,2285989.9999999995,,
4881,DR=0.08_LT=25,Saudi Arabia,2015,Coal,0.1,300.3093494287165,2285989.9999999995,,
4882,Default,Saudi Arabia,2016,Coal,0.1,202.8737382458801,2285989.9999999995,,
4883,DR=0.08_LT=25,Saudi Arabia,2016,Coal,0.1,302.45347733569326,2285989.9999999995,,
4884,Default,Saudi Arabia,2017,Coal,0.1,211.72945917611264,2285989.9999999995,,
4885,DR=0.08_LT=25,Saudi Arabia,2017,Coal,0.1,311.30919826592583,2285989.9999999995,,
4886,Default,Saudi Arabia,2018,Coal,0.1,218.35820336215914,2285989.9999999995,,
4887,DR=0.08_LT=25,Saudi Arabia,2018,Coal,0.1,317.93794245197233,2285989.9999999995,,
4888,Default,Saudi Arabia,2019,Coal,0.1,206.92771499006614,2285989.9999999995,,
4889,DR=0.08_LT=25,Saudi Arabia,2019,Coal,0.1,306.50745407987927,2285989.9999999995,,
4890,Default,Saudi Arabia,2020,Coal,0.1,200.22861033890334,2285989.9999999995,,
4891,DR=0.08_LT=25,Saudi Arabia,2020,Coal,0.1,299.8083494287165,2285989.9999999995,,
4892,Default,Saudi Arabia,2021,Coal,0.1,228.7696335947173,2285989.9999999995,,
4893,DR=0.08_LT=25,Saudi Arabia,2021,Coal,0.1,328.34937268453046,2285989.9999999995,,
4894,Default,Saudi Arabia,2022,Coal,0.1,306.133773129601,2285989.9999999995,,
4895,DR=0.08_LT=25,Saudi Arabia,2022,Coal,0.1,405.71351221941416,2285989.9999999995,,
4896,Default,Saudi Arabia,2023,Coal,0.1,244.6415870830894,2285989.9999999995,,
4897,DR=0.08_LT=25,Saudi Arabia,2023,Coal,0.1,344.22132617290254,2285989.9999999995,,
4898,Default,Saudi Arabia,2024,Coal,0.1,228.4503777807638,2285989.9999999995,,
4899,DR=0.08_LT=25,Saudi Arabia,2024,Coal,0.1,328.03011687057693,2285989.9999999995,,
4900,Default,Saudi Arabia,2015,Gas,0.1,172.6623977801054,977140.0,,
4901,DR=0.08_LT=25,Saudi Arabia,2015,Gas,0.1,190.49623705937842,977140.0,,
4902,Default,Saudi Arabia,2016,Gas,0.1,151.59092664298262,977140.0,,
4903,DR=0.08_LT=25,Saudi Arabia,2016,Gas,0.1,169.42476592225563,977140.0,,
4904,Default,Saudi Arabia,2017,Gas,0.1,150.45354609864927,977140.0,,
4905,DR=0.08_LT=25,Saudi Arabia,2017,Gas,0.1,168.2873853779223,977140.0,,
4906,Default,Saudi Arabia,2018,Gas,0.1,165.71839024628088,977140.0,,
4907,DR=0.08_LT=25,Saudi Arabia,2018,Gas,0.1,183.5522295255539,977140.0,,
4908,Default,Saudi Arabia,2019,Gas,0.1,139.61849986052647,977140.0,,
4909,DR=0.08_LT=25,Saudi Arabia,2019,Gas,0.1,157.4523391397995,977140.0,,
4910,Default,Saudi Arabia,2020,Gas,0.1,133.21325153191245,977140.0,,
4911,DR=0.08_LT=25,Saudi Arabia,2020,Gas,0.1,151.04709081118546,977140.0,,
4912,Default,Saudi Arabia,2021,Gas,0.1,218.3970680890879,977140.0,,
4913,DR=0.08_LT=25,Saudi Arabia,2021,Gas,0.1,236.23090736836093,977140.0,,
4914,Default,Saudi Arabia,2022,Gas,0.1,306.3944049401406,977140.0,,
4915,DR=0.08_LT=25,Saudi Arabia,2022,Gas,0.1,324.22824421941357,977140.0,,
4916,Default,Saudi Arabia,2023,Gas,0.1,187.62793125817558,977140.0,,
4917,DR=0.08_LT=25,Saudi Arabia,2023,Gas,0.1,205.46177053744861,977140.0,,
4918,Default,Saudi Arabia,2024,Gas,0.1,177.1520578235265,977140.0,,
4919,DR=0.08_LT=25,Saudi Arabia,2024,Gas,0.1,194.9858971027995,977140.0,,
4920,Default,Saudi Arabia,2024,Solar+BESS,0.15,17.62,379597.5775822179,0.5,0.0
4921,DR=0.08_LT=25,Saudi Arabia,2024,Solar+BESS,0.15,27.8,379597.5775822179,0.5,0.0
4922,Default,Saudi Arabia,2015,Solar+BESS,0.15,48.84,1175979.701385812,0.5,0.0
4923,DR=0.08_LT=25,Saudi Arabia,2015,Solar+BESS,0.15,80.37,1175979.701385812,0.5,0.0
4924,Default,Saudi Arabia,2016,Solar+BESS,0.15,44.93,1076022.3352548056,0.5,0.0
4925,DR=0.08_LT=25,Saudi Arabia,2016,Solar+BESS,0.15,73.77,1076022.3352548056,0.5,0.0
4926,Default,Saudi Arabia,2017,Solar+BESS,0.15,39.0,924813.9595412879,0.5,0.0
4927,DR=0.08_LT=25,Saudi Arabia,2017,Solar+BESS,0.15,63.79,924813.9595412879,0.5,0.0
4928,Default,Saudi Arabia,2018,Solar+BESS,0.15,33.72,790343.5163495212,0.5,0.0
4929,DR=0.08_LT=25,Saudi Arabia,2018,Solar+BESS,0.15,54.91,790343.5163495212,0.5,0.0
4930,Default,Saudi Arabia,2019,Solar+BESS,0.15,28.33,652846.982110557,0.5,0.0
4931,DR=0.08_LT=25,Saudi Arabia,2019,Solar+BESS,0.15,45.83,652846.982110557,0.5,0.0
4932,Default,Saudi Arabia,2020,Solar+BESS,0.15,25.22,573479.3573305723,0.5,0.0
4933,DR=0.08_LT=25,Saudi Arabia,2020,Solar+BESS,0.15,40.6,573479.3573305723,0.5,0.0
4934,Default,Saudi Arabia,2021,Solar+BESS,0.15,23.69,534466.8872862465,0.5,0.0
4935,DR=0.08_LT=25,Saudi Arabia,2021,Solar+BESS,0.15,38.02,534466.8872862465,0.5,0.0
4936,Default,Saudi Arabia,2022,Solar+BESS,0.15,22.77,510809.3903711597,0.5,0.0
4937,DR=0.08_LT=25,Saudi Arabia,2022,Solar+BESS,0.15,36.46,510809.3903711597,0.5,0.0
4938,Default,Saudi Arabia,2023,Solar+BESS,0.15,19.45,426209.7845284223,0.5,0.0
4939,DR=0.08_LT=25,Saudi Arabia,2023,Solar+BESS,0.15,30.87,426209.7845284223,0.5,0.0
4940,Default,Saudi Arabia,2015,Coal,0.15,142.50300069105185,2285989.9999999995,,
4941,DR=0.08_LT=25,Saudi Arabia,2015,Coal,0.15,208.88949341759397,2285989.9999999995,,
4942,Default,Saudi Arabia,2016,Coal,0.15,144.6471285980286,2285989.9999999995,,
4943,DR=0.08_LT=25,Saudi Arabia,2016,Coal,0.15,211.0336213245707,2285989.9999999995,,
4944,Default,Saudi Arabia,2017,Coal,0.15,153.50284952826115,2285989.9999999995,,
4945,DR=0.08_LT=25,Saudi Arabia,2017,Coal,0.15,219.88934225480324,2285989.9999999995,,
4946,Default,Saudi Arabia,2018,Coal,0.15,160.13159371430768,2285989.9999999995,,
4947,DR=0.08_LT=25,Saudi Arabia,2018,Coal,0.15,226.5180864408498,2285989.9999999995,,
4948,Default,Saudi Arabia,2019,Coal,0.15,148.70110534221465,2285989.9999999995,,
4949,DR=0.08_LT=25,Saudi Arabia,2019,Coal,0.15,215.08759806875676,2285989.9999999995,,
4950,Default,Saudi Arabia,2020,Coal,0.15,142.00200069105185,2285989.9999999995,,
4951,DR=0.08_LT=25,Saudi Arabia,2020,Coal,0.15,208.38849341759393,2285989.9999999995,,
4952,Default,Saudi Arabia,2021,Coal,0.15,170.5430239468658,2285989.9999999995,,
4953,DR=0.08_LT=25,Saudi Arabia,2021,Coal,0.15,236.92951667340793,2285989.9999999995,,
4954,Default,Saudi Arabia,2022,Coal,0.15,247.90716348174954,2285989.9999999995,,
4955,DR=0.08_LT=25,Saudi Arabia,2022,Coal,0.15,314.2936562082916,2285989.9999999995,,
4956,Default,Saudi Arabia,2023,Coal,0.15,186.4149774352379,2285989.9999999995,,
4957,DR=0.08_LT=25,Saudi Arabia,2023,Coal,0.15,252.80147016177997,2285989.9999999995,,
4958,Default,Saudi Arabia,2024,Coal,0.15,170.2237681329123,2285989.9999999995,,
4959,DR=0.08_LT=25,Saudi Arabia,2024,Coal,0.15,236.61026085945443,2285989.9999999995,,
4960,Default,Saudi Arabia,2015,Gas,0.15,138.00809810935684,977140.0,,
4961,DR=0.08_LT=25,Saudi Arabia,2015,Gas,0.15,149.89732429553885,977140.0,,
4962,Default,Saudi Arabia,2016,Gas,0.15,116.93662697223402,977140.0,,
4963,DR=0.08_LT=25,Saudi Arabia,2016,Gas,0.15,128.82585315841604,977140.0,,
4964,Default,Saudi Arabia,2017,Gas,0.15,115.79924642790068,977140.0,,
4965,DR=0.08_LT=25,Saudi Arabia,2017,Gas,0.15,127.68847261408271,977140.0,,
4966,Default,Saudi Arabia,2018,Gas,0.15,131.06409057553228,977140.0,,
4967,DR=0.08_LT=25,Saudi Arabia,2018,Gas,0.15,142.95331676171432,977140.0,,
4968,Default,Saudi Arabia,2019,Gas,0.15,104.96420018977788,977140.0,,
4969,DR=0.08_LT=25,Saudi Arabia,2019,Gas,0.15,116.85342637595991,977140.0,,
4970,Default,Saudi Arabia,2020,Gas,0.15,98.55895186116383,977140.0,,
4971,DR=0.08_LT=25,Saudi Arabia,2020,Gas,0.15,110.44817804734586,977140.0,,
4972,Default,Saudi Arabia,2021,Gas,0.15,183.7427684183393,977140.0,,
4973,DR=0.08_LT=25,Saudi Arabia,2021,Gas,0.15,195.63199460452134,977140.0,,
4974,Default,Saudi Arabia,2022,Gas,0.15,271.74010526939196,977140.0,,
4975,DR=0.08_LT=25,Saudi Arabia,2022,Gas,0.15,283.629331455574,977140.0,,
4976,Default,Saudi Arabia,2023,Gas,0.15,152.973631587427,977140.0,,
4977,DR=0.08_LT=25,Saudi Arabia,2023,Gas,0.15,164.86285777360902,977140.0,,
4978,Default,Saudi Arabia,2024,Gas,0.15,142.4977581527779,977140.0,,
4979,DR=0.08_LT=25,Saudi Arabia,2024,Gas,0.15,154.3869843389599,977140.0,,
4980,Default,Saudi Arabia,2024,Solar+BESS,0.2,17.62,506130.1034429573,0.7,0.0
4981,DR=0.08_LT=25,Saudi Arabia,2024,Solar+BESS,0.2,27.8,506130.1034429573,0.7,0.0
4982,Default,Saudi Arabia,2015,Solar+BESS,0.2,48.84,1567972.9351810825,0.7,0.0
4983,DR=0.08_LT=25,Saudi Arabia,2015,Solar+BESS,0.2,80.37,1567972.9351810825,0.7,0.0
4984,Default,Saudi Arabia,2016,Solar+BESS,0.2,44.93,1434696.4470064077,0.7,0.0
4985,DR=0.08_LT=25,Saudi Arabia,2016,Solar+BESS,0.2,73.77,1434696.4470064077,0.7,0.0
4986,Default,Saudi Arabia,2017,Solar+BESS,0.2,39.0,1233085.279388384,0.7,0.0
4987,DR=0.08_LT=25,Saudi Arabia,2017,Solar+BESS,0.2,63.79,1233085.279388384,0.7,0.0
4988,Default,Saudi Arabia,2018,Solar+BESS,0.2,33.72,1053791.3551326948,0.7,0.0
4989,DR=0.08_LT=25,Saudi Arabia,2018,Solar+BESS,0.2,54.91,1053791.3551326948,0.7,0.0
4990,Default,Saudi Arabia,2019,Solar+BESS,0.2,28.33,870462.6428140759,0.7,0.0
4991,DR=0.08_LT=25,Saudi Arabia,2019,Solar+BESS,0.2,45.83,870462.6428140759,0.7,0.0
4992,Default,Saudi Arabia,2020,Solar+BESS,0.2,25.22,764639.1431074297,0.7,0.0
4993,DR=0.08_LT=25,Saudi Arabia,2020,Solar+BESS,0.2,40.6,764639.1431074297,0.7,0.0
4994,Default,Saudi Arabia,2021,Solar+BESS,0.2,23.69,712622.5163816621,0.7,0.0
4995,DR=0.08_LT=25,Saudi Arabia,2021,Solar+BESS,0.2,38.02,712622.5163816621,0.7,0.0
4996,Default,Saudi Arabia,2022,Solar+BESS,0.2,22.77,681079.1871615462,0.7,0.0
4997,DR=0.08_LT=25,Saudi Arabia,2022,Solar+BESS,0.2,36.46,681079.1871615462,0.7,0.0
4998,Default,Saudi Arabia,2023,Solar+BESS,0.2,19.45,568279.712704563,0.7,0.0
4999,DR=0.08_LT=25,Saudi Arabia,2023,Solar+BESS,0.2,30.87,568279.712704563,0.7,0.0
5000,Default,Saudi Arabia,2015,Coal,0.2,113.3896958671261,2285989.9999999995,,
5001,DR=0.08_LT=25,Saudi Arabia,2015,Coal,0.2,163.17956541203267,2285989.9999999995,,
5002,Default,Saudi Arabia,2016,Coal,0.2,115.53382377410284,2285989.9999999995,,
5003,DR=0.08_LT=25,Saudi Arabia,2016,Coal,0.2,165.3236933190094,2285989.9999999995,,
5004,Default,Saudi Arabia,2017,Coal,0.2,124.38954470433539,2285989.9999999995,,
5005,DR=0.08_LT=25,Saudi Arabia,2017,Coal,0.2,174.17941424924197,2285989.9999999995,,
5006,Default,Saudi Arabia,2018,Coal,0.2,131.0182888903819,2285989.9999999995,,
5007,DR=0.08_LT=25,Saudi Arabia,2018,Coal,0.2,180.80815843528848,2285989.9999999995,,
5008,Default,Saudi Arabia,2019,Coal,0.2,119.5878005182889,2285989.9999999995,,
5009,DR=0.08_LT=25,Saudi Arabia,2019,Coal,0.2,169.37767006319547,2285989.9999999995,,
5010,Default,Saudi Arabia,2020,Coal,0.2,112.88869586712609,2285989.9999999995,,
5011,DR=0.08_LT=25,Saudi Arabia,2020,Coal,0.2,162.67856541203267,2285989.9999999995,,
5012,Default,Saudi Arabia,2021,Coal,0.2,141.42971912294007,2285989.9999999995,,
5013,DR=0.08_LT=25,Saudi Arabia,2021,Coal,0.2,191.21958866784664,2285989.9999999995,,
5014,Default,Saudi Arabia,2022,Coal,0.2,218.79385865782376,2285989.9999999995,,
5015,DR=0.08_LT=25,Saudi Arabia,2022,Coal,0.2,268.5837282027303,2285989.9999999995,,
5016,Default,Saudi Arabia,2023,Coal,0.2,157.30167261131214,2285989.9999999995,,
5017,DR=0.08_LT=25,Saudi Arabia,2023,Coal,0.2,207.0915421562187,2285989.9999999995,,
5018,Default,Saudi Arabia,2024,Coal,0.2,141.11046330898654,2285989.9999999995,,
5019,DR=0.08_LT=25,Saudi Arabia,2024,Coal,0.2,190.90033285389313,2285989.9999999995,,
5020,Default,Saudi Arabia,2015,Gas,0.2,120.68094827398255,977140.0,,
5021,DR=0.08_LT=25,Saudi Arabia,2015,Gas,0.2,129.59786791361907,977140.0,,
5022,Default,Saudi Arabia,2016,Gas,0.2,99.60947713685972,977140.0,,
5023,DR=0.08_LT=25,Saudi Arabia,2016,Gas,0.2,108.52639677649623,977140.0,,
5024,Default,Saudi Arabia,2017,Gas,0.2,98.47209659252641,977140.0,,
5025,DR=0.08_LT=25,Saudi Arabia,2017,Gas,0.2,107.3890162321629,977140.0,,
5026,Default,Saudi Arabia,2018,Gas,0.2,113.736940740158,977140.0,,
5027,DR=0.08_LT=25,Saudi Arabia,2018,Gas,0.2,122.65386037979451,977140.0,,
5028,Default,Saudi Arabia,2019,Gas,0.2,87.63705035440358,977140.0,,
5029,DR=0.08_LT=25,Saudi Arabia,2019,Gas,0.2,96.55396999404009,977140.0,,
5030,Default,Saudi Arabia,2020,Gas,0.2,81.23180202578955,977140.0,,
5031,DR=0.08_LT=25,Saudi Arabia,2020,Gas,0.2,90.14872166542607,977140.0,,
5032,Default,Saudi Arabia,2021,Gas,0.2,166.41561858296504,977140.0,,
5033,DR=0.08_LT=25,Saudi Arabia,2021,Gas,0.2,175.33253822260153,977140.0,,
5034,Default,Saudi Arabia,2022,Gas,0.2,254.41295543401768,977140.0,,
5035,DR=0.08_LT=25,Saudi Arabia,2022,Gas,0.2,263.3298750736542,977140.0,,
5036,Default,Saudi Arabia,2023,Gas,0.2,135.64648175205272,977140.0,,
5037,DR=0.08_LT=25,Saudi Arabia,2023,Gas,0.2,144.56340139168924,977140.0,,
5038,Default,Saudi Arabia,2024,Gas,0.2,125.1706083174036,977140.0,,
5039,DR=0.08_LT=25,Saudi Arabia,2024,Gas,0.2,134.0875279570401,977140.0,,
5040,Default,Saudi Arabia,2024,Solar+BESS,0.25,17.62,632662.6293036964,0.9,0.0
5041,DR=0.08_LT=25,Saudi Arabia,2024,Solar+BESS,0.25,27.8,632662.6293036964,0.9,0.0
5042,Default,Saudi Arabia,2015,Solar+BESS,0.25,48.84,1959966.168976353,0.9,0.0
5043,DR=0.08_LT=25,Saudi Arabia,2015,Solar+BESS,0.25,80.37,1959966.168976353,0.9,0.0
5044,Default,Saudi Arabia,2016,Solar+BESS,0.25,44.93,1793370.5587580095,0.9,0.0
5045,DR=0.08_LT=25,Saudi Arabia,2016,Solar+BESS,0.25,73.77,1793370.5587580095,0.9,0.0
5046,Default,Saudi Arabia,2017,Solar+BESS,0.25,39.0,1541356.5992354797,0.9,0.0
5047,DR=0.08_LT=25,Saudi Arabia,2017,Solar+BESS,0.25,63.79,1541356.5992354797,0.9,0.0
5048,Default,Saudi Arabia,2018,Solar+BESS,0.25,33.72,1317239.1939158686,0.9,0.0
5049,DR=0.08_LT=25,Saudi Arabia,2018,Solar+BESS,0.25,54.91,1317239.1939158686,0.9,0.0
5050,Default,Saudi Arabia,2019,Solar+BESS,0.25,28.33,1088078.303517595,0.9,0.0
5051,DR=0.08_LT=25,Saudi Arabia,2019,Solar+BESS,0.25,45.83,1088078.303517595,0.9,0.0
5052,Default,Saudi Arabia,2020,Solar+BESS,0.25,25.22,955798.9288842872,0.9,0.0
5053,DR=0.08_LT=25,Saudi Arabia,2020,Solar+BESS,0.25,40.6,955798.9288842872,0.9,0.0
5054,Default,Saudi Arabia,2021,Solar+BESS,0.25,23.69,890778.1454770775,0.9,0.0
5055,DR=0.08_LT=25,Saudi Arabia,2021,Solar+BESS,0.25,38.02,890778.1454770775,0.9,0.0
5056,Default,Saudi Arabia,2022,Solar+BESS,0.25,22.77,851348.9839519329,0.9,0.0
5057,DR=0.08_LT=25,Saudi Arabia,2022,Solar+BESS,0.25,36.46,851348.9839519329,0.9,0.0
5058,Default,Saudi Arabia,2023,Solar+BESS,0.25,19.45,710349.6408807038,0.9,0.0
5059,DR=0.08_LT=25,Saudi Arabia,2023,Solar+BESS,0.25,30.87,710349.6408807038,0.9,0.0
5060,Default,Saudi Arabia,2015,Coal,0.25,95.92171297277064,2285989.9999999995,,
5061,DR=0.08_LT=25,Saudi Arabia,2015,Coal,0.25,135.7536086086959,2285989.9999999995,,
5062,Default,Saudi Arabia,2016,Coal,0.25,98.06584087974737,2285989.9999999995,,
5063,DR=0.08_LT=25,Saudi Arabia,2016,Coal,0.25,137.89773651567265,2285989.9999999995,,
5064,Default,Saudi Arabia,2017,Coal,0.25,106.92156180997993,2285989.9999999995,,
5065,DR=0.08_LT=25,Saudi Arabia,2017,Coal,0.25,146.7534574459052,2285989.9999999995,,
5066,Default,Saudi Arabia,2018,Coal,0.25,113.55030599602647,2285989.9999999995,,
5067,DR=0.08_LT=25,Saudi Arabia,2018,Coal,0.25,153.38220163195174,2285989.9999999995,,
5068,Default,Saudi Arabia,2019,Coal,0.25,102.11981762393343,2285989.9999999995,,
5069,DR=0.08_LT=25,Saudi Arabia,2019,Coal,0.25,141.9517132598587,2285989.9999999995,,
5070,Default,Saudi Arabia,2020,Coal,0.25,95.42071297277062,2285989.9999999995,,
5071,DR=0.08_LT=25,Saudi Arabia,2020,Coal,0.25,135.2526086086959,2285989.9999999995,,
5072,Default,Saudi Arabia,2021,Coal,0.25,123.96173622858458,2285989.9999999995,,
5073,DR=0.08_LT=25,Saudi Arabia,2021,Coal,0.25,163.79363186450988,2285989.9999999995,,
5074,Default,Saudi Arabia,2022,Coal,0.25,201.32587576346836,2285989.9999999995,,
5075,DR=0.08_LT=25,Saudi Arabia,2022,Coal,0.25,241.15777139939362,2285989.9999999995,,
5076,Default,Saudi Arabia,2023,Coal,0.25,139.83368971695668,2285989.9999999995,,
5077,DR=0.08_LT=25,Saudi Arabia,2023,Coal,0.25,179.66558535288195,2285989.9999999995,,
5078,Default,Saudi Arabia,2024,Coal,0.25,123.6424804146311,2285989.9999999995,,
5079,DR=0.08_LT=25,Saudi Arabia,2024,Coal,0.25,163.47437605055637,2285989.9999999995,,
5080,Default,Saudi Arabia,2015,Gas,0.25,110.28465837275796,977140.0,,
5081,DR=0.08_LT=25,Saudi Arabia,2015,Gas,0.25,117.41819408446717,977140.0,,
5082,Default,Saudi Arabia,2016,Gas,0.25,89.21318723563516,977140.0,,
5083,DR=0.08_LT=25,Saudi Arabia,2016,Gas,0.25,96.34672294734438,977140.0,,
5084,Default,Saudi Arabia,2017,Gas,0.25,88.07580669130182,977140.0,,
5085,DR=0.08_LT=25,Saudi Arabia,2017,Gas,0.25,95.20934240301105,977140.0,,
5086,Default,Saudi Arabia,2018,Gas,0.25,103.34065083893344,977140.0,,
5087,DR=0.08_LT=25,Saudi Arabia,2018,Gas,0.25,110.47418655064266,977140.0,,
5088,Default,Saudi Arabia,2019,Gas,0.25,77.24076045317902,977140.0,,
5089,DR=0.08_LT=25,Saudi Arabia,2019,Gas,0.25,84.37429616488822,977140.0,,
5090,Default,Saudi Arabia,2020,Gas,0.25,70.83551212456499,977140.0,,
5091,DR=0.08_LT=25,Saudi Arabia,2020,Gas,0.25,77.96904783627419,977140.0,,
5092,Default,Saudi Arabia,2021,Gas,0.25,156.01932868174043,977140.0,,
5093,DR=0.08_LT=25,Saudi Arabia,2021,Gas,0.25,163.15286439344968,977140.0,,
5094,Default,Saudi Arabia,2022,Gas,0.25,244.0166655327931,977140.0,,
5095,DR=0.08_LT=25,Saudi Arabia,2022,Gas,0.25,251.15020124450228,977140.0,,
5096,Default,Saudi Arabia,2023,Gas,0.25,125.25019185082816,977140.0,,
5097,DR=0.08_LT=25,Saudi Arabia,2023,Gas,0.25,132.38372756253736,977140.0,,
5098,Default,Saudi Arabia,2024,Gas,0.25,114.77431841617903,977140.0,,
5099,DR=0.08_LT=25,Saudi Arabia,2024,Gas,0.25,121.90785412788823,977140.0,,
5100,Default,Saudi Arabia,2024,Solar+BESS,0.3,17.97,774046.4265012777,1.1,0.0
5101,DR=0.08_LT=25,Saudi Arabia,2024,Solar+BESS,0.3,28.34,774046.4265012777,1.1,0.0
5102,Default,Saudi Arabia,2015,Solar+BESS,0.3,49.8,2397968.109526651,1.1,0.0
5103,DR=0.08_LT=25,Saudi Arabia,2015,Solar+BESS,0.3,81.94,2397968.109526651,1.1,0.0
5104,Default,Saudi Arabia,2016,Solar+BESS,0.3,45.8,2194142.672733849,1.1,0.0
5105,DR=0.08_LT=25,Saudi Arabia,2016,Solar+BESS,0.3,75.21,2194142.672733849,1.1,0.0
5106,Default,Saudi Arabia,2017,Solar+BESS,0.3,39.76,1885810.0863575286,1.1,0.0
5107,DR=0.08_LT=25,Saudi Arabia,2017,Solar+BESS,0.3,65.04,1885810.0863575286,1.1,0.0
5108,Default,Saudi Arabia,2018,Solar+BESS,0.3,34.38,1611608.2152982075,1.1,0.0
5109,DR=0.08_LT=25,Saudi Arabia,2018,Solar+BESS,0.3,55.98,1611608.2152982075,1.1,0.0
5110,Default,Saudi Arabia,2019,Solar+BESS,0.3,28.89,1331235.7701897316,1.1,0.0
5111,DR=0.08_LT=25,Saudi Arabia,2019,Solar+BESS,0.3,46.73,1331235.7701897316,1.1,0.0
5112,Default,Saudi Arabia,2020,Solar+BESS,0.3,25.72,1169395.3634828809,1.1,0.0
5113,DR=0.08_LT=25,Saudi Arabia,2020,Solar+BESS,0.3,41.39,1169395.3634828809,1.1,0.0
5114,Default,Saudi Arabia,2021,Solar+BESS,0.3,24.16,1089844.11023428,1.1,0.0
5115,DR=0.08_LT=25,Saudi Arabia,2021,Solar+BESS,0.3,38.76,1089844.11023428,1.1,0.0
5116,Default,Saudi Arabia,2022,Solar+BESS,0.3,23.21,1041603.5469943268,1.1,0.0
5117,DR=0.08_LT=25,Saudi Arabia,2022,Solar+BESS,0.3,37.17,1041603.5469943268,1.1,0.0
5118,Default,Saudi Arabia,2023,Solar+BESS,0.3,19.83,869094.4835722764,1.1,0.0
5119,DR=0.08_LT=25,Saudi Arabia,2023,Solar+BESS,0.3,31.48,869094.4835722764,1.1,0.0
5120,Default,Saudi Arabia,2015,Coal,0.3,84.27639104320035,2285989.9999999995,,
5121,DR=0.08_LT=25,Saudi Arabia,2015,Coal,0.3,117.46963740647139,2285989.9999999995,,
5122,Default,Saudi Arabia,2016,Coal,0.3,86.42051895017708,2285989.9999999995,,
5123,DR=0.08_LT=25,Saudi Arabia,2016,Coal,0.3,119.61376531344816,2285989.9999999995,,
5124,Default,Saudi Arabia,2017,Coal,0.3,95.27623988040965,2285989.9999999995,,
5125,DR=0.08_LT=25,Saudi Arabia,2017,Coal,0.3,128.4694862436807,2285989.9999999995,,
5126,Default,Saudi Arabia,2018,Coal,0.3,101.90498406645617,2285989.9999999995,,
5127,DR=0.08_LT=25,Saudi Arabia,2018,Coal,0.3,135.0982304297272,2285989.9999999995,,
5128,Default,Saudi Arabia,2019,Coal,0.3,90.47449569436313,2285989.9999999995,,
5129,DR=0.08_LT=25,Saudi Arabia,2019,Coal,0.3,123.66774205763417,2285989.9999999995,,
5130,Default,Saudi Arabia,2020,Coal,0.3,83.77539104320034,2285989.9999999995,,
5131,DR=0.08_LT=25,Saudi Arabia,2020,Coal,0.3,116.9686374064714,2285989.9999999995,,
5132,Default,Saudi Arabia,2021,Coal,0.3,112.3164142990143,2285989.9999999995,,
5133,DR=0.08_LT=25,Saudi Arabia,2021,Coal,0.3,145.50966066228537,2285989.9999999995,,
5134,Default,Saudi Arabia,2022,Coal,0.3,189.68055383389807,2285989.9999999995,,
5135,DR=0.08_LT=25,Saudi Arabia,2022,Coal,0.3,222.87380019716912,2285989.9999999995,,
5136,Default,Saudi Arabia,2023,Coal,0.3,128.18836778738637,2285989.9999999995,,
5137,DR=0.08_LT=25,Saudi Arabia,2023,Coal,0.3,161.38161415065744,2285989.9999999995,,
5138,Default,Saudi Arabia,2024,Coal,0.3,111.99715848506081,2285989.9999999995,,
5139,DR=0.08_LT=25,Saudi Arabia,2024,Coal,0.3,145.19040484833187,2285989.9999999995,,
5140,Default,Saudi Arabia,2015,Gas,0.3,103.35379843860825,977140.0,,
5141,DR=0.08_LT=25,Saudi Arabia,2015,Gas,0.3,109.29841153169926,977140.0,,
5142,Default,Saudi Arabia,2016,Gas,0.3,82.28232730148542,977140.0,,
5143,DR=0.08_LT=25,Saudi Arabia,2016,Gas,0.3,88.22694039457645,977140.0,,
5144,Default,Saudi Arabia,2017,Gas,0.3,81.1449467571521,977140.0,,
5145,DR=0.08_LT=25,Saudi Arabia,2017,Gas,0.3,87.08955985024312,977140.0,,
5146,Default,Saudi Arabia,2018,Gas,0.3,96.40979090478372,977140.0,,
5147,DR=0.08_LT=25,Saudi Arabia,2018,Gas,0.3,102.35440399787471,977140.0,,
5148,Default,Saudi Arabia,2019,Gas,0.3,70.3099005190293,977140.0,,
5149,DR=0.08_LT=25,Saudi Arabia,2019,Gas,0.3,76.2545136121203,977140.0,,
5150,Default,Saudi Arabia,2020,Gas,0.3,63.90465219041526,977140.0,,
5151,DR=0.08_LT=25,Saudi Arabia,2020,Gas,0.3,69.84926528350627,977140.0,,
5152,Default,Saudi Arabia,2021,Gas,0.3,149.08846874759072,977140.0,,
5153,DR=0.08_LT=25,Saudi Arabia,2021,Gas,0.3,155.03308184068175,977140.0,,
5154,Default,Saudi Arabia,2022,Gas,0.3,237.0858055986433,977140.0,,
5155,DR=0.08_LT=25,Saudi Arabia,2022,Gas,0.3,243.03041869173435,977140.0,,
5156,Default,Saudi Arabia,2023,Gas,0.3,118.31933191667842,977140.0,,
5157,DR=0.08_LT=25,Saudi Arabia,2023,Gas,0.3,124.26394500976944,977140.0,,
5158,Default,Saudi Arabia,2024,Gas,0.3,107.84345848202929,977140.0,,
5159,DR=0.08_LT=25,Saudi Arabia,2024,Gas,0.3,113.78807157512031,977140.0,,
5160,Default,Saudi Arabia,2024,Solar+BESS,0.35,20.42,1015206.7329093355,1.4,0.2
5161,DR=0.08_LT=25,Saudi Arabia,2024,Solar+BESS,0.35,32.08,1015206.7329093355,1.4,0.2
5162,Default,Saudi Arabia,2015,Solar+BESS,0.35,59.37,3333592.0507216747,1.4,0.2
5163,DR=0.08_LT=25,Saudi Arabia,2015,Solar+BESS,0.35,97.67,3333592.0507216747,1.4,0.2
5164,Default,Saudi Arabia,2016,Solar+BESS,0.35,53.58,2988602.457502067,1.4,0.2
5165,DR=0.08_LT=25,Saudi Arabia,2016,Solar+BESS,0.35,87.91,2988602.457502067,1.4,0.2
5166,Default,Saudi Arabia,2017,Solar+BESS,0.35,46.0,2537398.701141466,1.4,0.2
5167,DR=0.08_LT=25,Saudi Arabia,2017,Solar+BESS,0.35,75.15,2537398.701141466,1.4,0.2
5168,Default,Saudi Arabia,2018,Solar+BESS,0.35,39.92,2175565.436381582,1.4,0.2
5169,DR=0.08_LT=25,Saudi Arabia,2018,Solar+BESS,0.35,64.91,2175565.436381582,1.4,0.2
5170,Default,Saudi Arabia,2019,Solar+BESS,0.35,32.71,1746703.3624814604,1.4,0.2
5171,DR=0.08_LT=25,Saudi Arabia,2019,Solar+BESS,0.35,52.78,1746703.3624814604,1.4,0.2
5172,Default,Saudi Arabia,2020,Solar+BESS,0.35,29.17,1535800.1779799948,1.4,0.2
5173,DR=0.08_LT=25,Saudi Arabia,2020,Solar+BESS,0.35,46.81,1535800.1779799948,1.4,0.2
5174,Default,Saudi Arabia,2021,Solar+BESS,0.35,27.42,1431790.743990324,1.4,0.2
5175,DR=0.08_LT=25,Saudi Arabia,2021,Solar+BESS,0.35,43.87,1431790.743990324,1.4,0.2
5176,Default,Saudi Arabia,2022,Solar+BESS,0.35,26.65,1385801.846930083,1.4,0.2
5177,DR=0.08_LT=25,Saudi Arabia,2022,Solar+BESS,0.35,42.57,1385801.846930083,1.4,0.2
5178,Default,Saudi Arabia,2023,Solar+BESS,0.35,22.7,1151112.0771839202,1.4,0.2
5179,DR=0.08_LT=25,Saudi Arabia,2023,Solar+BESS,0.35,35.93,1151112.0771839202,1.4,0.2
5180,Default,Saudi Arabia,2015,Coal,0.35,75.95830395065012,2285989.9999999995,,
5181,DR=0.08_LT=25,Saudi Arabia,2015,Coal,0.35,104.40965797631104,2285989.9999999995,,
5182,Default,Saudi Arabia,2016,Coal,0.35,78.10243185762687,2285989.9999999995,,
5183,DR=0.08_LT=25,Saudi Arabia,2016,Coal,0.35,106.55378588328779,2285989.9999999995,,
5184,Default,Saudi Arabia,2017,Coal,0.35,86.95815278785942,2285989.9999999995,,
5185,DR=0.08_LT=25,Saudi Arabia,2017,Coal,0.35,115.40950681352035,2285989.9999999995,,
5186,Default,Saudi Arabia,2018,Coal,0.35,93.58689697390594,2285989.9999999995,,
5187,DR=0.08_LT=25,Saudi Arabia,2018,Coal,0.35,122.03825099956684,2285989.9999999995,,
5188,Default,Saudi Arabia,2019,Coal,0.35,82.15640860181291,2285989.9999999995,,
5189,DR=0.08_LT=25,Saudi Arabia,2019,Coal,0.35,110.60776262747383,2285989.9999999995,,
5190,Default,Saudi Arabia,2020,Coal,0.35,75.45730395065013,2285989.9999999995,,
5191,DR=0.08_LT=25,Saudi Arabia,2020,Coal,0.35,103.90865797631105,2285989.9999999995,,
5192,Default,Saudi Arabia,2021,Coal,0.35,103.99832720646408,2285989.9999999995,,
5193,DR=0.08_LT=25,Saudi Arabia,2021,Coal,0.35,132.449681232125,2285989.9999999995,,
5194,Default,Saudi Arabia,2022,Coal,0.35,181.36246674134782,2285989.9999999995,,
5195,DR=0.08_LT=25,Saudi Arabia,2022,Coal,0.35,209.81382076700876,2285989.9999999995,,
5196,Default,Saudi Arabia,2023,Coal,0.35,119.87028069483617,2285989.9999999995,,
5197,DR=0.08_LT=25,Saudi Arabia,2023,Coal,0.35,148.3216347204971,2285989.9999999995,,
5198,Default,Saudi Arabia,2024,Coal,0.35,103.67907139251058,2285989.9999999995,,
5199,DR=0.08_LT=25,Saudi Arabia,2024,Coal,0.35,132.1304254181715,2285989.9999999995,,
5200,Default,Saudi Arabia,2015,Gas,0.35,98.40318419992987,977140.0,,
5201,DR=0.08_LT=25,Saudi Arabia,2015,Gas,0.35,103.49856685115073,977140.0,,
5202,Default,Saudi Arabia,2016,Gas,0.35,77.33171306280707,977140.0,,
5203,DR=0.08_LT=25,Saudi Arabia,2016,Gas,0.35,82.42709571402794,977140.0,,
5204,Default,Saudi Arabia,2017,Gas,0.35,76.19433251847373,977140.0,,
5205,DR=0.08_LT=25,Saudi Arabia,2017,Gas,0.35,81.2897151696946,977140.0,,
5206,Default,Saudi Arabia,2018,Gas,0.35,91.45917666610535,977140.0,,
5207,DR=0.08_LT=25,Saudi Arabia,2018,Gas,0.35,96.55455931732621,977140.0,,
5208,Default,Saudi Arabia,2019,Gas,0.35,65.35928628035093,977140.0,,
5209,DR=0.08_LT=25,Saudi Arabia,2019,Gas,0.35,70.4546689315718,977140.0,,
5210,Default,Saudi Arabia,2020,Gas,0.35,58.954037951736886,977140.0,,
5211,DR=0.08_LT=25,Saudi Arabia,2020,Gas,0.35,64.04942060295777,977140.0,,
5212,Default,Saudi Arabia,2021,Gas,0.35,144.13785450891237,977140.0,,
5213,DR=0.08_LT=25,Saudi Arabia,2021,Gas,0.35,149.23323716013323,977140.0,,
5214,Default,Saudi Arabia,2022,Gas,0.35,232.13519135996498,977140.0,,
5215,DR=0.08_LT=25,Saudi Arabia,2022,Gas,0.35,237.23057401118584,977140.0,,
5216,Default,Saudi Arabia,2023,Gas,0.35,113.36871767800007,977140.0,,
5217,DR=0.08_LT=25,Saudi Arabia,2023,Gas,0.35,118.46410032922093,977140.0,,
5218,Default,Saudi Arabia,2024,Gas,0.35,102.89284424335095,977140.0,,
5219,DR=0.08_LT=25,Saudi Arabia,2024,Gas,0.35,107.9882268945718,977140.0,,
5220,Default,Saudi Arabia,2024,Solar+BESS,0.4,24.47,1338811.8749164632,1.6,1.2
5221,DR=0.08_LT=25,Saudi Arabia,2024,Solar+BESS,0.4,37.93,1338811.8749164632,1.6,1.2
5222,Default,Saudi Arabia,2015,Solar+BESS,0.4,82.33,5274721.913373636,1.6,1.2
5223,DR=0.08_LT=25,Saudi Arabia,2015,Solar+BESS,0.4,135.36,5274721.913373636,1.6,1.2
5224,Default,Saudi Arabia,2016,Solar+BESS,0.4,70.32,4457853.865907539,1.6,1.2
5225,DR=0.08_LT=25,Saudi Arabia,2016,Solar+BESS,0.4,115.14,4457853.865907539,1.6,1.2
5226,Default,Saudi Arabia,2017,Solar+BESS,0.4,58.37,3644694.6199487844,1.6,1.2
5227,DR=0.08_LT=25,Saudi Arabia,2017,Solar+BESS,0.4,95.01,3644694.6199487844,1.6,1.2
5228,Default,Saudi Arabia,2018,Solar+BESS,0.4,51.2,3157264.2588992706,1.6,1.2
5229,DR=0.08_LT=25,Saudi Arabia,2018,Solar+BESS,0.4,82.94,3157264.2588992706,1.6,1.2
5230,Default,Saudi Arabia,2019,Solar+BESS,0.4,38.7,2306789.9640450133,1.6,1.2
5231,DR=0.08_LT=25,Saudi Arabia,2019,Solar+BESS,0.4,61.89,2306789.9640450133,1.6,1.2
5232,Default,Saudi Arabia,2020,Solar+BESS,0.4,34.7,2034996.991591538,1.6,1.2
5233,DR=0.08_LT=25,Saudi Arabia,2020,Solar+BESS,0.4,55.16,2034996.991591538,1.6,1.2
5234,Default,Saudi Arabia,2021,Solar+BESS,0.4,32.71,1899355.9375281744,1.6,1.2
5235,DR=0.08_LT=25,Saudi Arabia,2021,Solar+BESS,0.4,51.8,1899355.9375281744,1.6,1.2
5236,Default,Saudi Arabia,2022,Solar+BESS,0.4,33.0,1919241.5458899876,1.6,1.2
5237,DR=0.08_LT=25,Saudi Arabia,2022,Solar+BESS,0.4,52.29,1919241.5458899876,1.6,1.2
5238,Default,Saudi Arabia,2023,Solar+BESS,0.4,27.87,1570438.2467619346,1.6,1.2
5239,DR=0.08_LT=25,Saudi Arabia,2023,Solar+BESS,0.4,43.66,1570438.2467619346,1.6,1.2
5240,Default,Saudi Arabia,2015,Coal,0.4,69.71973863123746,2285989.9999999995,,
5241,DR=0.08_LT=25,Saudi Arabia,2015,Coal,0.4,94.61467340369074,2285989.9999999995,,
5242,Default,Saudi Arabia,2016,Coal,0.4,71.86386653821421,2285989.9999999995,,
5243,DR=0.08_LT=25,Saudi Arabia,2016,Coal,0.4,96.7588013106675,2285989.9999999995,,
5244,Default,Saudi Arabia,2017,Coal,0.4,80.71958746844676,2285989.9999999995,,
5245,DR=0.08_LT=25,Saudi Arabia,2017,Coal,0.4,105.61452224090004,2285989.9999999995,,
5246,Default,Saudi Arabia,2018,Coal,0.4,87.34833165449328,2285989.9999999995,,
5247,DR=0.08_LT=25,Saudi Arabia,2018,Coal,0.4,112.24326642694658,2285989.9999999995,,
5248,Default,Saudi Arabia,2019,Coal,0.4,75.91784328240024,2285989.9999999995,,
5249,DR=0.08_LT=25,Saudi Arabia,2019,Coal,0.4,100.81277805485354,2285989.9999999995,,
5250,Default,Saudi Arabia,2020,Coal,0.4,69.21873863123747,2285989.9999999995,,
5251,DR=0.08_LT=25,Saudi Arabia,2020,Coal,0.4,94.11367340369075,2285989.9999999995,,
5252,Default,Saudi Arabia,2021,Coal,0.4,97.75976188705144,2285989.9999999995,,
5253,DR=0.08_LT=25,Saudi Arabia,2021,Coal,0.4,122.6546966595047,2285989.9999999995,,
5254,Default,Saudi Arabia,2022,Coal,0.4,175.12390142193516,2285989.9999999995,,
5255,DR=0.08_LT=25,Saudi Arabia,2022,Coal,0.4,200.01883619438846,2285989.9999999995,,
5256,Default,Saudi Arabia,2023,Coal,0.4,113.6317153754235,2285989.9999999995,,
5257,DR=0.08_LT=25,Saudi Arabia,2023,Coal,0.4,138.52665014787678,2285989.9999999995,,
5258,Default,Saudi Arabia,2024,Coal,0.4,97.44050607309792,2285989.9999999995,,
5259,DR=0.08_LT=25,Saudi Arabia,2024,Coal,0.4,122.33544084555122,2285989.9999999995,,
5260,Default,Saudi Arabia,2015,Gas,0.4,94.69022352092112,977140.0,,
5261,DR=0.08_LT=25,Saudi Arabia,2015,Gas,0.4,99.14868334073935,977140.0,,
5262,Default,Saudi Arabia,2016,Gas,0.4,73.61875238379828,977140.0,,
5263,DR=0.08_LT=25,Saudi Arabia,2016,Gas,0.4,78.07721220361655,977140.0,,
5264,Default,Saudi Arabia,2017,Gas,0.4,72.48137183946496,977140.0,,
5265,DR=0.08_LT=25,Saudi Arabia,2017,Gas,0.4,76.9398316592832,977140.0,,
5266,Default,Saudi Arabia,2018,Gas,0.4,87.74621598709656,977140.0,,
5267,DR=0.08_LT=25,Saudi Arabia,2018,Gas,0.4,92.2046758069148,977140.0,,
5268,Default,Saudi Arabia,2019,Gas,0.4,61.64632560134216,977140.0,,
5269,DR=0.08_LT=25,Saudi Arabia,2019,Gas,0.4,66.10478542116041,977140.0,,
5270,Default,Saudi Arabia,2020,Gas,0.4,55.24107727272811,977140.0,,
5271,DR=0.08_LT=25,Saudi Arabia,2020,Gas,0.4,59.699537092546365,977140.0,,
5272,Default,Saudi Arabia,2021,Gas,0.4,140.42489382990357,977140.0,,
5273,DR=0.08_LT=25,Saudi Arabia,2021,Gas,0.4,144.88335364972184,977140.0,,
5274,Default,Saudi Arabia,2022,Gas,0.4,228.42223068095623,977140.0,,
5275,DR=0.08_LT=25,Saudi Arabia,2022,Gas,0.4,232.88069050077442,977140.0,,
5276,Default,Saudi Arabia,2023,Gas,0.4,109.6557569989913,977140.0,,
5277,DR=0.08_LT=25,Saudi Arabia,2023,Gas,0.4,114.11421681880952,977140.0,,
5278,Default,Saudi Arabia,2024,Gas,0.4,99.17988356434216,977140.0,,
5279,DR=0.08_LT=25,Saudi Arabia,2024,Gas,0.4,103.63834338416041,977140.0,,
5280,Default,Saudi Arabia,2024,Solar+BESS,0.45,28.0,1683774.1628938576,1.8,2.2
5281,DR=0.08_LT=25,Saudi Arabia,2024,Solar+BESS,0.45,43.05,1683774.1628938576,1.8,2.2
5282,Default,Saudi Arabia,2015,Solar+BESS,0.45,101.95,7342115.95658471,1.8,2.2
5283,DR=0.08_LT=25,Saudi Arabia,2015,Solar+BESS,0.45,167.55,7342115.95658471,1.8,2.2
5284,Default,Saudi Arabia,2016,Solar+BESS,0.45,84.71,6022986.948989406,1.8,2.2
5285,DR=0.08_LT=25,Saudi Arabia,2016,Solar+BESS,0.45,138.53,6022986.948989406,1.8,2.2
5286,Default,Saudi Arabia,2017,Solar+BESS,0.45,69.05,4824442.296039221,1.8,2.2
5287,DR=0.08_LT=25,Saudi Arabia,2017,Solar+BESS,0.45,112.15,4824442.296039221,1.8,2.2
5288,Default,Saudi Arabia,2018,Solar+BESS,0.45,60.93,4203147.2926595975,1.8,2.2
5289,DR=0.08_LT=25,Saudi Arabia,2018,Solar+BESS,0.45,98.48,4203147.2926595975,1.8,2.2
5290,Default,Saudi Arabia,2019,Solar+BESS,0.45,43.95,2903833.9519269466,1.8,2.2
5291,DR=0.08_LT=25,Saudi Arabia,2019,Solar+BESS,0.45,69.89,2903833.9519269466,1.8,2.2
5292,Default,Saudi Arabia,2020,Solar+BESS,0.45,39.55,2567119.3012361354,1.8,2.2
5293,DR=0.08_LT=25,Saudi Arabia,2020,Solar+BESS,0.45,62.48,2567119.3012361354,1.8,2.2
5294,Default,Saudi Arabia,2021,Solar+BESS,0.45,37.33,2397755.8198176995,1.8,2.2
5295,DR=0.08_LT=25,Saudi Arabia,2021,Solar+BESS,0.45,58.76,2397755.8198176995,1.8,2.2
5296,Default,Saudi Arabia,2022,Solar+BESS,0.45,38.51,2487694.300869053,1.8,2.2
5297,DR=0.08_LT=25,Saudi Arabia,2022,Solar+BESS,0.45,60.74,2487694.300869053,1.8,2.2
5298,Default,Saudi Arabia,2023,Solar+BESS,0.45,32.36,2017328.8312278842,1.8,2.2
5299,DR=0.08_LT=25,Saudi Arabia,2023,Solar+BESS,0.45,50.39,2017328.8312278842,1.8,2.2
5300,Default,Saudi Arabia,2015,Coal,0.45,64.86752116058317,2285989.9999999995,,
5301,DR=0.08_LT=25,Saudi Arabia,2015,Coal,0.45,86.99635206943053,2285989.9999999995,,
5302,Default,Saudi Arabia,2016,Coal,0.45,67.01164906755992,2285989.9999999995,,
5303,DR=0.08_LT=25,Saudi Arabia,2016,Coal,0.45,89.14047997640729,2285989.9999999995,,
5304,Default,Saudi Arabia,2017,Coal,0.45,75.86736999779248,2285989.9999999995,,
5305,DR=0.08_LT=25,Saudi Arabia,2017,Coal,0.45,97.99620090663984,2285989.9999999995,,
5306,Default,Saudi Arabia,2018,Coal,0.45,82.49611418383898,2285989.9999999995,,
5307,DR=0.08_LT=25,Saudi Arabia,2018,Coal,0.45,104.62494509268636,2285989.9999999995,,
5308,Default,Saudi Arabia,2019,Coal,0.45,71.06562581174596,2285989.9999999995,,
5309,DR=0.08_LT=25,Saudi Arabia,2019,Coal,0.45,93.19445672059332,2285989.9999999995,,
5310,Default,Saudi Arabia,2020,Coal,0.45,64.36652116058318,2285989.9999999995,,
5311,DR=0.08_LT=25,Saudi Arabia,2020,Coal,0.45,86.49535206943055,2285989.9999999995,,
5312,Default,Saudi Arabia,2021,Coal,0.45,92.90754441639714,2285989.9999999995,,
5313,DR=0.08_LT=25,Saudi Arabia,2021,Coal,0.45,115.0363753252445,2285989.9999999995,,
5314,Default,Saudi Arabia,2022,Coal,0.45,170.27168395128086,2285989.9999999995,,
5315,DR=0.08_LT=25,Saudi Arabia,2022,Coal,0.45,192.40051486012823,2285989.9999999995,,
5316,Default,Saudi Arabia,2023,Coal,0.45,108.77949790476923,2285989.9999999995,,
5317,DR=0.08_LT=25,Saudi Arabia,2023,Coal,0.45,130.90832881361658,2285989.9999999995,,
5318,Default,Saudi Arabia,2024,Coal,0.45,92.58828860244364,2285989.9999999995,,
5319,DR=0.08_LT=25,Saudi Arabia,2024,Coal,0.45,114.71711951129102,2285989.9999999995,,
5320,Default,Saudi Arabia,2015,Gas,0.45,91.80236521502538,977140.0,,
5321,DR=0.08_LT=25,Saudi Arabia,2015,Gas,0.45,95.76544061041939,977140.0,,
5322,Default,Saudi Arabia,2016,Gas,0.45,70.73089407790256,977140.0,,
5323,DR=0.08_LT=25,Saudi Arabia,2016,Gas,0.45,74.69396947329659,977140.0,,
5324,Default,Saudi Arabia,2017,Gas,0.45,69.59351353356924,977140.0,,
5325,DR=0.08_LT=25,Saudi Arabia,2017,Gas,0.45,73.55658892896325,977140.0,,
5326,Default,Saudi Arabia,2018,Gas,0.45,84.85835768120084,977140.0,,
5327,DR=0.08_LT=25,Saudi Arabia,2018,Gas,0.45,88.82143307659486,977140.0,,
5328,Default,Saudi Arabia,2019,Gas,0.45,58.75846729544642,977140.0,,
5329,DR=0.08_LT=25,Saudi Arabia,2019,Gas,0.45,62.721542690840444,977140.0,,
5330,Default,Saudi Arabia,2020,Gas,0.45,52.35321896683239,977140.0,,
5331,DR=0.08_LT=25,Saudi Arabia,2020,Gas,0.45,56.31629436222641,977140.0,,
5332,Default,Saudi Arabia,2021,Gas,0.45,137.53703552400785,977140.0,,
5333,DR=0.08_LT=25,Saudi Arabia,2021,Gas,0.45,141.50011091940186,977140.0,,
5334,Default,Saudi Arabia,2022,Gas,0.45,225.53437237506046,977140.0,,
5335,DR=0.08_LT=25,Saudi Arabia,2022,Gas,0.45,229.4974477704545,977140.0,,
5336,Default,Saudi Arabia,2023,Gas,0.45,106.76789869309557,977140.0,,
5337,DR=0.08_LT=25,Saudi Arabia,2023,Gas,0.45,110.73097408848959,977140.0,,
5338,Default,Saudi Arabia,2024,Gas,0.45,96.29202525844643,977140.0,,
5339,DR=0.08_LT=25,Saudi Arabia,2024,Gas,0.45,100.25510065384044,977140.0,,
5340,Default,Saudi Arabia,2024,Solar+BESS,0.5,31.01,2036006.8480023462,2.0,3.4
5341,DR=0.08_LT=25,Saudi Arabia,2024,Solar+BESS,0.5,47.38,2036006.8480023462,2.0,3.4
5342,Default,Saudi Arabia,2015,Solar+BESS,0.5,119.12,9527476.448965227,2.0,3.4
5343,DR=0.08_LT=25,Saudi Arabia,2015,Solar+BESS,0.5,195.74,9527476.448965227,2.0,3.4
5344,Default,Saudi Arabia,2016,Solar+BESS,0.5,97.22,7664853.872878282,2.0,3.4
5345,DR=0.08_LT=25,Saudi Arabia,2016,Solar+BESS,0.5,158.85,7664853.872878282,2.0,3.4
5346,Default,Saudi Arabia,2017,Solar+BESS,0.5,78.27,6054329.889733734,2.0,3.4
5347,DR=0.08_LT=25,Saudi Arabia,2017,Solar+BESS,0.5,126.96,6054329.889733734,2.0,3.4
5348,Default,Saudi Arabia,2018,Solar+BESS,0.5,69.35,5295480.103677135,2.0,3.4
5349,DR=0.08_LT=25,Saudi Arabia,2018,Solar+BESS,0.5,111.93,5295480.103677135,2.0,3.4
5350,Default,Saudi Arabia,2019,Solar+BESS,0.5,48.39,3513741.5822799494,2.0,3.4
5351,DR=0.08_LT=25,Saudi Arabia,2019,Solar+BESS,0.5,76.65,3513741.5822799494,2.0,3.4
5352,Default,Saudi Arabia,2020,Solar+BESS,0.5,43.66,3111273.6163645815,2.0,3.4
5353,DR=0.08_LT=25,Saudi Arabia,2020,Solar+BESS,0.5,68.68,3111273.6163645815,2.0,3.4
5354,Default,Saudi Arabia,2021,Solar+BESS,0.5,41.26,2907605.8786951145,2.0,3.4
5355,DR=0.08_LT=25,Saudi Arabia,2021,Solar+BESS,0.5,64.64,2907605.8786951145,2.0,3.4
5356,Default,Saudi Arabia,2022,Solar+BESS,0.5,43.24,3075893.3619623547,2.0,3.4
5357,DR=0.08_LT=25,Saudi Arabia,2022,Solar+BESS,0.5,67.98,3075893.3619623547,2.0,3.4
5358,Default,Saudi Arabia,2023,Solar+BESS,0.5,36.21,2478075.350851549,2.0,3.4
5359,DR=0.08_LT=25,Saudi Arabia,2023,Solar+BESS,0.5,56.14,2478075.350851549,2.0,3.4
5360,Default,Saudi Arabia,2015,Coal,0.5,60.98574718405973,2285989.9999999995,,
5361,DR=0.08_LT=25,Saudi Arabia,2015,Coal,0.5,80.90169500202238,2285989.9999999995,,
5362,Default,Saudi Arabia,2016,Coal,0.5,63.129875091036475,2285989.9999999995,,
5363,DR=0.08_LT=25,Saudi Arabia,2016,Coal,0.5,83.04582290899911,2285989.9999999995,,
5364,Default,Saudi Arabia,2017,Coal,0.5,71.98559602126903,2285989.9999999995,,
5365,DR=0.08_LT=25,Saudi Arabia,2017,Coal,0.5,91.90154383923168,2285989.9999999995,,
5366,Default,Saudi Arabia,2018,Coal,0.5,78.61434020731554,2285989.9999999995,,
5367,DR=0.08_LT=25,Saudi Arabia,2018,Coal,0.5,98.5302880252782,2285989.9999999995,,
5368,Default,Saudi Arabia,2019,Coal,0.5,67.18385183522253,2285989.9999999995,,
5369,DR=0.08_LT=25,Saudi Arabia,2019,Coal,0.5,87.09979965318517,2285989.9999999995,,
5370,Default,Saudi Arabia,2020,Coal,0.5,60.484747184059735,2285989.9999999995,,
5371,DR=0.08_LT=25,Saudi Arabia,2020,Coal,0.5,80.40069500202237,2285989.9999999995,,
5372,Default,Saudi Arabia,2021,Coal,0.5,89.02577043987368,2285989.9999999995,,
5373,DR=0.08_LT=25,Saudi Arabia,2021,Coal,0.5,108.94171825783633,2285989.9999999995,,
5374,Default,Saudi Arabia,2022,Coal,0.5,166.38990997475744,2285989.9999999995,,
5375,DR=0.08_LT=25,Saudi Arabia,2022,Coal,0.5,186.30585779272008,2285989.9999999995,,
5376,Default,Saudi Arabia,2023,Coal,0.5,104.89772392824577,2285989.9999999995,,
5377,DR=0.08_LT=25,Saudi Arabia,2023,Coal,0.5,124.81367174620841,2285989.9999999995,,
5378,Default,Saudi Arabia,2024,Coal,0.5,88.7065146259202,2285989.9999999995,,
5379,DR=0.08_LT=25,Saudi Arabia,2024,Coal,0.5,108.62246244388285,2285989.9999999995,,
5380,Default,Saudi Arabia,2015,Gas,0.5,89.4920785703088,977140.0,,
5381,DR=0.08_LT=25,Saudi Arabia,2015,Gas,0.5,93.05884642616343,977140.0,,
5382,Default,Saudi Arabia,2016,Gas,0.5,68.420607433186,977140.0,,
5383,DR=0.08_LT=25,Saudi Arabia,2016,Gas,0.5,71.98737528904061,977140.0,,
5384,Default,Saudi Arabia,2017,Gas,0.5,67.28322688885267,977140.0,,
5385,DR=0.08_LT=25,Saudi Arabia,2017,Gas,0.5,70.84999474470727,977140.0,,
5386,Default,Saudi Arabia,2018,Gas,0.5,82.54807103648429,977140.0,,
5387,DR=0.08_LT=25,Saudi Arabia,2018,Gas,0.5,86.1148388923389,977140.0,,
5388,Default,Saudi Arabia,2019,Gas,0.5,56.448180650729874,977140.0,,
5389,DR=0.08_LT=25,Saudi Arabia,2019,Gas,0.5,60.014948506584474,977140.0,,
5390,Default,Saudi Arabia,2020,Gas,0.5,50.042932322115824,977140.0,,
5391,DR=0.08_LT=25,Saudi Arabia,2020,Gas,0.5,53.60970017797043,977140.0,,
5392,Default,Saudi Arabia,2021,Gas,0.5,135.2267488792913,977140.0,,
5393,DR=0.08_LT=25,Saudi Arabia,2021,Gas,0.5,138.79351673514591,977140.0,,
5394,Default,Saudi Arabia,2022,Gas,0.5,223.22408573034392,977140.0,,
5395,DR=0.08_LT=25,Saudi Arabia,2022,Gas,0.5,226.79085358619852,977140.0,,
5396,Default,Saudi Arabia,2023,Gas,0.5,104.45761204837899,977140.0,,
5397,DR=0.08_LT=25,Saudi Arabia,2023,Gas,0.5,108.0243799042336,977140.0,,
5398,Default,Saudi Arabia,2024,Gas,0.5,93.98173861372987,977140.0,,
5399,DR=0.08_LT=25,Saudi Arabia,2024,Gas,0.5,97.54850646958447,977140.0,,
5400,Default,Saudi Arabia,2024,Solar+BESS,0.55,33.76,2404764.521548532,2.2,4.7
5401,DR=0.08_LT=25,Saudi Arabia,2024,Solar+BESS,0.55,51.34,2404764.521548532,2.2,4.7
5402,Default,Saudi Arabia,2015,Solar+BESS,0.55,135.01,11874224.149837036,2.2,4.7
5403,DR=0.08_LT=25,Saudi Arabia,2015,Solar+BESS,0.55,221.82,11874224.149837036,2.2,4.7
5404,Default,Saudi Arabia,2016,Solar+BESS,0.55,108.76,9418361.962946763,2.2,4.7
5405,DR=0.08_LT=25,Saudi Arabia,2016,Solar+BESS,0.55,177.61,9418361.962946763,2.2,4.7
5406,Default,Saudi Arabia,2017,Solar+BESS,0.55,86.77,7361915.850927238,2.2,4.7
5407,DR=0.08_LT=25,Saudi Arabia,2017,Solar+BESS,0.55,140.59,7361915.850927238,2.2,4.7
5408,Default,Saudi Arabia,2018,Solar+BESS,0.55,77.11,6458370.488031301,2.2,4.7
5409,DR=0.08_LT=25,Saudi Arabia,2018,Solar+BESS,0.55,124.32,6458370.488031301,2.2,4.7
5410,Default,Saudi Arabia,2019,Solar+BESS,0.55,52.45,4152484.8627508753,2.2,4.7
5411,DR=0.08_LT=25,Saudi Arabia,2019,Solar+BESS,0.55,82.81,4152484.8627508753,2.2,4.7
5412,Default,Saudi Arabia,2020,Solar+BESS,0.55,47.42,3681603.364064127,2.2,4.7
5413,DR=0.08_LT=25,Saudi Arabia,2020,Solar+BESS,0.55,74.33,3681603.364064127,2.2,4.7
5414,Default,Saudi Arabia,2021,Solar+BESS,0.55,44.85,3442123.974821708,2.2,4.7
5415,DR=0.08_LT=25,Saudi Arabia,2021,Solar+BESS,0.55,70.02,3442123.974821708,2.2,4.7
5416,Default,Saudi Arabia,2022,Solar+BESS,0.55,47.59,3697831.9826086294,2.2,4.7
5417,DR=0.08_LT=25,Saudi Arabia,2022,Solar+BESS,0.55,74.62,3697831.9826086294,2.2,4.7
5418,Default,Saudi Arabia,2023,Solar+BESS,0.55,39.74,2963948.600812219,2.2,4.7
5419,DR=0.08_LT=25,Saudi Arabia,2023,Solar+BESS,0.55,61.41,2963948.600812219,2.2,4.7
5420,Default,Saudi Arabia,2015,Coal,0.55,57.80975029417693,2285989.9999999995,,
5421,DR=0.08_LT=25,Saudi Arabia,2015,Coal,0.55,75.91515740141568,2285989.9999999995,,
5422,Default,Saudi Arabia,2016,Coal,0.55,59.95387820115367,2285989.9999999995,,
5423,DR=0.08_LT=25,Saudi Arabia,2016,Coal,0.55,78.05928530839243,2285989.9999999995,,
5424,Default,Saudi Arabia,2017,Coal,0.55,68.80959913138624,2285989.9999999995,,
5425,DR=0.08_LT=25,Saudi Arabia,2017,Coal,0.55,86.91500623862498,2285989.9999999995,,
5426,Default,Saudi Arabia,2018,Coal,0.55,75.43834331743274,2285989.9999999995,,
5427,DR=0.08_LT=25,Saudi Arabia,2018,Coal,0.55,93.5437504246715,2285989.9999999995,,
5428,Default,Saudi Arabia,2019,Coal,0.55,64.00785494533972,2285989.9999999995,,
5429,DR=0.08_LT=25,Saudi Arabia,2019,Coal,0.55,82.11326205257846,2285989.9999999995,,
5430,Default,Saudi Arabia,2020,Coal,0.55,57.30875029417693,2285989.9999999995,,
5431,DR=0.08_LT=25,Saudi Arabia,2020,Coal,0.55,75.41415740141568,2285989.9999999995,,
5432,Default,Saudi Arabia,2021,Coal,0.55,85.84977354999089,2285989.9999999995,,
5433,DR=0.08_LT=25,Saudi Arabia,2021,Coal,0.55,103.95518065722963,2285989.9999999995,,
5434,Default,Saudi Arabia,2022,Coal,0.55,163.2139130848746,2285989.9999999995,,
5435,DR=0.08_LT=25,Saudi Arabia,2022,Coal,0.55,181.31932019211337,2285989.9999999995,,
5436,Default,Saudi Arabia,2023,Coal,0.55,101.72172703836296,2285989.9999999995,,
5437,DR=0.08_LT=25,Saudi Arabia,2023,Coal,0.55,119.8271341456017,2285989.9999999995,,
5438,Default,Saudi Arabia,2024,Coal,0.55,85.53051773603738,2285989.9999999995,,
5439,DR=0.08_LT=25,Saudi Arabia,2024,Coal,0.55,103.63592484327614,2285989.9999999995,,
5440,Default,Saudi Arabia,2015,Gas,0.55,87.60184404281343,977140.0,,
5441,DR=0.08_LT=25,Saudi Arabia,2015,Gas,0.55,90.84436027540852,977140.0,,
5442,Default,Saudi Arabia,2016,Gas,0.55,66.53037290569063,977140.0,,
5443,DR=0.08_LT=25,Saudi Arabia,2016,Gas,0.55,69.77288913828572,977140.0,,
5444,Default,Saudi Arabia,2017,Gas,0.55,65.39299236135729,977140.0,,
5445,DR=0.08_LT=25,Saudi Arabia,2017,Gas,0.55,68.63550859395238,977140.0,,
5446,Default,Saudi Arabia,2018,Gas,0.55,80.6578365089889,977140.0,,
5447,DR=0.08_LT=25,Saudi Arabia,2018,Gas,0.55,83.90035274158399,977140.0,,
5448,Default,Saudi Arabia,2019,Gas,0.55,54.55794612323449,977140.0,,
5449,DR=0.08_LT=25,Saudi Arabia,2019,Gas,0.55,57.80046235582958,977140.0,,
5450,Default,Saudi Arabia,2020,Gas,0.55,48.152697794620444,977140.0,,
5451,DR=0.08_LT=25,Saudi Arabia,2020,Gas,0.55,51.395214027215545,977140.0,,
5452,Default,Saudi Arabia,2021,Gas,0.55,133.33651435179593,977140.0,,
5453,DR=0.08_LT=25,Saudi Arabia,2021,Gas,0.55,136.57903058439098,977140.0,,
5454,Default,Saudi Arabia,2022,Gas,0.55,221.3338512028485,977140.0,,
5455,DR=0.08_LT=25,Saudi Arabia,2022,Gas,0.55,224.5763674354436,977140.0,,
5456,Default,Saudi Arabia,2023,Gas,0.55,102.5673775208836,977140.0,,
5457,DR=0.08_LT=25,Saudi Arabia,2023,Gas,0.55,105.8098937534787,977140.0,,
5458,Default,Saudi Arabia,2024,Gas,0.55,92.09150408623448,977140.0,,
5459,DR=0.08_LT=25,Saudi Arabia,2024,Gas,0.55,95.33402031882957,977140.0,,
5460,Default,Saudi Arabia,2024,Solar+BESS,0.6,36.19,2783316.515555964,2.4,5.9
5461,DR=0.08_LT=25,Saudi Arabia,2024,Solar+BESS,0.6,54.84,2783316.515555964,2.4,5.9
5462,Default,Saudi Arabia,2015,Solar+BESS,0.6,148.84,14276647.316112068,2.4,5.9
5463,DR=0.08_LT=25,Saudi Arabia,2015,Solar+BESS,0.6,244.51,14276647.316112068,2.4,5.9
5464,Default,Saudi Arabia,2016,Solar+BESS,0.6,118.83,11214530.3977228,2.4,5.9
5465,DR=0.08_LT=25,Saudi Arabia,2016,Solar+BESS,0.6,193.98,11214530.3977228,2.4,5.9
5466,Default,Saudi Arabia,2017,Solar+BESS,0.6,94.2,8701970.688763916,2.4,5.9
5467,DR=0.08_LT=25,Saudi Arabia,2017,Solar+BESS,0.6,152.51,8701970.688763916,2.4,5.9
5468,Default,Saudi Arabia,2018,Solar+BESS,0.6,83.89,7649964.308574423,2.4,5.9
5469,DR=0.08_LT=25,Saudi Arabia,2018,Solar+BESS,0.6,135.15,7649964.308574423,2.4,5.9
5470,Default,Saudi Arabia,2019,Solar+BESS,0.6,56.03,4808168.284496712,2.4,5.9
5471,DR=0.08_LT=25,Saudi Arabia,2019,Solar+BESS,0.6,88.26,4808168.284496712,2.4,5.9
5472,Default,Saudi Arabia,2020,Solar+BESS,0.6,50.73,4267008.162488848,2.4,5.9
5473,DR=0.08_LT=25,Saudi Arabia,2020,Solar+BESS,0.6,79.32,4267008.162488848,2.4,5.9
5474,Default,Saudi Arabia,2021,Solar+BESS,0.6,48.02,3990754.42199691,2.4,5.9
5475,DR=0.08_LT=25,Saudi Arabia,2021,Solar+BESS,0.6,74.77,3990754.42199691,2.4,5.9
5476,Default,Saudi Arabia,2022,Solar+BESS,0.6,51.4,4335594.818330656,2.4,5.9
5477,DR=0.08_LT=25,Saudi Arabia,2022,Solar+BESS,0.6,80.46,4335594.818330656,2.4,5.9
5478,Default,Saudi Arabia,2023,Solar+BESS,0.6,42.84,3462329.8611565074,2.4,5.9
5479,DR=0.08_LT=25,Saudi Arabia,2023,Solar+BESS,0.6,66.05,3462329.8611565074,2.4,5.9
5480,Default,Saudi Arabia,2015,Coal,0.6,55.1630862192746,2285989.9999999995,,
5481,DR=0.08_LT=25,Saudi Arabia,2015,Coal,0.6,71.75970940091011,2285989.9999999995,,
5482,Default,Saudi Arabia,2016,Coal,0.6,57.307214126251324,2285989.9999999995,,
5483,DR=0.08_LT=25,Saudi Arabia,2016,Coal,0.6,73.90383730788686,2285989.9999999995,,
5484,Default,Saudi Arabia,2017,Coal,0.6,66.16293505648389,2285989.9999999995,,
5485,DR=0.08_LT=25,Saudi Arabia,2017,Coal,0.6,82.75955823811942,2285989.9999999995,,
5486,Default,Saudi Arabia,2018,Coal,0.6,72.79167924253039,2285989.9999999995,,
5487,DR=0.08_LT=25,Saudi Arabia,2018,Coal,0.6,89.38830242416593,2285989.9999999995,,
5488,Default,Saudi Arabia,2019,Coal,0.6,61.36119087043738,2285989.9999999995,,
5489,DR=0.08_LT=25,Saudi Arabia,2019,Coal,0.6,77.9578140520729,2285989.9999999995,,
5490,Default,Saudi Arabia,2020,Coal,0.6,54.66208621927459,2285989.9999999995,,
5491,DR=0.08_LT=25,Saudi Arabia,2020,Coal,0.6,71.2587094009101,2285989.9999999995,,
5492,Default,Saudi Arabia,2021,Coal,0.6,83.20310947508855,2285989.9999999995,,
5493,DR=0.08_LT=25,Saudi Arabia,2021,Coal,0.6,99.79973265672407,2285989.9999999995,,
5494,Default,Saudi Arabia,2022,Coal,0.6,160.5672490099723,2285989.9999999995,,
5495,DR=0.08_LT=25,Saudi Arabia,2022,Coal,0.6,177.16387219160782,2285989.9999999995,,
5496,Default,Saudi Arabia,2023,Coal,0.6,99.07506296346064,2285989.9999999995,,
5497,DR=0.08_LT=25,Saudi Arabia,2023,Coal,0.6,115.67168614509615,2285989.9999999995,,
5498,Default,Saudi Arabia,2024,Coal,0.6,82.88385366113505,2285989.9999999995,,
5499,DR=0.08_LT=25,Saudi Arabia,2024,Coal,0.6,99.48047684277057,2285989.9999999995,,
5500,Default,Saudi Arabia,2015,Gas,0.6,86.02664860323395,977140.0,,
5501,DR=0.08_LT=25,Saudi Arabia,2015,Gas,0.6,88.99895514977945,977140.0,,
5502,Default,Saudi Arabia,2016,Gas,0.6,64.95517746611114,977140.0,,
5503,DR=0.08_LT=25,Saudi Arabia,2016,Gas,0.6,67.92748401265663,977140.0,,
5504,Default,Saudi Arabia,2017,Gas,0.6,63.817796921777806,977140.0,,
5505,DR=0.08_LT=25,Saudi Arabia,2017,Gas,0.6,66.79010346832332,977140.0,,
5506,Default,Saudi Arabia,2018,Gas,0.6,79.08264106940942,977140.0,,
5507,DR=0.08_LT=25,Saudi Arabia,2018,Gas,0.6,82.05494761595492,977140.0,,
5508,Default,Saudi Arabia,2019,Gas,0.6,52.982750683655,977140.0,,
5509,DR=0.08_LT=25,Saudi Arabia,2019,Gas,0.6,55.9550572302005,977140.0,,
5510,Default,Saudi Arabia,2020,Gas,0.6,46.57750235504097,977140.0,,
5511,DR=0.08_LT=25,Saudi Arabia,2020,Gas,0.6,49.54980890158647,977140.0,,
5512,Default,Saudi Arabia,2021,Gas,0.6,131.7613189122164,977140.0,,
5513,DR=0.08_LT=25,Saudi Arabia,2021,Gas,0.6,134.73362545876194,977140.0,,
5514,Default,Saudi Arabia,2022,Gas,0.6,219.75865576326908,977140.0,,
5515,DR=0.08_LT=25,Saudi Arabia,2022,Gas,0.6,222.73096230981454,977140.0,,
5516,Default,Saudi Arabia,2023,Gas,0.6,100.99218208130414,977140.0,,
5517,DR=0.08_LT=25,Saudi Arabia,2023,Gas,0.6,103.96448862784965,977140.0,,
5518,Default,Saudi Arabia,2024,Gas,0.6,90.516308646655,977140.0,,
5519,DR=0.08_LT=25,Saudi Arabia,2024,Gas,0.6,93.4886151932005,977140.0,,
5520,Default,Saudi Arabia,2024,Solar+BESS,0.65,38.32,3169216.6887185024,2.6,7.2
5521,DR=0.08_LT=25,Saudi Arabia,2024,Solar+BESS,0.65,57.93,3169216.6887185024,2.6,7.2
5522,Default,Saudi Arabia,2015,Solar+BESS,0.65,160.82,16708176.61405908,2.6,7.2
5523,DR=0.08_LT=25,Saudi Arabia,2015,Solar+BESS,0.65,264.17,16708176.61405908,2.6,7.2
5524,Default,Saudi Arabia,2016,Solar+BESS,0.65,127.59,13035257.504633658,2.6,7.2
5525,DR=0.08_LT=25,Saudi Arabia,2016,Solar+BESS,0.65,208.22,13035257.504633658,2.6,7.2
5526,Default,Saudi Arabia,2017,Solar+BESS,0.65,100.69,10062082.525932822,2.6,7.2
5527,DR=0.08_LT=25,Saudi Arabia,2017,Solar+BESS,0.65,162.93,10062082.525932822,2.6,7.2
5528,Default,Saudi Arabia,2018,Solar+BESS,0.65,89.8,8858938.012104824,2.6,7.2
5529,DR=0.08_LT=25,Saudi Arabia,2018,Solar+BESS,0.65,144.6,8858938.012104824,2.6,7.2
5530,Default,Saudi Arabia,2019,Solar+BESS,0.65,59.2,5476513.2984525375,2.6,7.2
5531,DR=0.08_LT=25,Saudi Arabia,2019,Solar+BESS,0.65,93.07,5476513.2984525375,2.6,7.2
5532,Default,Saudi Arabia,2020,Solar+BESS,0.65,53.65,4863583.915915132,2.6,7.2
5533,DR=0.08_LT=25,Saudi Arabia,2020,Solar+BESS,0.65,83.74,4863583.915915132,2.6,7.2
5534,Default,Saudi Arabia,2021,Solar+BESS,0.65,50.81,4549811.616322295,2.6,7.2
5535,DR=0.08_LT=25,Saudi Arabia,2021,Solar+BESS,0.65,78.96,4549811.616322295,2.6,7.2
5536,Default,Saudi Arabia,2022,Solar+BESS,0.65,54.74,4983907.789232245,2.6,7.2
5537,DR=0.08_LT=25,Saudi Arabia,2022,Solar+BESS,0.65,85.57,4983907.789232245,2.6,7.2
5538,Default,Saudi Arabia,2023,Solar+BESS,0.65,45.56,3969339.8692092523,2.6,7.2
5539,DR=0.08_LT=25,Saudi Arabia,2023,Solar+BESS,0.65,70.12,3969339.8692092523,2.6,7.2
5540,Default,Saudi Arabia,2015,Coal,0.65,52.92360123281876,2285989.9999999995,,
5541,DR=0.08_LT=25,Saudi Arabia,2015,Coal,0.65,68.24356109279002,2285989.9999999995,,
5542,Default,Saudi Arabia,2016,Coal,0.65,55.06772913979552,2285989.9999999995,,
5543,DR=0.08_LT=25,Saudi Arabia,2016,Coal,0.65,70.38768899976675,2285989.9999999995,,
5544,Default,Saudi Arabia,2017,Coal,0.65,63.92345007002807,2285989.9999999995,,
5545,DR=0.08_LT=25,Saudi Arabia,2017,Coal,0.65,79.24340992999932,2285989.9999999995,,
5546,Default,Saudi Arabia,2018,Coal,0.65,70.55219425607457,2285989.9999999995,,
5547,DR=0.08_LT=25,Saudi Arabia,2018,Coal,0.65,85.87215411604582,2285989.9999999995,,
5548,Default,Saudi Arabia,2019,Coal,0.65,59.121705883981555,2285989.9999999995,,
5549,DR=0.08_LT=25,Saudi Arabia,2019,Coal,0.65,74.44166574395281,2285989.9999999995,,
5550,Default,Saudi Arabia,2020,Coal,0.65,52.42260123281877,2285989.9999999995,,
5551,DR=0.08_LT=25,Saudi Arabia,2020,Coal,0.65,67.74256109279001,2285989.9999999995,,
5552,Default,Saudi Arabia,2021,Coal,0.65,80.96362448863273,2285989.9999999995,,
5553,DR=0.08_LT=25,Saudi Arabia,2021,Coal,0.65,96.28358434860397,2285989.9999999995,,
5554,Default,Saudi Arabia,2022,Coal,0.65,158.32776402351647,2285989.9999999995,,
5555,DR=0.08_LT=25,Saudi Arabia,2022,Coal,0.65,173.6477238834877,2285989.9999999995,,
5556,Default,Saudi Arabia,2023,Coal,0.65,96.83557797700482,2285989.9999999995,,
5557,DR=0.08_LT=25,Saudi Arabia,2023,Coal,0.65,112.15553783697607,2285989.9999999995,,
5558,Default,Saudi Arabia,2024,Coal,0.65,80.64436867467923,2285989.9999999995,,
5559,DR=0.08_LT=25,Saudi Arabia,2024,Coal,0.65,95.96432853465048,2285989.9999999995,,
5560,Default,Saudi Arabia,2015,Gas,0.65,84.69379092358976,977140.0,,
5561,DR=0.08_LT=25,Saudi Arabia,2015,Gas,0.65,87.43745850501638,977140.0,,
5562,Default,Saudi Arabia,2016,Gas,0.65,63.622319786466974,977140.0,,
5563,DR=0.08_LT=25,Saudi Arabia,2016,Gas,0.65,66.36598736789358,977140.0,,
5564,Default,Saudi Arabia,2017,Gas,0.65,62.48493924213363,977140.0,,
5565,DR=0.08_LT=25,Saudi Arabia,2017,Gas,0.65,65.22860682356026,977140.0,,
5566,Default,Saudi Arabia,2018,Gas,0.65,77.74978338976524,977140.0,,
5567,DR=0.08_LT=25,Saudi Arabia,2018,Gas,0.65,80.49345097119186,977140.0,,
5568,Default,Saudi Arabia,2019,Gas,0.65,51.64989300401082,977140.0,,
5569,DR=0.08_LT=25,Saudi Arabia,2019,Gas,0.65,54.39356058543744,977140.0,,
5570,Default,Saudi Arabia,2020,Gas,0.65,45.244644675396785,977140.0,,
5571,DR=0.08_LT=25,Saudi Arabia,2020,Gas,0.65,47.988312256823406,977140.0,,
5572,Default,Saudi Arabia,2021,Gas,0.65,130.42846123257223,977140.0,,
5573,DR=0.08_LT=25,Saudi Arabia,2021,Gas,0.65,133.17212881399885,977140.0,,
5574,Default,Saudi Arabia,2022,Gas,0.65,218.4257980836249,977140.0,,
5575,DR=0.08_LT=25,Saudi Arabia,2022,Gas,0.65,221.1694656650515,977140.0,,
5576,Default,Saudi Arabia,2023,Gas,0.65,99.65932440165996,977140.0,,
5577,DR=0.08_LT=25,Saudi Arabia,2023,Gas,0.65,102.40299198308657,977140.0,,
5578,Default,Saudi Arabia,2024,Gas,0.65,89.18345096701083,977140.0,,
5579,DR=0.08_LT=25,Saudi Arabia,2024,Gas,0.65,91.92711854843743,977140.0,,
5580,Default,Saudi Arabia,2024,Solar+BESS,0.7,40.17,3557978.08261092,2.8,8.5
5581,DR=0.08_LT=25,Saudi Arabia,2024,Solar+BESS,0.7,60.61,3557978.08261092,2.8,8.5
5582,Default,Saudi Arabia,2015,Solar+BESS,0.7,171.06,19136828.4120472,2.8,8.5
5583,DR=0.08_LT=25,Saudi Arabia,2015,Solar+BESS,0.7,280.98,19136828.4120472,2.8,8.5
5584,Default,Saudi Arabia,2016,Solar+BESS,0.7,135.1,14857190.623102125,2.8,8.5
5585,DR=0.08_LT=25,Saudi Arabia,2016,Solar+BESS,0.7,220.44,14857190.623102125,2.8,8.5
5586,Default,Saudi Arabia,2017,Solar+BESS,0.7,106.27,11425175.963284869,2.8,8.5
5587,DR=0.08_LT=25,Saudi Arabia,2017,Solar+BESS,0.7,171.9,11425175.963284869,2.8,8.5
5588,Default,Saudi Arabia,2018,Solar+BESS,0.7,94.88,10070016.867197232,2.8,8.5
5589,DR=0.08_LT=25,Saudi Arabia,2018,Solar+BESS,0.7,152.73,10070016.867197232,2.8,8.5
5590,Default,Saudi Arabia,2019,Solar+BESS,0.7,61.95,6149734.899818085,2.8,8.5
5591,DR=0.08_LT=25,Saudi Arabia,2019,Solar+BESS,0.7,97.27,6149734.899818085,2.8,8.5
5592,Default,Saudi Arabia,2020,Solar+BESS,0.7,56.19,5464353.3247475205,2.8,8.5
5593,DR=0.08_LT=25,Saudi Arabia,2020,Solar+BESS,0.7,87.58,5464353.3247475205,2.8,8.5
5594,Default,Saudi Arabia,2021,Solar+BESS,0.7,53.23,5112748.06482294,2.8,8.5
5595,DR=0.08_LT=25,Saudi Arabia,2021,Solar+BESS,0.7,82.6,5112748.06482294,2.8,8.5
5596,Default,Saudi Arabia,2022,Solar+BESS,0.7,57.62,5634845.358833794,2.8,8.5
5597,DR=0.08_LT=25,Saudi Arabia,2022,Solar+BESS,0.7,89.99,5634845.358833794,2.8,8.5
5598,Default,Saudi Arabia,2023,Solar+BESS,0.7,47.91,4478862.108824183,2.8,8.5
5599,DR=0.08_LT=25,Saudi Arabia,2023,Solar+BESS,0.7,73.64,4478862.108824183,2.8,8.5
5600,Default,Saudi Arabia,2015,Coal,0.7,51.004042672999475,2285989.9999999995,,
5601,DR=0.08_LT=25,Saudi Arabia,2015,Coal,0.7,65.22971968582993,2285989.9999999995,,
5602,Default,Saudi Arabia,2016,Coal,0.7,53.148170579976224,2285989.9999999995,,
5603,DR=0.08_LT=25,Saudi Arabia,2016,Coal,0.7,67.37384759280668,2285989.9999999995,,
5604,Default,Saudi Arabia,2017,Coal,0.7,62.00389151020878,2285989.9999999995,,
5605,DR=0.08_LT=25,Saudi Arabia,2017,Coal,0.7,76.22956852303923,2285989.9999999995,,
5606,Default,Saudi Arabia,2018,Coal,0.7,68.63263569625528,2285989.9999999995,,
5607,DR=0.08_LT=25,Saudi Arabia,2018,Coal,0.7,82.85831270908575,2285989.9999999995,,
5608,Default,Saudi Arabia,2019,Coal,0.7,57.20214732416227,2285989.9999999995,,
5609,DR=0.08_LT=25,Saudi Arabia,2019,Coal,0.7,71.42782433699271,2285989.9999999995,,
5610,Default,Saudi Arabia,2020,Coal,0.7,50.503042672999484,2285989.9999999995,,
5611,DR=0.08_LT=25,Saudi Arabia,2020,Coal,0.7,64.72871968582994,2285989.9999999995,,
5612,Default,Saudi Arabia,2021,Coal,0.7,79.04406592881344,2285989.9999999995,,
5613,DR=0.08_LT=25,Saudi Arabia,2021,Coal,0.7,93.26974294164388,2285989.9999999995,,
5614,Default,Saudi Arabia,2022,Coal,0.7,156.4082054636972,2285989.9999999995,,
5615,DR=0.08_LT=25,Saudi Arabia,2022,Coal,0.7,170.63388247652765,2285989.9999999995,,
5616,Default,Saudi Arabia,2023,Coal,0.7,94.91601941718552,2285989.9999999995,,
5617,DR=0.08_LT=25,Saudi Arabia,2023,Coal,0.7,109.14169643001598,2285989.9999999995,,
5618,Default,Saudi Arabia,2024,Coal,0.7,78.72481011485993,2285989.9999999995,,
5619,DR=0.08_LT=25,Saudi Arabia,2024,Coal,0.7,92.9504871276904,2285989.9999999995,,
5620,Default,Saudi Arabia,2015,Gas,0.7,83.55134148389477,977140.0,,
5621,DR=0.08_LT=25,Saudi Arabia,2015,Gas,0.7,86.09903280950519,977140.0,,
5622,Default,Saudi Arabia,2016,Gas,0.7,62.47987034677195,977140.0,,
5623,DR=0.08_LT=25,Saudi Arabia,2016,Gas,0.7,65.02756167238239,977140.0,,
5624,Default,Saudi Arabia,2017,Gas,0.7,61.34248980243862,977140.0,,
5625,DR=0.08_LT=25,Saudi Arabia,2017,Gas,0.7,63.890181128049065,977140.0,,
5626,Default,Saudi Arabia,2018,Gas,0.7,76.60733395007023,977140.0,,
5627,DR=0.08_LT=25,Saudi Arabia,2018,Gas,0.7,79.15502527568067,977140.0,,
5628,Default,Saudi Arabia,2019,Gas,0.7,50.50744356431582,977140.0,,
5629,DR=0.08_LT=25,Saudi Arabia,2019,Gas,0.7,53.05513488992626,977140.0,,
5630,Default,Saudi Arabia,2020,Gas,0.7,44.10219523570178,977140.0,,
5631,DR=0.08_LT=25,Saudi Arabia,2020,Gas,0.7,46.64988656131222,977140.0,,
5632,Default,Saudi Arabia,2021,Gas,0.7,129.28601179287725,977140.0,,
5633,DR=0.08_LT=25,Saudi Arabia,2021,Gas,0.7,131.83370311848768,977140.0,,
5634,Default,Saudi Arabia,2022,Gas,0.7,217.28334864392986,977140.0,,
5635,DR=0.08_LT=25,Saudi Arabia,2022,Gas,0.7,219.8310399695403,977140.0,,
5636,Default,Saudi Arabia,2023,Gas,0.7,98.51687496196494,977140.0,,
5637,DR=0.08_LT=25,Saudi Arabia,2023,Gas,0.7,101.06456628757537,977140.0,,
5638,Default,Saudi Arabia,2024,Gas,0.7,88.04100152731583,977140.0,,
5639,DR=0.08_LT=25,Saudi Arabia,2024,Gas,0.7,90.58869285292626,977140.0,,
5640,Default,Saudi Arabia,2024,Solar+BESS,0.75,41.8,3948846.6782990536,3.0,9.8
5641,DR=0.08_LT=25,Saudi Arabia,2024,Solar+BESS,0.75,62.97,3948846.6782990536,3.0,9.8
5642,Default,Saudi Arabia,2015,Solar+BESS,0.75,180.04,21579265.285569042,3.0,9.8
5643,DR=0.08_LT=25,Saudi Arabia,2015,Solar+BESS,0.75,295.73,21579265.285569042,3.0,9.8
5644,Default,Saudi Arabia,2016,Solar+BESS,0.75,141.7,16689364.372474182,3.0,9.8
5645,DR=0.08_LT=25,Saudi Arabia,2016,Solar+BESS,0.75,231.18,16689364.372474182,3.0,9.8
5646,Default,Saudi Arabia,2017,Solar+BESS,0.75,111.17,12795868.778756533,3.0,9.8
5647,DR=0.08_LT=25,Saudi Arabia,2017,Solar+BESS,0.75,179.77,12795868.778756533,3.0,9.8
5648,Default,Saudi Arabia,2018,Solar+BESS,0.75,99.35,11287863.883233104,3.0,9.8
5649,DR=0.08_LT=25,Saudi Arabia,2018,Solar+BESS,0.75,159.86,11287863.883233104,3.0,9.8
5650,Default,Saudi Arabia,2019,Solar+BESS,0.75,64.37,6826607.902271841,3.0,9.8
5651,DR=0.08_LT=25,Saudi Arabia,2019,Solar+BESS,0.75,100.96,6826607.902271841,3.0,9.8
5652,Default,Saudi Arabia,2020,Solar+BESS,0.75,58.42,6068385.902426794,3.0,9.8
5653,DR=0.08_LT=25,Saudi Arabia,2020,Solar+BESS,0.75,90.95,6068385.902426794,3.0,9.8
5654,Default,Saudi Arabia,2021,Solar+BESS,0.75,55.37,5678743.692442654,3.0,9.8
5655,DR=0.08_LT=25,Saudi Arabia,2021,Solar+BESS,0.75,85.81,5678743.692442654,3.0,9.8
5656,Default,Saudi Arabia,2022,Solar+BESS,0.75,60.15,6289376.032474307,3.0,9.8
5657,DR=0.08_LT=25,Saudi Arabia,2022,Solar+BESS,0.75,93.87,6289376.032474307,3.0,9.8
5658,Default,Saudi Arabia,2023,Solar+BESS,0.75,49.97,4991183.153642422,3.0,9.8
5659,DR=0.08_LT=25,Saudi Arabia,2023,Solar+BESS,0.75,76.73,4991183.153642422,3.0,9.8
5660,Default,Saudi Arabia,2015,Coal,0.75,49.34042525448943,2285989.9999999995,,
5661,DR=0.08_LT=25,Saudi Arabia,2015,Coal,0.75,62.61772379979786,2285989.9999999995,,
5662,Default,Saudi Arabia,2016,Coal,0.75,51.484553161466174,2285989.9999999995,,
5663,DR=0.08_LT=25,Saudi Arabia,2016,Coal,0.75,64.7618517067746,2285989.9999999995,,
5664,Default,Saudi Arabia,2017,Coal,0.75,60.34027409169873,2285989.9999999995,,
5665,DR=0.08_LT=25,Saudi Arabia,2017,Coal,0.75,73.61757263700717,2285989.9999999995,,
5666,Default,Saudi Arabia,2018,Coal,0.75,66.96901827774525,2285989.9999999995,,
5667,DR=0.08_LT=25,Saudi Arabia,2018,Coal,0.75,80.24631682305368,2285989.9999999995,,
5668,Default,Saudi Arabia,2019,Coal,0.75,55.53852990565223,2285989.9999999995,,
5669,DR=0.08_LT=25,Saudi Arabia,2019,Coal,0.75,68.81582845096065,2285989.9999999995,,
5670,Default,Saudi Arabia,2020,Coal,0.75,48.839425254489434,2285989.9999999995,,
5671,DR=0.08_LT=25,Saudi Arabia,2020,Coal,0.75,62.11672379979786,2285989.9999999995,,
5672,Default,Saudi Arabia,2021,Coal,0.75,77.38044851030338,2285989.9999999995,,
5673,DR=0.08_LT=25,Saudi Arabia,2021,Coal,0.75,90.65774705561182,2285989.9999999995,,
5674,Default,Saudi Arabia,2022,Coal,0.75,154.74458804518713,2285989.9999999995,,
5675,DR=0.08_LT=25,Saudi Arabia,2022,Coal,0.75,168.02188659049557,2285989.9999999995,,
5676,Default,Saudi Arabia,2023,Coal,0.75,93.25240199867548,2285989.9999999995,,
5677,DR=0.08_LT=25,Saudi Arabia,2023,Coal,0.75,106.5297005439839,2285989.9999999995,,
5678,Default,Saudi Arabia,2024,Coal,0.75,77.06119269634989,2285989.9999999995,,
5679,DR=0.08_LT=25,Saudi Arabia,2024,Coal,0.75,90.33849124165832,2285989.9999999995,,
5680,Default,Saudi Arabia,2015,Gas,0.75,82.5612186361591,977140.0,,
5681,DR=0.08_LT=25,Saudi Arabia,2015,Gas,0.75,84.9390638733955,977140.0,,
5682,Default,Saudi Arabia,2016,Gas,0.75,61.48974749903629,977140.0,,
5683,DR=0.08_LT=25,Saudi Arabia,2016,Gas,0.75,63.867592736272684,977140.0,,
5684,Default,Saudi Arabia,2017,Gas,0.75,60.35236695470295,977140.0,,
5685,DR=0.08_LT=25,Saudi Arabia,2017,Gas,0.75,62.73021219193935,977140.0,,
5686,Default,Saudi Arabia,2018,Gas,0.75,75.61721110233456,977140.0,,
5687,DR=0.08_LT=25,Saudi Arabia,2018,Gas,0.75,77.99505633957095,977140.0,,
5688,Default,Saudi Arabia,2019,Gas,0.75,49.51732071658015,977140.0,,
5689,DR=0.08_LT=25,Saudi Arabia,2019,Gas,0.75,51.89516595381655,977140.0,,
5690,Default,Saudi Arabia,2020,Gas,0.75,43.11207238796611,977140.0,,
5691,DR=0.08_LT=25,Saudi Arabia,2020,Gas,0.75,45.48991762520251,977140.0,,
5692,Default,Saudi Arabia,2021,Gas,0.75,128.29588894514157,977140.0,,
5693,DR=0.08_LT=25,Saudi Arabia,2021,Gas,0.75,130.67373418237796,977140.0,,
5694,Default,Saudi Arabia,2022,Gas,0.75,216.2932257961942,977140.0,,
5695,DR=0.08_LT=25,Saudi Arabia,2022,Gas,0.75,218.6710710334306,977140.0,,
5696,Default,Saudi Arabia,2023,Gas,0.75,97.52675211422925,977140.0,,
5697,DR=0.08_LT=25,Saudi Arabia,2023,Gas,0.75,99.90459735146568,977140.0,,
5698,Default,Saudi Arabia,2024,Gas,0.75,87.05087867958015,977140.0,,
5699,DR=0.08_LT=25,Saudi Arabia,2024,Gas,0.75,89.42872391681655,977140.0,,
5700,Default,Saudi Arabia,2024,Solar+BESS,0.8,43.24,4343102.18356763,3.2,11.1
5701,DR=0.08_LT=25,Saudi Arabia,2024,Solar+BESS,0.8,65.07,4343102.18356763,3.2,11.1
5702,Default,Saudi Arabia,2015,Solar+BESS,0.8,187.79,24007151.756212246,3.2,11.1
5703,DR=0.08_LT=25,Saudi Arabia,2015,Solar+BESS,0.8,308.46,24007151.756212246,3.2,11.1
5704,Default,Saudi Arabia,2016,Solar+BESS,0.8,147.43,18516412.396803237,3.2,11.1
5705,DR=0.08_LT=25,Saudi Arabia,2016,Solar+BESS,0.8,240.5,18516412.396803237,3.2,11.1
5706,Default,Saudi Arabia,2017,Solar+BESS,0.8,115.45,14166304.718417397,3.2,11.1
5707,DR=0.08_LT=25,Saudi Arabia,2017,Solar+BESS,0.8,186.65,14166304.718417397,3.2,11.1
5708,Default,Saudi Arabia,2018,Solar+BESS,0.8,103.24,12504546.694799706,3.2,11.1
5709,DR=0.08_LT=25,Saudi Arabia,2018,Solar+BESS,0.8,166.09,12504546.694799706,3.2,11.1
5710,Default,Saudi Arabia,2019,Solar+BESS,0.8,66.52,7509211.459433998,3.2,11.1
5711,DR=0.08_LT=25,Saudi Arabia,2019,Solar+BESS,0.8,104.26,7509211.459433998,3.2,11.1
5712,Default,Saudi Arabia,2020,Solar+BESS,0.8,60.4,6677260.238985982,3.2,11.1
5713,DR=0.08_LT=25,Saudi Arabia,2020,Solar+BESS,0.8,93.96,6677260.238985982,3.2,11.1
5714,Default,Saudi Arabia,2021,Solar+BESS,0.8,57.25,6249189.603626906,3.2,11.1
5715,DR=0.08_LT=25,Saudi Arabia,2021,Solar+BESS,0.8,88.66,6249189.603626906,3.2,11.1
5716,Default,Saudi Arabia,2022,Solar+BESS,0.8,62.37,6945850.229432525,3.2,11.1
5717,DR=0.08_LT=25,Saudi Arabia,2022,Solar+BESS,0.8,97.29,6945850.229432525,3.2,11.1
5718,Default,Saudi Arabia,2023,Solar+BESS,0.8,51.79,5505813.292974358,3.2,11.1
5719,DR=0.08_LT=25,Saudi Arabia,2023,Solar+BESS,0.8,79.46,5505813.292974358,3.2,11.1
5720,Default,Saudi Arabia,2015,Coal,0.8,47.884760013293146,2285989.9999999995,,
5721,DR=0.08_LT=25,Saudi Arabia,2015,Coal,0.8,60.33222739951979,2285989.9999999995,,
5722,Default,Saudi Arabia,2016,Coal,0.8,50.0288879202699,2285989.9999999995,,
5723,DR=0.08_LT=25,Saudi Arabia,2016,Coal,0.8,62.47635530649653,2285989.9999999995,,
5724,Default,Saudi Arabia,2017,Coal,0.8,58.884608850502445,2285989.9999999995,,
5725,DR=0.08_LT=25,Saudi Arabia,2017,Coal,0.8,71.33207623672911,2285989.9999999995,,
5726,Default,Saudi Arabia,2018,Coal,0.8,65.51335303654896,2285989.9999999995,,
5727,DR=0.08_LT=25,Saudi Arabia,2018,Coal,0.8,77.96082042277561,2285989.9999999995,,
5728,Default,Saudi Arabia,2019,Coal,0.8,54.08286466445595,2285989.9999999995,,
5729,DR=0.08_LT=25,Saudi Arabia,2019,Coal,0.8,66.53033205068259,2285989.9999999995,,
5730,Default,Saudi Arabia,2020,Coal,0.8,47.38376001329315,2285989.9999999995,,
5731,DR=0.08_LT=25,Saudi Arabia,2020,Coal,0.8,59.8312273995198,2285989.9999999995,,
5732,Default,Saudi Arabia,2021,Coal,0.8,75.92478326910711,2285989.9999999995,,
5733,DR=0.08_LT=25,Saudi Arabia,2021,Coal,0.8,88.37225065533376,2285989.9999999995,,
5734,Default,Saudi Arabia,2022,Coal,0.8,153.28892280399086,2285989.9999999995,,
5735,DR=0.08_LT=25,Saudi Arabia,2022,Coal,0.8,165.7363901902175,2285989.9999999995,,
5736,Default,Saudi Arabia,2023,Coal,0.8,91.7967367574792,2285989.9999999995,,
5737,DR=0.08_LT=25,Saudi Arabia,2023,Coal,0.8,104.24420414370583,2285989.9999999995,,
5738,Default,Saudi Arabia,2024,Coal,0.8,75.60552745515362,2285989.9999999995,,
5739,DR=0.08_LT=25,Saudi Arabia,2024,Coal,0.8,88.05299484138025,2285989.9999999995,,
5740,Default,Saudi Arabia,2015,Gas,0.8,81.69486114439039,977140.0,,
5741,DR=0.08_LT=25,Saudi Arabia,2015,Gas,0.8,83.92409105429951,977140.0,,
5742,Default,Saudi Arabia,2016,Gas,0.8,60.62339000726756,977140.0,,
5743,DR=0.08_LT=25,Saudi Arabia,2016,Gas,0.8,62.85261991717669,977140.0,,
5744,Default,Saudi Arabia,2017,Gas,0.8,59.486009462934234,977140.0,,
5745,DR=0.08_LT=25,Saudi Arabia,2017,Gas,0.8,61.71523937284336,977140.0,,
5746,Default,Saudi Arabia,2018,Gas,0.8,74.75085361056585,977140.0,,
5747,DR=0.08_LT=25,Saudi Arabia,2018,Gas,0.8,76.98008352047496,977140.0,,
5748,Default,Saudi Arabia,2019,Gas,0.8,48.65096322481143,977140.0,,
5749,DR=0.08_LT=25,Saudi Arabia,2019,Gas,0.8,50.880193134720564,977140.0,,
5750,Default,Saudi Arabia,2020,Gas,0.8,42.2457148961974,977140.0,,
5751,DR=0.08_LT=25,Saudi Arabia,2020,Gas,0.8,44.47494480610652,977140.0,,
5752,Default,Saudi Arabia,2021,Gas,0.8,127.42953145337286,977140.0,,
5753,DR=0.08_LT=25,Saudi Arabia,2021,Gas,0.8,129.65876136328197,977140.0,,
5754,Default,Saudi Arabia,2022,Gas,0.8,215.4268683044255,977140.0,,
5755,DR=0.08_LT=25,Saudi Arabia,2022,Gas,0.8,217.6560982143346,977140.0,,
5756,Default,Saudi Arabia,2023,Gas,0.8,96.66039462246056,977140.0,,
5757,DR=0.08_LT=25,Saudi Arabia,2023,Gas,0.8,98.88962453236967,977140.0,,
5758,Default,Saudi Arabia,2024,Gas,0.8,86.18452118781143,977140.0,,
5759,DR=0.08_LT=25,Saudi Arabia,2024,Gas,0.8,88.41375109772055,977140.0,,
5760,Default,Saudi Arabia,2024,Solar+BESS,0.85,44.61,4745201.758739338,3.4,12.4
5761,DR=0.08_LT=25,Saudi Arabia,2024,Solar+BESS,0.85,67.06,4745201.758739338,3.4,12.4
5762,Default,Saudi Arabia,2015,Solar+BESS,0.85,195.32,26528211.0833584,3.4,12.4
5763,DR=0.08_LT=25,Saudi Arabia,2015,Solar+BESS,0.85,320.81,26528211.0833584,3.4,12.4
5764,Default,Saudi Arabia,2016,Solar+BESS,0.85,152.96,20406195.55894459,3.4,12.4
5765,DR=0.08_LT=25,Saudi Arabia,2016,Solar+BESS,0.85,249.5,20406195.55894459,3.4,12.4
5766,Default,Saudi Arabia,2017,Solar+BESS,0.85,119.57,15579250.705575533,3.4,12.4
5767,DR=0.08_LT=25,Saudi Arabia,2017,Solar+BESS,0.85,193.27,15579250.705575533,3.4,12.4
5768,Default,Saudi Arabia,2018,Solar+BESS,0.85,106.98,13760156.502712144,3.4,12.4
5769,DR=0.08_LT=25,Saudi Arabia,2018,Solar+BESS,0.85,172.07,13760156.502712144,3.4,12.4
5770,Default,Saudi Arabia,2019,Solar+BESS,0.85,68.55,8205565.138847666,3.4,12.4
5771,DR=0.08_LT=25,Saudi Arabia,2019,Solar+BESS,0.85,107.37,8205565.138847666,3.4,12.4
5772,Default,Saudi Arabia,2020,Solar+BESS,0.85,62.28,7298741.445164191,3.4,12.4
5773,DR=0.08_LT=25,Saudi Arabia,2020,Solar+BESS,0.85,96.8,7298741.445164191,3.4,12.4
5774,Default,Saudi Arabia,2021,Solar+BESS,0.85,59.05,6831555.5583091695,3.4,12.4
5775,DR=0.08_LT=25,Saudi Arabia,2021,Solar+BESS,0.85,91.36,6831555.5583091695,3.4,12.4
5776,Default,Saudi Arabia,2022,Solar+BESS,0.85,64.5,7620069.10664839,3.4,12.4
5777,DR=0.08_LT=25,Saudi Arabia,2022,Solar+BESS,0.85,100.55,7620069.10664839,3.4,12.4
5778,Default,Saudi Arabia,2023,Solar+BESS,0.85,53.52,6033358.645440545,3.4,12.4
5779,DR=0.08_LT=25,Saudi Arabia,2023,Solar+BESS,0.85,82.06,6033358.645440545,3.4,12.4
5780,Default,Saudi Arabia,2015,Coal,0.85,46.600349506355236,2285989.9999999995,,
5781,DR=0.08_LT=25,Saudi Arabia,2015,Coal,0.85,58.31561292868621,2285989.9999999995,,
5782,Default,Saudi Arabia,2016,Coal,0.85,48.744477413332,2285989.9999999995,,
5783,DR=0.08_LT=25,Saudi Arabia,2016,Coal,0.85,60.45974083566297,2285989.9999999995,,
5784,Default,Saudi Arabia,2017,Coal,0.85,57.60019834356455,2285989.9999999995,,
5785,DR=0.08_LT=25,Saudi Arabia,2017,Coal,0.85,69.31546176589552,2285989.9999999995,,
5786,Default,Saudi Arabia,2018,Coal,0.85,64.22894252961106,2285989.9999999995,,
5787,DR=0.08_LT=25,Saudi Arabia,2018,Coal,0.85,75.94420595194202,2285989.9999999995,,
5788,Default,Saudi Arabia,2019,Coal,0.85,52.79845415751803,2285989.9999999995,,
5789,DR=0.08_LT=25,Saudi Arabia,2019,Coal,0.85,64.513717579849,2285989.9999999995,,
5790,Default,Saudi Arabia,2020,Coal,0.85,46.099349506355246,2285989.9999999995,,
5791,DR=0.08_LT=25,Saudi Arabia,2020,Coal,0.85,57.814612928686216,2285989.9999999995,,
5792,Default,Saudi Arabia,2021,Coal,0.85,74.64037276216922,2285989.9999999995,,
5793,DR=0.08_LT=25,Saudi Arabia,2021,Coal,0.85,86.35563618450017,2285989.9999999995,,
5794,Default,Saudi Arabia,2022,Coal,0.85,152.00451229705294,2285989.9999999995,,
5795,DR=0.08_LT=25,Saudi Arabia,2022,Coal,0.85,163.7197757193839,2285989.9999999995,,
5796,Default,Saudi Arabia,2023,Coal,0.85,90.5123262505413,2285989.9999999995,,
5797,DR=0.08_LT=25,Saudi Arabia,2023,Coal,0.85,102.22758967287227,2285989.9999999995,,
5798,Default,Saudi Arabia,2024,Coal,0.85,74.32111694821572,2285989.9999999995,,
5799,DR=0.08_LT=25,Saudi Arabia,2024,Coal,0.85,86.03638037054668,2285989.9999999995,,
5800,Default,Saudi Arabia,2015,Gas,0.85,80.93042806341798,977140.0,,
5801,DR=0.08_LT=25,Saudi Arabia,2015,Gas,0.85,83.02852680215597,977140.0,,
5802,Default,Saudi Arabia,2016,Gas,0.85,59.858956926295185,977140.0,,
5803,DR=0.08_LT=25,Saudi Arabia,2016,Gas,0.85,61.95705566503319,977140.0,,
5804,Default,Saudi Arabia,2017,Gas,0.85,58.72157638196184,977140.0,,
5805,DR=0.08_LT=25,Saudi Arabia,2017,Gas,0.85,60.81967512069984,977140.0,,
5806,Default,Saudi Arabia,2018,Gas,0.85,73.98642052959345,977140.0,,
5807,DR=0.08_LT=25,Saudi Arabia,2018,Gas,0.85,76.08451926833146,977140.0,,
5808,Default,Saudi Arabia,2019,Gas,0.85,47.88653014383903,977140.0,,
5809,DR=0.08_LT=25,Saudi Arabia,2019,Gas,0.85,49.98462888257704,977140.0,,
5810,Default,Saudi Arabia,2020,Gas,0.85,41.481281815224996,977140.0,,
5811,DR=0.08_LT=25,Saudi Arabia,2020,Gas,0.85,43.579380553963006,977140.0,,
5812,Default,Saudi Arabia,2021,Gas,0.85,126.66509837240046,977140.0,,
5813,DR=0.08_LT=25,Saudi Arabia,2021,Gas,0.85,128.76319711113845,977140.0,,
5814,Default,Saudi Arabia,2022,Gas,0.85,214.6624352234531,977140.0,,
5815,DR=0.08_LT=25,Saudi Arabia,2022,Gas,0.85,216.76053396219112,977140.0,,
5816,Default,Saudi Arabia,2023,Gas,0.85,95.89596154148815,977140.0,,
5817,DR=0.08_LT=25,Saudi Arabia,2023,Gas,0.85,97.99406028022615,977140.0,,
5818,Default,Saudi Arabia,2024,Gas,0.85,85.42008810683903,977140.0,,
5819,DR=0.08_LT=25,Saudi Arabia,2024,Gas,0.85,87.51818684557703,977140.0,,
5820,Default,Saudi Arabia,2024,Solar+BESS,0.9,46.04,5178282.264468775,3.7,13.7
5821,DR=0.08_LT=25,Saudi Arabia,2024,Solar+BESS,0.9,69.17,5178282.264468775,3.7,13.7
5822,Default,Saudi Arabia,2015,Solar+BESS,0.9,202.26,29085335.254250832,3.7,13.7
5823,DR=0.08_LT=25,Saudi Arabia,2015,Solar+BESS,0.9,332.2,29085335.254250832,3.7,13.7
5824,Default,Saudi Arabia,2016,Solar+BESS,0.9,158.24,22348566.912763074,3.7,13.7
5825,DR=0.08_LT=25,Saudi Arabia,2016,Solar+BESS,0.9,258.08,22348566.912763074,3.7,13.7
5826,Default,Saudi Arabia,2017,Solar+BESS,0.9,123.6,17047319.96028268,3.7,13.7
5827,DR=0.08_LT=25,Saudi Arabia,2017,Solar+BESS,0.9,199.76,17047319.96028268,3.7,13.7
5828,Default,Saudi Arabia,2018,Solar+BESS,0.9,110.61,15060614.446000807,3.7,13.7
5829,DR=0.08_LT=25,Saudi Arabia,2018,Solar+BESS,0.9,177.9,15060614.446000807,3.7,13.7
5830,Default,Saudi Arabia,2019,Solar+BESS,0.9,70.72,8954975.240353085,3.7,13.7
5831,DR=0.08_LT=25,Saudi Arabia,2019,Solar+BESS,0.9,110.73,8954975.240353085,3.7,13.7
5832,Default,Saudi Arabia,2020,Solar+BESS,0.9,64.26,7966369.28352868,3.7,13.7
5833,DR=0.08_LT=25,Saudi Arabia,2020,Solar+BESS,0.9,99.85,7966369.28352868,3.7,13.7
5834,Default,Saudi Arabia,2021,Solar+BESS,0.9,60.93,7456780.324103479,3.7,13.7
5835,DR=0.08_LT=25,Saudi Arabia,2021,Solar+BESS,0.9,94.24,7456780.324103479,3.7,13.7
5836,Default,Saudi Arabia,2022,Solar+BESS,0.9,66.63,8329723.7757488955,3.7,13.7
5837,DR=0.08_LT=25,Saudi Arabia,2022,Solar+BESS,0.9,103.85,8329723.7757488955,3.7,13.7
5838,Default,Saudi Arabia,2023,Solar+BESS,0.9,55.28,6592115.633637352,3.7,13.7
5839,DR=0.08_LT=25,Saudi Arabia,2023,Solar+BESS,0.9,84.73,6592115.633637352,3.7,13.7
5840,Default,Saudi Arabia,2015,Coal,0.9,45.458651277966,2285989.9999999995,,
5841,DR=0.08_LT=25,Saudi Arabia,2015,Coal,0.9,56.52306673238969,2285989.9999999995,,
5842,Default,Saudi Arabia,2016,Coal,0.9,47.602779184942754,2285989.9999999995,,
5843,DR=0.08_LT=25,Saudi Arabia,2016,Coal,0.9,58.66719463936644,2285989.9999999995,,
5844,Default,Saudi Arabia,2017,Coal,0.9,56.458500115175305,2285989.9999999995,,
5845,DR=0.08_LT=25,Saudi Arabia,2017,Coal,0.9,67.522915569599,2285989.9999999995,,
5846,Default,Saudi Arabia,2018,Coal,0.9,63.087244301221816,2285989.9999999995,,
5847,DR=0.08_LT=25,Saudi Arabia,2018,Coal,0.9,74.1516597556455,2285989.9999999995,,
5848,Default,Saudi Arabia,2019,Coal,0.9,51.656755929128785,2285989.9999999995,,
5849,DR=0.08_LT=25,Saudi Arabia,2019,Coal,0.9,62.72117138355248,2285989.9999999995,,
5850,Default,Saudi Arabia,2020,Coal,0.9,44.95765127796601,2285989.9999999995,,
5851,DR=0.08_LT=25,Saudi Arabia,2020,Coal,0.9,56.022066732389696,2285989.9999999995,,
5852,Default,Saudi Arabia,2021,Coal,0.9,73.49867453377998,2285989.9999999995,,
5853,DR=0.08_LT=25,Saudi Arabia,2021,Coal,0.9,84.56308998820364,2285989.9999999995,,
5854,Default,Saudi Arabia,2022,Coal,0.9,150.8628140686637,2285989.9999999995,,
5855,DR=0.08_LT=25,Saudi Arabia,2022,Coal,0.9,161.9272295230874,2285989.9999999995,,
5856,Default,Saudi Arabia,2023,Coal,0.9,89.37062802215205,2285989.9999999995,,
5857,DR=0.08_LT=25,Saudi Arabia,2023,Coal,0.9,100.43504347657573,2285989.9999999995,,
5858,Default,Saudi Arabia,2024,Coal,0.9,73.17941871982647,2285989.9999999995,,
5859,DR=0.08_LT=25,Saudi Arabia,2024,Coal,0.9,84.24383417425015,2285989.9999999995,,
5860,Default,Saudi Arabia,2015,Gas,0.9,80.25093199144253,977140.0,,
5861,DR=0.08_LT=25,Saudi Arabia,2015,Gas,0.9,82.23246968913952,977140.0,,
5862,Default,Saudi Arabia,2016,Gas,0.9,59.1794608543197,977140.0,,
5863,DR=0.08_LT=25,Saudi Arabia,2016,Gas,0.9,61.16099855201671,977140.0,,
5864,Default,Saudi Arabia,2017,Gas,0.9,58.042080309986375,977140.0,,
5865,DR=0.08_LT=25,Saudi Arabia,2017,Gas,0.9,60.02361800768339,977140.0,,
5866,Default,Saudi Arabia,2018,Gas,0.9,73.30692445761797,977140.0,,
5867,DR=0.08_LT=25,Saudi Arabia,2018,Gas,0.9,75.28846215531499,977140.0,,
5868,Default,Saudi Arabia,2019,Gas,0.9,47.20703407186356,977140.0,,
5869,DR=0.08_LT=25,Saudi Arabia,2019,Gas,0.9,49.18857176956057,977140.0,,
5870,Default,Saudi Arabia,2020,Gas,0.9,40.80178574324953,977140.0,,
5871,DR=0.08_LT=25,Saudi Arabia,2020,Gas,0.9,42.78332344094654,977140.0,,
5872,Default,Saudi Arabia,2021,Gas,0.9,125.98560230042499,977140.0,,
5873,DR=0.08_LT=25,Saudi Arabia,2021,Gas,0.9,127.967139998122,977140.0,,
5874,Default,Saudi Arabia,2022,Gas,0.9,213.9829391514776,977140.0,,
5875,DR=0.08_LT=25,Saudi Arabia,2022,Gas,0.9,215.96447684917462,977140.0,,
5876,Default,Saudi Arabia,2023,Gas,0.9,95.21646546951268,977140.0,,
5877,DR=0.08_LT=25,Saudi Arabia,2023,Gas,0.9,97.1980031672097,977140.0,,
5878,Default,Saudi Arabia,2024,Gas,0.9,84.74059203486355,977140.0,,
5879,DR=0.08_LT=25,Saudi Arabia,2024,Gas,0.9,86.72212973256056,977140.0,,
5880,Default,Saudi Arabia,2024,Solar+BESS,0.95,47.77,5687959.796543017,4.1,14.7
5881,DR=0.08_LT=25,Saudi Arabia,2024,Solar+BESS,0.95,71.85,5687959.796543017,4.1,14.7
5882,Default,Saudi Arabia,2015,Solar+BESS,0.95,208.39,31634372.949041475,4.1,14.7
5883,DR=0.08_LT=25,Saudi Arabia,2015,Solar+BESS,0.95,342.29,31634372.949041475,4.1,14.7
5884,Default,Saudi Arabia,2016,Solar+BESS,0.95,163.38,24363767.73032301,4.1,14.7
5885,DR=0.08_LT=25,Saudi Arabia,2016,Solar+BESS,0.95,266.5,24363767.73032301,4.1,14.7
5886,Default,Saudi Arabia,2017,Solar+BESS,0.95,127.82,18618633.613950565,4.1,14.7
5887,DR=0.08_LT=25,Saudi Arabia,2017,Solar+BESS,0.95,206.62,18618633.613950565,4.1,14.7
5888,Default,Saudi Arabia,2018,Solar+BESS,0.95,114.33,16440048.404229134,4.1,14.7
5889,DR=0.08_LT=25,Saudi Arabia,2018,Solar+BESS,0.95,183.92,16440048.404229134,4.1,14.7
5890,Default,Saudi Arabia,2019,Solar+BESS,0.95,73.45,9835195.105724115,4.1,14.7
5891,DR=0.08_LT=25,Saudi Arabia,2019,Solar+BESS,0.95,115.07,9835195.105724115,4.1,14.7
5892,Default,Saudi Arabia,2020,Solar+BESS,0.95,66.71,8747021.632015686,4.1,14.7
5893,DR=0.08_LT=25,Saudi Arabia,2020,Solar+BESS,0.95,103.73,8747021.632015686,4.1,14.7
5894,Default,Saudi Arabia,2021,Solar+BESS,0.95,63.24,8186732.305880377,4.1,14.7
5895,DR=0.08_LT=25,Saudi Arabia,2021,Solar+BESS,0.95,97.89,8186732.305880377,4.1,14.7
5896,Default,Saudi Arabia,2022,Solar+BESS,0.95,69.0,9116837.888657,4.1,14.7
5897,DR=0.08_LT=25,Saudi Arabia,2022,Solar+BESS,0.95,107.59,9116837.888657,4.1,14.7
5898,Default,Saudi Arabia,2023,Solar+BESS,0.95,57.27,7222239.309426155,4.1,14.7
5899,DR=0.08_LT=25,Saudi Arabia,2023,Solar+BESS,0.95,87.84,7222239.309426155,4.1,14.7
5900,Default,Saudi Arabia,2015,Coal,0.95,44.43713181045983,2285989.9999999995,,
5901,DR=0.08_LT=25,Saudi Arabia,2015,Coal,0.95,54.919209609387536,2285989.9999999995,,
5902,Default,Saudi Arabia,2016,Coal,0.95,46.58125971743659,2285989.9999999995,,
5903,DR=0.08_LT=25,Saudi Arabia,2016,Coal,0.95,57.0633375163643,2285989.9999999995,,
5904,Default,Saudi Arabia,2017,Coal,0.95,55.43698064766913,2285989.9999999995,,
5905,DR=0.08_LT=25,Saudi Arabia,2017,Coal,0.95,65.91905844659686,2285989.9999999995,,
5906,Default,Saudi Arabia,2018,Coal,0.95,62.06572483371564,2285989.9999999995,,
5907,DR=0.08_LT=25,Saudi Arabia,2018,Coal,0.95,72.54780263264335,2285989.9999999995,,
5908,Default,Saudi Arabia,2019,Coal,0.95,50.635236461622625,2285989.9999999995,,
5909,DR=0.08_LT=25,Saudi Arabia,2019,Coal,0.95,61.11731426055033,2285989.9999999995,,
5910,Default,Saudi Arabia,2020,Coal,0.95,43.936131810459834,2285989.9999999995,,
5911,DR=0.08_LT=25,Saudi Arabia,2020,Coal,0.95,54.41820960938755,2285989.9999999995,,
5912,Default,Saudi Arabia,2021,Coal,0.95,72.4771550662738,2285989.9999999995,,
5913,DR=0.08_LT=25,Saudi Arabia,2021,Coal,0.95,82.95923286520151,2285989.9999999995,,
5914,Default,Saudi Arabia,2022,Coal,0.95,149.8412946011575,2285989.9999999995,,
5915,DR=0.08_LT=25,Saudi Arabia,2022,Coal,0.95,160.32337240008525,2285989.9999999995,,
5916,Default,Saudi Arabia,2023,Coal,0.95,88.34910855464588,2285989.9999999995,,
5917,DR=0.08_LT=25,Saudi Arabia,2023,Coal,0.95,98.8311863535736,2285989.9999999995,,
5918,Default,Saudi Arabia,2024,Coal,0.95,72.1578992523203,2285989.9999999995,,
5919,DR=0.08_LT=25,Saudi Arabia,2024,Coal,0.95,82.63997705124802,2285989.9999999995,,
5920,Default,Saudi Arabia,2015,Gas,0.95,79.64296182178025,977140.0,,
5921,DR=0.08_LT=25,Saudi Arabia,2015,Gas,0.95,81.52020806170374,977140.0,,
5922,Default,Saudi Arabia,2016,Gas,0.95,58.571490684657455,977140.0,,
5923,DR=0.08_LT=25,Saudi Arabia,2016,Gas,0.95,60.44873692458094,977140.0,,
5924,Default,Saudi Arabia,2017,Gas,0.95,57.434110140324115,977140.0,,
5925,DR=0.08_LT=25,Saudi Arabia,2017,Gas,0.95,59.31135638024761,977140.0,,
5926,Default,Saudi Arabia,2018,Gas,0.95,72.69895428795571,977140.0,,
5927,DR=0.08_LT=25,Saudi Arabia,2018,Gas,0.95,74.57620052787921,977140.0,,
5928,Default,Saudi Arabia,2019,Gas,0.95,46.599063902201316,977140.0,,
5929,DR=0.08_LT=25,Saudi Arabia,2019,Gas,0.95,48.476310142124795,977140.0,,
5930,Default,Saudi Arabia,2020,Gas,0.95,40.19381557358727,977140.0,,
5931,DR=0.08_LT=25,Saudi Arabia,2020,Gas,0.95,42.07106181351075,977140.0,,
5932,Default,Saudi Arabia,2021,Gas,0.95,125.37763213076273,977140.0,,
5933,DR=0.08_LT=25,Saudi Arabia,2021,Gas,0.95,127.25487837068624,977140.0,,
5934,Default,Saudi Arabia,2022,Gas,0.95,213.37496898181536,977140.0,,
5935,DR=0.08_LT=25,Saudi Arabia,2022,Gas,0.95,215.25221522173885,977140.0,,
5936,Default,Saudi Arabia,2023,Gas,0.95,94.60849529985042,977140.0,,
5937,DR=0.08_LT=25,Saudi Arabia,2023,Gas,0.95,96.48574153977394,977140.0,,
5938,Default,Saudi Arabia,2024,Gas,0.95,84.1326218652013,977140.0,,
5939,DR=0.08_LT=25,Saudi Arabia,2024,Gas,0.95,86.0098681051248,977140.0,,
5940,Default,Saudi Arabia,2024,Solar+BESS,1.0,55.64,7002060.79328701,5.3,17.6
5941,DR=0.08_LT=25,Saudi Arabia,2024,Solar+BESS,1.0,83.8,7002060.79328701,5.3,17.6
5942,Default,Saudi Arabia,2015,Solar+BESS,1.0,240.21,38386717.43107086,5.3,17.6
5943,DR=0.08_LT=25,Saudi Arabia,2015,Solar+BESS,1.0,394.56,38386717.43107086,5.3,17.6
5944,Default,Saudi Arabia,2016,Solar+BESS,1.0,188.92,29665502.12161962,5.3,17.6
5945,DR=0.08_LT=25,Saudi Arabia,2016,Solar+BESS,1.0,308.2,29665502.12161962,5.3,17.6
5946,Default,Saudi Arabia,2017,Solar+BESS,1.0,148.14,22731160.881431926,5.3,17.6
5947,DR=0.08_LT=25,Saudi Arabia,2017,Solar+BESS,1.0,239.54,22731160.881431926,5.3,17.6
5948,Default,Saudi Arabia,2018,Solar+BESS,1.0,132.41,20055748.416021913,5.3,17.6
5949,DR=0.08_LT=25,Saudi Arabia,2018,Solar+BESS,1.0,213.05,20055748.416021913,5.3,17.6
5950,Default,Saudi Arabia,2019,Solar+BESS,1.0,85.65,12105344.012248717,5.3,17.6
5951,DR=0.08_LT=25,Saudi Arabia,2019,Solar+BESS,1.0,134.33,12105344.012248717,5.3,17.6
5952,Default,Saudi Arabia,2020,Solar+BESS,1.0,77.75,10761755.34385266,5.3,17.6
5953,DR=0.08_LT=25,Saudi Arabia,2020,Solar+BESS,1.0,121.02,10761755.34385266,5.3,17.6
5954,Default,Saudi Arabia,2021,Solar+BESS,1.0,73.69,10071057.48815222,5.3,17.6
5955,DR=0.08_LT=25,Saudi Arabia,2021,Solar+BESS,1.0,114.18,10071057.48815222,5.3,17.6
5956,Default,Saudi Arabia,2022,Solar+BESS,1.0,80.12,11165059.675636202,5.3,17.6
5957,DR=0.08_LT=25,Saudi Arabia,2022,Solar+BESS,1.0,125.02,11165059.675636202,5.3,17.6
5958,Default,Saudi Arabia,2023,Solar+BESS,1.0,66.55,8857632.464102007,5.3,17.6
5959,DR=0.08_LT=25,Saudi Arabia,2023,Solar+BESS,1.0,102.17,8857632.464102007,5.3,17.6
5960,Default,Saudi Arabia,2015,Coal,1.0,43.51776428970428,2285989.9999999995,,
5961,DR=0.08_LT=25,Saudi Arabia,2015,Coal,1.0,53.475738198685605,2285989.9999999995,,
5962,Default,Saudi Arabia,2016,Coal,1.0,45.66189219668103,2285989.9999999995,,
5963,DR=0.08_LT=25,Saudi Arabia,2016,Coal,1.0,55.619866105662354,2285989.9999999995,,
5964,Default,Saudi Arabia,2017,Coal,1.0,54.51761312691358,2285989.9999999995,,
5965,DR=0.08_LT=25,Saudi Arabia,2017,Coal,1.0,64.47558703589492,2285989.9999999995,,
5966,Default,Saudi Arabia,2018,Coal,1.0,61.14635731296009,2285989.9999999995,,
5967,DR=0.08_LT=25,Saudi Arabia,2018,Coal,1.0,71.10433122194142,2285989.9999999995,,
5968,Default,Saudi Arabia,2019,Coal,1.0,49.715868940867075,2285989.9999999995,,
5969,DR=0.08_LT=25,Saudi Arabia,2019,Coal,1.0,59.673842849848405,2285989.9999999995,,
5970,Default,Saudi Arabia,2020,Coal,1.0,43.016764289704284,2285989.9999999995,,
5971,DR=0.08_LT=25,Saudi Arabia,2020,Coal,1.0,52.974738198685614,2285989.9999999995,,
5972,Default,Saudi Arabia,2021,Coal,1.0,71.55778754551825,2285989.9999999995,,
5973,DR=0.08_LT=25,Saudi Arabia,2021,Coal,1.0,81.51576145449958,2285989.9999999995,,
5974,Default,Saudi Arabia,2022,Coal,1.0,148.92192708040199,2285989.9999999995,,
5975,DR=0.08_LT=25,Saudi Arabia,2022,Coal,1.0,158.87990098938334,2285989.9999999995,,
5976,Default,Saudi Arabia,2023,Coal,1.0,87.42974103389034,2285989.9999999995,,
5977,DR=0.08_LT=25,Saudi Arabia,2023,Coal,1.0,97.38771494287165,2285989.9999999995,,
5978,Default,Saudi Arabia,2024,Coal,1.0,71.23853173156475,2285989.9999999995,,
5979,DR=0.08_LT=25,Saudi Arabia,2024,Coal,1.0,81.19650564054608,2285989.9999999995,,
5980,Default,Saudi Arabia,2015,Gas,1.0,79.09578866908423,977140.0,,
5981,DR=0.08_LT=25,Saudi Arabia,2015,Gas,1.0,80.87917259701153,977140.0,,
5982,Default,Saudi Arabia,2016,Gas,1.0,58.02431753196143,977140.0,,
5983,DR=0.08_LT=25,Saudi Arabia,2016,Gas,1.0,59.80770145988873,977140.0,,
5984,Default,Saudi Arabia,2017,Gas,1.0,56.8869369876281,977140.0,,
5985,DR=0.08_LT=25,Saudi Arabia,2017,Gas,1.0,58.6703209155554,977140.0,,
5986,Default,Saudi Arabia,2018,Gas,1.0,72.1517811352597,977140.0,,
5987,DR=0.08_LT=25,Saudi Arabia,2018,Gas,1.0,73.935165063187,977140.0,,
5988,Default,Saudi Arabia,2019,Gas,1.0,46.05189074950529,977140.0,,
5989,DR=0.08_LT=25,Saudi Arabia,2019,Gas,1.0,47.83527467743259,977140.0,,
5990,Default,Saudi Arabia,2020,Gas,1.0,39.64664242089125,977140.0,,
5991,DR=0.08_LT=25,Saudi Arabia,2020,Gas,1.0,41.43002634881855,977140.0,,
5992,Default,Saudi Arabia,2021,Gas,1.0,124.83045897806672,977140.0,,
5993,DR=0.08_LT=25,Saudi Arabia,2021,Gas,1.0,126.613842905994,977140.0,,
5994,Default,Saudi Arabia,2022,Gas,1.0,212.82779582911934,977140.0,,
5995,DR=0.08_LT=25,Saudi Arabia,2022,Gas,1.0,214.61117975704667,977140.0,,
5996,Default,Saudi Arabia,2023,Gas,1.0,94.06132214715443,977140.0,,
5997,DR=0.08_LT=25,Saudi Arabia,2023,Gas,1.0,95.84470607508172,977140.0,,
5998,Default,Saudi Arabia,2024,Gas,1.0,83.58544871250528,977140.0,,
5999,DR=0.08_LT=25,Saudi Arabia,2024,Gas,1.0,85.36883264043257,977140.0,,
6000,Default,United States,2024,Solar+BESS,0.05,31.95,206476.2647,0.2,0.0
6001,DR=0.08_LT=25,United States,2024,Solar+BESS,0.05,43.81,206476.2647,0.2,0.0
6002,Default,United States,2015,Solar+BESS,0.05,86.94,597571.1933,0.2,0.0
6003,DR=0.08_LT=25,United States,2015,Solar+BESS,0.05,121.26,597571.1933,0.2,0.0
6004,Default,United States,2016,Solar+BESS,0.05,75.69,517556.7618,0.2,0.0
6005,DR=0.08_LT=25,United States,2016,Solar+BESS,0.05,105.41,517556.7618,0.2,0.0
6006,Default,United States,2017,Solar+BESS,0.05,64.11,435200.4445,0.2,0.0
6007,DR=0.08_LT=25,United States,2017,Solar+BESS,0.05,89.1,435200.4445,0.2,0.0
6008,Default,United States,2018,Solar+BESS,0.05,53.52,359869.7846,0.2,0.0
6009,DR=0.08_LT=25,United States,2018,Solar+BESS,0.05,74.19,359869.7846,0.2,0.0
6010,Default,United States,2019,Solar+BESS,0.05,42.79,283563.33895,0.2,0.0
6011,DR=0.08_LT=25,United States,2019,Solar+BESS,0.05,59.07,283563.33895,0.2,0.0
6012,Default,United States,2020,Solar+BESS,0.05,39.06,257021.96655,0.2,0.0
6013,DR=0.08_LT=25,United States,2020,Solar+BESS,0.05,53.82,257021.96655,0.2,0.0
6014,Default,United States,2021,Solar+BESS,0.05,36.75,240628.76595,0.2,0.0
6015,DR=0.08_LT=25,United States,2021,Solar+BESS,0.05,50.57,240628.76595,0.2,0.0
6016,Default,United States,2022,Solar+BESS,0.05,35.49,231651.53705,0.2,0.0
6017,DR=0.08_LT=25,United States,2022,Solar+BESS,0.05,48.79,231651.53705,0.2,0.0
6018,Default,United States,2023,Solar+BESS,0.05,34.06,221503.36525,0.2,0.0
6019,DR=0.08_LT=25,United States,2023,Solar+BESS,0.05,46.78,221503.36525,0.2,0.0
6020,Default,United States,2015,Coal,0.05,399.5880814372166,2087820.0000000002,,
6021,DR=0.08_LT=25,United States,2015,Coal,0.05,531.4744063504163,2087820.0000000002,,
6022,Default,United States,2016,Coal,0.05,399.54667097210034,2087820.0000000002,,
6023,DR=0.08_LT=25,United States,2016,Coal,0.05,531.4329958853001,2087820.0000000002,,
6024,Default,United States,2017,Coal,0.05,403.8644244604724,2087820.0000000002,,
6025,DR=0.08_LT=25,United States,2017,Coal,0.05,535.7507493736722,2087820.0000000002,,
6026,Default,United States,2018,Coal,0.05,407.01048957675147,2087820.0000000002,,
6027,DR=0.08_LT=25,United States,2018,Coal,0.05,538.8968144899512,2087820.0000000002,,
6028,Default,United States,2019,Coal,0.05,401.54071236744915,2087820.0000000002,,
6029,DR=0.08_LT=25,United States,2019,Coal,0.05,533.427037280649,2087820.0000000002,,
6030,Default,United States,2020,Coal,0.05,396.5182895767515,2087820.0000000002,,
6031,DR=0.08_LT=25,United States,2020,Coal,0.05,528.4046144899513,2087820.0000000002,,
6032,Default,United States,2021,Coal,0.05,405.5084419023329,2087820.0000000002,,
6033,DR=0.08_LT=25,United States,2021,Coal,0.05,537.3947668155326,2087820.0000000002,,
6034,Default,United States,2022,Coal,0.05,436.56502097210034,2087820.0000000002,,
6035,DR=0.08_LT=25,United States,2022,Coal,0.05,568.4513458853002,2087820.0000000002,,
6036,Default,United States,2023,Coal,0.05,407.26972446047245,2087820.0000000002,,
6037,DR=0.08_LT=25,United States,2023,Coal,0.05,539.1560493736722,2087820.0000000002,,
6038,Default,United States,2024,Coal,0.05,408.6939744604724,2087820.0000000002,,
6039,DR=0.08_LT=25,United States,2024,Coal,0.05,540.5802993736722,2087820.0000000002,,
6040,Default,United States,2015,Gas,0.05,324.580361842216,1412616.0714285714,,
6041,DR=0.08_LT=25,United States,2015,Gas,0.05,348.51972041039255,1412616.0714285714,,
6042,Default,United States,2016,Gas,0.05,325.8260881580055,1412616.0714285714,,
6043,DR=0.08_LT=25,United States,2016,Gas,0.05,349.765446726182,1412616.0714285714,,
6044,Default,United States,2017,Gas,0.05,326.72131096502306,1412616.0714285714,,
6045,DR=0.08_LT=25,United States,2017,Gas,0.05,350.6606695331996,1412616.0714285714,,
6046,Default,United States,2018,Gas,0.05,327.6353758773038,1412616.0714285714,,
6047,DR=0.08_LT=25,United States,2018,Gas,0.05,351.57473444548026,1412616.0714285714,,
6048,Default,United States,2019,Gas,0.05,324.037514473795,1412616.0714285714,,
6049,DR=0.08_LT=25,United States,2019,Gas,0.05,347.97687304197154,1412616.0714285714,,
6050,Default,United States,2020,Gas,0.05,320.87200815800554,1412616.0714285714,,
6051,DR=0.08_LT=25,United States,2020,Gas,0.05,344.81136672618203,1412616.0714285714,,
6052,Default,United States,2021,Gas,0.05,331.9475425439704,1412616.0714285714,,
6053,DR=0.08_LT=25,United States,2021,Gas,0.05,355.8869011121469,1412616.0714285714,,
6054,Default,United States,2022,Gas,0.05,347.1518250001108,1412616.0714285714,,
6055,DR=0.08_LT=25,United States,2022,Gas,0.05,371.0911835682873,1412616.0714285714,,
6056,Default,United States,2023,Gas,0.05,324.1190285088827,1412616.0714285714,,
6057,DR=0.08_LT=25,United States,2023,Gas,0.05,348.05838707705925,1412616.0714285714,,
6058,Default,United States,2024,Gas,0.05,322.4246751755494,1412616.0714285714,,
6059,DR=0.08_LT=25,United States,2024,Gas,0.05,346.3640337437259,1412616.0714285714,,
6060,Default,United States,2024,Solar+BESS,0.1,31.95,412952.51882,0.4,0.0
6061,DR=0.08_LT=25,United States,2024,Solar+BESS,0.1,43.81,412952.51882,0.4,0.0
6062,Default,United States,2015,Solar+BESS,0.1,86.94,1195142.35598,0.4,0.0
6063,DR=0.08_LT=25,United States,2015,Solar+BESS,0.1,121.26,1195142.35598,0.4,0.0
6064,Default,United States,2016,Solar+BESS,0.1,75.69,1035113.4970800001,0.4,0.0
6065,DR=0.08_LT=25,United States,2016,Solar+BESS,0.1,105.41,1035113.4970800001,0.4,0.0
6066,Default,United States,2017,Solar+BESS,0.1,64.11,870400.8667,0.4,0.0
6067,DR=0.08_LT=25,United States,2017,Solar+BESS,0.1,89.1,870400.8667,0.4,0.0
6068,Default,United States,2018,Solar+BESS,0.1,53.52,719739.55076,0.4,0.0
6069,DR=0.08_LT=25,United States,2018,Solar+BESS,0.1,74.19,719739.55076,0.4,0.0
6070,Default,United States,2019,Solar+BESS,0.1,42.79,567126.66337,0.4,0.0
6071,DR=0.08_LT=25,United States,2019,Solar+BESS,0.1,59.07,567126.66337,0.4,0.0
6072,Default,United States,2020,Solar+BESS,0.1,39.06,514043.91993000003,0.4,0.0
6073,DR=0.08_LT=25,United States,2020,Solar+BESS,0.1,53.82,514043.91993000003,0.4,0.0
6074,Default,United States,2021,Solar+BESS,0.1,36.75,481257.51957,0.4,0.0
6075,DR=0.08_LT=25,United States,2021,Solar+BESS,0.1,50.57,481257.51957,0.4,0.0
6076,Default,United States,2022,Solar+BESS,0.1,35.49,463303.06223000004,0.4,0.0
6077,DR=0.08_LT=25,United States,2022,Solar+BESS,0.1,48.79,463303.06223000004,0.4,0.0
6078,Default,United States,2023,Solar+BESS,0.1,34.06,443006.71915,0.4,0.0
6079,DR=0.08_LT=25,United States,2023,Solar+BESS,0.1,46.78,443006.71915,0.4,0.0
6080,Default,United States,2015,Coal,0.1,210.89403723023622,2087820.0000000002,,
6081,DR=0.08_LT=25,United States,2015,Coal,0.1,276.8371996868361,2087820.0000000002,,
6082,Default,United States,2016,Coal,0.1,210.8526267651199,2087820.0000000002,,
6083,DR=0.08_LT=25,United States,2016,Coal,0.1,276.7957892217198,2087820.0000000002,,
6084,Default,United States,2017,Coal,0.1,215.17038025349203,2087820.0000000002,,
6085,DR=0.08_LT=25,United States,2017,Coal,0.1,281.1135427100919,2087820.0000000002,,
6086,Default,United States,2018,Coal,0.1,218.31644536977112,2087820.0000000002,,
6087,DR=0.08_LT=25,United States,2018,Coal,0.1,284.25960782637094,2087820.0000000002,,
6088,Default,United States,2019,Coal,0.1,212.84666816046877,2087820.0000000002,,
6089,DR=0.08_LT=25,United States,2019,Coal,0.1,278.7898306170687,2087820.0000000002,,
6090,Default,United States,2020,Coal,0.1,207.8242453697711,2087820.0000000002,,
6091,DR=0.08_LT=25,United States,2020,Coal,0.1,273.76740782637097,2087820.0000000002,,
6092,Default,United States,2021,Coal,0.1,216.81439769535248,2087820.0000000002,,
6093,DR=0.08_LT=25,United States,2021,Coal,0.1,282.75756015195236,2087820.0000000002,,
6094,Default,United States,2022,Coal,0.1,247.87097676511993,2087820.0000000002,,
6095,DR=0.08_LT=25,United States,2022,Coal,0.1,313.8141392217198,2087820.0000000002,,
6096,Default,United States,2023,Coal,0.1,218.57568025349204,2087820.0000000002,,
6097,DR=0.08_LT=25,United States,2023,Coal,0.1,284.5188427100919,2087820.0000000002,,
6098,Default,United States,2024,Coal,0.1,219.999930253492,2087820.0000000002,,
6099,DR=0.08_LT=25,United States,2024,Coal,0.1,285.9430927100919,2087820.0000000002,,
6100,Default,United States,2015,Gas,0.1,171.6334116228624,1412616.0714285714,,
6101,DR=0.08_LT=25,United States,2015,Gas,0.1,183.60309090695065,1412616.0714285714,,
6102,Default,United States,2016,Gas,0.1,172.87913793865187,1412616.0714285714,,
6103,DR=0.08_LT=25,United States,2016,Gas,0.1,184.84881722274014,1412616.0714285714,,
6104,Default,United States,2017,Gas,0.1,173.77436074566944,1412616.0714285714,,
6105,DR=0.08_LT=25,United States,2017,Gas,0.1,185.74404002975768,1412616.0714285714,,
6106,Default,United States,2018,Gas,0.1,174.68842565795012,1412616.0714285714,,
6107,DR=0.08_LT=25,United States,2018,Gas,0.1,186.6581049420384,1412616.0714285714,,
6108,Default,United States,2019,Gas,0.1,171.09056425444135,1412616.0714285714,,
6109,DR=0.08_LT=25,United States,2019,Gas,0.1,183.0602435385296,1412616.0714285714,,
6110,Default,United States,2020,Gas,0.1,167.9250579386519,1412616.0714285714,,
6111,DR=0.08_LT=25,United States,2020,Gas,0.1,179.89473722274016,1412616.0714285714,,
6112,Default,United States,2021,Gas,0.1,179.0005923246168,1412616.0714285714,,
6113,DR=0.08_LT=25,United States,2021,Gas,0.1,190.97027160870505,1412616.0714285714,,
6114,Default,United States,2022,Gas,0.1,194.20487478075717,1412616.0714285714,,
6115,DR=0.08_LT=25,United States,2022,Gas,0.1,206.1745540648454,1412616.0714285714,,
6116,Default,United States,2023,Gas,0.1,171.17207828952908,1412616.0714285714,,
6117,DR=0.08_LT=25,United States,2023,Gas,0.1,183.14175757361733,1412616.0714285714,,
6118,Default,United States,2024,Gas,0.1,169.47772495619574,1412616.0714285714,,
6119,DR=0.08_LT=25,United States,2024,Gas,0.1,181.447404240284,1412616.0714285714,,
6120,Default,United States,2024,Solar+BESS,0.15,31.95,619428.7835199999,0.6,0.0
6121,DR=0.08_LT=25,United States,2024,Solar+BESS,0.15,43.81,619428.7835199999,0.6,0.0
6122,Default,United States,2015,Solar+BESS,0.15,86.94,1792713.54928,0.6,0.0
6123,DR=0.08_LT=25,United States,2015,Solar+BESS,0.15,121.26,1792713.54928,0.6,0.0
6124,Default,United States,2016,Solar+BESS,0.15,75.69,1552670.2588799999,0.6,0.0
6125,DR=0.08_LT=25,United States,2016,Solar+BESS,0.15,105.41,1552670.2588799999,0.6,0.0
6126,Default,United States,2017,Solar+BESS,0.15,64.11,1305601.3111999999,0.6,0.0
6127,DR=0.08_LT=25,United States,2017,Solar+BESS,0.15,89.1,1305601.3111999999,0.6,0.0
6128,Default,United States,2018,Solar+BESS,0.15,53.52,1079609.33536,0.6,0.0
6129,DR=0.08_LT=25,United States,2018,Solar+BESS,0.15,74.19,1079609.33536,0.6,0.0
6130,Default,United States,2019,Solar+BESS,0.15,42.79,850690.00232,0.6,0.0
6131,DR=0.08_LT=25,United States,2019,Solar+BESS,0.15,59.07,850690.00232,0.6,0.0
6132,Default,United States,2020,Solar+BESS,0.15,39.06,771065.8864799999,0.6,0.0
6133,DR=0.08_LT=25,United States,2020,Solar+BESS,0.15,53.82,771065.8864799999,0.6,0.0
6134,Default,United States,2021,Solar+BESS,0.15,36.75,721886.2855199999,0.6,0.0
6135,DR=0.08_LT=25,United States,2021,Solar+BESS,0.15,50.57,721886.2855199999,0.6,0.0
6136,Default,United States,2022,Solar+BESS,0.15,35.49,694954.59928,0.6,0.0
6137,DR=0.08_LT=25,United States,2022,Solar+BESS,0.15,48.79,694954.59928,0.6,0.0
6138,Default,United States,2023,Solar+BESS,0.15,34.06,664510.0843999999,0.6,0.0
6139,DR=0.08_LT=25,United States,2023,Solar+BESS,0.15,46.78,664510.0843999999,0.6,0.0
6140,Default,United States,2015,Coal,0.15,147.99602249457607,2087820.0000000002,,
6141,DR=0.08_LT=25,United States,2015,Coal,0.15,191.95813079897601,2087820.0000000002,,
6142,Default,United States,2016,Coal,0.15,147.95461202945978,2087820.0000000002,,
6143,DR=0.08_LT=25,United States,2016,Coal,0.15,191.91672033385973,2087820.0000000002,,
6144,Default,United States,2017,Coal,0.15,152.27236551783187,2087820.0000000002,,
6145,DR=0.08_LT=25,United States,2017,Coal,0.15,196.23447382223182,2087820.0000000002,,
6146,Default,United States,2018,Coal,0.15,155.41843063411093,2087820.0000000002,,
6147,DR=0.08_LT=25,United States,2018,Coal,0.15,199.38053893851088,2087820.0000000002,,
6148,Default,United States,2019,Coal,0.15,149.94865342480864,2087820.0000000002,,
6149,DR=0.08_LT=25,United States,2019,Coal,0.15,193.91076172920856,2087820.0000000002,,
6150,Default,United States,2020,Coal,0.15,144.92623063411094,2087820.0000000002,,
6151,DR=0.08_LT=25,United States,2020,Coal,0.15,188.88833893851088,2087820.0000000002,,
6152,Default,United States,2021,Coal,0.15,153.91638295969233,2087820.0000000002,,
6153,DR=0.08_LT=25,United States,2021,Coal,0.15,197.87849126409228,2087820.0000000002,,
6154,Default,United States,2022,Coal,0.15,184.97296202945978,2087820.0000000002,,
6155,DR=0.08_LT=25,United States,2022,Coal,0.15,228.93507033385973,2087820.0000000002,,
6156,Default,United States,2023,Coal,0.15,155.67766551783188,2087820.0000000002,,
6157,DR=0.08_LT=25,United States,2023,Coal,0.15,199.6397738222318,2087820.0000000002,,
6158,Default,United States,2024,Coal,0.15,157.10191551783188,2087820.0000000002,,
6159,DR=0.08_LT=25,United States,2024,Coal,0.15,201.06402382223183,2087820.0000000002,,
6160,Default,United States,2015,Gas,0.15,120.65109488307789,1412616.0714285714,,
6161,DR=0.08_LT=25,United States,2015,Gas,0.15,128.63088107247003,1412616.0714285714,,
6162,Default,United States,2016,Gas,0.15,121.89682119886736,1412616.0714285714,,
6163,DR=0.08_LT=25,United States,2016,Gas,0.15,129.87660738825952,1412616.0714285714,,
6164,Default,United States,2017,Gas,0.15,122.7920440058849,1412616.0714285714,,
6165,DR=0.08_LT=25,United States,2017,Gas,0.15,130.77183019527706,1412616.0714285714,,
6166,Default,United States,2018,Gas,0.15,123.7061089181656,1412616.0714285714,,
6167,DR=0.08_LT=25,United States,2018,Gas,0.15,131.68589510755774,1412616.0714285714,,
6168,Default,United States,2019,Gas,0.15,120.10824751465682,1412616.0714285714,,
6169,DR=0.08_LT=25,United States,2019,Gas,0.15,128.088033704049,1412616.0714285714,,
6170,Default,United States,2020,Gas,0.15,116.94274119886737,1412616.0714285714,,
6171,DR=0.08_LT=25,United States,2020,Gas,0.15,124.92252738825951,1412616.0714285714,,
6172,Default,United States,2021,Gas,0.15,128.01827558483225,1412616.0714285714,,
6173,DR=0.08_LT=25,United States,2021,Gas,0.15,135.99806177422442,1412616.0714285714,,
6174,Default,United States,2022,Gas,0.15,143.22255804097264,1412616.0714285714,,
6175,DR=0.08_LT=25,United States,2022,Gas,0.15,151.2023442303648,1412616.0714285714,,
6176,Default,United States,2023,Gas,0.15,120.18976154974456,1412616.0714285714,,
6177,DR=0.08_LT=25,United States,2023,Gas,0.15,128.1695477391367,1412616.0714285714,,
6178,Default,United States,2024,Gas,0.15,118.49540821641124,1412616.0714285714,,
6179,DR=0.08_LT=25,United States,2024,Gas,0.15,126.47519440580338,1412616.0714285714,,
6180,Default,United States,2024,Solar+BESS,0.2,31.95,825905.0482199999,0.8,0.0
6181,DR=0.08_LT=25,United States,2024,Solar+BESS,0.2,43.81,825905.0482199999,0.8,0.0
6182,Default,United States,2015,Solar+BESS,0.2,86.94,2390284.74258,0.8,0.0
6183,DR=0.08_LT=25,United States,2015,Solar+BESS,0.2,121.26,2390284.74258,0.8,0.0
6184,Default,United States,2016,Solar+BESS,0.2,75.69,2070227.0206799998,0.8,0.0
6185,DR=0.08_LT=25,United States,2016,Solar+BESS,0.2,105.41,2070227.0206799998,0.8,0.0
6186,Default,United States,2017,Solar+BESS,0.2,64.11,1740801.7556999999,0.8,0.0
6187,DR=0.08_LT=25,United States,2017,Solar+BESS,0.2,89.1,1740801.7556999999,0.8,0.0
6188,Default,United States,2018,Solar+BESS,0.2,53.52,1439479.11996,0.8,0.0
6189,DR=0.08_LT=25,United States,2018,Solar+BESS,0.2,74.19,1439479.11996,0.8,0.0
6190,Default,United States,2019,Solar+BESS,0.2,42.79,1134253.34127,0.8,0.0
6191,DR=0.08_LT=25,United States,2019,Solar+BESS,0.2,59.07,1134253.34127,0.8,0.0
6192,Default,United States,2020,Solar+BESS,0.2,39.06,1028087.8530299999,0.8,0.0
6193,DR=0.08_LT=25,United States,2020,Solar+BESS,0.2,53.82,1028087.8530299999,0.8,0.0
6194,Default,United States,2021,Solar+BESS,0.2,36.75,962515.0514699998,0.8,0.0
6195,DR=0.08_LT=25,United States,2021,Solar+BESS,0.2,50.57,962515.0514699998,0.8,0.0
6196,Default,United States,2022,Solar+BESS,0.2,35.49,926606.1363299999,0.8,0.0
6197,DR=0.08_LT=25,United States,2022,Solar+BESS,0.2,48.79,926606.1363299999,0.8,0.0
6198,Default,United States,2023,Solar+BESS,0.2,34.06,886013.44965,0.8,0.0
6199,DR=0.08_LT=25,United States,2023,Solar+BESS,0.2,46.78,886013.44965,0.8,0.0
6200,Default,United States,2015,Coal,0.2,116.54701512674602,2087820.0000000002,,
6201,DR=0.08_LT=25,United States,2015,Coal,0.2,149.51859635504596,2087820.0000000002,,
6202,Default,United States,2016,Coal,0.2,116.50560466162975,2087820.0000000002,,
6203,DR=0.08_LT=25,United States,2016,Coal,0.2,149.47718588992967,2087820.0000000002,,
6204,Default,United States,2017,Coal,0.2,120.82335815000182,2087820.0000000002,,
6205,DR=0.08_LT=25,United States,2017,Coal,0.2,153.79493937830176,2087820.0000000002,,
6206,Default,United States,2018,Coal,0.2,123.9694232662809,2087820.0000000002,,
6207,DR=0.08_LT=25,United States,2018,Coal,0.2,156.94100449458082,2087820.0000000002,,
6208,Default,United States,2019,Coal,0.2,118.49964605697856,2087820.0000000002,,
6209,DR=0.08_LT=25,United States,2019,Coal,0.2,151.47122728527853,2087820.0000000002,,
6210,Default,United States,2020,Coal,0.2,113.47722326628089,2087820.0000000002,,
6211,DR=0.08_LT=25,United States,2020,Coal,0.2,146.44880449458086,2087820.0000000002,,
6212,Default,United States,2021,Coal,0.2,122.4673755918623,2087820.0000000002,,
6213,DR=0.08_LT=25,United States,2021,Coal,0.2,155.43895682016222,2087820.0000000002,,
6214,Default,United States,2022,Coal,0.2,153.52395466162974,2087820.0000000002,,
6215,DR=0.08_LT=25,United States,2022,Coal,0.2,186.49553588992967,2087820.0000000002,,
6216,Default,United States,2023,Coal,0.2,124.22865815000183,2087820.0000000002,,
6217,DR=0.08_LT=25,United States,2023,Coal,0.2,157.20023937830177,2087820.0000000002,,
6218,Default,United States,2024,Coal,0.2,125.65290815000183,2087820.0000000002,,
6219,DR=0.08_LT=25,United States,2024,Coal,0.2,158.62448937830177,2087820.0000000002,,
6220,Default,United States,2015,Gas,0.2,95.1599365131856,1412616.0714285714,,
6221,DR=0.08_LT=25,United States,2015,Gas,0.2,101.14477615522972,1412616.0714285714,,
6222,Default,United States,2016,Gas,0.2,96.40566282897505,1412616.0714285714,,
6223,DR=0.08_LT=25,United States,2016,Gas,0.2,102.39050247101919,1412616.0714285714,,
6224,Default,United States,2017,Gas,0.2,97.30088563599261,1412616.0714285714,,
6225,DR=0.08_LT=25,United States,2017,Gas,0.2,103.28572527803674,1412616.0714285714,,
6226,Default,United States,2018,Gas,0.2,98.21495054827331,1412616.0714285714,,
6227,DR=0.08_LT=25,United States,2018,Gas,0.2,104.19979019031744,1412616.0714285714,,
6228,Default,United States,2019,Gas,0.2,94.61708914476453,1412616.0714285714,,
6229,DR=0.08_LT=25,United States,2019,Gas,0.2,100.60192878680866,1412616.0714285714,,
6230,Default,United States,2020,Gas,0.2,91.45158282897506,1412616.0714285714,,
6231,DR=0.08_LT=25,United States,2020,Gas,0.2,97.43642247101918,1412616.0714285714,,
6232,Default,United States,2021,Gas,0.2,102.52711721493998,1412616.0714285714,,
6233,DR=0.08_LT=25,United States,2021,Gas,0.2,108.51195685698411,1412616.0714285714,,
6234,Default,United States,2022,Gas,0.2,117.73139967108034,1412616.0714285714,,
6235,DR=0.08_LT=25,United States,2022,Gas,0.2,123.71623931312448,1412616.0714285714,,
6236,Default,United States,2023,Gas,0.2,94.69860317985226,1412616.0714285714,,
6237,DR=0.08_LT=25,United States,2023,Gas,0.2,100.68344282189638,1412616.0714285714,,
6238,Default,United States,2024,Gas,0.2,93.00424984651892,1412616.0714285714,,
6239,DR=0.08_LT=25,United States,2024,Gas,0.2,98.98908948856305,1412616.0714285714,,
6240,Default,United States,2024,Solar+BESS,0.25,31.95,1032381.31292,1.0,0.0
6241,DR=0.08_LT=25,United States,2024,Solar+BESS,0.25,43.81,1032381.31292,1.0,0.0
6242,Default,United States,2015,Solar+BESS,0.25,86.94,2987855.93588,1.0,0.0
6243,DR=0.08_LT=25,United States,2015,Solar+BESS,0.25,121.26,2987855.93588,1.0,0.0
6244,Default,United States,2016,Solar+BESS,0.25,75.69,2587783.78248,1.0,0.0
6245,DR=0.08_LT=25,United States,2016,Solar+BESS,0.25,105.41,2587783.78248,1.0,0.0
6246,Default,United States,2017,Solar+BESS,0.25,64.11,2176002.2002,1.0,0.0
6247,DR=0.08_LT=25,United States,2017,Solar+BESS,0.25,89.1,2176002.2002,1.0,0.0
6248,Default,United States,2018,Solar+BESS,0.25,53.52,1799348.90456,1.0,0.0
6249,DR=0.08_LT=25,United States,2018,Solar+BESS,0.25,74.19,1799348.90456,1.0,0.0
6250,Default,United States,2019,Solar+BESS,0.25,42.79,1417816.6802199997,1.0,0.0
6251,DR=0.08_LT=25,United States,2019,Solar+BESS,0.25,59.07,1417816.6802199997,1.0,0.0
6252,Default,United States,2020,Solar+BESS,0.25,39.06,1285109.8195800001,1.0,0.0
6253,DR=0.08_LT=25,United States,2020,Solar+BESS,0.25,53.82,1285109.8195800001,1.0,0.0
6254,Default,United States,2021,Solar+BESS,0.25,36.75,1203143.81742,1.0,0.0
6255,DR=0.08_LT=25,United States,2021,Solar+BESS,0.25,50.57,1203143.81742,1.0,0.0
6256,Default,United States,2022,Solar+BESS,0.25,35.49,1158257.6733799998,1.0,0.0
6257,DR=0.08_LT=25,United States,2022,Solar+BESS,0.25,48.79,1158257.6733799998,1.0,0.0
6258,Default,United States,2023,Solar+BESS,0.25,34.06,1107516.8148999999,1.0,0.0
6259,DR=0.08_LT=25,United States,2023,Solar+BESS,0.25,46.78,1107516.8148999999,1.0,0.0
6260,Default,United States,2015,Coal,0.25,97.67761070604796,2087820.0000000002,,
6261,DR=0.08_LT=25,United States,2015,Coal,0.25,124.05487568868794,2087820.0000000002,,
6262,Default,United States,2016,Coal,0.25,97.6362002409317,2087820.0000000002,,
6263,DR=0.08_LT=25,United States,2016,Coal,0.25,124.01346522357166,2087820.0000000002,,
6264,Default,United States,2017,Coal,0.25,101.95395372930379,2087820.0000000002,,
6265,DR=0.08_LT=25,United States,2017,Coal,0.25,128.33121871194376,2087820.0000000002,,
6266,Default,United States,2018,Coal,0.25,105.10001884558284,2087820.0000000002,,
6267,DR=0.08_LT=25,United States,2018,Coal,0.25,131.47728382822282,2087820.0000000002,,
6268,Default,United States,2019,Coal,0.25,99.63024163628052,2087820.0000000002,,
6269,DR=0.08_LT=25,United States,2019,Coal,0.25,126.00750661892049,2087820.0000000002,,
6270,Default,United States,2020,Coal,0.25,94.60781884558284,2087820.0000000002,,
6271,DR=0.08_LT=25,United States,2020,Coal,0.25,120.98508382822283,2087820.0000000002,,
6272,Default,United States,2021,Coal,0.25,103.59797117116423,2087820.0000000002,,
6273,DR=0.08_LT=25,United States,2021,Coal,0.25,129.97523615380422,2087820.0000000002,,
6274,Default,United States,2022,Coal,0.25,134.65455024093168,2087820.0000000002,,
6275,DR=0.08_LT=25,United States,2022,Coal,0.25,161.03181522357167,2087820.0000000002,,
6276,Default,United States,2023,Coal,0.25,105.35925372930379,2087820.0000000002,,
6277,DR=0.08_LT=25,United States,2023,Coal,0.25,131.73651871194375,2087820.0000000002,,
6278,Default,United States,2024,Coal,0.25,106.78350372930377,2087820.0000000002,,
6279,DR=0.08_LT=25,United States,2024,Coal,0.25,133.16076871194375,2087820.0000000002,,
6280,Default,United States,2015,Gas,0.25,79.86524149125023,1412616.0714285714,,
6281,DR=0.08_LT=25,United States,2015,Gas,0.25,84.65311320488554,1412616.0714285714,,
6282,Default,United States,2016,Gas,0.25,81.1109678070397,1412616.0714285714,,
6283,DR=0.08_LT=25,United States,2016,Gas,0.25,85.89883952067501,1412616.0714285714,,
6284,Default,United States,2017,Gas,0.25,82.00619061405725,1412616.0714285714,,
6285,DR=0.08_LT=25,United States,2017,Gas,0.25,86.79406232769254,1412616.0714285714,,
6286,Default,United States,2018,Gas,0.25,82.92025552633794,1412616.0714285714,,
6287,DR=0.08_LT=25,United States,2018,Gas,0.25,87.70812723997327,1412616.0714285714,,
6288,Default,United States,2019,Gas,0.25,79.32239412282917,1412616.0714285714,,
6289,DR=0.08_LT=25,United States,2019,Gas,0.25,84.11026583646448,1412616.0714285714,,
6290,Default,United States,2020,Gas,0.25,76.15688780703971,1412616.0714285714,,
6291,DR=0.08_LT=25,United States,2020,Gas,0.25,80.944759520675,1412616.0714285714,,
6292,Default,United States,2021,Gas,0.25,87.23242219300461,1412616.0714285714,,
6293,DR=0.08_LT=25,United States,2021,Gas,0.25,92.02029390663994,1412616.0714285714,,
6294,Default,United States,2022,Gas,0.25,102.43670464914496,1412616.0714285714,,
6295,DR=0.08_LT=25,United States,2022,Gas,0.25,107.22457636278028,1412616.0714285714,,
6296,Default,United States,2023,Gas,0.25,79.40390815791689,1412616.0714285714,,
6297,DR=0.08_LT=25,United States,2023,Gas,0.25,84.19177987155221,1412616.0714285714,,
6298,Default,United States,2024,Gas,0.25,77.70955482458356,1412616.0714285714,,
6299,DR=0.08_LT=25,United States,2024,Gas,0.25,82.49742653821887,1412616.0714285714,,
6300,Default,United States,2024,Solar+BESS,0.3,33.09,1283035.9652,1.2,0.0
6301,DR=0.08_LT=25,United States,2024,Solar+BESS,0.3,45.37,1283035.9652,1.2,0.0
6302,Default,United States,2015,Solar+BESS,0.3,90.04,3713285.5628,1.2,0.0
6303,DR=0.08_LT=25,United States,2015,Solar+BESS,0.3,125.58,3713285.5628,1.2,0.0
6304,Default,United States,2016,Solar+BESS,0.3,78.39,3216078.8087999998,1.2,0.0
6305,DR=0.08_LT=25,United States,2016,Solar+BESS,0.3,109.17,3216078.8087999998,1.2,0.0
6306,Default,United States,2017,Solar+BESS,0.3,66.4,2704319.662,1.2,0.0
6307,DR=0.08_LT=25,United States,2017,Solar+BESS,0.3,92.28,2704319.662,1.2,0.0
6308,Default,United States,2018,Solar+BESS,0.3,55.43,2236217.6936,1.2,0.0
6309,DR=0.08_LT=25,United States,2018,Solar+BESS,0.3,76.83,2236217.6936,1.2,0.0
6310,Default,United States,2019,Solar+BESS,0.3,44.32,1762052.2282,1.2,0.0
6311,DR=0.08_LT=25,United States,2019,Solar+BESS,0.3,61.18,1762052.2282,1.2,0.0
6312,Default,United States,2020,Solar+BESS,0.3,40.45,1597125.1098,1.2,0.0
6313,DR=0.08_LT=25,United States,2020,Solar+BESS,0.3,55.74,1597125.1098,1.2,0.0
6314,Default,United States,2021,Solar+BESS,0.3,38.06,1495258.3602,1.2,0.0
6315,DR=0.08_LT=25,United States,2021,Solar+BESS,0.3,52.37,1495258.3602,1.2,0.0
6316,Default,United States,2022,Solar+BESS,0.3,36.76,1439474.1878,1.2,0.0
6317,DR=0.08_LT=25,United States,2022,Solar+BESS,0.3,50.53,1439474.1878,1.2,0.0
6318,Default,United States,2023,Solar+BESS,0.3,35.28,1376413.819,1.2,0.0
6319,DR=0.08_LT=25,United States,2023,Solar+BESS,0.3,48.45,1376413.819,1.2,0.0
6320,Default,United States,2015,Coal,0.3,85.09800775891594,2087820.0000000002,,
6321,DR=0.08_LT=25,United States,2015,Coal,0.3,107.07906191111591,2087820.0000000002,,
6322,Default,United States,2016,Coal,0.3,85.05659729379965,2087820.0000000002,,
6323,DR=0.08_LT=25,United States,2016,Coal,0.3,107.03765144599964,2087820.0000000002,,
6324,Default,United States,2017,Coal,0.3,89.37435078217176,2087820.0000000002,,
6325,DR=0.08_LT=25,United States,2017,Coal,0.3,111.35540493437173,2087820.0000000002,,
6326,Default,United States,2018,Coal,0.3,92.52041589845082,2087820.0000000002,,
6327,DR=0.08_LT=25,United States,2018,Coal,0.3,114.5014700506508,2087820.0000000002,,
6328,Default,United States,2019,Coal,0.3,87.05063868914849,2087820.0000000002,,
6329,DR=0.08_LT=25,United States,2019,Coal,0.3,109.03169284134847,2087820.0000000002,,
6330,Default,United States,2020,Coal,0.3,82.02821589845082,2087820.0000000002,,
6331,DR=0.08_LT=25,United States,2020,Coal,0.3,104.0092700506508,2087820.0000000002,,
6332,Default,United States,2021,Coal,0.3,91.01836822403222,2087820.0000000002,,
6333,DR=0.08_LT=25,United States,2021,Coal,0.3,112.9994223762322,2087820.0000000002,,
6334,Default,United States,2022,Coal,0.3,122.07494729379968,2087820.0000000002,,
6335,DR=0.08_LT=25,United States,2022,Coal,0.3,144.05600144599964,2087820.0000000002,,
6336,Default,United States,2023,Coal,0.3,92.77965078217176,2087820.0000000002,,
6337,DR=0.08_LT=25,United States,2023,Coal,0.3,114.76070493437173,2087820.0000000002,,
6338,Default,United States,2024,Coal,0.3,94.20390078217176,2087820.0000000002,,
6339,DR=0.08_LT=25,United States,2024,Coal,0.3,116.18495493437173,2087820.0000000002,,
6340,Default,United States,2015,Gas,0.3,69.66877814329334,1412616.0714285714,,
6341,DR=0.08_LT=25,United States,2015,Gas,0.3,73.65867123798941,1412616.0714285714,,
6342,Default,United States,2016,Gas,0.3,70.9145044590828,1412616.0714285714,,
6343,DR=0.08_LT=25,United States,2016,Gas,0.3,74.90439755377889,1412616.0714285714,,
6344,Default,United States,2017,Gas,0.3,71.80972726610035,1412616.0714285714,,
6345,DR=0.08_LT=25,United States,2017,Gas,0.3,75.79962036079642,1412616.0714285714,,
6346,Default,United States,2018,Gas,0.3,72.72379217838105,1412616.0714285714,,
6347,DR=0.08_LT=25,United States,2018,Gas,0.3,76.71368527307712,1412616.0714285714,,
6348,Default,United States,2019,Gas,0.3,69.12593077487227,1412616.0714285714,,
6349,DR=0.08_LT=25,United States,2019,Gas,0.3,73.11582386956835,1412616.0714285714,,
6350,Default,United States,2020,Gas,0.3,65.9604244590828,1412616.0714285714,,
6351,DR=0.08_LT=25,United States,2020,Gas,0.3,69.95031755377889,1412616.0714285714,,
6352,Default,United States,2021,Gas,0.3,77.0359588450477,1412616.0714285714,,
6353,DR=0.08_LT=25,United States,2021,Gas,0.3,81.0258519397438,1412616.0714285714,,
6354,Default,United States,2022,Gas,0.3,92.24024130118808,1412616.0714285714,,
6355,DR=0.08_LT=25,United States,2022,Gas,0.3,96.23013439588415,1412616.0714285714,,
6356,Default,United States,2023,Gas,0.3,69.20744480996,1412616.0714285714,,
6357,DR=0.08_LT=25,United States,2023,Gas,0.3,73.19733790465608,1412616.0714285714,,
6358,Default,United States,2024,Gas,0.3,67.51309147662666,1412616.0714285714,,
6359,DR=0.08_LT=25,United States,2024,Gas,0.3,71.50298457132274,1412616.0714285714,,
6360,Default,United States,2024,Solar+BESS,0.35,37.57,1665140.9448171728,1.5,0.6
6361,DR=0.08_LT=25,United States,2024,Solar+BESS,0.35,51.23,1665140.9448171728,1.5,0.6
6362,Default,United States,2015,Solar+BESS,0.35,112.29,5385146.2326,1.5,0.6
6363,DR=0.08_LT=25,United States,2015,Solar+BESS,0.35,156.47,5385146.2326,1.5,0.6
6364,Default,United States,2016,Solar+BESS,0.35,95.11,4529512.5816,1.5,0.6
6365,DR=0.08_LT=25,United States,2016,Solar+BESS,0.35,132.26,4529512.5816,1.5,0.6
6366,Default,United States,2017,Solar+BESS,0.35,79.05,3730415.7653970555,1.5,0.6
6367,DR=0.08_LT=25,United States,2017,Solar+BESS,0.35,109.66,3730415.7653970555,1.5,0.6
6368,Default,United States,2018,Solar+BESS,0.35,66.75,3117718.7121436927,1.5,0.6
6369,DR=0.08_LT=25,United States,2018,Solar+BESS,0.35,92.32,3117718.7121436927,1.5,0.6
6370,Default,United States,2019,Solar+BESS,0.35,50.86,2326834.2744113207,1.5,0.6
6371,DR=0.08_LT=25,United States,2019,Solar+BESS,0.35,69.95,2326834.2744113207,1.5,0.6
6372,Default,United States,2020,Solar+BESS,0.35,46.46,2107885.4885205966,1.5,0.6
6373,DR=0.08_LT=25,United States,2020,Solar+BESS,0.35,63.75,2107885.4885205966,1.5,0.6
6374,Default,United States,2021,Solar+BESS,0.35,43.77,1974061.570657767,1.5,0.6
6375,DR=0.08_LT=25,United States,2021,Solar+BESS,0.35,59.97,1974061.570657767,1.5,0.6
6376,Default,United States,2022,Solar+BESS,0.35,43.28,1949436.191349341,1.5,0.6
6377,DR=0.08_LT=25,United States,2022,Solar+BESS,0.35,59.27,1949436.191349341,1.5,0.6
6378,Default,United States,2023,Solar+BESS,0.35,40.76,1824235.8676070415,1.5,0.6
6379,DR=0.08_LT=25,United States,2023,Solar+BESS,0.35,55.73,1824235.8676070415,1.5,0.6
6380,Default,United States,2015,Coal,0.35,76.11257708239307,2087820.0000000002,,
6381,DR=0.08_LT=25,United States,2015,Coal,0.35,94.9534806414216,2087820.0000000002,,
6382,Default,United States,2016,Coal,0.35,76.07116661727679,2087820.0000000002,,
6383,DR=0.08_LT=25,United States,2016,Coal,0.35,94.91207017630535,2087820.0000000002,,
6384,Default,United States,2017,Coal,0.35,80.3889201056489,2087820.0000000002,,
6385,DR=0.08_LT=25,United States,2017,Coal,0.35,99.22982366467744,2087820.0000000002,,
6386,Default,United States,2018,Coal,0.35,83.53498522192795,2087820.0000000002,,
6387,DR=0.08_LT=25,United States,2018,Coal,0.35,102.3758887809565,2087820.0000000002,,
6388,Default,United States,2019,Coal,0.35,78.06520801262562,2087820.0000000002,,
6389,DR=0.08_LT=25,United States,2019,Coal,0.35,96.9061115716542,2087820.0000000002,,
6390,Default,United States,2020,Coal,0.35,73.04278522192794,2087820.0000000002,,
6391,DR=0.08_LT=25,United States,2020,Coal,0.35,91.88368878095649,2087820.0000000002,,
6392,Default,United States,2021,Coal,0.35,82.03293754750935,2087820.0000000002,,
6393,DR=0.08_LT=25,United States,2021,Coal,0.35,100.8738411065379,2087820.0000000002,,
6394,Default,United States,2022,Coal,0.35,113.08951661727679,2087820.0000000002,,
6395,DR=0.08_LT=25,United States,2022,Coal,0.35,131.93042017630535,2087820.0000000002,,
6396,Default,United States,2023,Coal,0.35,83.79422010564888,2087820.0000000002,,
6397,DR=0.08_LT=25,United States,2023,Coal,0.35,102.63512366467744,2087820.0000000002,,
6398,Default,United States,2024,Coal,0.35,85.21847010564888,2087820.0000000002,,
6399,DR=0.08_LT=25,United States,2024,Coal,0.35,104.05937366467744,2087820.0000000002,,
6400,Default,United States,2015,Gas,0.35,62.38559003760982,1412616.0714285714,,
6401,DR=0.08_LT=25,United States,2015,Gas,0.35,65.80549840449218,1412616.0714285714,,
6402,Default,United States,2016,Gas,0.35,63.631316353399306,1412616.0714285714,,
6403,DR=0.08_LT=25,United States,2016,Gas,0.35,67.05122472028165,1412616.0714285714,,
6404,Default,United States,2017,Gas,0.35,64.52653916041685,1412616.0714285714,,
6405,DR=0.08_LT=25,United States,2017,Gas,0.35,67.9464475272992,1412616.0714285714,,
6406,Default,United States,2018,Gas,0.35,65.44060407269755,1412616.0714285714,,
6407,DR=0.08_LT=25,United States,2018,Gas,0.35,68.86051243957989,1412616.0714285714,,
6408,Default,United States,2019,Gas,0.35,61.842742669188766,1412616.0714285714,,
6409,DR=0.08_LT=25,United States,2019,Gas,0.35,65.26265103607112,1412616.0714285714,,
6410,Default,United States,2020,Gas,0.35,58.6772363533993,1412616.0714285714,,
6411,DR=0.08_LT=25,United States,2020,Gas,0.35,62.09714472028165,1412616.0714285714,,
6412,Default,United States,2021,Gas,0.35,69.75277073936421,1412616.0714285714,,
6413,DR=0.08_LT=25,United States,2021,Gas,0.35,73.17267910624656,1412616.0714285714,,
6414,Default,United States,2022,Gas,0.35,84.95705319550457,1412616.0714285714,,
6415,DR=0.08_LT=25,United States,2022,Gas,0.35,88.37696156238692,1412616.0714285714,,
6416,Default,United States,2023,Gas,0.35,61.92425670427649,1412616.0714285714,,
6417,DR=0.08_LT=25,United States,2023,Gas,0.35,65.34416507115884,1412616.0714285714,,
6418,Default,United States,2024,Gas,0.35,60.229903370943155,1412616.0714285714,,
6419,DR=0.08_LT=25,United States,2024,Gas,0.35,63.649811737825516,1412616.0714285714,,
6420,Default,United States,2024,Solar+BESS,0.4,42.64,2100793.1376425056,1.7,1.7
6421,DR=0.08_LT=25,United States,2024,Solar+BESS,0.4,57.72,2100793.1376425056,1.7,1.7
6422,Default,United States,2015,Solar+BESS,0.4,142.6,7787997.8038,1.7,1.7
6423,DR=0.08_LT=25,United States,2015,Solar+BESS,0.4,198.5,7787997.8038,1.7,1.7
6424,Default,United States,2016,Solar+BESS,0.4,117.13,6339109.4438000005,1.7,1.7
6425,DR=0.08_LT=25,United States,2016,Solar+BESS,0.4,162.63,6339109.4438000005,1.7,1.7
6426,Default,United States,2017,Solar+BESS,0.4,95.25,5093998.482462026,1.7,1.7
6427,DR=0.08_LT=25,United States,2017,Solar+BESS,0.4,131.81,5093998.482462026,1.7,1.7
6428,Default,United States,2018,Solar+BESS,0.4,81.5,4311890.1819458185,1.7,1.7
6429,DR=0.08_LT=25,United States,2018,Solar+BESS,0.4,112.45,4311890.1819458185,1.7,1.7
6430,Default,United States,2019,Solar+BESS,0.4,58.55,3005883.543307056,1.7,1.7
6431,DR=0.08_LT=25,United States,2019,Solar+BESS,0.4,80.12,3005883.543307056,1.7,1.7
6432,Default,United States,2020,Solar+BESS,0.4,53.54,2721038.8498657853,1.7,1.7
6433,DR=0.08_LT=25,United States,2020,Solar+BESS,0.4,73.07,2721038.8498657853,1.7,1.7
6434,Default,United States,2021,Solar+BESS,0.4,50.52,2549357.7827046476,1.7,1.7
6435,DR=0.08_LT=25,United States,2021,Solar+BESS,0.4,68.82,2549357.7827046476,1.7,1.7
6436,Default,United States,2022,Solar+BESS,0.4,51.45,2602181.0338872783,1.7,1.7
6437,DR=0.08_LT=25,United States,2022,Solar+BESS,0.4,70.13,2602181.0338872783,1.7,1.7
6438,Default,United States,2023,Solar+BESS,0.4,47.34,2368081.403996787,1.7,1.7
6439,DR=0.08_LT=25,United States,2023,Solar+BESS,0.4,64.33,2368081.403996787,1.7,1.7
6440,Default,United States,2015,Coal,0.4,69.37350407500092,2087820.0000000002,,
6441,DR=0.08_LT=25,United States,2015,Coal,0.4,85.85929468915089,2087820.0000000002,,
6442,Default,United States,2016,Coal,0.4,69.33209360988464,2087820.0000000002,,
6443,DR=0.08_LT=25,United States,2016,Coal,0.4,85.8178842240346,2087820.0000000002,,
6444,Default,United States,2017,Coal,0.4,73.64984709825673,2087820.0000000002,,
6445,DR=0.08_LT=25,United States,2017,Coal,0.4,90.1356377124067,2087820.0000000002,,
6446,Default,United States,2018,Coal,0.4,76.7959122145358,2087820.0000000002,,
6447,DR=0.08_LT=25,United States,2018,Coal,0.4,93.28170282868577,2087820.0000000002,,
6448,Default,United States,2019,Coal,0.4,71.32613500523347,2087820.0000000002,,
6449,DR=0.08_LT=25,United States,2019,Coal,0.4,87.81192561938343,2087820.0000000002,,
6450,Default,United States,2020,Coal,0.4,66.30371221453579,2087820.0000000002,,
6451,DR=0.08_LT=25,United States,2020,Coal,0.4,82.78950282868577,2087820.0000000002,,
6452,Default,United States,2021,Coal,0.4,75.2938645401172,2087820.0000000002,,
6453,DR=0.08_LT=25,United States,2021,Coal,0.4,91.77965515426716,2087820.0000000002,,
6454,Default,United States,2022,Coal,0.4,106.35044360988464,2087820.0000000002,,
6455,DR=0.08_LT=25,United States,2022,Coal,0.4,122.83623422403458,2087820.0000000002,,
6456,Default,United States,2023,Coal,0.4,77.05514709825674,2087820.0000000002,,
6457,DR=0.08_LT=25,United States,2023,Coal,0.4,93.54093771240669,2087820.0000000002,,
6458,Default,United States,2024,Coal,0.4,78.47939709825673,2087820.0000000002,,
6459,DR=0.08_LT=25,United States,2024,Coal,0.4,94.9651877124067,2087820.0000000002,,
6460,Default,United States,2015,Gas,0.4,56.92319895834718,1412616.0714285714,,
6461,DR=0.08_LT=25,United States,2015,Gas,0.4,59.91561877936925,1412616.0714285714,,
6462,Default,United States,2016,Gas,0.4,58.16892527413665,1412616.0714285714,,
6463,DR=0.08_LT=25,United States,2016,Gas,0.4,61.161345095158715,1412616.0714285714,,
6464,Default,United States,2017,Gas,0.4,59.0641480811542,1412616.0714285714,,
6465,DR=0.08_LT=25,United States,2017,Gas,0.4,62.05656790217627,1412616.0714285714,,
6466,Default,United States,2018,Gas,0.4,59.9782129934349,1412616.0714285714,,
6467,DR=0.08_LT=25,United States,2018,Gas,0.4,62.97063281445696,1412616.0714285714,,
6468,Default,United States,2019,Gas,0.4,56.380351589926136,1412616.0714285714,,
6469,DR=0.08_LT=25,United States,2019,Gas,0.4,59.37277141094819,1412616.0714285714,,
6470,Default,United States,2020,Gas,0.4,53.21484527413666,1412616.0714285714,,
6471,DR=0.08_LT=25,United States,2020,Gas,0.4,56.20726509515872,1412616.0714285714,,
6472,Default,United States,2021,Gas,0.4,64.29037966010156,1412616.0714285714,,
6473,DR=0.08_LT=25,United States,2021,Gas,0.4,67.28279948112363,1412616.0714285714,,
6474,Default,United States,2022,Gas,0.4,79.49466211624193,1412616.0714285714,,
6475,DR=0.08_LT=25,United States,2022,Gas,0.4,82.487081937264,1412616.0714285714,,
6476,Default,United States,2023,Gas,0.4,56.46186562501385,1412616.0714285714,,
6477,DR=0.08_LT=25,United States,2023,Gas,0.4,59.45428544603591,1412616.0714285714,,
6478,Default,United States,2024,Gas,0.4,54.76751229168051,1412616.0714285714,,
6479,DR=0.08_LT=25,United States,2024,Gas,0.4,57.75993211270258,1412616.0714285714,,
6480,Default,United States,2024,Solar+BESS,0.45,47.08,2560791.351856412,1.9,3.0
6481,DR=0.08_LT=25,United States,2024,Solar+BESS,0.45,63.42,2560791.351856412,1.9,3.0
6482,Default,United States,2015,Solar+BESS,0.45,168.58,10337413.7696,1.9,3.0
6483,DR=0.08_LT=25,United States,2015,Solar+BESS,0.45,234.53,10337413.7696,1.9,3.0
6484,Default,United States,2016,Solar+BESS,0.45,136.08,8257552.1386,1.9,3.0
6485,DR=0.08_LT=25,United States,2016,Solar+BESS,0.45,188.77,8257552.1386,1.9,3.0
6486,Default,United States,2017,Solar+BESS,0.45,109.23,6538573.708111698,1.9,3.0
6487,DR=0.08_LT=25,United States,2017,Solar+BESS,0.45,150.94,6538573.708111698,1.9,3.0
6488,Default,United States,2018,Solar+BESS,0.45,94.21,5577474.175187759,1.9,3.0
6489,DR=0.08_LT=25,United States,2018,Solar+BESS,0.45,129.8,5577474.175187759,1.9,3.0
6490,Default,United States,2019,Solar+BESS,0.45,65.25,3723749.364148621,1.9,3.0
6491,DR=0.08_LT=25,United States,2019,Solar+BESS,0.45,89.01,3723749.364148621,1.9,3.0
6492,Default,United States,2020,Solar+BESS,0.45,59.71,3369219.7999215415,1.9,3.0
6493,DR=0.08_LT=25,United States,2020,Solar+BESS,0.45,81.21,3369219.7999215415,1.9,3.0
6494,Default,United States,2021,Solar+BESS,0.45,56.4,3157530.8162022065,1.9,3.0
6495,DR=0.08_LT=25,United States,2021,Solar+BESS,0.45,76.55,3157530.8162022065,1.9,3.0
6496,Default,United States,2022,Solar+BESS,0.45,58.52,3293167.5936920866,1.9,3.0
6497,DR=0.08_LT=25,United States,2022,Solar+BESS,0.45,79.53,3293167.5936920866,1.9,3.0
6498,Default,United States,2023,Solar+BESS,0.45,53.05,2943141.9257773985,1.9,3.0
6499,DR=0.08_LT=25,United States,2023,Solar+BESS,0.45,71.83,2943141.9257773985,1.9,3.0
6500,Default,United States,2015,Coal,0.45,64.13200284702924,2087820.0000000002,,
6501,DR=0.08_LT=25,United States,2015,Coal,0.45,78.78603894849589,2087820.0000000002,,
6502,Default,United States,2016,Coal,0.45,64.09059238191297,2087820.0000000002,,
6503,DR=0.08_LT=25,United States,2016,Coal,0.45,78.7446284833796,2087820.0000000002,,
6504,Default,United States,2017,Coal,0.45,68.40834587028506,2087820.0000000002,,
6505,DR=0.08_LT=25,United States,2017,Coal,0.45,83.0623819717517,2087820.0000000002,,
6506,Default,United States,2018,Coal,0.45,71.55441098656412,2087820.0000000002,,
6507,DR=0.08_LT=25,United States,2018,Coal,0.45,86.20844708803075,2087820.0000000002,,
6508,Default,United States,2019,Coal,0.45,66.0846337772618,2087820.0000000002,,
6509,DR=0.08_LT=25,United States,2019,Coal,0.45,80.73866987872843,2087820.0000000002,,
6510,Default,United States,2020,Coal,0.45,61.06221098656413,2087820.0000000002,,
6511,DR=0.08_LT=25,United States,2020,Coal,0.45,75.71624708803077,2087820.0000000002,,
6512,Default,United States,2021,Coal,0.45,70.05236331214552,2087820.0000000002,,
6513,DR=0.08_LT=25,United States,2021,Coal,0.45,84.70639941361216,2087820.0000000002,,
6514,Default,United States,2022,Coal,0.45,101.10894238191298,2087820.0000000002,,
6515,DR=0.08_LT=25,United States,2022,Coal,0.45,115.7629784833796,2087820.0000000002,,
6516,Default,United States,2023,Coal,0.45,71.81364587028506,2087820.0000000002,,
6517,DR=0.08_LT=25,United States,2023,Coal,0.45,86.4676819717517,2087820.0000000002,,
6518,Default,United States,2024,Coal,0.45,73.23789587028506,2087820.0000000002,,
6519,DR=0.08_LT=25,United States,2024,Coal,0.45,87.89193197175169,2087820.0000000002,,
6520,Default,United States,2015,Gas,0.45,52.67467256336513,1412616.0714285714,,
6521,DR=0.08_LT=25,United States,2015,Gas,0.45,55.334601293162535,1412616.0714285714,,
6522,Default,United States,2016,Gas,0.45,53.920398879154604,1412616.0714285714,,
6523,DR=0.08_LT=25,United States,2016,Gas,0.45,56.580327608952004,1412616.0714285714,,
6524,Default,United States,2017,Gas,0.45,54.81562168617215,1412616.0714285714,,
6525,DR=0.08_LT=25,United States,2017,Gas,0.45,57.47555041596955,1412616.0714285714,,
6526,Default,United States,2018,Gas,0.45,55.72968659845285,1412616.0714285714,,
6527,DR=0.08_LT=25,United States,2018,Gas,0.45,58.38961532825024,1412616.0714285714,,
6528,Default,United States,2019,Gas,0.45,52.13182519494407,1412616.0714285714,,
6529,DR=0.08_LT=25,United States,2019,Gas,0.45,54.79175392474147,1412616.0714285714,,
6530,Default,United States,2020,Gas,0.45,48.96631887915461,1412616.0714285714,,
6531,DR=0.08_LT=25,United States,2020,Gas,0.45,51.626247608952,1412616.0714285714,,
6532,Default,United States,2021,Gas,0.45,60.04185326511952,1412616.0714285714,,
6533,DR=0.08_LT=25,United States,2021,Gas,0.45,62.70178199491692,1412616.0714285714,,
6534,Default,United States,2022,Gas,0.45,75.24613572125988,1412616.0714285714,,
6535,DR=0.08_LT=25,United States,2022,Gas,0.45,77.90606445105728,1412616.0714285714,,
6536,Default,United States,2023,Gas,0.45,52.2133392300318,1412616.0714285714,,
6537,DR=0.08_LT=25,United States,2023,Gas,0.45,54.87326795982919,1412616.0714285714,,
6538,Default,United States,2024,Gas,0.45,50.51898589669847,1412616.0714285714,,
6539,DR=0.08_LT=25,United States,2024,Gas,0.45,53.17891462649587,1412616.0714285714,,
6540,Default,United States,2024,Solar+BESS,0.5,50.92,3034317.1669898154,2.1,4.3
6541,DR=0.08_LT=25,United States,2024,Solar+BESS,0.5,68.34,3034317.1669898154,2.1,4.3
6542,Default,United States,2015,Solar+BESS,0.5,191.13,13005801.839000002,2.1,4.3
6543,DR=0.08_LT=25,United States,2015,Solar+BESS,0.5,265.81,13005801.839000002,2.1,4.3
6544,Default,United States,2016,Solar+BESS,0.5,152.52,10260059.073800001,2.1,4.3
6545,DR=0.08_LT=25,United States,2016,Solar+BESS,0.5,211.44,10260059.073800001,2.1,4.3
6546,Default,United States,2017,Solar+BESS,0.5,121.34,8042788.668636417,2.1,4.3
6547,DR=0.08_LT=25,United States,2017,Solar+BESS,0.5,167.53,8042788.668636417,2.1,4.3
6548,Default,United States,2018,Solar+BESS,0.5,105.23,6897030.824953906,2.1,4.3
6549,DR=0.08_LT=25,United States,2018,Solar+BESS,0.5,144.84,6897030.824953906,2.1,4.3
6550,Default,United States,2019,Solar+BESS,0.5,71.04,4465837.172038398,2.1,4.3
6551,DR=0.08_LT=25,United States,2019,Solar+BESS,0.5,96.69,4465837.172038398,2.1,4.3
6552,Default,United States,2020,Solar+BESS,0.5,65.05,4039192.2082368797,2.1,4.3
6553,DR=0.08_LT=25,United States,2020,Solar+BESS,0.5,88.24,4039192.2082368797,2.1,4.3
6554,Default,United States,2021,Solar+BESS,0.5,61.49,3786192.8297557263,2.1,4.3
6555,DR=0.08_LT=25,United States,2021,Solar+BESS,0.5,83.23,3786192.8297557263,2.1,4.3
6556,Default,United States,2022,Solar+BESS,0.5,64.65,4010792.1853930023,2.1,4.3
6557,DR=0.08_LT=25,United States,2022,Solar+BESS,0.5,87.68,4010792.1853930023,2.1,4.3
6558,Default,United States,2023,Solar+BESS,0.5,58.0,3538060.658020489,2.1,4.3
6559,DR=0.08_LT=25,United States,2023,Solar+BESS,0.5,78.32,3538060.658020489,2.1,4.3
6560,Default,United States,2015,Coal,0.5,59.938801864651886,2087820.0000000002,,
6561,DR=0.08_LT=25,United States,2015,Coal,0.5,73.12743435597187,2087820.0000000002,,
6562,Default,United States,2016,Coal,0.5,59.89739139953562,2087820.0000000002,,
6563,DR=0.08_LT=25,United States,2016,Coal,0.5,73.08602389085561,2087820.0000000002,,
6564,Default,United States,2017,Coal,0.5,64.21514488790771,2087820.0000000002,,
6565,DR=0.08_LT=25,United States,2017,Coal,0.5,77.40377737922769,2087820.0000000002,,
6566,Default,United States,2018,Coal,0.5,67.36121000418677,2087820.0000000002,,
6567,DR=0.08_LT=25,United States,2018,Coal,0.5,80.54984249550677,2087820.0000000002,,
6568,Default,United States,2019,Coal,0.5,61.891432794884444,2087820.0000000002,,
6569,DR=0.08_LT=25,United States,2019,Coal,0.5,75.08006528620444,2087820.0000000002,,
6570,Default,United States,2020,Coal,0.5,56.86901000418678,2087820.0000000002,,
6571,DR=0.08_LT=25,United States,2020,Coal,0.5,70.05764249550677,2087820.0000000002,,
6572,Default,United States,2021,Coal,0.5,65.85916232976815,2087820.0000000002,,
6573,DR=0.08_LT=25,United States,2021,Coal,0.5,79.04779482108816,2087820.0000000002,,
6574,Default,United States,2022,Coal,0.5,96.91574139953559,2087820.0000000002,,
6575,DR=0.08_LT=25,United States,2022,Coal,0.5,110.10437389085561,2087820.0000000002,,
6576,Default,United States,2023,Coal,0.5,67.62044488790771,2087820.0000000002,,
6577,DR=0.08_LT=25,United States,2023,Coal,0.5,80.80907737922769,2087820.0000000002,,
6578,Default,United States,2024,Coal,0.5,69.0446948879077,2087820.0000000002,,
6579,DR=0.08_LT=25,United States,2024,Coal,0.5,82.23332737922769,2087820.0000000002,,
6580,Default,United States,2015,Gas,0.5,49.2758514473795,1412616.0714285714,,
6581,DR=0.08_LT=25,United States,2015,Gas,0.5,51.66978730419715,1412616.0714285714,,
6582,Default,United States,2016,Gas,0.5,50.52157776316897,1412616.0714285714,,
6583,DR=0.08_LT=25,United States,2016,Gas,0.5,52.915513619986626,1412616.0714285714,,
6584,Default,United States,2017,Gas,0.5,51.416800570186524,1412616.0714285714,,
6585,DR=0.08_LT=25,United States,2017,Gas,0.5,53.81073642700417,1412616.0714285714,,
6586,Default,United States,2018,Gas,0.5,52.33086548246722,1412616.0714285714,,
6587,DR=0.08_LT=25,United States,2018,Gas,0.5,54.72480133928487,1412616.0714285714,,
6588,Default,United States,2019,Gas,0.5,48.733004078958444,1412616.0714285714,,
6589,DR=0.08_LT=25,United States,2019,Gas,0.5,51.1269399357761,1412616.0714285714,,
6590,Default,United States,2020,Gas,0.5,45.56749776316897,1412616.0714285714,,
6591,DR=0.08_LT=25,United States,2020,Gas,0.5,47.96143361998663,1412616.0714285714,,
6592,Default,United States,2021,Gas,0.5,56.64303214913388,1412616.0714285714,,
6593,DR=0.08_LT=25,United States,2021,Gas,0.5,59.036968005951536,1412616.0714285714,,
6594,Default,United States,2022,Gas,0.5,71.84731460527425,1412616.0714285714,,
6595,DR=0.08_LT=25,United States,2022,Gas,0.5,74.24125046209191,1412616.0714285714,,
6596,Default,United States,2023,Gas,0.5,48.814518114046166,1412616.0714285714,,
6597,DR=0.08_LT=25,United States,2023,Gas,0.5,51.20845397086382,1412616.0714285714,,
6598,Default,United States,2024,Gas,0.5,47.120164780712834,1412616.0714285714,,
6599,DR=0.08_LT=25,United States,2024,Gas,0.5,49.51410063753049,1412616.0714285714,,
6600,Default,United States,2024,Solar+BESS,0.55,54.32,3519458.0526520293,2.3,5.7
6601,DR=0.08_LT=25,United States,2024,Solar+BESS,0.55,72.69,3519458.0526520293,2.3,5.7
6602,Default,United States,2015,Solar+BESS,0.55,211.58,15822478.620000001,2.3,5.7
6603,DR=0.08_LT=25,United States,2015,Solar+BESS,0.55,294.18,15822478.620000001,2.3,5.7
6604,Default,United States,2016,Solar+BESS,0.55,167.37,12363735.3598,2.3,5.7
6605,DR=0.08_LT=25,United States,2016,Solar+BESS,0.55,231.91,12363735.3598,2.3,5.7
6606,Default,United States,2017,Solar+BESS,0.55,132.25,9616202.923885781,2.3,5.7
6607,DR=0.08_LT=25,United States,2017,Solar+BESS,0.55,182.45,9616202.923885781,2.3,5.7
6608,Default,United States,2018,Solar+BESS,0.55,115.18,8280497.990937597,2.3,5.7
6609,DR=0.08_LT=25,United States,2018,Solar+BESS,0.55,158.4,8280497.990937597,2.3,5.7
6610,Default,United States,2019,Solar+BESS,0.55,76.21,5231984.656123964,2.3,5.7
6611,DR=0.08_LT=25,United States,2019,Solar+BESS,0.55,103.52,5231984.656123964,2.3,5.7
6612,Default,United States,2020,Solar+BESS,0.55,69.8,4730737.627814254,2.3,5.7
6613,DR=0.08_LT=25,United States,2020,Solar+BESS,0.55,94.5,4730737.627814254,2.3,5.7
6614,Default,United States,2021,Solar+BESS,0.55,66.02,4435177.474231911,2.3,5.7
6615,DR=0.08_LT=25,United States,2021,Solar+BESS,0.55,89.17,4435177.474231911,2.3,5.7
6616,Default,United States,2022,Solar+BESS,0.55,70.15,4757913.2257377785,2.3,5.7
6617,DR=0.08_LT=25,United States,2022,Solar+BESS,0.55,94.98,4757913.2257377785,2.3,5.7
6618,Default,United States,2023,Solar+BESS,0.55,62.42,4153120.096829507,2.3,5.7
6619,DR=0.08_LT=25,United States,2023,Solar+BESS,0.55,84.1,4153120.096829507,2.3,5.7
6620,Default,United States,2015,Coal,0.55,56.50800106088861,2087820.0000000002,,
6621,DR=0.08_LT=25,United States,2015,Coal,0.55,68.4976669620886,2087820.0000000002,,
6622,Default,United States,2016,Coal,0.55,56.46659059577233,2087820.0000000002,,
6623,DR=0.08_LT=25,United States,2016,Coal,0.55,68.45625649697232,2087820.0000000002,,
6624,Default,United States,2017,Coal,0.55,60.78434408414442,2087820.0000000002,,
6625,DR=0.08_LT=25,United States,2017,Coal,0.55,72.7740099853444,2087820.0000000002,,
6626,Default,United States,2018,Coal,0.55,63.9304092004235,2087820.0000000002,,
6627,DR=0.08_LT=25,United States,2018,Coal,0.55,75.92007510162348,2087820.0000000002,,
6628,Default,United States,2019,Coal,0.55,58.460631991121154,2087820.0000000002,,
6629,DR=0.08_LT=25,United States,2019,Coal,0.55,70.45029789232115,2087820.0000000002,,
6630,Default,United States,2020,Coal,0.55,53.43820920042349,2087820.0000000002,,
6631,DR=0.08_LT=25,United States,2020,Coal,0.55,65.42787510162348,2087820.0000000002,,
6632,Default,United States,2021,Coal,0.55,62.428361526004885,2087820.0000000002,,
6633,DR=0.08_LT=25,United States,2021,Coal,0.55,74.41802742720488,2087820.0000000002,,
6634,Default,United States,2022,Coal,0.55,93.48494059577233,2087820.0000000002,,
6635,DR=0.08_LT=25,United States,2022,Coal,0.55,105.47460649697231,2087820.0000000002,,
6636,Default,United States,2023,Coal,0.55,64.18964408414442,2087820.0000000002,,
6637,DR=0.08_LT=25,United States,2023,Coal,0.55,76.1793099853444,2087820.0000000002,,
6638,Default,United States,2024,Coal,0.55,65.61389408414442,2087820.0000000002,,
6639,DR=0.08_LT=25,United States,2024,Coal,0.55,77.60355998534442,2087820.0000000002,,
6640,Default,United States,2015,Gas,0.55,46.494997807027616,1412616.0714285714,,
6641,DR=0.08_LT=25,United States,2015,Gas,0.55,48.671303131407306,1412616.0714285714,,
6642,Default,United States,2016,Gas,0.55,47.7407241228171,1412616.0714285714,,
6643,DR=0.08_LT=25,United States,2016,Gas,0.55,49.91702944719677,1412616.0714285714,,
6644,Default,United States,2017,Gas,0.55,48.63594692983464,1412616.0714285714,,
6645,DR=0.08_LT=25,United States,2017,Gas,0.55,50.812252254214314,1412616.0714285714,,
6646,Default,United States,2018,Gas,0.55,49.55001184211534,1412616.0714285714,,
6647,DR=0.08_LT=25,United States,2018,Gas,0.55,51.72631716649501,1412616.0714285714,,
6648,Default,United States,2019,Gas,0.55,45.952150438606566,1412616.0714285714,,
6649,DR=0.08_LT=25,United States,2019,Gas,0.55,48.12845576298625,1412616.0714285714,,
6650,Default,United States,2020,Gas,0.55,42.786644122817094,1412616.0714285714,,
6651,DR=0.08_LT=25,United States,2020,Gas,0.55,44.96294944719677,1412616.0714285714,,
6652,Default,United States,2021,Gas,0.55,53.86217850878201,1412616.0714285714,,
6653,DR=0.08_LT=25,United States,2021,Gas,0.55,56.038483833161685,1412616.0714285714,,
6654,Default,United States,2022,Gas,0.55,69.06646096492237,1412616.0714285714,,
6655,DR=0.08_LT=25,United States,2022,Gas,0.55,71.24276628930204,1412616.0714285714,,
6656,Default,United States,2023,Gas,0.55,46.03366447369429,1412616.0714285714,,
6657,DR=0.08_LT=25,United States,2023,Gas,0.55,48.20996979807396,1412616.0714285714,,
6658,Default,United States,2024,Gas,0.55,44.339311140360955,1412616.0714285714,,
6659,DR=0.08_LT=25,United States,2024,Gas,0.55,46.51561646474063,1412616.0714285714,,
6660,Default,United States,2024,Solar+BESS,0.6,57.27,4014229.899008356,2.5,7.1
6661,DR=0.08_LT=25,United States,2024,Solar+BESS,0.6,76.48,4014229.899008356,2.5,7.1
6662,Default,United States,2015,Solar+BESS,0.6,228.93,18664093.7288,2.5,7.1
6663,DR=0.08_LT=25,United States,2015,Solar+BESS,0.6,318.25,18664093.7288,2.5,7.1
6664,Default,United States,2016,Solar+BESS,0.6,180.02,14489708.5488,2.5,7.1
6665,DR=0.08_LT=25,United States,2016,Solar+BESS,0.6,249.36,14489708.5488,2.5,7.1
6666,Default,United States,2017,Solar+BESS,0.6,141.57,11208772.30815924,2.5,7.1
6667,DR=0.08_LT=25,United States,2017,Solar+BESS,0.6,195.21,11208772.30815924,2.5,7.1
6668,Default,United States,2018,Solar+BESS,0.6,123.66,9679633.43648791,2.5,7.1
6669,DR=0.08_LT=25,United States,2018,Solar+BESS,0.6,169.98,9679633.43648791,2.5,7.1
6670,Default,United States,2019,Solar+BESS,0.6,80.67,6011151.2550786175,2.5,7.1
6671,DR=0.08_LT=25,United States,2019,Solar+BESS,0.6,109.44,6011151.2550786175,2.5,7.1
6672,Default,United States,2020,Solar+BESS,0.6,73.91,5434089.587154384,2.5,7.1
6673,DR=0.08_LT=25,United States,2020,Solar+BESS,0.6,99.91,5434089.587154384,2.5,7.1
6674,Default,United States,2021,Solar+BESS,0.6,69.94,5095212.407719806,2.5,7.1
6675,DR=0.08_LT=25,United States,2021,Solar+BESS,0.6,94.32,5095212.407719806,2.5,7.1
6676,Default,United States,2022,Solar+BESS,0.6,74.86,5515418.091428701,2.5,7.1
6677,DR=0.08_LT=25,United States,2022,Solar+BESS,0.6,101.25,5515418.091428701,2.5,7.1
6678,Default,United States,2023,Solar+BESS,0.6,66.22,4778314.8514810605,2.5,7.1
6679,DR=0.08_LT=25,United States,2023,Solar+BESS,0.6,89.09,4778314.8514810605,2.5,7.1
6680,Default,United States,2015,Coal,0.6,53.64900039108588,2087820.0000000002,,
6681,DR=0.08_LT=25,United States,2015,Coal,0.6,64.63952746718586,2087820.0000000002,,
6682,Default,United States,2016,Coal,0.6,53.6075899259696,2087820.0000000002,,
6683,DR=0.08_LT=25,United States,2016,Coal,0.6,64.59811700206959,2087820.0000000002,,
6684,Default,United States,2017,Coal,0.6,57.9253434143417,2087820.0000000002,,
6685,DR=0.08_LT=25,United States,2017,Coal,0.6,68.91587049044169,2087820.0000000002,,
6686,Default,United States,2018,Coal,0.6,61.07140853062076,2087820.0000000002,,
6687,DR=0.08_LT=25,United States,2018,Coal,0.6,72.06193560672075,2087820.0000000002,,
6688,Default,United States,2019,Coal,0.6,55.601631321318436,2087820.0000000002,,
6689,DR=0.08_LT=25,United States,2019,Coal,0.6,66.59215839741842,2087820.0000000002,,
6690,Default,United States,2020,Coal,0.6,50.57920853062076,2087820.0000000002,,
6691,DR=0.08_LT=25,United States,2020,Coal,0.6,61.56973560672075,2087820.0000000002,,
6692,Default,United States,2021,Coal,0.6,59.56936085620215,2087820.0000000002,,
6693,DR=0.08_LT=25,United States,2021,Coal,0.6,70.55988793230213,2087820.0000000002,,
6694,Default,United States,2022,Coal,0.6,90.6259399259696,2087820.0000000002,,
6695,DR=0.08_LT=25,United States,2022,Coal,0.6,101.6164670020696,2087820.0000000002,,
6696,Default,United States,2023,Coal,0.6,61.330643414341694,2087820.0000000002,,
6697,DR=0.08_LT=25,United States,2023,Coal,0.6,72.32117049044169,2087820.0000000002,,
6698,Default,United States,2024,Coal,0.6,62.75489341434169,2087820.0000000002,,
6699,DR=0.08_LT=25,United States,2024,Coal,0.6,73.74542049044167,2087820.0000000002,,
6700,Default,United States,2015,Gas,0.6,44.177619773401055,1412616.0714285714,,
6701,DR=0.08_LT=25,United States,2015,Gas,0.6,46.172566320749084,1412616.0714285714,,
6702,Default,United States,2016,Gas,0.6,45.423346089190524,1412616.0714285714,,
6703,DR=0.08_LT=25,United States,2016,Gas,0.6,47.41829263653857,1412616.0714285714,,
6704,Default,United States,2017,Gas,0.6,46.31856889620807,1412616.0714285714,,
6705,DR=0.08_LT=25,United States,2017,Gas,0.6,48.313515443556106,1412616.0714285714,,
6706,Default,United States,2018,Gas,0.6,47.23263380848877,1412616.0714285714,,
6707,DR=0.08_LT=25,United States,2018,Gas,0.6,49.227580355836814,1412616.0714285714,,
6708,Default,United States,2019,Gas,0.6,43.63477240498,1412616.0714285714,,
6709,DR=0.08_LT=25,United States,2019,Gas,0.6,45.629718952328034,1412616.0714285714,,
6710,Default,United States,2020,Gas,0.6,40.46926608919053,1412616.0714285714,,
6711,DR=0.08_LT=25,United States,2020,Gas,0.6,42.46421263653856,1412616.0714285714,,
6712,Default,United States,2021,Gas,0.6,51.54480047515545,1412616.0714285714,,
6713,DR=0.08_LT=25,United States,2021,Gas,0.6,53.53974702250348,1412616.0714285714,,
6714,Default,United States,2022,Gas,0.6,66.7490829312958,1412616.0714285714,,
6715,DR=0.08_LT=25,United States,2022,Gas,0.6,68.74402947864382,1412616.0714285714,,
6716,Default,United States,2023,Gas,0.6,43.71628644006772,1412616.0714285714,,
6717,DR=0.08_LT=25,United States,2023,Gas,0.6,45.711232987415755,1412616.0714285714,,
6718,Default,United States,2024,Gas,0.6,42.02193310673438,1412616.0714285714,,
6719,DR=0.08_LT=25,United States,2024,Gas,0.6,44.01687965408242,1412616.0714285714,,
6720,Default,United States,2024,Solar+BESS,0.65,59.86,4514823.562386325,2.7,8.6
6721,DR=0.08_LT=25,United States,2024,Solar+BESS,0.65,79.8,4514823.562386325,2.7,8.6
6722,Default,United States,2015,Solar+BESS,0.65,244.07,21545672.915599998,2.7,8.6
6723,DR=0.08_LT=25,United States,2015,Solar+BESS,0.65,339.24,21545672.915599998,2.7,8.6
6724,Default,United States,2016,Solar+BESS,0.65,191.06,16644799.0624,2.7,8.6
6725,DR=0.08_LT=25,United States,2016,Solar+BESS,0.65,264.58,16644799.0624,2.7,8.6
6726,Default,United States,2017,Solar+BESS,0.65,149.72,12822626.468349505,2.7,8.6
6727,DR=0.08_LT=25,United States,2017,Solar+BESS,0.65,206.36,12822626.468349505,2.7,8.6
6728,Default,United States,2018,Solar+BESS,0.65,131.06,11097717.748572089,2.7,8.6
6729,DR=0.08_LT=25,United States,2018,Solar+BESS,0.65,180.08,11097717.748572089,2.7,8.6
6730,Default,United States,2019,Solar+BESS,0.65,84.57,6799947.605223247,2.7,8.6
6731,DR=0.08_LT=25,United States,2019,Solar+BESS,0.65,114.61,6799947.605223247,2.7,8.6
6732,Default,United States,2020,Solar+BESS,0.65,77.5,6146122.65074962,2.7,8.6
6733,DR=0.08_LT=25,United States,2020,Solar+BESS,0.65,104.65,6146122.65074962,2.7,8.6
6734,Default,United States,2021,Solar+BESS,0.65,73.36,5763400.065580633,2.7,8.6
6735,DR=0.08_LT=25,United States,2021,Solar+BESS,0.65,98.82,5763400.065580633,2.7,8.6
6736,Default,United States,2022,Solar+BESS,0.65,78.98,6282773.542036131,2.7,8.6
6737,DR=0.08_LT=25,United States,2022,Solar+BESS,0.65,106.73,6282773.542036131,2.7,8.6
6738,Default,United States,2023,Solar+BESS,0.65,69.55,5411303.265559196,2.7,8.6
6739,DR=0.08_LT=25,United States,2023,Solar+BESS,0.65,93.46,5411303.265559196,2.7,8.6
6740,Default,United States,2015,Coal,0.65,51.22984597817587,2087820.0000000002,,
6741,DR=0.08_LT=25,United States,2015,Coal,0.65,61.37494789457585,2087820.0000000002,,
6742,Default,United States,2016,Coal,0.65,51.18843551305959,2087820.0000000002,,
6743,DR=0.08_LT=25,United States,2016,Coal,0.65,61.333537429459575,2087820.0000000002,,
6744,Default,United States,2017,Coal,0.65,55.506189001431686,2087820.0000000002,,
6745,DR=0.08_LT=25,United States,2017,Coal,0.65,65.65129091783166,2087820.0000000002,,
6746,Default,United States,2018,Coal,0.65,58.652254117710754,2087820.0000000002,,
6747,DR=0.08_LT=25,United States,2018,Coal,0.65,68.79735603411073,2087820.0000000002,,
6748,Default,United States,2019,Coal,0.65,53.182476908408425,2087820.0000000002,,
6749,DR=0.08_LT=25,United States,2019,Coal,0.65,63.32757882480841,2087820.0000000002,,
6750,Default,United States,2020,Coal,0.65,48.16005411771076,2087820.0000000002,,
6751,DR=0.08_LT=25,United States,2020,Coal,0.65,58.30515603411074,2087820.0000000002,,
6752,Default,United States,2021,Coal,0.65,57.150206443292156,2087820.0000000002,,
6753,DR=0.08_LT=25,United States,2021,Coal,0.65,67.29530835969213,2087820.0000000002,,
6754,Default,United States,2022,Coal,0.65,88.20678551305959,2087820.0000000002,,
6755,DR=0.08_LT=25,United States,2022,Coal,0.65,98.35188742945955,2087820.0000000002,,
6756,Default,United States,2023,Coal,0.65,58.91148900143169,2087820.0000000002,,
6757,DR=0.08_LT=25,United States,2023,Coal,0.65,69.05659091783167,2087820.0000000002,,
6758,Default,United States,2024,Coal,0.65,60.33573900143169,2087820.0000000002,,
6759,DR=0.08_LT=25,United States,2024,Coal,0.65,70.48084091783167,2087820.0000000002,,
6760,Default,United States,2015,Gas,0.65,42.216761437255485,1412616.0714285714,,
6761,DR=0.08_LT=25,United States,2015,Gas,0.65,44.05825055788444,1412616.0714285714,,
6762,Default,United States,2016,Gas,0.65,43.46248775304497,1412616.0714285714,,
6763,DR=0.08_LT=25,United States,2016,Gas,0.65,45.30397687367392,1412616.0714285714,,
6764,Default,United States,2017,Gas,0.65,44.35771056006251,1412616.0714285714,,
6765,DR=0.08_LT=25,United States,2017,Gas,0.65,46.199199680691464,1412616.0714285714,,
6766,Default,United States,2018,Gas,0.65,45.2717754723432,1412616.0714285714,,
6767,DR=0.08_LT=25,United States,2018,Gas,0.65,47.113264592972165,1412616.0714285714,,
6768,Default,United States,2019,Gas,0.65,41.67391406883443,1412616.0714285714,,
6769,DR=0.08_LT=25,United States,2019,Gas,0.65,43.51540318946339,1412616.0714285714,,
6770,Default,United States,2020,Gas,0.65,38.50840775304496,1412616.0714285714,,
6771,DR=0.08_LT=25,United States,2020,Gas,0.65,40.34989687367392,1412616.0714285714,,
6772,Default,United States,2021,Gas,0.65,49.58394213900988,1412616.0714285714,,
6773,DR=0.08_LT=25,United States,2021,Gas,0.65,51.425431259638835,1412616.0714285714,,
6774,Default,United States,2022,Gas,0.65,64.78822459515023,1412616.0714285714,,
6775,DR=0.08_LT=25,United States,2022,Gas,0.65,66.62971371577918,1412616.0714285714,,
6776,Default,United States,2023,Gas,0.65,41.755428103922156,1412616.0714285714,,
6777,DR=0.08_LT=25,United States,2023,Gas,0.65,43.596917224551106,1412616.0714285714,,
6778,Default,United States,2024,Gas,0.65,40.061074770588824,1412616.0714285714,,
6779,DR=0.08_LT=25,United States,2024,Gas,0.65,41.90256389121778,1412616.0714285714,,
6780,Default,United States,2024,Solar+BESS,0.7,62.13,5021708.920599567,2.9,10.0
6781,DR=0.08_LT=25,United States,2024,Solar+BESS,0.7,82.73,5021708.920599567,2.9,10.0
6782,Default,United States,2015,Solar+BESS,0.7,256.99,24423058.4798,2.9,10.0
6783,DR=0.08_LT=25,United States,2015,Solar+BESS,0.7,357.17,24423058.4798,2.9,10.0
6784,Default,United States,2016,Solar+BESS,0.7,200.53,18801583.7242,2.9,10.0
6785,DR=0.08_LT=25,United States,2016,Solar+BESS,0.7,277.65,18801583.7242,2.9,10.0
6786,Default,United States,2017,Solar+BESS,0.7,156.73,14441005.863142215,2.9,10.0
6787,DR=0.08_LT=25,United States,2017,Solar+BESS,0.7,215.97,14441005.863142215,2.9,10.0
6788,Default,United States,2018,Solar+BESS,0.7,137.42,12518237.190351628,2.9,10.0
6789,DR=0.08_LT=25,United States,2018,Solar+BESS,0.7,188.77,12518237.190351628,2.9,10.0
6790,Default,United States,2019,Solar+BESS,0.7,87.98,7595800.60790913,2.9,10.0
6791,DR=0.08_LT=25,United States,2019,Solar+BESS,0.7,119.14,7595800.60790913,2.9,10.0
6792,Default,United States,2020,Solar+BESS,0.7,80.64,6864597.717896666,2.9,10.0
6793,DR=0.08_LT=25,United States,2020,Solar+BESS,0.7,108.8,6864597.717896666,2.9,10.0
6794,Default,United States,2021,Solar+BESS,0.7,76.35,6437594.315049628,2.9,10.0
6795,DR=0.08_LT=25,United States,2021,Solar+BESS,0.7,102.76,6437594.315049628,2.9,10.0
6796,Default,United States,2022,Solar+BESS,0.7,82.54,7053971.166386394,2.9,10.0
6797,DR=0.08_LT=25,United States,2022,Solar+BESS,0.7,111.47,7053971.166386394,2.9,10.0
6798,Default,United States,2023,Solar+BESS,0.7,72.45,6049540.843184585,2.9,10.0
6799,DR=0.08_LT=25,United States,2023,Solar+BESS,0.7,97.27,6049540.843184585,2.9,10.0
6800,Default,United States,2015,Coal,0.7,49.15628505282444,2087820.0000000002,,
6801,DR=0.08_LT=25,United States,2015,Coal,0.7,58.57673683233872,2087820.0000000002,,
6802,Default,United States,2016,Coal,0.7,49.11487458770816,2087820.0000000002,,
6803,DR=0.08_LT=25,United States,2016,Coal,0.7,58.535326367222446,2087820.0000000002,,
6804,Default,United States,2017,Coal,0.7,53.43262807608025,2087820.0000000002,,
6805,DR=0.08_LT=25,United States,2017,Coal,0.7,62.85307985559454,2087820.0000000002,,
6806,Default,United States,2018,Coal,0.7,56.57869319235933,2087820.0000000002,,
6807,DR=0.08_LT=25,United States,2018,Coal,0.7,65.99914497187359,2087820.0000000002,,
6808,Default,United States,2019,Coal,0.7,51.108915983056995,2087820.0000000002,,
6809,DR=0.08_LT=25,United States,2019,Coal,0.7,60.529367762571276,2087820.0000000002,,
6810,Default,United States,2020,Coal,0.7,46.08649319235932,2087820.0000000002,,
6811,DR=0.08_LT=25,United States,2020,Coal,0.7,55.5069449718736,2087820.0000000002,,
6812,Default,United States,2021,Coal,0.7,55.07664551794072,2087820.0000000002,,
6813,DR=0.08_LT=25,United States,2021,Coal,0.7,64.497097297455,2087820.0000000002,,
6814,Default,United States,2022,Coal,0.7,86.13322458770817,2087820.0000000002,,
6815,DR=0.08_LT=25,United States,2022,Coal,0.7,95.55367636722244,2087820.0000000002,,
6816,Default,United States,2023,Coal,0.7,56.83792807608025,2087820.0000000002,,
6817,DR=0.08_LT=25,United States,2023,Coal,0.7,66.25837985559453,2087820.0000000002,,
6818,Default,United States,2024,Coal,0.7,58.262178076080254,2087820.0000000002,,
6819,DR=0.08_LT=25,United States,2024,Coal,0.7,67.68262985559453,2087820.0000000002,,
6820,Default,United States,2015,Gas,0.7,40.536025720559294,1412616.0714285714,,
6821,DR=0.08_LT=25,United States,2015,Gas,0.7,42.24597990400047,1412616.0714285714,,
6822,Default,United States,2016,Gas,0.7,41.78175203634878,1412616.0714285714,,
6823,DR=0.08_LT=25,United States,2016,Gas,0.7,43.49170621978995,1412616.0714285714,,
6824,Default,United States,2017,Gas,0.7,42.676974843366324,1412616.0714285714,,
6825,DR=0.08_LT=25,United States,2017,Gas,0.7,44.3869290268075,1412616.0714285714,,
6826,Default,United States,2018,Gas,0.7,43.59103975564702,1412616.0714285714,,
6827,DR=0.08_LT=25,United States,2018,Gas,0.7,45.300993939088194,1412616.0714285714,,
6828,Default,United States,2019,Gas,0.7,39.993178352138244,1412616.0714285714,,
6829,DR=0.08_LT=25,United States,2019,Gas,0.7,41.70313253557943,1412616.0714285714,,
6830,Default,United States,2020,Gas,0.7,36.82767203634877,1412616.0714285714,,
6831,DR=0.08_LT=25,United States,2020,Gas,0.7,38.53762621978995,1412616.0714285714,,
6832,Default,United States,2021,Gas,0.7,47.90320642231369,1412616.0714285714,,
6833,DR=0.08_LT=25,United States,2021,Gas,0.7,49.613160605754864,1412616.0714285714,,
6834,Default,United States,2022,Gas,0.7,63.10748887845404,1412616.0714285714,,
6835,DR=0.08_LT=25,United States,2022,Gas,0.7,64.81744306189522,1412616.0714285714,,
6836,Default,United States,2023,Gas,0.7,40.074692387225966,1412616.0714285714,,
6837,DR=0.08_LT=25,United States,2023,Gas,0.7,41.784646570667135,1412616.0714285714,,
6838,Default,United States,2024,Gas,0.7,38.38033905389263,1412616.0714285714,,
6839,DR=0.08_LT=25,United States,2024,Gas,0.7,40.09029323733381,1412616.0714285714,,
6840,Default,United States,2024,Solar+BESS,0.75,64.21,5537666.341590939,3.2,11.4
6841,DR=0.08_LT=25,United States,2024,Solar+BESS,0.75,85.41,5537666.341590939,3.2,11.4
6842,Default,United States,2015,Solar+BESS,0.75,268.74,27356070.839600004,3.2,11.4
6843,DR=0.08_LT=25,United States,2015,Solar+BESS,0.75,373.47,27356070.839600004,3.2,11.4
6844,Default,United States,2016,Solar+BESS,0.75,209.15,20999563.8196,3.2,11.4
6845,DR=0.08_LT=25,United States,2016,Solar+BESS,0.75,289.54,20999563.8196,3.2,11.4
6846,Default,United States,2017,Solar+BESS,0.75,163.13,16089960.335144842,3.2,11.4
6847,DR=0.08_LT=25,United States,2017,Solar+BESS,0.75,224.73,16089960.335144842,3.2,11.4
6848,Default,United States,2018,Solar+BESS,0.75,143.22,13965752.636772498,3.2,11.4
6849,DR=0.08_LT=25,United States,2018,Solar+BESS,0.75,196.68,13965752.636772498,3.2,11.4
6850,Default,United States,2019,Solar+BESS,0.75,91.1,8406189.418997195,3.2,11.4
6851,DR=0.08_LT=25,United States,2019,Solar+BESS,0.75,123.28,8406189.418997195,3.2,11.4
6852,Default,United States,2020,Solar+BESS,0.75,83.51,7596187.938481074,3.2,11.4
6853,DR=0.08_LT=25,United States,2020,Solar+BESS,0.75,112.59,7596187.938481074,3.2,11.4
6854,Default,United States,2021,Solar+BESS,0.75,79.08,7124099.37936127,3.2,11.4
6855,DR=0.08_LT=25,United States,2021,Solar+BESS,0.75,106.36,7124099.37936127,3.2,11.4
6856,Default,United States,2022,Solar+BESS,0.75,85.79,7839564.184410831,3.2,11.4
6857,DR=0.08_LT=25,United States,2022,Solar+BESS,0.75,115.8,7839564.184410831,3.2,11.4
6858,Default,United States,2023,Solar+BESS,0.75,75.1,6699477.878267298,3.2,11.4
6859,DR=0.08_LT=25,United States,2023,Solar+BESS,0.75,100.75,6699477.878267298,3.2,11.4
6860,Default,United States,2015,Coal,0.75,47.35919891751987,2087820.0000000002,,
6861,DR=0.08_LT=25,United States,2015,Coal,0.75,56.15162057839985,2087820.0000000002,,
6862,Default,United States,2016,Coal,0.75,47.31778845240359,2087820.0000000002,,
6863,DR=0.08_LT=25,United States,2016,Coal,0.75,56.11021011328357,2087820.0000000002,,
6864,Default,United States,2017,Coal,0.75,51.635541940775674,2087820.0000000002,,
6865,DR=0.08_LT=25,United States,2017,Coal,0.75,60.42796360165568,2087820.0000000002,,
6866,Default,United States,2018,Coal,0.75,54.78160705705475,2087820.0000000002,,
6867,DR=0.08_LT=25,United States,2018,Coal,0.75,63.574028717934745,2087820.0000000002,,
6868,Default,United States,2019,Coal,0.75,49.31182984775242,2087820.0000000002,,
6869,DR=0.08_LT=25,United States,2019,Coal,0.75,58.104251508632416,2087820.0000000002,,
6870,Default,United States,2020,Coal,0.75,44.289407057054746,2087820.0000000002,,
6871,DR=0.08_LT=25,United States,2020,Coal,0.75,53.08182871793474,2087820.0000000002,,
6872,Default,United States,2021,Coal,0.75,53.279559382636144,2087820.0000000002,,
6873,DR=0.08_LT=25,United States,2021,Coal,0.75,62.07198104351613,2087820.0000000002,,
6874,Default,United States,2022,Coal,0.75,84.33613845240359,2087820.0000000002,,
6875,DR=0.08_LT=25,United States,2022,Coal,0.75,93.12856011328357,2087820.0000000002,,
6876,Default,United States,2023,Coal,0.75,55.04084194077567,2087820.0000000002,,
6877,DR=0.08_LT=25,United States,2023,Coal,0.75,63.83326360165567,2087820.0000000002,,
6878,Default,United States,2024,Coal,0.75,56.46509194077567,2087820.0000000002,,
6879,DR=0.08_LT=25,United States,2024,Coal,0.75,65.25751360165567,2087820.0000000002,,
6880,Default,United States,2015,Gas,0.75,39.079388099422594,1412616.0714285714,,
6881,DR=0.08_LT=25,United States,2015,Gas,0.75,40.675345337301025,1412616.0714285714,,
6882,Default,United States,2016,Gas,0.75,40.32511441521207,1412616.0714285714,,
6883,DR=0.08_LT=25,United States,2016,Gas,0.75,41.9210716530905,1412616.0714285714,,
6884,Default,United States,2017,Gas,0.75,41.22033722222961,1412616.0714285714,,
6885,DR=0.08_LT=25,United States,2017,Gas,0.75,42.81629446010804,1412616.0714285714,,
6886,Default,United States,2018,Gas,0.75,42.13440213451031,1412616.0714285714,,
6887,DR=0.08_LT=25,United States,2018,Gas,0.75,43.73035937238874,1412616.0714285714,,
6888,Default,United States,2019,Gas,0.75,38.536540731001544,1412616.0714285714,,
6889,DR=0.08_LT=25,United States,2019,Gas,0.75,40.132497968879974,1412616.0714285714,,
6890,Default,United States,2020,Gas,0.75,35.37103441521207,1412616.0714285714,,
6891,DR=0.08_LT=25,United States,2020,Gas,0.75,36.966991653090496,1412616.0714285714,,
6892,Default,United States,2021,Gas,0.75,46.44656880117698,1412616.0714285714,,
6893,DR=0.08_LT=25,United States,2021,Gas,0.75,48.04252603905541,1412616.0714285714,,
6894,Default,United States,2022,Gas,0.75,61.65085125731734,1412616.0714285714,,
6895,DR=0.08_LT=25,United States,2022,Gas,0.75,63.246808495195765,1412616.0714285714,,
6896,Default,United States,2023,Gas,0.75,38.61805476608926,1412616.0714285714,,
6897,DR=0.08_LT=25,United States,2023,Gas,0.75,40.21401200396769,1412616.0714285714,,
6898,Default,United States,2024,Gas,0.75,36.92370143275593,1412616.0714285714,,
6899,DR=0.08_LT=25,United States,2024,Gas,0.75,38.51965867063436,1412616.0714285714,,
6900,Default,United States,2024,Solar+BESS,0.8,66.19,6078220.019732887,3.4,12.8
6901,DR=0.08_LT=25,United States,2024,Solar+BESS,0.8,88.0,6078220.019732887,3.4,12.8
6902,Default,United States,2015,Solar+BESS,0.8,278.33,30217694.2908,3.4,12.8
6903,DR=0.08_LT=25,United States,2015,Solar+BESS,0.8,386.78,30217694.2908,3.4,12.8
6904,Default,United States,2016,Solar+BESS,0.8,216.39,23169610.970799997,3.4,12.8
6905,DR=0.08_LT=25,United States,2016,Solar+BESS,0.8,299.54,23169610.970799997,3.4,12.8
6906,Default,United States,2017,Solar+BESS,0.8,168.63,17735159.811874416,3.4,12.8
6907,DR=0.08_LT=25,United States,2017,Solar+BESS,0.8,232.28,17735159.811874416,3.4,12.8
6908,Default,United States,2018,Solar+BESS,0.8,148.12,15401846.301757608,3.4,12.8
6909,DR=0.08_LT=25,United States,2018,Solar+BESS,0.8,203.4,15401846.301757608,3.4,12.8
6910,Default,United States,2019,Solar+BESS,0.8,93.97,9240276.454066392,3.4,12.8
6911,DR=0.08_LT=25,United States,2019,Solar+BESS,0.8,127.14,9240276.454066392,3.4,12.8
6912,Default,United States,2020,Solar+BESS,0.8,86.15,8349550.037314802,3.4,12.8
6913,DR=0.08_LT=25,United States,2020,Solar+BESS,0.8,116.11,8349550.037314802,3.4,12.8
6914,Default,United States,2021,Solar+BESS,0.8,81.59,7830831.554617617,3.4,12.8
6915,DR=0.08_LT=25,United States,2021,Solar+BESS,0.8,109.69,7830831.554617617,3.4,12.8
6916,Default,United States,2022,Solar+BESS,0.8,88.63,8632281.158211753,3.4,12.8
6917,DR=0.08_LT=25,United States,2022,Solar+BESS,0.8,119.61,8632281.158211753,3.4,12.8
6918,Default,United States,2023,Solar+BESS,0.8,77.51,7366252.274935925,3.4,12.8
6919,DR=0.08_LT=25,United States,2023,Solar+BESS,0.8,103.94,7366252.274935925,3.4,12.8
6920,Default,United States,2015,Coal,0.8,45.78674854912837,2087820.0000000002,,
6921,DR=0.08_LT=25,United States,2015,Coal,0.8,54.02964385620335,2087820.0000000002,,
6922,Default,United States,2016,Coal,0.8,45.74533808401208,2087820.0000000002,,
6923,DR=0.08_LT=25,United States,2016,Coal,0.8,53.98823339108707,2087820.0000000002,,
6924,Default,United States,2017,Coal,0.8,50.06309157238418,2087820.0000000002,,
6925,DR=0.08_LT=25,United States,2017,Coal,0.8,58.30598687945916,2087820.0000000002,,
6926,Default,United States,2018,Coal,0.8,53.20915668866325,2087820.0000000002,,
6927,DR=0.08_LT=25,United States,2018,Coal,0.8,61.45205199573823,2087820.0000000002,,
6928,Default,United States,2019,Coal,0.8,47.73937947936092,2087820.0000000002,,
6929,DR=0.08_LT=25,United States,2019,Coal,0.8,55.9822747864359,2087820.0000000002,,
6930,Default,United States,2020,Coal,0.8,42.716956688663245,2087820.0000000002,,
6931,DR=0.08_LT=25,United States,2020,Coal,0.8,50.959851995738234,2087820.0000000002,,
6932,Default,United States,2021,Coal,0.8,51.70710901424465,2087820.0000000002,,
6933,DR=0.08_LT=25,United States,2021,Coal,0.8,59.95000432131963,2087820.0000000002,,
6934,Default,United States,2022,Coal,0.8,82.76368808401209,2087820.0000000002,,
6935,DR=0.08_LT=25,United States,2022,Coal,0.8,91.00658339108706,2087820.0000000002,,
6936,Default,United States,2023,Coal,0.8,53.468391572384185,2087820.0000000002,,
6937,DR=0.08_LT=25,United States,2023,Coal,0.8,61.71128687945916,2087820.0000000002,,
6938,Default,United States,2024,Coal,0.8,54.89264157238418,2087820.0000000002,,
6939,DR=0.08_LT=25,United States,2024,Coal,0.8,63.13553687945915,2087820.0000000002,,
6940,Default,United States,2015,Gas,0.8,37.80483018092798,1412616.0714285714,,
6941,DR=0.08_LT=25,United States,2015,Gas,0.8,39.301040091439006,1412616.0714285714,,
6942,Default,United States,2016,Gas,0.8,39.05055649671745,1412616.0714285714,,
6943,DR=0.08_LT=25,United States,2016,Gas,0.8,40.54676640722849,1412616.0714285714,,
6944,Default,United States,2017,Gas,0.8,39.945779303734994,1412616.0714285714,,
6945,DR=0.08_LT=25,United States,2017,Gas,0.8,41.44198921424603,1412616.0714285714,,
6946,Default,United States,2018,Gas,0.8,40.859844216015695,1412616.0714285714,,
6947,DR=0.08_LT=25,United States,2018,Gas,0.8,42.35605412652673,1412616.0714285714,,
6948,Default,United States,2019,Gas,0.8,37.26198281250693,1412616.0714285714,,
6949,DR=0.08_LT=25,United States,2019,Gas,0.8,38.758192723017956,1412616.0714285714,,
6950,Default,United States,2020,Gas,0.8,34.09647649671745,1412616.0714285714,,
6951,DR=0.08_LT=25,United States,2020,Gas,0.8,35.592686407228484,1412616.0714285714,,
6952,Default,United States,2021,Gas,0.8,45.172010882682365,1412616.0714285714,,
6953,DR=0.08_LT=25,United States,2021,Gas,0.8,46.66822079319339,1412616.0714285714,,
6954,Default,United States,2022,Gas,0.8,60.37629333882272,1412616.0714285714,,
6955,DR=0.08_LT=25,United States,2022,Gas,0.8,61.872503249333754,1412616.0714285714,,
6956,Default,United States,2023,Gas,0.8,37.34349684759464,1412616.0714285714,,
6957,DR=0.08_LT=25,United States,2023,Gas,0.8,38.83970675810567,1412616.0714285714,,
6958,Default,United States,2024,Gas,0.8,35.649143514261304,1412616.0714285714,,
6959,DR=0.08_LT=25,United States,2024,Gas,0.8,37.14535342477234,1412616.0714285714,,
6960,Default,United States,2024,Solar+BESS,0.85,68.4,6690610.710859394,3.8,13.7
6961,DR=0.08_LT=25,United States,2024,Solar+BESS,0.85,91.0,6690610.710859394,3.8,13.7
6962,Default,United States,2015,Solar+BESS,0.85,285.6,32950202.9824,3.8,13.7
6963,DR=0.08_LT=25,United States,2015,Solar+BESS,0.85,396.9,32950202.9824,3.8,13.7
6964,Default,United States,2016,Solar+BESS,0.85,222.38,25307958.7204,3.8,13.7
6965,DR=0.08_LT=25,United States,2016,Solar+BESS,0.85,307.87,25307958.7204,3.8,13.7
6966,Default,United States,2017,Solar+BESS,0.85,173.52,19400349.87285526,3.8,13.7
6967,DR=0.08_LT=25,United States,2017,Solar+BESS,0.85,239.05,19400349.87285526,3.8,13.7
6968,Default,United States,2018,Solar+BESS,0.85,152.3,16834810.86868093,3.8,13.7
6969,DR=0.08_LT=25,United States,2018,Solar+BESS,0.85,209.17,16834810.86868093,3.8,13.7
6970,Default,United States,2019,Solar+BESS,0.85,97.0,10149190.872918352,3.8,13.7
6971,DR=0.08_LT=25,United States,2019,Solar+BESS,0.85,131.29,10149190.872918352,3.8,13.7
6972,Default,United States,2020,Solar+BESS,0.85,88.92,9171425.473017972,3.8,13.7
6973,DR=0.08_LT=25,United States,2020,Solar+BESS,0.85,119.9,9171425.473017972,3.8,13.7
6974,Default,United States,2021,Solar+BESS,0.85,84.2,8601338.134525744,3.8,13.7
6975,DR=0.08_LT=25,United States,2021,Solar+BESS,0.85,113.26,8601338.134525744,3.8,13.7
6976,Default,United States,2022,Solar+BESS,0.85,91.28,9457203.390265837,3.8,13.7
6977,DR=0.08_LT=25,United States,2022,Solar+BESS,0.85,123.23,9457203.390265837,3.8,13.7
6978,Default,United States,2023,Solar+BESS,0.85,79.95,8087519.685709851,3.8,13.7
6979,DR=0.08_LT=25,United States,2023,Solar+BESS,0.85,107.27,8087519.685709851,3.8,13.7
6980,Default,United States,2015,Coal,0.85,44.3992923417241,2087820.0000000002,,
6981,DR=0.08_LT=25,United States,2015,Coal,0.85,52.15731145426527,2087820.0000000002,,
6982,Default,United States,2016,Coal,0.85,44.35788187660781,2087820.0000000002,,
6983,DR=0.08_LT=25,United States,2016,Coal,0.85,52.11590098914899,2087820.0000000002,,
6984,Default,United States,2017,Coal,0.85,48.675635364979904,2087820.0000000002,,
6985,DR=0.08_LT=25,United States,2017,Coal,0.85,56.433654477521074,2087820.0000000002,,
6986,Default,United States,2018,Coal,0.85,51.82170048125897,2087820.0000000002,,
6987,DR=0.08_LT=25,United States,2018,Coal,0.85,59.57971959380014,2087820.0000000002,,
6988,Default,United States,2019,Coal,0.85,46.35192327195665,2087820.0000000002,,
6989,DR=0.08_LT=25,United States,2019,Coal,0.85,54.10994238449782,2087820.0000000002,,
6990,Default,United States,2020,Coal,0.85,41.329500481258975,2087820.0000000002,,
6991,DR=0.08_LT=25,United States,2020,Coal,0.85,49.087519593800145,2087820.0000000002,,
6992,Default,United States,2021,Coal,0.85,50.319652806840374,2087820.0000000002,,
6993,DR=0.08_LT=25,United States,2021,Coal,0.85,58.077671919381544,2087820.0000000002,,
6994,Default,United States,2022,Coal,0.85,81.37623187660782,2087820.0000000002,,
6995,DR=0.08_LT=25,United States,2022,Coal,0.85,89.13425098914898,2087820.0000000002,,
6996,Default,United States,2023,Coal,0.85,52.080935364979915,2087820.0000000002,,
6997,DR=0.08_LT=25,United States,2023,Coal,0.85,59.83895447752108,2087820.0000000002,,
6998,Default,United States,2024,Coal,0.85,53.50518536497991,2087820.0000000002,,
6999,DR=0.08_LT=25,United States,2024,Coal,0.85,61.26320447752108,2087820.0000000002,,
7000,Default,United States,2015,Gas,0.85,36.6802202528445,1412616.0714285714,,
7001,DR=0.08_LT=25,United States,2015,Gas,0.85,38.08841781567842,1412616.0714285714,,
7002,Default,United States,2016,Gas,0.85,37.92594656863397,1412616.0714285714,,
7003,DR=0.08_LT=25,United States,2016,Gas,0.85,39.33414413146788,1412616.0714285714,,
7004,Default,United States,2017,Gas,0.85,38.821169375651515,1412616.0714285714,,
7005,DR=0.08_LT=25,United States,2017,Gas,0.85,40.229366938485434,1412616.0714285714,,
7006,Default,United States,2018,Gas,0.85,39.735234287932215,1412616.0714285714,,
7007,DR=0.08_LT=25,United States,2018,Gas,0.85,41.14343185076613,1412616.0714285714,,
7008,Default,United States,2019,Gas,0.85,36.13737288442344,1412616.0714285714,,
7009,DR=0.08_LT=25,United States,2019,Gas,0.85,37.545570447257354,1412616.0714285714,,
7010,Default,United States,2020,Gas,0.85,32.97186656863397,1412616.0714285714,,
7011,DR=0.08_LT=25,United States,2020,Gas,0.85,34.38006413146788,1412616.0714285714,,
7012,Default,United States,2021,Gas,0.85,44.047400954598885,1412616.0714285714,,
7013,DR=0.08_LT=25,United States,2021,Gas,0.85,45.4555985174328,1412616.0714285714,,
7014,Default,United States,2022,Gas,0.85,59.25168341073923,1412616.0714285714,,
7015,DR=0.08_LT=25,United States,2022,Gas,0.85,60.65988097357315,1412616.0714285714,,
7016,Default,United States,2023,Gas,0.85,36.218886919511164,1412616.0714285714,,
7017,DR=0.08_LT=25,United States,2023,Gas,0.85,37.62708448234508,1412616.0714285714,,
7018,Default,United States,2024,Gas,0.85,34.52453358617783,1412616.0714285714,,
7019,DR=0.08_LT=25,United States,2024,Gas,0.85,35.932731149011744,1412616.0714285714,,
7020,Default,United States,2024,Solar+BESS,0.9,72.31,7537661.668815135,4.5,14.6
7021,DR=0.08_LT=25,United States,2024,Solar+BESS,0.9,96.36,7537661.668815135,4.5,14.6
7022,Default,United States,2015,Solar+BESS,0.9,296.46,36231226.5592,4.5,14.6
7023,DR=0.08_LT=25,United States,2015,Solar+BESS,0.9,412.04,36231226.5592,4.5,14.6
7024,Default,United States,2016,Solar+BESS,0.9,231.79,27952431.6452,4.5,14.6
7025,DR=0.08_LT=25,United States,2016,Solar+BESS,0.9,320.96,27952431.6452,4.5,14.6
7026,Default,United States,2017,Solar+BESS,0.9,181.45,21509207.120569527,4.5,14.6
7027,DR=0.08_LT=25,United States,2017,Solar+BESS,0.9,250.07,21509207.120569527,4.5,14.6
7028,Default,United States,2018,Solar+BESS,0.9,158.94,18627026.694512725,4.5,14.6
7029,DR=0.08_LT=25,United States,2018,Solar+BESS,0.9,218.36,18627026.694512725,4.5,14.6
7030,Default,United States,2019,Solar+BESS,0.9,102.26,11371138.956910387,4.5,14.6
7031,DR=0.08_LT=25,United States,2019,Solar+BESS,0.9,138.53,11371138.956910387,4.5,14.6
7032,Default,United States,2020,Solar+BESS,0.9,93.71,10277302.134711651,4.5,14.6
7033,DR=0.08_LT=25,United States,2020,Solar+BESS,0.9,126.5,10277302.134711651,4.5,14.6
7034,Default,United States,2021,Solar+BESS,0.9,88.71,9637588.924016202,4.5,14.6
7035,DR=0.08_LT=25,United States,2021,Solar+BESS,0.9,119.46,9637588.924016202,4.5,14.6
7036,Default,United States,2022,Solar+BESS,0.9,95.66,10526642.011501275,4.5,14.6
7037,DR=0.08_LT=25,United States,2022,Solar+BESS,0.9,129.24,10526642.011501275,4.5,14.6
7038,Default,United States,2023,Solar+BESS,0.9,84.14,9051776.98337143,4.5,14.6
7039,DR=0.08_LT=25,United States,2023,Solar+BESS,0.9,113.02,9051776.98337143,4.5,14.6
7040,Default,United States,2015,Coal,0.9,43.165997935142535,2087820.0000000002,,
7041,DR=0.08_LT=25,United States,2015,Coal,0.9,50.49301598587585,2087820.0000000002,,
7042,Default,United States,2016,Coal,0.9,43.124587470026256,2087820.0000000002,,
7043,DR=0.08_LT=25,United States,2016,Coal,0.9,50.45160552075958,2087820.0000000002,,
7044,Default,United States,2017,Coal,0.9,47.44234095839835,2087820.0000000002,,
7045,DR=0.08_LT=25,United States,2017,Coal,0.9,54.76935900913166,2087820.0000000002,,
7046,Default,United States,2018,Coal,0.9,50.588406074677415,2087820.0000000002,,
7047,DR=0.08_LT=25,United States,2018,Coal,0.9,57.915424125410716,2087820.0000000002,,
7048,Default,United States,2019,Coal,0.9,45.118628865375086,2087820.0000000002,,
7049,DR=0.08_LT=25,United States,2019,Coal,0.9,52.44564691610841,2087820.0000000002,,
7050,Default,United States,2020,Coal,0.9,40.09620607467741,2087820.0000000002,,
7051,DR=0.08_LT=25,United States,2020,Coal,0.9,47.423224125410734,2087820.0000000002,,
7052,Default,United States,2021,Coal,0.9,49.0863584002588,2087820.0000000002,,
7053,DR=0.08_LT=25,United States,2021,Coal,0.9,56.41337645099212,2087820.0000000002,,
7054,Default,United States,2022,Coal,0.9,80.14293747002624,2087820.0000000002,,
7055,DR=0.08_LT=25,United States,2022,Coal,0.9,87.46995552075957,2087820.0000000002,,
7056,Default,United States,2023,Coal,0.9,50.84764095839836,2087820.0000000002,,
7057,DR=0.08_LT=25,United States,2023,Coal,0.9,58.174659009131666,2087820.0000000002,,
7058,Default,United States,2024,Coal,0.9,52.271890958398345,2087820.0000000002,,
7059,DR=0.08_LT=25,United States,2024,Coal,0.9,59.59890900913167,2087820.0000000002,,
7060,Default,United States,2015,Gas,0.9,35.680566983436954,1412616.0714285714,,
7061,DR=0.08_LT=25,United States,2015,Gas,0.9,37.010531348335654,1412616.0714285714,,
7062,Default,United States,2016,Gas,0.9,36.92629329922643,1412616.0714285714,,
7063,DR=0.08_LT=25,United States,2016,Gas,0.9,38.25625766412512,1412616.0714285714,,
7064,Default,United States,2017,Gas,0.9,37.821516106243976,1412616.0714285714,,
7065,DR=0.08_LT=25,United States,2017,Gas,0.9,39.15148047114267,1412616.0714285714,,
7066,Default,United States,2018,Gas,0.9,38.73558101852467,1412616.0714285714,,
7067,DR=0.08_LT=25,United States,2018,Gas,0.9,40.06554538342337,1412616.0714285714,,
7068,Default,United States,2019,Gas,0.9,35.137719615015904,1412616.0714285714,,
7069,DR=0.08_LT=25,United States,2019,Gas,0.9,36.4676839799146,1412616.0714285714,,
7070,Default,United States,2020,Gas,0.9,31.972213299226432,1412616.0714285714,,
7071,DR=0.08_LT=25,United States,2020,Gas,0.9,33.30217766412513,1412616.0714285714,,
7072,Default,United States,2021,Gas,0.9,43.04774768519134,1412616.0714285714,,
7073,DR=0.08_LT=25,United States,2021,Gas,0.9,44.37771205009004,1412616.0714285714,,
7074,Default,United States,2022,Gas,0.9,58.252030141331694,1412616.0714285714,,
7075,DR=0.08_LT=25,United States,2022,Gas,0.9,59.581994506230394,1412616.0714285714,,
7076,Default,United States,2023,Gas,0.9,35.21923365010362,1412616.0714285714,,
7077,DR=0.08_LT=25,United States,2023,Gas,0.9,36.549198015002325,1412616.0714285714,,
7078,Default,United States,2024,Gas,0.9,33.524880316770286,1412616.0714285714,,
7079,DR=0.08_LT=25,United States,2024,Gas,0.9,34.85484468166898,1412616.0714285714,,
7080,Default,United States,2024,Solar+BESS,0.95,79.76,8848614.211033197,5.5,15.8
7081,DR=0.08_LT=25,United States,2024,Solar+BESS,0.95,106.51,8848614.211033197,5.5,15.8
7082,Default,United States,2015,Solar+BESS,0.95,319.23,41206060.04539999,5.5,15.8
7083,DR=0.08_LT=25,United States,2015,Solar+BESS,0.95,443.77,41206060.04539999,5.5,15.8
7084,Default,United States,2016,Solar+BESS,0.95,250.95,31980413.036399998,5.5,15.8
7085,DR=0.08_LT=25,United States,2016,Solar+BESS,0.95,347.61,31980413.036399998,5.5,15.8
7086,Default,United States,2017,Solar+BESS,0.95,197.32,24732811.617946465,5.5,15.8
7087,DR=0.08_LT=25,United States,2017,Solar+BESS,0.95,272.07,24732811.617946465,5.5,15.8
7088,Default,United States,2018,Solar+BESS,0.95,172.37,21361520.850462243,5.5,15.8
7089,DR=0.08_LT=25,United States,2018,Solar+BESS,0.95,236.93,21361520.850462243,5.5,15.8
7090,Default,United States,2019,Solar+BESS,0.95,112.37,13255017.603171322,5.5,15.8
7091,DR=0.08_LT=25,United States,2019,Solar+BESS,0.95,152.44,13255017.603171322,5.5,15.8
7092,Default,United States,2020,Solar+BESS,0.95,102.96,11982434.22037232,5.5,15.8
7093,DR=0.08_LT=25,United States,2020,Solar+BESS,0.95,139.17,11982434.22037232,5.5,15.8
7094,Default,United States,2021,Solar+BESS,0.95,97.43,11235258.437859435,5.5,15.8
7095,DR=0.08_LT=25,United States,2021,Solar+BESS,0.95,131.38,11235258.437859435,5.5,15.8
7096,Default,United States,2022,Solar+BESS,0.95,104.32,12166973.436618567,5.5,15.8
7097,DR=0.08_LT=25,United States,2022,Solar+BESS,0.95,141.1,12166973.436618567,5.5,15.8
7098,Default,United States,2023,Solar+BESS,0.95,92.26,10537220.857295759,5.5,15.8
7099,DR=0.08_LT=25,United States,2023,Solar+BESS,0.95,124.11,10537220.857295759,5.5,15.8
7100,Default,United States,2015,Coal,0.95,42.062523992411634,2087820.0000000002,,
7101,DR=0.08_LT=25,United States,2015,Coal,0.95,49.003909514159005,2087820.0000000002,,
7102,Default,United States,2016,Coal,0.95,42.02111352729537,2087820.0000000002,,
7103,DR=0.08_LT=25,United States,2016,Coal,0.95,48.96249904904273,2087820.0000000002,,
7104,Default,United States,2017,Coal,0.95,46.338867015667454,2087820.0000000002,,
7105,DR=0.08_LT=25,United States,2017,Coal,0.95,53.28025253741483,2087820.0000000002,,
7106,Default,United States,2018,Coal,0.95,49.48493213194653,2087820.0000000002,,
7107,DR=0.08_LT=25,United States,2018,Coal,0.95,56.4263176536939,2087820.0000000002,,
7108,Default,United States,2019,Coal,0.95,44.0151549226442,2087820.0000000002,,
7109,DR=0.08_LT=25,United States,2019,Coal,0.95,50.95654044439157,2087820.0000000002,,
7110,Default,United States,2020,Coal,0.95,38.99273213194653,2087820.0000000002,,
7111,DR=0.08_LT=25,United States,2020,Coal,0.95,45.93411765369389,2087820.0000000002,,
7112,Default,United States,2021,Coal,0.95,47.98288445752792,2087820.0000000002,,
7113,DR=0.08_LT=25,United States,2021,Coal,0.95,54.924269979275294,2087820.0000000002,,
7114,Default,United States,2022,Coal,0.95,79.03946352729535,2087820.0000000002,,
7115,DR=0.08_LT=25,United States,2022,Coal,0.95,85.98084904904272,2087820.0000000002,,
7116,Default,United States,2023,Coal,0.95,49.74416701566746,2087820.0000000002,,
7117,DR=0.08_LT=25,United States,2023,Coal,0.95,56.68555253741482,2087820.0000000002,,
7118,Default,United States,2024,Coal,0.95,51.16841701566745,2087820.0000000002,,
7119,DR=0.08_LT=25,United States,2024,Coal,0.95,58.10980253741482,2087820.0000000002,,
7120,Default,United States,2015,Gas,0.95,34.78614037396706,1412616.0714285714,,
7121,DR=0.08_LT=25,United States,2015,Gas,0.95,36.0461066143974,1412616.0714285714,,
7122,Default,United States,2016,Gas,0.95,36.03186668975653,1412616.0714285714,,
7123,DR=0.08_LT=25,United States,2016,Gas,0.95,37.29183293018687,1412616.0714285714,,
7124,Default,United States,2017,Gas,0.95,36.92708949677407,1412616.0714285714,,
7125,DR=0.08_LT=25,United States,2017,Gas,0.95,38.18705573720442,1412616.0714285714,,
7126,Default,United States,2018,Gas,0.95,37.84115440905477,1412616.0714285714,,
7127,DR=0.08_LT=25,United States,2018,Gas,0.95,39.10112064948512,1412616.0714285714,,
7128,Default,United States,2019,Gas,0.95,34.243293005546,1412616.0714285714,,
7129,DR=0.08_LT=25,United States,2019,Gas,0.95,35.503259245976345,1412616.0714285714,,
7130,Default,United States,2020,Gas,0.95,31.07778668975653,1412616.0714285714,,
7131,DR=0.08_LT=25,United States,2020,Gas,0.95,32.33775293018687,1412616.0714285714,,
7132,Default,United States,2021,Gas,0.95,42.153321075721436,1412616.0714285714,,
7133,DR=0.08_LT=25,United States,2021,Gas,0.95,43.41328731615179,1412616.0714285714,,
7134,Default,United States,2022,Gas,0.95,57.357603531861784,1412616.0714285714,,
7135,DR=0.08_LT=25,United States,2022,Gas,0.95,58.61756977229214,1412616.0714285714,,
7136,Default,United States,2023,Gas,0.95,34.324807040633715,1412616.0714285714,,
7137,DR=0.08_LT=25,United States,2023,Gas,0.95,35.58477328106407,1412616.0714285714,,
7138,Default,United States,2024,Gas,0.95,32.63045370730038,1412616.0714285714,,
7139,DR=0.08_LT=25,United States,2024,Gas,0.95,33.890419947730734,1412616.0714285714,,
7140,Default,United States,2024,Solar+BESS,1.0,129.5,14777446.979909424,8.1,32.7
7141,DR=0.08_LT=25,United States,2024,Solar+BESS,1.0,171.93,14777446.979909424,8.1,32.7
7142,Default,United States,2015,Solar+BESS,1.0,553.61,75101359.50479999,8.1,32.7
7143,DR=0.08_LT=25,United States,2015,Solar+BESS,1.0,769.24,75101359.50479999,8.1,32.7
7144,Default,United States,2016,Solar+BESS,1.0,428.86,57358056.3528,8.1,32.7
7145,DR=0.08_LT=25,United States,2016,Solar+BESS,1.0,593.55,57358056.3528,8.1,32.7
7146,Default,United States,2017,Solar+BESS,1.0,333.23,43755807.27349952,8.1,32.7
7147,DR=0.08_LT=25,United States,2017,Solar+BESS,1.0,458.86,43755807.27349952,8.1,32.7
7148,Default,United States,2018,Solar+BESS,1.0,293.24,38068031.694795266,8.1,32.7
7149,DR=0.08_LT=25,United States,2018,Solar+BESS,1.0,402.54,38068031.694795266,8.1,32.7
7150,Default,United States,2019,Solar+BESS,1.0,184.36,22580735.30179742,8.1,32.7
7151,DR=0.08_LT=25,United States,2019,Solar+BESS,1.0,249.19,22580735.30179742,8.1,32.7
7152,Default,United States,2020,Solar+BESS,1.0,169.03,20401016.727057714,8.1,32.7
7153,DR=0.08_LT=25,United States,2020,Solar+BESS,1.0,227.61,20401016.727057714,8.1,32.7
7154,Default,United States,2021,Solar+BESS,1.0,160.13,19135220.157810207,8.1,32.7
7155,DR=0.08_LT=25,United States,2021,Solar+BESS,1.0,215.08,19135220.157810207,8.1,32.7
7156,Default,United States,2022,Solar+BESS,1.0,174.8,21221774.690174617,8.1,32.7
7157,DR=0.08_LT=25,United States,2022,Solar+BESS,1.0,235.74,21221774.690174617,8.1,32.7
7158,Default,United States,2023,Solar+BESS,1.0,152.28,18018480.45486363,8.1,32.7
7159,DR=0.08_LT=25,United States,2023,Solar+BESS,1.0,204.02,18018480.45486363,8.1,32.7
7160,Default,United States,2015,Coal,1.0,41.069397443953854,2087820.0000000002,,
7161,DR=0.08_LT=25,United States,2015,Coal,1.0,47.66371368961384,2087820.0000000002,,
7162,Default,United States,2016,Coal,1.0,41.02798697883757,2087820.0000000002,,
7163,DR=0.08_LT=25,United States,2016,Coal,1.0,47.62230322449757,2087820.0000000002,,
7164,Default,United States,2017,Coal,1.0,45.345740467209666,2087820.0000000002,,
7165,DR=0.08_LT=25,United States,2017,Coal,1.0,51.94005671286966,2087820.0000000002,,
7166,Default,United States,2018,Coal,1.0,48.491805583488734,2087820.0000000002,,
7167,DR=0.08_LT=25,United States,2018,Coal,1.0,55.08612182914873,2087820.0000000002,,
7168,Default,United States,2019,Coal,1.0,43.022028374186405,2087820.0000000002,,
7169,DR=0.08_LT=25,United States,2019,Coal,1.0,49.6163446198464,2087820.0000000002,,
7170,Default,United States,2020,Coal,1.0,37.99960558348873,2087820.0000000002,,
7171,DR=0.08_LT=25,United States,2020,Coal,1.0,44.59392182914873,2087820.0000000002,,
7172,Default,United States,2021,Coal,1.0,46.98975790907012,2087820.0000000002,,
7173,DR=0.08_LT=25,United States,2021,Coal,1.0,53.584074154730125,2087820.0000000002,,
7174,Default,United States,2022,Coal,1.0,78.04633697883756,2087820.0000000002,,
7175,DR=0.08_LT=25,United States,2022,Coal,1.0,84.64065322449756,2087820.0000000002,,
7176,Default,United States,2023,Coal,1.0,48.75104046720966,2087820.0000000002,,
7177,DR=0.08_LT=25,United States,2023,Coal,1.0,55.345356712869666,2087820.0000000002,,
7178,Default,United States,2024,Coal,1.0,50.17529046720966,2087820.0000000002,,
7179,DR=0.08_LT=25,United States,2024,Coal,1.0,56.76960671286966,2087820.0000000002,,
7180,Default,United States,2015,Gas,1.0,33.98115642544414,1412616.0714285714,,
7181,DR=0.08_LT=25,United States,2015,Gas,1.0,35.17812435385297,1412616.0714285714,,
7182,Default,United States,2016,Gas,1.0,35.22688274123361,1412616.0714285714,,
7183,DR=0.08_LT=25,United States,2016,Gas,1.0,36.42385066964244,1412616.0714285714,,
7184,Default,United States,2017,Gas,1.0,36.122105548251156,1412616.0714285714,,
7185,DR=0.08_LT=25,United States,2017,Gas,1.0,37.31907347665999,1412616.0714285714,,
7186,Default,United States,2018,Gas,1.0,37.03617046053185,1412616.0714285714,,
7187,DR=0.08_LT=25,United States,2018,Gas,1.0,38.23313838894069,1412616.0714285714,,
7188,Default,United States,2019,Gas,1.0,33.43830905702308,1412616.0714285714,,
7189,DR=0.08_LT=25,United States,2019,Gas,1.0,34.63527698543191,1412616.0714285714,,
7190,Default,United States,2020,Gas,1.0,30.272802741233612,1412616.0714285714,,
7191,DR=0.08_LT=25,United States,2020,Gas,1.0,31.469770669642436,1412616.0714285714,,
7192,Default,United States,2021,Gas,1.0,41.34833712719852,1412616.0714285714,,
7193,DR=0.08_LT=25,United States,2021,Gas,1.0,42.54530505560736,1412616.0714285714,,
7194,Default,United States,2022,Gas,1.0,56.552619583338874,1412616.0714285714,,
7195,DR=0.08_LT=25,United States,2022,Gas,1.0,57.74958751174772,1412616.0714285714,,
7196,Default,United States,2023,Gas,1.0,33.519823092110805,1412616.0714285714,,
7197,DR=0.08_LT=25,United States,2023,Gas,1.0,34.716791020519636,1412616.0714285714,,
7198,Default,United States,2024,Gas,1.0,31.82546975877747,1412616.0714285714,,
7199,DR=0.08_LT=25,United States,2024,Gas,1.0,33.0224376871863,1412616.0714285714,,
