Result_ID,Country,Year,Tech,Availability,LCOE,Cost,Solar_Capacity_MW,BESS_Energy_MWh
0,Australia,2024,Solar+BESS,0.05,25.66,194442.46735999998,0.2,0.0
1,Australia,2015,Solar+BESS,0.05,66.78,548517.2569700001,0.2,0.0
2,Australia,2016,Solar+BESS,0.05,57.93,472305.69667000003,0.2,0.0
3,Australia,2017,Solar+BESS,0.05,59.2,483222.48774,0.2,0.0
4,Australia,2018,Solar+BESS,0.05,46.38,372818.71390000003,0.2,0.0
5,Australia,2019,Solar+BESS,0.05,38.7,306700.03591,0.2,0.0
6,Australia,2020,Solar+BESS,0.05,32.93,257059.53312000004,0.2,0.0
7,Australia,2021,Solar+BESS,0.05,30.88,239345.49478,0.2,0.0
8,Australia,2022,Solar+BESS,0.05,26.52,201857.64620000002,0.2,0.0
9,Australia,2023,Solar+BESS,0.05,27.29,208448.91628,0.2,0.0
10,Australia,2015,Coal,0.05,306.73699521007103,1690307.1428571434,,
11,Australia,2016,Coal,0.05,308.88112311704776,1690307.1428571434,,
12,Australia,2017,Coal,0.05,317.73684404728033,1690307.1428571434,,
13,Australia,2018,Coal,0.05,309.7100649775129,1690307.1428571434,,
14,Australia,2019,Coal,0.05,303.8192161403036,1690307.1428571434,,
15,Australia,2020,Coal,0.05,300.50771846588503,1690307.1428571434,,
16,Australia,2021,Coal,0.05,313.9414798612338,1690307.1428571434,,
17,Australia,2022,Coal,0.05,345.7678673030943,1690307.1428571434,,
18,Australia,2023,Coal,0.05,321.03529695425715,1690307.1428571434,,
19,Australia,2024,Coal,0.05,316.0884486984432,1690307.1428571434,,
20,Australia,2015,Gas,0.05,308.9577569650442,1355169.9999999998,,
21,Australia,2016,Gas,0.05,297.45913942118455,1355169.9999999998,,
22,Australia,2017,Gas,0.05,304.5444113510091,1355169.9999999998,,
23,Australia,2018,Gas,0.05,317.53822538609677,1355169.9999999998,,
24,Australia,2019,Gas,0.05,297.0485218773249,1355169.9999999998,,
25,Australia,2020,Gas,0.05,289.1066762632898,1355169.9999999998,,
26,Australia,2021,Gas,0.05,364.12123591241266,1355169.9999999998,,
27,Australia,2022,Gas,0.05,492.38853415802663,1355169.9999999998,,
28,Australia,2023,Gas,0.05,347.36161310539507,1355169.9999999998,,
29,Australia,2024,Gas,0.05,335.53420433346525,1355169.9999999998,,
30,Australia,2024,Solar+BESS,0.1,25.66,388884.93471999996,0.4,0.0
31,Australia,2015,Solar+BESS,0.1,66.78,1097034.5139400002,0.4,0.0
32,Australia,2016,Solar+BESS,0.1,57.93,944611.3933400001,0.4,0.0
33,Australia,2017,Solar+BESS,0.1,59.2,966444.97548,0.4,0.0
34,Australia,2018,Solar+BESS,0.1,46.38,745637.4278000001,0.4,0.0
35,Australia,2019,Solar+BESS,0.1,38.7,613400.07182,0.4,0.0
36,Australia,2020,Solar+BESS,0.1,32.93,514119.0662400001,0.4,0.0
37,Australia,2021,Solar+BESS,0.1,30.88,478690.98956,0.4,0.0
38,Australia,2022,Solar+BESS,0.1,26.52,403715.29240000003,0.4,0.0
39,Australia,2023,Solar+BESS,0.1,27.29,416897.83256,0.4,0.0
40,Australia,2015,Coal,0.1,166.39338830270995,1690307.1428571434,,
41,Australia,2016,Coal,0.1,168.5375162096867,1690307.1428571434,,
42,Australia,2017,Coal,0.1,177.39323713991925,1690307.1428571434,,
43,Australia,2018,Coal,0.1,169.3664580701518,1690307.1428571434,,
44,Australia,2019,Coal,0.1,163.47560923294247,1690307.1428571434,,
45,Australia,2020,Coal,0.1,160.16411155852393,1690307.1428571434,,
46,Australia,2021,Coal,0.1,173.59787295387275,1690307.1428571434,,
47,Australia,2022,Coal,0.1,205.42426039573317,1690307.1428571434,,
48,Australia,2023,Coal,0.1,180.69169004689599,1690307.1428571434,,
49,Australia,2024,Coal,0.1,175.74484179108202,1690307.1428571434,,
50,Australia,2015,Gas,0.1,175.32518462287297,1355169.9999999998,,
51,Australia,2016,Gas,0.1,163.8265670790133,1355169.9999999998,,
52,Australia,2017,Gas,0.1,170.9118390088379,1355169.9999999998,,
53,Australia,2018,Gas,0.1,183.90565304392558,1355169.9999999998,,
54,Australia,2019,Gas,0.1,163.41594953515366,1355169.9999999998,,
55,Australia,2020,Gas,0.1,155.47410392111857,1355169.9999999998,,
56,Australia,2021,Gas,0.1,230.4886635702414,1355169.9999999998,,
57,Australia,2022,Gas,0.1,358.75596181585547,1355169.9999999998,,
58,Australia,2023,Gas,0.1,213.7290407632238,1355169.9999999998,,
59,Australia,2024,Gas,0.1,201.90163199129404,1355169.9999999998,,
60,Australia,2024,Solar+BESS,0.15,25.66,583327.4115200001,0.6,0.0
61,Australia,2015,Solar+BESS,0.15,66.78,1645551.79754,0.6,0.0
62,Australia,2016,Solar+BESS,0.15,57.93,1416917.1129400001,0.6,0.0
63,Australia,2017,Solar+BESS,0.15,59.2,1449667.48668,0.6,0.0
64,Australia,2018,Solar+BESS,0.15,46.38,1118456.1598,0.6,0.0
65,Australia,2019,Solar+BESS,0.15,38.7,920100.12262,0.6,0.0
66,Australia,2020,Solar+BESS,0.15,32.93,771178.61184,0.6,0.0
67,Australia,2021,Solar+BESS,0.15,30.88,718036.49596,0.6,0.0
68,Australia,2022,Solar+BESS,0.15,26.52,605572.9484000001,0.6,0.0
69,Australia,2023,Solar+BESS,0.15,27.29,625346.75896,0.6,0.0
70,Australia,2015,Coal,0.15,119.61218600025626,1690307.1428571434,,
71,Australia,2016,Coal,0.15,121.75631390723298,1690307.1428571434,,
72,Australia,2017,Coal,0.15,130.61203483746556,1690307.1428571434,,
73,Australia,2018,Coal,0.15,122.58525576769811,1690307.1428571434,,
74,Australia,2019,Coal,0.15,116.69440693048882,1690307.1428571434,,
75,Australia,2020,Coal,0.15,113.38290925607019,1690307.1428571434,,
76,Australia,2021,Coal,0.15,126.81667065141903,1690307.1428571434,,
77,Australia,2022,Coal,0.15,158.64305809327954,1690307.1428571434,,
78,Australia,2023,Coal,0.15,133.9104877444423,1690307.1428571434,,
79,Australia,2024,Coal,0.15,128.96363948862836,1690307.1428571434,,
80,Australia,2015,Gas,0.15,130.78099384214923,1355169.9999999998,,
81,Australia,2016,Gas,0.15,119.28237629828956,1355169.9999999998,,
82,Australia,2017,Gas,0.15,126.36764822811413,1355169.9999999998,,
83,Australia,2018,Gas,0.15,139.36146226320184,1355169.9999999998,,
84,Australia,2019,Gas,0.15,118.87175875442992,1355169.9999999998,,
85,Australia,2020,Gas,0.15,110.92991314039483,1355169.9999999998,,
86,Australia,2021,Gas,0.15,185.94447278951765,1355169.9999999998,,
87,Australia,2022,Gas,0.15,314.2117710351317,1355169.9999999998,,
88,Australia,2023,Gas,0.15,169.18484998250008,1355169.9999999998,,
89,Australia,2024,Gas,0.15,157.35744121057024,1355169.9999999998,,
90,Australia,2024,Solar+BESS,0.2,25.66,777769.87888,0.8,0.0
91,Australia,2015,Solar+BESS,0.2,66.78,2194069.0545099997,0.8,0.0
92,Australia,2016,Solar+BESS,0.2,57.93,1889222.80961,0.8,0.0
93,Australia,2017,Solar+BESS,0.2,59.2,1932889.9744199999,0.8,0.0
94,Australia,2018,Solar+BESS,0.2,46.38,1491274.8736999999,0.8,0.0
95,Australia,2019,Solar+BESS,0.2,38.7,1226800.15853,0.8,0.0
96,Australia,2020,Solar+BESS,0.2,32.93,1028238.14496,0.8,0.0
97,Australia,2021,Solar+BESS,0.2,30.88,957381.99074,0.8,0.0
98,Australia,2022,Solar+BESS,0.2,26.52,807430.5946,0.8,0.0
99,Australia,2023,Solar+BESS,0.2,27.29,833795.6752399999,0.8,0.0
100,Australia,2015,Coal,0.2,96.2215848490294,1690307.1428571434,,
101,Australia,2016,Coal,0.2,98.36571275600613,1690307.1428571434,,
102,Australia,2017,Coal,0.2,107.22143368623871,1690307.1428571434,,
103,Australia,2018,Coal,0.2,99.19465461647125,1690307.1428571434,,
104,Australia,2019,Coal,0.2,93.30380577926194,1690307.1428571434,,
105,Australia,2020,Coal,0.2,89.99230810484335,1690307.1428571434,,
106,Australia,2021,Coal,0.2,103.42606950019218,1690307.1428571434,,
107,Australia,2022,Coal,0.2,135.25245694205265,1690307.1428571434,,
108,Australia,2023,Coal,0.2,110.51988659321543,1690307.1428571434,,
109,Australia,2024,Coal,0.2,105.57303833740148,1690307.1428571434,,
110,Australia,2015,Gas,0.2,108.50889845178736,1355169.9999999998,,
111,Australia,2016,Gas,0.2,97.01028090792771,1355169.9999999998,,
112,Australia,2017,Gas,0.2,104.0955528377523,1355169.9999999998,,
113,Australia,2018,Gas,0.2,117.08936687283999,1355169.9999999998,,
114,Australia,2019,Gas,0.2,96.59966336406805,1355169.9999999998,,
115,Australia,2020,Gas,0.2,88.65781775003299,1355169.9999999998,,
116,Australia,2021,Gas,0.2,163.6723773991558,1355169.9999999998,,
117,Australia,2022,Gas,0.2,291.93967564476986,1355169.9999999998,,
118,Australia,2023,Gas,0.2,146.91275459213824,1355169.9999999998,,
119,Australia,2024,Gas,0.2,135.08534582020843,1355169.9999999998,,
120,Australia,2024,Solar+BESS,0.25,25.68,973044.4256,1.0,0.0
121,Australia,2015,Solar+BESS,0.25,66.84,2744933.5862,1.0,0.0
122,Australia,2016,Solar+BESS,0.25,57.98,2363549.6481999997,1.0,0.0
123,Australia,2017,Solar+BESS,0.25,59.25,2418180.3203999996,1.0,0.0
124,Australia,2018,Solar+BESS,0.25,46.42,1865688.9940000002,1.0,0.0
125,Australia,2019,Solar+BESS,0.25,38.73,1534812.6586,1.0,0.0
126,Australia,2020,Solar+BESS,0.25,32.96,1286397.7152,1.0,0.0
127,Australia,2021,Solar+BESS,0.25,30.9,1197751.7188,1.0,0.0
128,Australia,2022,Solar+BESS,0.25,26.55,1010152.052,1.0,0.0
129,Australia,2023,Solar+BESS,0.25,27.31,1043136.6087999999,1.0,0.0
130,Australia,2015,Coal,0.25,82.18722415829328,1690307.1428571434,,
131,Australia,2016,Coal,0.25,84.33135206527002,1690307.1428571434,,
132,Australia,2017,Coal,0.25,93.18707299550259,1690307.1428571434,,
133,Australia,2018,Coal,0.25,85.16029392573515,1690307.1428571434,,
134,Australia,2019,Coal,0.25,79.26944508852584,1690307.1428571434,,
135,Australia,2020,Coal,0.25,75.95794741410725,1690307.1428571434,,
136,Australia,2021,Coal,0.25,89.39170880945609,1690307.1428571434,,
137,Australia,2022,Coal,0.25,121.21809625131654,1690307.1428571434,,
138,Australia,2023,Coal,0.25,96.48552590247934,1690307.1428571434,,
139,Australia,2024,Coal,0.25,91.53867764666538,1690307.1428571434,,
140,Australia,2015,Gas,0.25,95.14564121757026,1355169.9999999998,,
141,Australia,2016,Gas,0.25,83.64702367371059,1355169.9999999998,,
142,Australia,2017,Gas,0.25,90.73229560353516,1355169.9999999998,,
143,Australia,2018,Gas,0.25,103.72610963862289,1355169.9999999998,,
144,Australia,2019,Gas,0.25,83.23640612985096,1355169.9999999998,,
145,Australia,2020,Gas,0.25,75.29456051581586,1355169.9999999998,,
146,Australia,2021,Gas,0.25,150.30912016493872,1355169.9999999998,,
147,Australia,2022,Gas,0.25,278.5764184105527,1355169.9999999998,,
148,Australia,2023,Gas,0.25,133.54949735792113,1355169.9999999998,,
149,Australia,2024,Gas,0.25,121.7220885859913,1355169.9999999998,,
150,Australia,2024,Solar+BESS,0.3,27.05,1229836.0255999998,1.3,0.0
151,Australia,2015,Solar+BESS,0.3,70.4,3469336.1612,1.3,0.0
152,Australia,2016,Solar+BESS,0.3,61.07,2987302.9732,1.3,0.0
153,Australia,2017,Solar+BESS,0.3,62.41,3056350.9704,1.3,0.0
154,Australia,2018,Solar+BESS,0.3,48.89,2358054.244,1.3,0.0
155,Australia,2019,Solar+BESS,0.3,40.8,1939857.8835999998,1.3,0.0
156,Australia,2020,Solar+BESS,0.3,34.72,1625884.9152,1.3,0.0
157,Australia,2021,Solar+BESS,0.3,32.55,1513844.7688,1.3,0.0
158,Australia,2022,Solar+BESS,0.3,27.96,1276736.5520000001,1.3,0.0
159,Australia,2023,Solar+BESS,0.3,28.77,1318425.9087999999,1.3,0.0
160,Australia,2015,Coal,0.3,72.83098369780254,1690307.1428571434,,
161,Australia,2016,Coal,0.3,74.97511160477929,1690307.1428571434,,
162,Australia,2017,Coal,0.3,83.83083253501184,1690307.1428571434,,
163,Australia,2018,Coal,0.3,75.80405346524441,1690307.1428571434,,
164,Australia,2019,Coal,0.3,69.9132046280351,1690307.1428571434,,
165,Australia,2020,Coal,0.3,66.6017069536165,1690307.1428571434,,
166,Australia,2021,Coal,0.3,80.03546834896534,1690307.1428571434,,
167,Australia,2022,Coal,0.3,111.8618557908258,1690307.1428571434,,
168,Australia,2023,Coal,0.3,87.12928544198859,1690307.1428571434,,
169,Australia,2024,Coal,0.3,82.18243718617465,1690307.1428571434,,
170,Australia,2015,Gas,0.3,86.23680306142549,1355169.9999999998,,
171,Australia,2016,Gas,0.3,74.73818551756584,1355169.9999999998,,
172,Australia,2017,Gas,0.3,81.8234574473904,1355169.9999999998,,
173,Australia,2018,Gas,0.3,94.81727148247812,1355169.9999999998,,
174,Australia,2019,Gas,0.3,74.3275679737062,1355169.9999999998,,
175,Australia,2020,Gas,0.3,66.3857223596711,1355169.9999999998,,
176,Australia,2021,Gas,0.3,141.4002820087939,1355169.9999999998,,
177,Australia,2022,Gas,0.3,269.66758025440794,1355169.9999999998,,
178,Australia,2023,Gas,0.3,124.64065920177634,1355169.9999999998,,
179,Australia,2024,Gas,0.3,112.81325042984655,1355169.9999999998,,
180,Australia,2024,Solar+BESS,0.35,31.04,1608150.4025005815,1.6,0.6
181,Australia,2015,Solar+BESS,0.35,88.93,5097804.722840001,1.6,0.6
182,Australia,2016,Solar+BESS,0.35,75.07,4262289.53032,1.6,0.6
183,Australia,2017,Solar+BESS,0.35,73.57,4171893.9055474526,1.6,0.6
184,Australia,2018,Solar+BESS,0.35,58.7,3275465.4823256703,1.6,0.6
185,Australia,2019,Solar+BESS,0.35,46.73,2553857.9739960046,1.6,0.6
186,Australia,2020,Solar+BESS,0.35,40.06,2152088.8665474206,1.6,0.6
187,Australia,2021,Solar+BESS,0.35,37.62,2005254.0944615616,1.6,0.6
188,Australia,2022,Solar+BESS,0.35,33.52,1757917.6363599051,1.6,0.6
189,Australia,2023,Solar+BESS,0.35,33.57,1761136.8121566263,1.6,0.6
190,Australia,2015,Coal,0.35,66.147954797452,1690307.1428571434,,
191,Australia,2016,Coal,0.35,68.29208270442874,1690307.1428571434,,
192,Australia,2017,Coal,0.35,77.1478036346613,1690307.1428571434,,
193,Australia,2018,Coal,0.35,69.12102456489387,1690307.1428571434,,
194,Australia,2019,Coal,0.35,63.23017572768456,1690307.1428571434,,
195,Australia,2020,Coal,0.35,59.91867805326596,1690307.1428571434,,
196,Australia,2021,Coal,0.35,73.35243944861479,1690307.1428571434,,
197,Australia,2022,Coal,0.35,105.17882689047525,1690307.1428571434,,
198,Australia,2023,Coal,0.35,80.44625654163805,1690307.1428571434,,
199,Australia,2024,Coal,0.35,75.4994082858241,1690307.1428571434,,
200,Australia,2015,Gas,0.35,79.87334723560781,1355169.9999999998,,
201,Australia,2016,Gas,0.35,68.37472969174816,1355169.9999999998,,
202,Australia,2017,Gas,0.35,75.46000162157272,1355169.9999999998,,
203,Australia,2018,Gas,0.35,88.45381565666045,1355169.9999999998,,
204,Australia,2019,Gas,0.35,67.9641121478885,1355169.9999999998,,
205,Australia,2020,Gas,0.35,60.02226653385341,1355169.9999999998,,
206,Australia,2021,Gas,0.35,135.03682618297626,1355169.9999999998,,
207,Australia,2022,Gas,0.35,263.3041244285903,1355169.9999999998,,
208,Australia,2023,Gas,0.35,118.27720337595869,1355169.9999999998,,
209,Australia,2024,Gas,0.35,106.44979460402887,1355169.9999999998,,
210,Australia,2024,Solar+BESS,0.4,35.41,2032344.6801693542,1.8,1.7
211,Australia,2015,Solar+BESS,0.4,113.59,7417853.7384,1.8,1.7
212,Australia,2016,Solar+BESS,0.4,93.08,6005342.494200001,1.8,1.7
213,Australia,2017,Solar+BESS,0.4,86.87,5577105.312212139,1.8,1.7
214,Australia,2018,Solar+BESS,0.4,70.84,4473195.434147026,1.8,1.7
215,Australia,2019,Solar+BESS,0.4,53.19,3257526.845939514,1.8,1.7
216,Australia,2020,Solar+BESS,0.4,46.04,2765048.961646824,1.8,1.7
217,Australia,2021,Solar+BESS,0.4,43.34,2578909.7533258535,1.8,1.7
218,Australia,2022,Solar+BESS,0.4,40.39,2375309.7334222165,1.8,1.7
219,Australia,2023,Solar+BESS,0.4,39.15,2290237.228260968,1.8,1.7
220,Australia,2015,Coal,0.4,61.135683122189114,1690307.1428571434,,
221,Australia,2016,Coal,0.4,63.27981102916586,1690307.1428571434,,
222,Australia,2017,Coal,0.4,72.13553195939842,1690307.1428571434,,
223,Australia,2018,Coal,0.4,64.10875288963098,1690307.1428571434,,
224,Australia,2019,Coal,0.4,58.21790405242167,1690307.1428571434,,
225,Australia,2020,Coal,0.4,54.906406378003076,1690307.1428571434,,
226,Australia,2021,Coal,0.4,68.34016777335192,1690307.1428571434,,
227,Australia,2022,Coal,0.4,100.16655521521237,1690307.1428571434,,
228,Australia,2023,Coal,0.4,75.43398486637516,1690307.1428571434,,
229,Australia,2024,Coal,0.4,70.4871366105612,1690307.1428571434,,
230,Australia,2015,Gas,0.4,75.10075536624456,1355169.9999999998,,
231,Australia,2016,Gas,0.4,63.602137822384904,1355169.9999999998,,
232,Australia,2017,Gas,0.4,70.68740975220948,1355169.9999999998,,
233,Australia,2018,Gas,0.4,83.6812237872972,1355169.9999999998,,
234,Australia,2019,Gas,0.4,63.19152027852526,1355169.9999999998,,
235,Australia,2020,Gas,0.4,55.249674664490165,1355169.9999999998,,
236,Australia,2021,Gas,0.4,130.264234313613,1355169.9999999998,,
237,Australia,2022,Gas,0.4,258.531532559227,1355169.9999999998,,
238,Australia,2023,Gas,0.4,113.50461150659544,1355169.9999999998,,
239,Australia,2024,Gas,0.4,101.67720273466563,1355169.9999999998,,
240,Australia,2024,Solar+BESS,0.45,39.24,2482726.5011539087,2.1,2.9
241,Australia,2015,Solar+BESS,0.45,134.52,9865806.743499998,2.1,2.9
242,Australia,2016,Solar+BESS,0.45,108.46,7846281.292099999,2.1,2.9
243,Australia,2017,Solar+BESS,0.45,98.37,7064279.133534523,2.1,2.9
244,Australia,2018,Solar+BESS,0.45,81.27,5739623.733770026,2.1,2.9
245,Australia,2019,Solar+BESS,0.45,58.88,4004164.9581394023,2.1,2.9
246,Australia,2020,Solar+BESS,0.45,51.28,3415138.5217826925,2.1,2.9
247,Australia,2021,Solar+BESS,0.45,48.34,3187277.4237008095,2.1,2.9
248,Australia,2022,Solar+BESS,0.45,46.29,3028401.7621328076,2.1,2.9
249,Australia,2023,Solar+BESS,0.45,44.0,2850987.384436404,2.1,2.9
250,Australia,2015,Coal,0.45,57.237249596984626,1690307.1428571434,,
251,Australia,2016,Coal,0.45,59.381377503961374,1690307.1428571434,,
252,Australia,2017,Coal,0.45,68.23709843419394,1690307.1428571434,,
253,Australia,2018,Coal,0.45,60.210319364426496,1690307.1428571434,,
254,Australia,2019,Coal,0.45,54.31947052721719,1690307.1428571434,,
255,Australia,2020,Coal,0.45,51.00797285279859,1690307.1428571434,,
256,Australia,2021,Coal,0.45,64.44173424814743,1690307.1428571434,,
257,Australia,2022,Coal,0.45,96.26812169000789,1690307.1428571434,,
258,Australia,2023,Coal,0.45,71.53555134117069,1690307.1428571434,,
259,Australia,2024,Coal,0.45,66.58870308535673,1690307.1428571434,,
260,Australia,2015,Gas,0.45,71.38873946785091,1355169.9999999998,,
261,Australia,2016,Gas,0.45,59.89012192399127,1355169.9999999998,,
262,Australia,2017,Gas,0.45,66.97539385381582,1355169.9999999998,,
263,Australia,2018,Gas,0.45,79.96920788890355,1355169.9999999998,,
264,Australia,2019,Gas,0.45,59.479504380131615,1355169.9999999998,,
265,Australia,2020,Gas,0.45,51.53765876609653,1355169.9999999998,,
266,Australia,2021,Gas,0.45,126.55221841521934,1355169.9999999998,,
267,Australia,2022,Gas,0.45,254.8195166608334,1355169.9999999998,,
268,Australia,2023,Gas,0.45,109.79259560820178,1355169.9999999998,,
269,Australia,2024,Gas,0.45,97.96518683627198,1355169.9999999998,,
270,Australia,2024,Solar+BESS,0.5,42.56,2943537.3494468657,2.3,4.1
271,Australia,2015,Solar+BESS,0.5,153.12,12463640.374400001,2.3,4.1
272,Australia,2016,Solar+BESS,0.5,122.06,9788970.9982,2.3,4.1
273,Australia,2017,Solar+BESS,0.5,108.43,8615009.627038948,2.3,4.1
274,Australia,2018,Solar+BESS,0.5,90.45,7067265.827998953,2.3,4.1
275,Australia,2019,Solar+BESS,0.5,63.78,4770960.420984587,2.3,4.1
276,Australia,2020,Solar+BESS,0.5,55.81,4084608.7089925143,2.3,4.1
277,Australia,2021,Solar+BESS,0.5,52.67,3814004.889600261,2.3,4.1
278,Australia,2022,Solar+BESS,0.5,51.48,3711302.10909706,2.3,4.1
279,Australia,2023,Solar+BESS,0.5,48.22,3430890.1780299195,2.3,4.1
280,Australia,2015,Coal,0.5,54.11850277682106,1690307.1428571434,,
281,Australia,2016,Coal,0.5,56.2626306837978,1690307.1428571434,,
282,Australia,2017,Coal,0.5,65.11835161403036,1690307.1428571434,,
283,Australia,2018,Coal,0.5,57.09157254426292,1690307.1428571434,,
284,Australia,2019,Coal,0.5,51.20072370705362,1690307.1428571434,,
285,Australia,2020,Coal,0.5,47.889226032635015,1690307.1428571434,,
286,Australia,2021,Coal,0.5,61.32298742798386,1690307.1428571434,,
287,Australia,2022,Coal,0.5,93.14937486984431,1690307.1428571434,,
288,Australia,2023,Coal,0.5,68.41680452100711,1690307.1428571434,,
289,Australia,2024,Coal,0.5,63.46995626519316,1690307.1428571434,,
290,Australia,2015,Gas,0.5,68.41912674913601,1355169.9999999998,,
291,Australia,2016,Gas,0.5,56.92050920527635,1355169.9999999998,,
292,Australia,2017,Gas,0.5,64.00578113510093,1355169.9999999998,,
293,Australia,2018,Gas,0.5,76.99959517018864,1355169.9999999998,,
294,Australia,2019,Gas,0.5,56.5098916614167,1355169.9999999998,,
295,Australia,2020,Gas,0.5,48.568046047381614,1355169.9999999998,,
296,Australia,2021,Gas,0.5,123.58260569650444,1355169.9999999998,,
297,Australia,2022,Gas,0.5,251.84990394211852,1355169.9999999998,,
298,Australia,2023,Gas,0.5,106.82298288948688,1355169.9999999998,,
299,Australia,2024,Gas,0.5,94.99557411755707,1355169.9999999998,,
300,Australia,2024,Solar+BESS,0.55,45.37,3412172.159239039,2.5,5.4
301,Australia,2015,Solar+BESS,0.55,168.59,15083829.002600001,2.5,5.4
302,Australia,2016,Solar+BESS,0.55,133.41,11750845.345,2.5,5.4
303,Australia,2017,Solar+BESS,0.55,116.88,10185272.666547826,2.5,5.4
304,Australia,2018,Solar+BESS,0.55,98.13,8410006.480676206,2.5,5.4
305,Australia,2019,Solar+BESS,0.55,67.94,5550105.591329482,2.5,5.4
306,Australia,2020,Solar+BESS,0.55,59.64,4764435.615663182,2.5,5.4
307,Australia,2021,Solar+BESS,0.55,56.33,4450376.132170919,2.5,5.4
308,Australia,2022,Solar+BESS,0.55,55.82,4402369.508874458,2.5,5.4
309,Australia,2023,Solar+BESS,0.55,51.77,4019199.3061768124,2.5,5.4
310,Australia,2015,Coal,0.55,51.566800833050856,1690307.1428571434,,
311,Australia,2016,Coal,0.55,53.7109287400276,1690307.1428571434,,
312,Australia,2017,Coal,0.55,62.566649670260155,1690307.1428571434,,
313,Australia,2018,Coal,0.55,54.53987060049272,1690307.1428571434,,
314,Australia,2019,Coal,0.55,48.649021763283415,1690307.1428571434,,
315,Australia,2020,Coal,0.55,45.33752408886482,1690307.1428571434,,
316,Australia,2021,Coal,0.55,58.77128548421366,1690307.1428571434,,
317,Australia,2022,Coal,0.55,90.59767292607411,1690307.1428571434,,
318,Australia,2023,Coal,0.55,65.8651025772369,1690307.1428571434,,
319,Australia,2024,Coal,0.55,60.91825432142296,1690307.1428571434,,
320,Australia,2015,Gas,0.55,65.98944361564199,1355169.9999999998,,
321,Australia,2016,Gas,0.55,54.49082607178233,1355169.9999999998,,
322,Australia,2017,Gas,0.55,61.5760980016069,1355169.9999999998,,
323,Australia,2018,Gas,0.55,74.56991203669462,1355169.9999999998,,
324,Australia,2019,Gas,0.55,54.080208527922686,1355169.9999999998,,
325,Australia,2020,Gas,0.55,46.13836291388759,1355169.9999999998,,
326,Australia,2021,Gas,0.55,121.15292256301042,1355169.9999999998,,
327,Australia,2022,Gas,0.55,249.4202208086245,1355169.9999999998,,
328,Australia,2023,Gas,0.55,104.39329975599286,1355169.9999999998,,
329,Australia,2024,Gas,0.55,92.56589098406303,1355169.9999999998,,
330,Australia,2024,Solar+BESS,0.6,47.78,3886593.0469777705,2.7,6.8
331,Australia,2015,Solar+BESS,0.6,181.88,17741662.2024,2.7,6.8
332,Australia,2016,Solar+BESS,0.6,143.15,13740300.7254,2.7,6.8
333,Australia,2017,Solar+BESS,0.6,124.14,11776577.361051634,2.7,6.8
334,Australia,2018,Solar+BESS,0.6,104.74,9771136.920595964,2.7,6.8
335,Australia,2019,Solar+BESS,0.6,71.52,6339033.53643568,2.7,6.8
336,Australia,2020,Solar+BESS,0.6,62.94,5452901.923030653,2.7,6.8
337,Australia,2021,Solar+BESS,0.6,59.48,5094847.134420734,2.7,6.8
338,Australia,2022,Solar+BESS,0.6,59.55,5102803.485581474,2.7,6.8
339,Australia,2023,Solar+BESS,0.6,54.83,4615122.458972638,2.7,6.8
340,Australia,2015,Coal,0.6,49.440382546575684,1690307.1428571434,,
341,Australia,2016,Coal,0.6,51.58451045355244,1690307.1428571434,,
342,Australia,2017,Coal,0.6,60.44023138378499,1690307.1428571434,,
343,Australia,2018,Coal,0.6,52.41345231401755,1690307.1428571434,,
344,Australia,2019,Coal,0.6,46.52260347680825,1690307.1428571434,,
345,Australia,2020,Coal,0.6,43.211105802389646,1690307.1428571434,,
346,Australia,2021,Coal,0.6,56.644867197738485,1690307.1428571434,,
347,Australia,2022,Coal,0.6,88.47125463959894,1690307.1428571434,,
348,Australia,2023,Coal,0.6,63.738684290761746,1690307.1428571434,,
349,Australia,2024,Coal,0.6,58.79183603494779,1690307.1428571434,,
350,Australia,2015,Gas,0.6,63.964707671063614,1355169.9999999998,,
351,Australia,2016,Gas,0.6,52.46609012720398,1355169.9999999998,,
352,Australia,2017,Gas,0.6,59.55136205702854,1355169.9999999998,,
353,Australia,2018,Gas,0.6,72.54517609211625,1355169.9999999998,,
354,Australia,2019,Gas,0.6,52.055472583344326,1355169.9999999998,,
355,Australia,2020,Gas,0.6,44.11362696930924,1355169.9999999998,,
356,Australia,2021,Gas,0.6,119.12818661843203,1355169.9999999998,,
357,Australia,2022,Gas,0.6,247.39548486404607,1355169.9999999998,,
358,Australia,2023,Gas,0.6,102.36856381141449,1355169.9999999998,,
359,Australia,2024,Gas,0.6,90.54115503948466,1355169.9999999998,,
360,Australia,2024,Solar+BESS,0.65,49.95,4366505.6281979885,3.0,8.2
361,Australia,2015,Solar+BESS,0.65,194.09,20501905.3467,3.0,8.2
362,Australia,2016,Solar+BESS,0.65,152.07,15798235.1523,3.0,8.2
363,Australia,2017,Solar+BESS,0.65,130.73,13408687.996421617,3.0,8.2
364,Australia,2018,Solar+BESS,0.65,110.75,11172537.329443153,3.0,8.2
365,Australia,2019,Solar+BESS,0.65,74.72,7139298.709275806,3.0,8.2
366,Australia,2020,Solar+BESS,0.65,65.9,6152664.120799073,3.0,8.2
367,Australia,2021,Solar+BESS,0.65,62.31,5750062.689822554,3.0,8.2
368,Australia,2022,Solar+BESS,0.65,62.95,5822634.686916236,3.0,8.2
369,Australia,2023,Solar+BESS,0.65,57.59,5222685.33245587,3.0,8.2
370,Australia,2015,Coal,0.65,47.641105534942845,1690307.1428571434,,
371,Australia,2016,Coal,0.65,49.7852334419196,1690307.1428571434,,
372,Australia,2017,Coal,0.65,58.640954372152144,1690307.1428571434,,
373,Australia,2018,Coal,0.65,50.61417530238471,1690307.1428571434,,
374,Australia,2019,Coal,0.65,44.723326465175404,1690307.1428571434,,
375,Australia,2020,Coal,0.65,41.41182879075681,1690307.1428571434,,
376,Australia,2021,Coal,0.65,54.845590186105646,1690307.1428571434,,
377,Australia,2022,Coal,0.65,86.67197762796611,1690307.1428571434,,
378,Australia,2023,Coal,0.65,61.93940727912889,1690307.1428571434,,
379,Australia,2024,Coal,0.65,56.992559023314946,1690307.1428571434,,
380,Australia,2015,Gas,0.65,62.25146956411272,1355169.9999999998,,
381,Australia,2016,Gas,0.65,50.752852020253066,1355169.9999999998,,
382,Australia,2017,Gas,0.65,57.83812395007763,1355169.9999999998,,
383,Australia,2018,Gas,0.65,70.83193798516535,1355169.9999999998,,
384,Australia,2019,Gas,0.65,50.342234476393415,1355169.9999999998,,
385,Australia,2020,Gas,0.65,42.40038886235832,1355169.9999999998,,
386,Australia,2021,Gas,0.65,117.41494851148113,1355169.9999999998,,
387,Australia,2022,Gas,0.65,245.68224675709519,1355169.9999999998,,
388,Australia,2023,Gas,0.65,100.65532570446358,1355169.9999999998,,
389,Australia,2024,Gas,0.65,88.82791693253377,1355169.9999999998,,
390,Australia,2024,Solar+BESS,0.7,51.91,4856398.141445467,3.2,9.6
391,Australia,2015,Solar+BESS,0.7,205.01,23311978.067599997,3.2,9.6
392,Australia,2016,Solar+BESS,0.7,160.06,17894162.3218,3.2,9.6
393,Australia,2017,Solar+BESS,0.7,136.65,15072373.412698023,3.2,9.6
394,Australia,2018,Solar+BESS,0.7,116.15,12600489.91948355,3.2,9.6
395,Australia,2019,Solar+BESS,0.7,77.62,7955972.653336562,3.2,9.6
396,Australia,2020,Solar+BESS,0.7,68.58,6866626.584650712,3.2,9.6
397,Australia,2021,Solar+BESS,0.7,64.86,6418556.595074449,3.2,9.6
398,Australia,2022,Solar+BESS,0.7,66.01,6556242.075184293,3.2,9.6
399,Australia,2023,Solar+BESS,0.7,60.09,5842381.629377786,3.2,9.6
400,Australia,2015,Coal,0.7,46.098868096400416,1690307.1428571434,,
401,Australia,2016,Coal,0.7,48.242996003377165,1690307.1428571434,,
402,Australia,2017,Coal,0.7,57.098716933609715,1690307.1428571434,,
403,Australia,2018,Coal,0.7,49.07193786384229,1690307.1428571434,,
404,Australia,2019,Coal,0.7,43.18108902663298,1690307.1428571434,,
405,Australia,2020,Coal,0.7,39.86959135221438,1690307.1428571434,,
406,Australia,2021,Coal,0.7,53.30335274756322,1690307.1428571434,,
407,Australia,2022,Coal,0.7,85.12974018942366,1690307.1428571434,,
408,Australia,2023,Coal,0.7,60.397169840586464,1690307.1428571434,,
409,Australia,2024,Coal,0.7,55.45032158477252,1690307.1428571434,,
410,Australia,2015,Gas,0.7,60.782979758154774,1355169.9999999998,,
411,Australia,2016,Gas,0.7,49.28436221429514,1355169.9999999998,,
412,Australia,2017,Gas,0.7,56.36963414411969,1355169.9999999998,,
413,Australia,2018,Gas,0.7,69.36344817920741,1355169.9999999998,,
414,Australia,2019,Gas,0.7,48.87374467043549,1355169.9999999998,,
415,Australia,2020,Gas,0.7,40.9318990564004,1355169.9999999998,,
416,Australia,2021,Gas,0.7,115.94645870552321,1355169.9999999998,,
417,Australia,2022,Gas,0.7,244.21375695113724,1355169.9999999998,,
418,Australia,2023,Gas,0.7,99.18683589850565,1355169.9999999998,,
419,Australia,2024,Gas,0.7,87.35942712657584,1355169.9999999998,,
420,Australia,2024,Solar+BESS,0.75,53.66,5352374.209265644,3.4,11.0
421,Australia,2015,Solar+BESS,0.75,214.61,26140763.7122,3.4,11.0
422,Australia,2016,Solar+BESS,0.75,167.11,20005850.7682,3.4,11.0
423,Australia,2017,Solar+BESS,0.75,141.92,16751662.230061647,3.4,11.0
424,Australia,2018,Solar+BESS,0.75,120.93,14040637.77765537,3.4,11.0
425,Australia,2019,Solar+BESS,0.75,80.22,8782290.119029826,3.4,11.0
426,Australia,2020,Solar+BESS,0.75,70.97,7588703.745483825,3.4,11.0
427,Australia,2021,Solar+BESS,0.75,67.15,7094610.064274292,3.4,11.0
428,Australia,2022,Solar+BESS,0.75,68.71,7296409.475182341,3.4,11.0
429,Australia,2023,Solar+BESS,0.75,62.3,6468702.376405876,3.4,11.0
430,Australia,2015,Coal,0.75,44.76226231633032,1690307.1428571434,,
431,Australia,2016,Coal,0.75,46.90639022330707,1690307.1428571434,,
432,Australia,2017,Coal,0.75,55.76211115353962,1690307.1428571434,,
433,Australia,2018,Coal,0.75,47.735332083772185,1690307.1428571434,,
434,Australia,2019,Coal,0.75,41.84448324656287,1690307.1428571434,,
435,Australia,2020,Coal,0.75,38.53298557214428,1690307.1428571434,,
436,Australia,2021,Coal,0.75,51.966746967493116,1690307.1428571434,,
437,Australia,2022,Coal,0.75,83.79313440935357,1690307.1428571434,,
438,Australia,2023,Coal,0.75,59.06056406051637,1690307.1428571434,,
439,Australia,2024,Coal,0.75,54.113715804702416,1690307.1428571434,,
440,Australia,2015,Gas,0.75,59.510288592991245,1355169.9999999998,,
441,Australia,2016,Gas,0.75,48.01167104913159,1355169.9999999998,,
442,Australia,2017,Gas,0.75,55.09694297895616,1355169.9999999998,,
443,Australia,2018,Gas,0.75,68.09075701404387,1355169.9999999998,,
444,Australia,2019,Gas,0.75,47.60105350527195,1355169.9999999998,,
445,Australia,2020,Gas,0.75,39.65920789123686,1355169.9999999998,,
446,Australia,2021,Gas,0.75,114.67376754035963,1355169.9999999998,,
447,Australia,2022,Gas,0.75,242.9410657859737,1355169.9999999998,,
448,Australia,2023,Gas,0.75,97.91414473334208,1355169.9999999998,,
449,Australia,2024,Gas,0.75,86.0867359614123,1355169.9999999998,,
450,Australia,2024,Solar+BESS,0.8,55.23,5857251.096391566,3.7,12.4
451,Australia,2015,Solar+BESS,0.8,222.73,28932260.194399998,3.7,12.4
452,Australia,2016,Solar+BESS,0.8,173.13,22099575.0124,3.7,12.4
453,Australia,2017,Solar+BESS,0.8,146.52,18433574.34762598,3.7,12.4
454,Australia,2018,Solar+BESS,0.8,125.05,15476501.333461028,3.7,12.4
455,Australia,2019,Solar+BESS,0.8,82.55,9620726.736542253,3.7,12.4
456,Australia,2020,Solar+BESS,0.8,73.11,8319650.886355782,3.7,12.4
457,Australia,2021,Solar+BESS,0.8,69.18,7778759.271399645,3.7,12.4
458,Australia,2022,Solar+BESS,0.8,71.05,8035984.747555128,3.7,12.4
459,Australia,2023,Solar+BESS,0.8,64.26,7100435.447060268,3.7,12.4
460,Australia,2015,Coal,0.8,43.592732258768976,1690307.1428571434,,
461,Australia,2016,Coal,0.8,45.736860165745725,1690307.1428571434,,
462,Australia,2017,Coal,0.8,54.59258109597828,1690307.1428571434,,
463,Australia,2018,Coal,0.8,46.56580202621084,1690307.1428571434,,
464,Australia,2019,Coal,0.8,40.674953189001535,1690307.1428571434,,
465,Australia,2020,Coal,0.8,37.36345551458293,1690307.1428571434,,
466,Australia,2021,Coal,0.8,50.79721690993177,1690307.1428571434,,
467,Australia,2022,Coal,0.8,82.62360435179222,1690307.1428571434,,
468,Australia,2023,Coal,0.8,57.89103400295501,1690307.1428571434,,
469,Australia,2024,Coal,0.8,52.94418574714107,1690307.1428571434,,
470,Australia,2015,Gas,0.8,58.39668382347316,1355169.9999999998,,
471,Australia,2016,Gas,0.8,46.898066279613516,1355169.9999999998,,
472,Australia,2017,Gas,0.8,53.983338209438074,1355169.9999999998,,
473,Australia,2018,Gas,0.8,66.9771522445258,1355169.9999999998,,
474,Australia,2019,Gas,0.8,46.48744873575386,1355169.9999999998,,
475,Australia,2020,Gas,0.8,38.54560312171877,1355169.9999999998,,
476,Australia,2021,Gas,0.8,113.56016277084159,1355169.9999999998,,
477,Australia,2022,Gas,0.8,241.82746101645563,1355169.9999999998,,
478,Australia,2023,Gas,0.8,96.80053996382401,1355169.9999999998,,
479,Australia,2024,Gas,0.8,84.97313119189423,1355169.9999999998,,
480,Australia,2024,Solar+BESS,0.85,56.83,6388046.610961547,4.0,13.7
481,Australia,2015,Solar+BESS,0.85,230.52,31812467.4615,4.0,13.7
482,Australia,2016,Solar+BESS,0.85,178.97,24266149.5105,4.0,13.7
483,Australia,2017,Solar+BESS,0.85,151.08,20184771.414601322,4.0,13.7
484,Australia,2018,Solar+BESS,0.85,129.1,16967396.631852906,4.0,13.7
485,Australia,2019,Solar+BESS,0.85,84.92,10500525.551610077,4.0,13.7
486,Australia,2020,Solar+BESS,0.85,75.26,9085587.42166428,4.0,13.7
487,Australia,2021,Solar+BESS,0.85,71.23,8495527.485334914,4.0,13.7
488,Australia,2022,Solar+BESS,0.85,73.34,8804924.450293815,4.0,13.7
489,Australia,2023,Solar+BESS,0.85,66.21,7760986.278495271,4.0,13.7
490,Australia,2015,Coal,0.85,42.56079397268543,1690307.1428571434,,
491,Australia,2016,Coal,0.85,44.70492187966218,1690307.1428571434,,
492,Australia,2017,Coal,0.85,53.56064280989474,1690307.1428571434,,
493,Australia,2018,Coal,0.85,45.5338637401273,1690307.1428571434,,
494,Australia,2019,Coal,0.85,39.643014902918,1690307.1428571434,,
495,Australia,2020,Coal,0.85,36.33151722849939,1690307.1428571434,,
496,Australia,2021,Coal,0.85,49.76527862384823,1690307.1428571434,,
497,Australia,2022,Coal,0.85,81.5916660657087,1690307.1428571434,,
498,Australia,2023,Coal,0.85,56.85909571687148,1690307.1428571434,,
499,Australia,2024,Coal,0.85,51.91224746105753,1690307.1428571434,,
500,Australia,2015,Gas,0.85,57.41409137978073,1355169.9999999998,,
501,Australia,2016,Gas,0.85,45.91547383592107,1355169.9999999998,,
502,Australia,2017,Gas,0.85,53.00074576574564,1355169.9999999998,,
503,Australia,2018,Gas,0.85,65.99455980083336,1355169.9999999998,,
504,Australia,2019,Gas,0.85,45.50485629206142,1355169.9999999998,,
505,Australia,2020,Gas,0.85,37.56301067802633,1355169.9999999998,,
506,Australia,2021,Gas,0.85,112.57757032714915,1355169.9999999998,,
507,Australia,2022,Gas,0.85,240.8448685727632,1355169.9999999998,,
508,Australia,2023,Gas,0.85,95.81794752013158,1355169.9999999998,,
509,Australia,2024,Gas,0.85,83.99053874820177,1355169.9999999998,,
510,Australia,2024,Solar+BESS,0.9,58.59,6998533.864837404,4.4,14.6
511,Australia,2015,Solar+BESS,0.9,235.58,34429408.9031,4.4,14.6
512,Australia,2016,Solar+BESS,0.9,183.23,26316669.7741,4.4,14.6
513,Australia,2017,Solar+BESS,0.9,155.26,21981513.711270526,4.4,14.6
514,Australia,2018,Solar+BESS,0.9,132.44,18444088.569446906,4.4,14.6
515,Australia,2019,Solar+BESS,0.9,87.58,11491003.476754406,4.4,14.6
516,Australia,2020,Solar+BESS,0.9,77.53,9934217.392713897,4.4,14.6
517,Australia,2021,Solar+BESS,0.9,73.36,9288015.659472544,4.4,14.6
518,Australia,2022,Solar+BESS,0.9,75.25,9579686.717029635,4.4,14.6
519,Australia,2023,Solar+BESS,0.9,68.12,8474667.45577012,4.4,14.6
520,Australia,2015,Coal,0.9,41.643515496166735,1690307.1428571434,,
521,Australia,2016,Coal,0.9,43.78764340314348,1690307.1428571434,,
522,Australia,2017,Coal,0.9,52.643364333376034,1690307.1428571434,,
523,Australia,2018,Coal,0.9,44.6165852636086,1690307.1428571434,,
524,Australia,2019,Coal,0.9,38.725736426399294,1690307.1428571434,,
525,Australia,2020,Coal,0.9,35.41423875198069,1690307.1428571434,,
526,Australia,2021,Coal,0.9,48.84800014732953,1690307.1428571434,,
527,Australia,2022,Coal,0.9,80.67438758918999,1690307.1428571434,,
528,Australia,2023,Coal,0.9,55.941817240352776,1690307.1428571434,,
529,Australia,2024,Coal,0.9,50.99496898453882,1690307.1428571434,,
530,Australia,2015,Gas,0.9,56.540675874276346,1355169.9999999998,,
531,Australia,2016,Gas,0.9,45.042058330416694,1355169.9999999998,,
532,Australia,2017,Gas,0.9,52.12733026024125,1355169.9999999998,,
533,Australia,2018,Gas,0.9,65.12114429532897,1355169.9999999998,,
534,Australia,2019,Gas,0.9,44.63144078655704,1355169.9999999998,,
535,Australia,2020,Gas,0.9,36.68959517252195,1355169.9999999998,,
536,Australia,2021,Gas,0.9,111.70415482164475,1355169.9999999998,,
537,Australia,2022,Gas,0.9,239.97145306725884,1355169.9999999998,,
538,Australia,2023,Gas,0.9,94.9445320146272,1355169.9999999998,,
539,Australia,2024,Gas,0.9,83.11712324269739,1355169.9999999998,,
540,Australia,2024,Solar+BESS,0.95,61.45,7808394.5071516475,5.2,15.3
541,Australia,2015,Solar+BESS,0.95,242.29,37393761.348799996,5.2,15.3
542,Australia,2016,Solar+BESS,0.95,189.25,28715069.738799997,5.2,15.3
543,Australia,2017,Solar+BESS,0.95,161.69,24206549.313805837,5.2,15.3
544,Australia,2018,Solar+BESS,0.95,137.38,20229482.495315984,5.2,15.3
545,Australia,2019,Solar+BESS,0.95,91.9,12789341.732434787,5.2,15.3
546,Australia,2020,Solar+BESS,0.95,81.18,11036442.33423991,5.2,15.3
547,Australia,2021,Solar+BESS,0.95,76.78,10316061.79913191,5.2,15.3
548,Australia,2022,Solar+BESS,0.95,78.07,10527544.418864232,5.2,15.3
549,Australia,2023,Solar+BESS,0.95,71.11,9387853.381516336,5.2,15.3
550,Australia,2015,Coal,0.95,40.82279264875527,1690307.1428571434,,
551,Australia,2016,Coal,0.95,42.966920555732024,1690307.1428571434,,
552,Australia,2017,Coal,0.95,51.822641485964574,1690307.1428571434,,
553,Australia,2018,Coal,0.95,43.79586241619714,1690307.1428571434,,
554,Australia,2019,Coal,0.95,37.905013578987834,1690307.1428571434,,
555,Australia,2020,Coal,0.95,34.59351590456923,1690307.1428571434,,
556,Australia,2021,Coal,0.95,48.02727729991806,1690307.1428571434,,
557,Australia,2022,Coal,0.95,79.85366474177852,1690307.1428571434,,
558,Australia,2023,Coal,0.95,55.12109439294132,1690307.1428571434,,
559,Australia,2024,Coal,0.95,50.17424613712737,1690307.1428571434,,
560,Australia,2015,Gas,0.95,55.75919884303557,1355169.9999999998,,
561,Australia,2016,Gas,0.95,44.26058129917591,1355169.9999999998,,
562,Australia,2017,Gas,0.95,51.34585322900048,1355169.9999999998,,
563,Australia,2018,Gas,0.95,64.3396672640882,1355169.9999999998,,
564,Australia,2019,Gas,0.95,43.84996375531627,1355169.9999999998,,
565,Australia,2020,Gas,0.95,35.90811814128118,1355169.9999999998,,
566,Australia,2021,Gas,0.95,110.92267779040398,1355169.9999999998,,
567,Australia,2022,Gas,0.95,239.18997603601804,1355169.9999999998,,
568,Australia,2023,Gas,0.95,94.16305498338643,1355169.9999999998,,
569,Australia,2024,Gas,0.95,82.3356462114566,1355169.9999999998,,
570,Australia,2024,Solar+BESS,1.0,69.91,9399423.78284995,6.4,17.6
571,Australia,2015,Solar+BESS,1.0,271.9,44185091.2972,6.4,17.6
572,Australia,2016,Solar+BESS,1.0,213.0,34040760.2612,6.4,17.6
573,Australia,2017,Solar+BESS,1.0,183.03,28880139.439447824,6.4,17.6
574,Australia,2018,Solar+BESS,1.0,155.09,24068112.260220997,6.4,17.6
575,Australia,2019,Solar+BESS,1.0,104.58,15369800.854948727,6.4,17.6
576,Australia,2020,Solar+BESS,1.0,92.25,13246770.997414429,6.4,17.6
577,Australia,2021,Solar+BESS,1.0,87.22,12380092.72717451,6.4,17.6
578,Australia,2022,Solar+BESS,1.0,88.16,12542155.753379289,6.4,17.6
579,Australia,2023,Solar+BESS,1.0,80.63,11245913.7472994,6.4,17.6
580,Australia,2015,Coal,1.0,40.084142086084945,1690307.1428571434,,
581,Australia,2016,Coal,1.0,42.22826999306169,1690307.1428571434,,
582,Australia,2017,Coal,1.0,51.083990923294245,1690307.1428571434,,
583,Australia,2018,Coal,1.0,43.057211853526816,1690307.1428571434,,
584,Australia,2019,Coal,1.0,37.166363016317504,1690307.1428571434,,
585,Australia,2020,Coal,1.0,33.85486534189891,1690307.1428571434,,
586,Australia,2021,Coal,1.0,47.288626737247746,1690307.1428571434,,
587,Australia,2022,Coal,1.0,79.1150141791082,1690307.1428571434,,
588,Australia,2023,Coal,1.0,54.382443830271,1690307.1428571434,,
589,Australia,2024,Coal,1.0,49.43559557445705,1690307.1428571434,,
590,Australia,2015,Gas,1.0,55.05586951491889,1355169.9999999998,,
591,Australia,2016,Gas,1.0,43.55725197105924,1355169.9999999998,,
592,Australia,2017,Gas,1.0,50.642523900883795,1355169.9999999998,,
593,Australia,2018,Gas,1.0,63.63633793597152,1355169.9999999998,,
594,Australia,2019,Gas,1.0,43.14663442719958,1355169.9999999998,,
595,Australia,2020,Gas,1.0,35.20478881316449,1355169.9999999998,,
596,Australia,2021,Gas,1.0,110.21934846228731,1355169.9999999998,,
597,Australia,2022,Gas,1.0,238.48664670790137,1355169.9999999998,,
598,Australia,2023,Gas,1.0,93.45972565526975,1355169.9999999998,,
599,Australia,2024,Gas,1.0,81.63231688333994,1355169.9999999998,,
600,Chile,2024,Solar+BESS,0.05,31.78,160471.8902239602,0.2,0.0
601,Chile,2015,Solar+BESS,0.05,91.16,497136.16917251266,0.2,0.0
602,Chile,2016,Solar+BESS,0.05,83.7,454879.9788484931,0.2,0.0
603,Chile,2017,Solar+BESS,0.05,72.43,390957.8273347958,0.2,0.0
604,Chile,2018,Solar+BESS,0.05,62.4,334111.50514359935,0.2,0.0
605,Chile,2019,Solar+BESS,0.05,52.15,275985.9267637134,0.2,0.0
606,Chile,2020,Solar+BESS,0.05,46.23,242433.8876486282,0.2,0.0
607,Chile,2021,Solar+BESS,0.05,43.32,225941.67278731856,0.2,0.0
608,Chile,2022,Solar+BESS,0.05,41.56,215940.6520428982,0.2,0.0
609,Chile,2023,Solar+BESS,0.05,35.25,180176.8340853254,0.2,0.0
610,Chile,2015,Coal,0.05,425.9816570148179,1767280.0,,
611,Chile,2016,Coal,0.05,428.1257849217947,1767280.0,,
612,Chile,2017,Coal,0.05,436.9815058520273,1767280.0,,
613,Chile,2018,Coal,0.05,443.6102500380738,1767280.0,,
614,Chile,2019,Coal,0.05,432.1797616659808,1767280.0,,
615,Chile,2020,Coal,0.05,425.48065701481795,1767280.0,,
616,Chile,2021,Coal,0.05,454.02168027063186,1767280.0,,
617,Chile,2022,Coal,0.05,531.3858198055157,1767280.0,,
618,Chile,2023,Coal,0.05,469.89363375900393,1767280.0,,
619,Chile,2024,Coal,0.05,453.7024244566784,1767280.0,,
620,Chile,2015,Gas,0.05,315.49531386316,1059689.9999999998,,
621,Chile,2016,Gas,0.05,303.9966963193003,1059689.9999999998,,
622,Chile,2017,Gas,0.05,311.0819682491249,1059689.9999999998,,
623,Chile,2018,Gas,0.05,324.0757822842126,1059689.9999999998,,
624,Chile,2019,Gas,0.05,303.5860787754407,1059689.9999999998,,
625,Chile,2020,Gas,0.05,295.64423316140557,1059689.9999999998,,
626,Chile,2021,Gas,0.05,370.6587928105284,1059689.9999999998,,
627,Chile,2022,Gas,0.05,498.92609105614247,1059689.9999999998,,
628,Chile,2023,Gas,0.05,353.8991700035108,1059689.9999999998,,
629,Chile,2024,Gas,0.05,342.07176123158104,1059689.9999999998,,
630,Chile,2024,Solar+BESS,0.1,31.78,320943.7804479204,0.5,0.0
631,Chile,2015,Solar+BESS,0.1,91.16,994272.3383450253,0.5,0.0
632,Chile,2016,Solar+BESS,0.1,83.7,909759.9576969862,0.5,0.0
633,Chile,2017,Solar+BESS,0.1,72.43,781915.6546695916,0.5,0.0
634,Chile,2018,Solar+BESS,0.1,62.4,668223.0102871987,0.5,0.0
635,Chile,2019,Solar+BESS,0.1,52.15,551971.8535274268,0.5,0.0
636,Chile,2020,Solar+BESS,0.1,46.23,484867.7752972564,0.5,0.0
637,Chile,2021,Solar+BESS,0.1,43.32,451883.3455746371,0.5,0.0
638,Chile,2022,Solar+BESS,0.1,41.56,431881.3040857964,0.5,0.0
639,Chile,2023,Solar+BESS,0.1,35.25,360353.6681706508,0.5,0.0
640,Chile,2015,Coal,0.1,226.0157192050834,1767280.0,,
641,Chile,2016,Coal,0.1,228.15984711206013,1767280.0,,
642,Chile,2017,Coal,0.1,237.0155680422927,1767280.0,,
643,Chile,2018,Coal,0.1,243.64431222833917,1767280.0,,
644,Chile,2019,Coal,0.1,232.21382385624617,1767280.0,,
645,Chile,2020,Coal,0.1,225.5147192050834,1767280.0,,
646,Chile,2021,Coal,0.1,254.05574246089733,1767280.0,,
647,Chile,2022,Coal,0.1,331.41988199578105,1767280.0,,
648,Chile,2023,Coal,0.1,269.9276959492694,1767280.0,,
649,Chile,2024,Coal,0.1,253.73648664694386,1767280.0,,
650,Chile,2015,Gas,0.1,178.59396307193086,1059689.9999999998,,
651,Chile,2016,Gas,0.1,167.0953455280712,1059689.9999999998,,
652,Chile,2017,Gas,0.1,174.18061745789575,1059689.9999999998,,
653,Chile,2018,Gas,0.1,187.1744314929835,1059689.9999999998,,
654,Chile,2019,Gas,0.1,166.68472798421158,1059689.9999999998,,
655,Chile,2020,Gas,0.1,158.74288237017646,1059689.9999999998,,
656,Chile,2021,Gas,0.1,233.7574420192993,1059689.9999999998,,
657,Chile,2022,Gas,0.1,362.02474026491336,1059689.9999999998,,
658,Chile,2023,Gas,0.1,216.99781921228174,1059689.9999999998,,
659,Chile,2024,Gas,0.1,205.17041044035193,1059689.9999999998,,
660,Chile,2024,Solar+BESS,0.15,31.78,481415.67067188054,0.7,0.0
661,Chile,2015,Solar+BESS,0.15,91.16,1491408.5075175378,0.7,0.0
662,Chile,2016,Solar+BESS,0.15,83.7,1364639.936545479,0.7,0.0
663,Chile,2017,Solar+BESS,0.15,72.43,1172873.4820043873,0.7,0.0
664,Chile,2018,Solar+BESS,0.15,62.4,1002334.5154307979,0.7,0.0
665,Chile,2019,Solar+BESS,0.15,52.15,827957.7802911401,0.7,0.0
666,Chile,2020,Solar+BESS,0.15,46.23,727301.6629458845,0.7,0.0
667,Chile,2021,Solar+BESS,0.15,43.32,677825.0183619556,0.7,0.0
668,Chile,2022,Solar+BESS,0.15,41.56,647821.9561286945,0.7,0.0
669,Chile,2023,Solar+BESS,0.15,35.25,540530.5022559761,0.7,0.0
670,Chile,2015,Coal,0.15,159.36040660183852,1767280.0,,
671,Chile,2016,Coal,0.15,161.50453450881525,1767280.0,,
672,Chile,2017,Coal,0.15,170.36025543904782,1767280.0,,
673,Chile,2018,Coal,0.15,176.98899962509432,1767280.0,,
674,Chile,2019,Coal,0.15,165.5585112530013,1767280.0,,
675,Chile,2020,Coal,0.15,158.85940660183851,1767280.0,,
676,Chile,2021,Coal,0.15,187.40042985765248,1767280.0,,
677,Chile,2022,Coal,0.15,264.7645693925362,1767280.0,,
678,Chile,2023,Coal,0.15,203.27238334602453,1767280.0,,
679,Chile,2024,Coal,0.15,187.08117404369898,1767280.0,,
680,Chile,2015,Gas,0.15,132.96017947485447,1059689.9999999998,,
681,Chile,2016,Gas,0.15,121.46156193099483,1059689.9999999998,,
682,Chile,2017,Gas,0.15,128.5468338608194,1059689.9999999998,,
683,Chile,2018,Gas,0.15,141.5406478959071,1059689.9999999998,,
684,Chile,2019,Gas,0.15,121.05094438713517,1059689.9999999998,,
685,Chile,2020,Gas,0.15,113.10909877310009,1059689.9999999998,,
686,Chile,2021,Gas,0.15,188.1236584222229,1059689.9999999998,,
687,Chile,2022,Gas,0.15,316.390956667837,1059689.9999999998,,
688,Chile,2023,Gas,0.15,171.36403561520532,1059689.9999999998,,
689,Chile,2024,Gas,0.15,159.5366268432755,1059689.9999999998,,
690,Chile,2024,Solar+BESS,0.2,31.78,641887.5608958408,0.9,0.0
691,Chile,2015,Solar+BESS,0.2,91.16,1988544.6766900506,0.9,0.0
692,Chile,2016,Solar+BESS,0.2,83.7,1819519.9153939723,0.9,0.0
693,Chile,2017,Solar+BESS,0.2,72.43,1563831.3093391831,0.9,0.0
694,Chile,2018,Solar+BESS,0.2,62.4,1336446.0205743974,0.9,0.0
695,Chile,2019,Solar+BESS,0.2,52.15,1103943.7070548537,0.9,0.0
696,Chile,2020,Solar+BESS,0.2,46.23,969735.5505945128,0.9,0.0
697,Chile,2021,Solar+BESS,0.2,43.32,903766.6911492742,0.9,0.0
698,Chile,2022,Solar+BESS,0.2,41.56,863762.6081715928,0.9,0.0
699,Chile,2023,Solar+BESS,0.2,35.25,720707.3363413016,0.9,0.0
700,Chile,2015,Coal,0.2,126.03275030021612,1767280.0,,
701,Chile,2016,Coal,0.2,128.17687820719286,1767280.0,,
702,Chile,2017,Coal,0.2,137.03259913742542,1767280.0,,
703,Chile,2018,Coal,0.2,143.66134332347193,1767280.0,,
704,Chile,2019,Coal,0.2,132.23085495137892,1767280.0,,
705,Chile,2020,Coal,0.2,125.53175030021612,1767280.0,,
706,Chile,2021,Coal,0.2,154.07277355603006,1767280.0,,
707,Chile,2022,Coal,0.2,231.4369130909138,1767280.0,,
708,Chile,2023,Coal,0.2,169.94472704440216,1767280.0,,
709,Chile,2024,Coal,0.2,153.7535177420766,1767280.0,,
710,Chile,2015,Gas,0.2,110.14328767631632,1059689.9999999998,,
711,Chile,2016,Gas,0.2,98.64467013245665,1059689.9999999998,,
712,Chile,2017,Gas,0.2,105.72994206228122,1059689.9999999998,,
713,Chile,2018,Gas,0.2,118.72375609736895,1059689.9999999998,,
714,Chile,2019,Gas,0.2,98.23405258859701,1059689.9999999998,,
715,Chile,2020,Gas,0.2,90.29220697456192,1059689.9999999998,,
716,Chile,2021,Gas,0.2,165.30676662368475,1059689.9999999998,,
717,Chile,2022,Gas,0.2,293.57406486929887,1059689.9999999998,,
718,Chile,2023,Gas,0.2,148.5471438166672,1059689.9999999998,,
719,Chile,2024,Gas,0.2,136.7197350447374,1059689.9999999998,,
720,Chile,2024,Solar+BESS,0.25,32.37,817268.177443997,1.2,0.0
721,Chile,2015,Solar+BESS,0.25,92.85,2531867.5461108643,1.2,0.0
722,Chile,2016,Solar+BESS,0.25,85.26,2316660.760650554,1.2,0.0
723,Chile,2017,Solar+BESS,0.25,73.78,1991111.2815923325,1.2,0.0
724,Chile,2018,Solar+BESS,0.25,63.56,1701598.3328338054,1.2,0.0
725,Chile,2019,Solar+BESS,0.25,53.12,1405570.2531551209,1.2,0.0
726,Chile,2020,Solar+BESS,0.25,47.09,1234692.887537718,1.2,0.0
727,Chile,2021,Solar+BESS,0.25,44.13,1150699.5952364549,1.2,0.0
728,Chile,2022,Solar+BESS,0.25,42.33,1099765.3413620547,1.2,0.0
729,Chile,2023,Solar+BESS,0.25,35.91,917623.5950422978,1.2,0.0
730,Chile,2015,Coal,0.25,106.03615651924267,1767280.0,,
731,Chile,2016,Coal,0.25,108.1802844262194,1767280.0,,
732,Chile,2017,Coal,0.25,117.03600535645195,1767280.0,,
733,Chile,2018,Coal,0.25,123.66474954249847,1767280.0,,
734,Chile,2019,Coal,0.25,112.23426117040545,1767280.0,,
735,Chile,2020,Coal,0.25,105.53515651924265,1767280.0,,
736,Chile,2021,Coal,0.25,134.0761797750566,1767280.0,,
737,Chile,2022,Coal,0.25,211.44031930994035,1767280.0,,
738,Chile,2023,Coal,0.25,149.9481332634287,1767280.0,,
739,Chile,2024,Coal,0.25,133.75692396110313,1767280.0,,
740,Chile,2015,Gas,0.25,96.45315259719338,1059689.9999999998,,
741,Chile,2016,Gas,0.25,84.95453505333374,1059689.9999999998,,
742,Chile,2017,Gas,0.25,92.03980698315829,1059689.9999999998,,
743,Chile,2018,Gas,0.25,105.03362101824601,1059689.9999999998,,
744,Chile,2019,Gas,0.25,84.5439175094741,1059689.9999999998,,
745,Chile,2020,Gas,0.25,76.602071895439,1059689.9999999998,,
746,Chile,2021,Gas,0.25,151.61663154456184,1059689.9999999998,,
747,Chile,2022,Gas,0.25,279.88392979017584,1059689.9999999998,,
748,Chile,2023,Gas,0.25,134.85700873754425,1059689.9999999998,,
749,Chile,2024,Gas,0.25,123.02959996561445,1059689.9999999998,,
750,Chile,2024,Solar+BESS,0.3,35.54,1076723.182724186,1.6,0.0
751,Chile,2015,Solar+BESS,0.3,101.94,3335649.8609923795,1.6,0.0
752,Chile,2016,Solar+BESS,0.3,93.61,3052122.1997180064,1.6,0.0
753,Chile,2017,Solar+BESS,0.3,81.0,2623221.7715598466,1.6,0.0
754,Chile,2018,Solar+BESS,0.3,69.79,2241798.2532698466,1.6,0.0
755,Chile,2019,Solar+BESS,0.3,58.32,1851791.2703426254,1.6,0.0
756,Chile,2020,Solar+BESS,0.3,51.7,1626666.1204334304,1.6,0.0
757,Chile,2021,Solar+BESS,0.3,48.45,1516007.7985874217,1.6,0.0
758,Chile,2022,Solar+BESS,0.3,46.48,1448903.6417697119,1.6,0.0
759,Chile,2023,Solar+BESS,0.3,39.42,1208938.0512609726,1.6,0.0
760,Chile,2015,Coal,0.3,92.70509399859368,1767280.0,,
761,Chile,2016,Coal,0.3,94.84922190557042,1767280.0,,
762,Chile,2017,Coal,0.3,103.70494283580298,1767280.0,,
763,Chile,2018,Coal,0.3,110.33368702184949,1767280.0,,
764,Chile,2019,Coal,0.3,98.90319864975646,1767280.0,,
765,Chile,2020,Coal,0.3,92.20409399859368,1767280.0,,
766,Chile,2021,Coal,0.3,120.74511725440763,1767280.0,,
767,Chile,2022,Coal,0.3,198.10925678929138,1767280.0,,
768,Chile,2023,Coal,0.3,136.61707074277973,1767280.0,,
769,Chile,2024,Coal,0.3,120.42586144045416,1767280.0,,
770,Chile,2015,Gas,0.3,87.32639587777813,1059689.9999999998,,
771,Chile,2016,Gas,0.3,75.82777833391846,1059689.9999999998,,
772,Chile,2017,Gas,0.3,82.91305026374303,1059689.9999999998,,
773,Chile,2018,Gas,0.3,95.90686429883075,1059689.9999999998,,
774,Chile,2019,Gas,0.3,75.41716079005882,1059689.9999999998,,
775,Chile,2020,Gas,0.3,67.47531517602373,1059689.9999999998,,
776,Chile,2021,Gas,0.3,142.48987482514653,1059689.9999999998,,
777,Chile,2022,Gas,0.3,270.7571730707606,1059689.9999999998,,
778,Chile,2023,Gas,0.3,125.73025201812898,1059689.9999999998,,
779,Chile,2024,Gas,0.3,113.90284324619917,1059689.9999999998,,
780,Chile,2024,Solar+BESS,0.35,41.92,1456929.910811209,1.9,0.6
781,Chile,2015,Solar+BESS,0.35,134.05,5113372.412446339,1.9,0.6
782,Chile,2016,Solar+BESS,0.35,118.16,4482614.0117297135,1.9,0.6
783,Chile,2017,Solar+BESS,0.35,99.78,3753322.5217777016,1.9,0.6
784,Chile,2018,Solar+BESS,0.35,86.6,3230207.2994022216,1.9,0.6
785,Chile,2019,Solar+BESS,0.35,68.4,2507946.750811779,1.9,0.6
786,Chile,2020,Solar+BESS,0.35,60.84,2207653.70680434,1.9,0.6
787,Chile,2021,Solar+BESS,0.35,57.09,2058959.6755215693,1.9,0.6
788,Chile,2022,Solar+BESS,0.35,56.19,2023148.6925866248,1.9,0.6
789,Chile,2023,Solar+BESS,0.35,47.33,1671610.6828216105,1.9,0.6
790,Chile,2015,Coal,0.35,83.18290648384442,1767280.0,,
791,Chile,2016,Coal,0.35,85.32703439082117,1767280.0,,
792,Chile,2017,Coal,0.35,94.18275532105372,1767280.0,,
793,Chile,2018,Coal,0.35,100.81149950710024,1767280.0,,
794,Chile,2019,Coal,0.35,89.38101113500723,1767280.0,,
795,Chile,2020,Coal,0.35,82.68190648384443,1767280.0,,
796,Chile,2021,Coal,0.35,111.22292973965838,1767280.0,,
797,Chile,2022,Coal,0.35,188.5870692745421,1767280.0,,
798,Chile,2023,Coal,0.35,127.09488322803048,1767280.0,,
799,Chile,2024,Coal,0.35,110.90367392570491,1767280.0,,
800,Chile,2015,Gas,0.35,80.80728393533865,1059689.9999999998,,
801,Chile,2016,Gas,0.35,69.308666391479,1059689.9999999998,,
802,Chile,2017,Gas,0.35,76.39393832130355,1059689.9999999998,,
803,Chile,2018,Gas,0.35,89.38775235639127,1059689.9999999998,,
804,Chile,2019,Gas,0.35,68.89804884761934,1059689.9999999998,,
805,Chile,2020,Gas,0.35,60.956203233584255,1059689.9999999998,,
806,Chile,2021,Gas,0.35,135.97076288270708,1059689.9999999998,,
807,Chile,2022,Gas,0.35,264.23806112832114,1059689.9999999998,,
808,Chile,2023,Gas,0.35,119.21114007568951,1059689.9999999998,,
809,Chile,2024,Gas,0.35,107.38373130375969,1059689.9999999998,,
810,Chile,2024,Solar+BESS,0.4,48.49,1886516.2304767438,2.2,1.8
811,Chile,2015,Solar+BESS,0.4,174.02,7580446.158444501,2.2,1.8
812,Chile,2016,Solar+BESS,0.4,147.3,6368492.33323658,2.2,1.8
813,Chile,2017,Solar+BESS,0.4,121.23,5185961.773819065,2.2,1.8
814,Chile,2018,Solar+BESS,0.4,106.05,4497398.28035155,2.2,1.8
815,Chile,2019,Solar+BESS,0.4,78.57,3251048.8111593537,2.2,1.8
816,Chile,2020,Solar+BESS,0.4,70.15,2869132.5827979087,2.2,1.8
817,Chile,2021,Solar+BESS,0.4,65.94,2678257.314276072,2.2,1.8
818,Chile,2022,Solar+BESS,0.4,66.86,2719831.4125062716,2.2,1.8
819,Chile,2023,Solar+BESS,0.4,55.88,2221718.945847095,2.2,1.8
820,Chile,2015,Coal,0.4,76.04126584778247,1767280.0,,
821,Chile,2016,Coal,0.4,78.18539375475922,1767280.0,,
822,Chile,2017,Coal,0.4,87.04111468499178,1767280.0,,
823,Chile,2018,Coal,0.4,93.6698588710383,1767280.0,,
824,Chile,2019,Coal,0.4,82.23937049894528,1767280.0,,
825,Chile,2020,Coal,0.4,75.54026584778248,1767280.0,,
826,Chile,2021,Coal,0.4,104.08128910359643,1767280.0,,
827,Chile,2022,Coal,0.4,181.4454286384802,1767280.0,,
828,Chile,2023,Coal,0.4,119.95324259196852,1767280.0,,
829,Chile,2024,Coal,0.4,103.76203328964294,1767280.0,,
830,Chile,2015,Gas,0.4,75.91794997850904,1059689.9999999998,,
831,Chile,2016,Gas,0.4,64.41933243464939,1059689.9999999998,,
832,Chile,2017,Gas,0.4,71.50460436447396,1059689.9999999998,,
833,Chile,2018,Gas,0.4,84.49841839956167,1059689.9999999998,,
834,Chile,2019,Gas,0.4,64.00871489078973,1059689.9999999998,,
835,Chile,2020,Gas,0.4,56.066869276754645,1059689.9999999998,,
836,Chile,2021,Gas,0.4,131.08142892587747,1059689.9999999998,,
837,Chile,2022,Gas,0.4,259.34872717149153,1059689.9999999998,,
838,Chile,2023,Gas,0.4,114.32180611885993,1059689.9999999998,,
839,Chile,2024,Gas,0.4,102.49439734693009,1059689.9999999998,,
840,Chile,2024,Solar+BESS,0.45,54.09,2334129.199462288,2.5,3.1
841,Chile,2015,Solar+BESS,0.45,208.4,10208393.829301815,2.5,3.1
842,Chile,2016,Solar+BESS,0.45,172.32,8367231.010135807,2.5,3.1
843,Chile,2017,Solar+BESS,0.45,139.61,6698202.940091122,2.5,3.1
844,Chile,2018,Solar+BESS,0.45,122.73,5836578.750238155,2.5,3.1
845,Chile,2019,Solar+BESS,0.45,87.23,4025549.669311621,2.5,3.1
846,Chile,2020,Solar+BESS,0.45,78.09,3558998.805664999,2.5,3.1
847,Chile,2021,Solar+BESS,0.45,73.49,3324271.624037046,2.5,3.1
848,Chile,2022,Solar+BESS,0.45,75.99,3451735.229620361,2.5,3.1
849,Chile,2023,Solar+BESS,0.45,63.18,2798331.901519779,2.5,3.1
850,Chile,2015,Coal,0.45,70.48665646417872,1767280.0,,
851,Chile,2016,Coal,0.45,72.63078437115547,1767280.0,,
852,Chile,2017,Coal,0.45,81.48650530138802,1767280.0,,
853,Chile,2018,Coal,0.45,88.11524948743455,1767280.0,,
854,Chile,2019,Coal,0.45,76.68476111534152,1767280.0,,
855,Chile,2020,Coal,0.45,69.98565646417873,1767280.0,,
856,Chile,2021,Coal,0.45,98.5266797199927,1767280.0,,
857,Chile,2022,Coal,0.45,175.89081925487645,1767280.0,,
858,Chile,2023,Coal,0.45,114.39863320836479,1767280.0,,
859,Chile,2024,Coal,0.45,98.20742390603921,1767280.0,,
860,Chile,2015,Gas,0.45,72.11513467875267,1059689.9999999998,,
861,Chile,2016,Gas,0.45,60.616517134893016,1059689.9999999998,,
862,Chile,2017,Gas,0.45,67.70178906471757,1059689.9999999998,,
863,Chile,2018,Gas,0.45,80.6956030998053,1059689.9999999998,,
864,Chile,2019,Gas,0.45,60.205899591033365,1059689.9999999998,,
865,Chile,2020,Gas,0.45,52.26405397699826,1059689.9999999998,,
866,Chile,2021,Gas,0.45,127.27861362612107,1059689.9999999998,,
867,Chile,2022,Gas,0.45,255.5459118717351,1059689.9999999998,,
868,Chile,2023,Gas,0.45,110.51899081910351,1059689.9999999998,,
869,Chile,2024,Gas,0.45,98.6915820471737,1059689.9999999998,,
870,Chile,2024,Solar+BESS,0.5,58.82,2792084.4924934944,2.8,4.5
871,Chile,2015,Solar+BESS,0.5,237.71,12934434.189841237,2.8,4.5
872,Chile,2016,Solar+BESS,0.5,193.61,10434128.380161565,2.8,4.5
873,Chile,2017,Solar+BESS,0.5,155.23,8258082.662346841,2.8,4.5
874,Chile,2018,Solar+BESS,0.5,136.91,7218962.661351761,2.8,4.5
875,Chile,2019,Solar+BESS,0.5,94.56,4818086.61902271,2.8,4.5
876,Chile,2020,Solar+BESS,0.5,84.81,4265215.183666615,2.8,4.5
877,Chile,2021,Solar+BESS,0.5,79.88,3985687.623541799,2.8,4.5
878,Chile,2022,Solar+BESS,0.5,83.74,4204451.197244495,2.8,4.5
879,Chile,2023,Solar+BESS,0.5,69.38,3390496.912944783,2.8,4.5
880,Chile,2015,Coal,0.5,66.04296895729574,1767280.0,,
881,Chile,2016,Coal,0.5,68.18709686427249,1767280.0,,
882,Chile,2017,Coal,0.5,77.04281779450504,1767280.0,,
883,Chile,2018,Coal,0.5,83.67156198055156,1767280.0,,
884,Chile,2019,Coal,0.5,72.24107360845854,1767280.0,,
885,Chile,2020,Coal,0.5,65.54196895729574,1767280.0,,
886,Chile,2021,Coal,0.5,94.0829922131097,1767280.0,,
887,Chile,2022,Coal,0.5,171.44713174799344,1767280.0,,
888,Chile,2023,Coal,0.5,109.95494570148176,1767280.0,,
889,Chile,2024,Coal,0.5,93.76373639915622,1767280.0,,
890,Chile,2015,Gas,0.5,69.07288243894759,1059689.9999999998,,
891,Chile,2016,Gas,0.5,57.57426489508793,1059689.9999999998,,
892,Chile,2017,Gas,0.5,64.6595368249125,1059689.9999999998,,
893,Chile,2018,Gas,0.5,77.65335086000019,1059689.9999999998,,
894,Chile,2019,Gas,0.5,57.16364735122827,1059689.9999999998,,
895,Chile,2020,Gas,0.5,49.22180173719318,1059689.9999999998,,
896,Chile,2021,Gas,0.5,124.23636138631602,1059689.9999999998,,
897,Chile,2022,Gas,0.5,252.50365963193002,1059689.9999999998,,
898,Chile,2023,Gas,0.5,107.47673857929843,1059689.9999999998,,
899,Chile,2024,Gas,0.5,95.64932980736863,1059689.9999999998,,
900,Chile,2024,Solar+BESS,0.55,62.84,3257257.4561416204,3.1,5.9
901,Chile,2015,Solar+BESS,0.55,262.32,15697560.575234082,3.1,5.9
902,Chile,2016,Solar+BESS,0.55,211.53,12530144.775190156,3.1,5.9
903,Chile,2017,Solar+BESS,0.55,168.4,9840549.983391624,3.1,5.9
904,Chile,2018,Solar+BESS,0.55,148.85,8621205.371142834,3.1,5.9
905,Chile,2019,Solar+BESS,0.55,100.78,5623092.30725681,3.1,5.9
906,Chile,2020,Solar+BESS,0.55,90.51,4982497.430118261,3.1,5.9
907,Chile,2021,Solar+BESS,0.55,85.29,4657453.223669298,3.1,5.9
908,Chile,2022,Solar+BESS,0.55,90.28,4968416.865174647,3.1,5.9
909,Chile,2023,Solar+BESS,0.55,74.62,3991644.2207702296,3.1,5.9
910,Chile,2015,Coal,0.55,62.407224633482386,1767280.0,,
911,Chile,2016,Coal,0.55,64.55135254045913,1767280.0,,
912,Chile,2017,Coal,0.55,73.40707347069169,1767280.0,,
913,Chile,2018,Coal,0.55,80.03581765673819,1767280.0,,
914,Chile,2019,Coal,0.55,68.60532928464518,1767280.0,,
915,Chile,2020,Coal,0.55,61.90622463348239,1767280.0,,
916,Chile,2021,Coal,0.55,90.44724788929634,1767280.0,,
917,Chile,2022,Coal,0.55,167.81138742418008,1767280.0,,
918,Chile,2023,Coal,0.55,106.31920137766842,1767280.0,,
919,Chile,2024,Coal,0.55,90.12799207534286,1767280.0,,
920,Chile,2015,Gas,0.55,66.58376697001614,1059689.9999999998,,
921,Chile,2016,Gas,0.55,55.08514942615649,1059689.9999999998,,
922,Chile,2017,Gas,0.55,62.17042135598106,1059689.9999999998,,
923,Chile,2018,Gas,0.55,75.16423539106877,1059689.9999999998,,
924,Chile,2019,Gas,0.55,54.67453188229683,1059689.9999999998,,
925,Chile,2020,Gas,0.55,46.732686268261745,1059689.9999999998,,
926,Chile,2021,Gas,0.55,121.74724591738457,1059689.9999999998,,
927,Chile,2022,Gas,0.55,250.01454416299865,1059689.9999999998,,
928,Chile,2023,Gas,0.55,104.98762311036702,1059689.9999999998,,
929,Chile,2024,Gas,0.55,93.1602143384372,1059689.9999999998,,
930,Chile,2024,Solar+BESS,0.6,66.4,3731213.1390805393,3.4,7.4
931,Chile,2015,Solar+BESS,0.6,284.65,18579939.833775736,3.4,7.4
932,Chile,2016,Solar+BESS,0.6,227.7,14705183.30983388,3.4,7.4
933,Chile,2017,Solar+BESS,0.6,180.23,11475686.977272853,3.4,7.4
934,Chile,2018,Solar+BESS,0.6,159.6,10071931.573256943,3.4,7.4
935,Chile,2019,Solar+BESS,0.6,106.26,6443549.779953998,3.4,7.4
936,Chile,2020,Solar+BESS,0.6,95.54,5714059.105607271,3.4,7.4
937,Chile,2021,Solar+BESS,0.6,90.09,5342755.10880962,3.4,7.4
938,Chile,2022,Solar+BESS,0.6,96.13,5753809.138175459,3.4,7.4
939,Chile,2023,Solar+BESS,0.6,79.29,4608142.771547847,3.4,7.4
940,Chile,2015,Coal,0.6,59.37743769697125,1767280.0,,
941,Chile,2016,Coal,0.6,61.52156560394799,1767280.0,,
942,Chile,2017,Coal,0.6,70.37728653418056,1767280.0,,
943,Chile,2018,Coal,0.6,77.00603072022707,1767280.0,,
944,Chile,2019,Coal,0.6,65.57554234813404,1767280.0,,
945,Chile,2020,Coal,0.6,58.87643769697125,1767280.0,,
946,Chile,2021,Coal,0.6,87.4174609527852,1767280.0,,
947,Chile,2022,Coal,0.6,164.78160048766895,1767280.0,,
948,Chile,2023,Coal,0.6,103.28941444115729,1767280.0,,
949,Chile,2024,Coal,0.6,87.09820513883172,1767280.0,,
950,Chile,2015,Gas,0.6,64.50950407923995,1059689.9999999998,,
951,Chile,2016,Gas,0.6,53.010886535380294,1059689.9999999998,,
952,Chile,2017,Gas,0.6,60.096158465204844,1059689.9999999998,,
953,Chile,2018,Gas,0.6,73.08997250029257,1059689.9999999998,,
954,Chile,2019,Gas,0.6,52.60026899152063,1059689.9999999998,,
955,Chile,2020,Gas,0.6,44.65842337748555,1059689.9999999998,,
956,Chile,2021,Gas,0.6,119.67298302660836,1059689.9999999998,,
957,Chile,2022,Gas,0.6,247.9402812722224,1059689.9999999998,,
958,Chile,2023,Gas,0.6,102.9133602195908,1059689.9999999998,,
959,Chile,2024,Gas,0.6,91.08595144766099,1059689.9999999998,,
960,Chile,2024,Solar+BESS,0.65,69.54,4212977.669497911,3.6,8.9
961,Chile,2015,Solar+BESS,0.65,304.09,21500628.735406395,3.6,8.9
962,Chile,2016,Solar+BESS,0.65,241.81,16910659.21289408,3.6,8.9
963,Chile,2017,Solar+BESS,0.65,190.58,13134645.34391011,3.6,8.9
964,Chile,2018,Solar+BESS,0.65,168.99,11543548.025285095,3.6,8.9
965,Chile,2019,Solar+BESS,0.65,111.11,7277490.429708466,3.6,8.9
966,Chile,2020,Solar+BESS,0.65,99.99,6457573.098107474,3.6,8.9
967,Chile,2021,Solar+BESS,0.65,94.31,6039231.232801005,3.6,8.9
968,Chile,2022,Solar+BESS,0.65,101.26,6551183.186733977,3.6,8.9
969,Chile,2023,Solar+BESS,0.65,83.39,5234251.1340854475,3.6,8.9
970,Chile,2015,Coal,0.65,56.81377182761569,1767280.0,,
971,Chile,2016,Coal,0.65,58.95789973459244,1767280.0,,
972,Chile,2017,Coal,0.65,67.813620664825,1767280.0,,
973,Chile,2018,Coal,0.65,74.4423648508715,1767280.0,,
974,Chile,2019,Coal,0.65,63.01187647877847,1767280.0,,
975,Chile,2020,Coal,0.65,56.3127718276157,1767280.0,,
976,Chile,2021,Coal,0.65,84.85379508342965,1767280.0,,
977,Chile,2022,Coal,0.65,162.21793461831336,1767280.0,,
978,Chile,2023,Coal,0.65,100.72574857180174,1767280.0,,
979,Chile,2024,Coal,0.65,84.53453926947616,1767280.0,,
980,Chile,2015,Gas,0.65,62.754358556275456,1059689.9999999998,,
981,Chile,2016,Gas,0.65,51.25574101241582,1059689.9999999998,,
982,Chile,2017,Gas,0.65,58.34101294224038,1059689.9999999998,,
983,Chile,2018,Gas,0.65,71.33482697732809,1059689.9999999998,,
984,Chile,2019,Gas,0.65,50.84512346855616,1059689.9999999998,,
985,Chile,2020,Gas,0.65,42.90327785452107,1059689.9999999998,,
986,Chile,2021,Gas,0.65,117.91783750364388,1059689.9999999998,,
987,Chile,2022,Gas,0.65,246.1851357492579,1059689.9999999998,,
988,Chile,2023,Gas,0.65,101.15821469662635,1059689.9999999998,,
989,Chile,2024,Gas,0.65,89.33080592469652,1059689.9999999998,,
990,Chile,2024,Solar+BESS,0.7,72.29,4700753.877137211,3.9,10.4
991,Chile,2015,Solar+BESS,0.7,320.57,24407860.048827924,3.9,10.4
992,Chile,2016,Solar+BESS,0.7,253.88,19114310.628115244,3.9,10.4
993,Chile,2017,Solar+BESS,0.7,199.49,14797350.166774284,3.9,10.4
994,Chile,2018,Solar+BESS,0.7,177.06,13017155.995980036,3.9,10.4
995,Chile,2019,Solar+BESS,0.7,115.39,8121649.285176571,3.9,10.4
996,Chile,2020,Solar+BESS,0.7,103.9,7209816.931143573,3.9,10.4
997,Chile,2021,Solar+BESS,0.7,98.03,6743763.770397868,3.9,10.4
998,Chile,2022,Solar+BESS,0.7,105.71,7353298.077589777,3.9,10.4
999,Chile,2023,Solar+BESS,0.7,86.96,5865195.839349158,3.9,10.4
1000,Chile,2015,Coal,0.7,54.616343939596625,1767280.0,,
1001,Chile,2016,Coal,0.7,56.760471846573374,1767280.0,,
1002,Chile,2017,Coal,0.7,65.61619277680593,1767280.0,,
1003,Chile,2018,Coal,0.7,72.24493696285244,1767280.0,,
1004,Chile,2019,Coal,0.7,60.81444859075942,1767280.0,,
1005,Chile,2020,Coal,0.7,54.11534393959663,1767280.0,,
1006,Chile,2021,Coal,0.7,82.65636719541058,1767280.0,,
1007,Chile,2022,Coal,0.7,160.02050673029433,1767280.0,,
1008,Chile,2023,Coal,0.7,98.52832068378268,1767280.0,,
1009,Chile,2024,Coal,0.7,82.3371113814571,1767280.0,,
1010,Chile,2015,Gas,0.7,61.249948108020206,1059689.9999999998,,
1011,Chile,2016,Gas,0.7,49.75133056416056,1059689.9999999998,,
1012,Chile,2017,Gas,0.7,56.83660249398512,1059689.9999999998,,
1013,Chile,2018,Gas,0.7,69.83041652907283,1059689.9999999998,,
1014,Chile,2019,Gas,0.7,49.3407130203009,1059689.9999999998,,
1015,Chile,2020,Gas,0.7,41.398867406265815,1059689.9999999998,,
1016,Chile,2021,Gas,0.7,116.41342705538864,1059689.9999999998,,
1017,Chile,2022,Gas,0.7,244.6807253010027,1059689.9999999998,,
1018,Chile,2023,Gas,0.7,99.65380424837107,1059689.9999999998,,
1019,Chile,2024,Gas,0.7,87.82639547644126,1059689.9999999998,,
1020,Chile,2024,Solar+BESS,0.75,74.79,5198781.804594542,4.3,11.8
1021,Chile,2015,Solar+BESS,0.75,334.71,27303186.16339361,4.3,11.8
1022,Chile,2016,Solar+BESS,0.75,264.37,21321345.146383148,4.3,11.8
1023,Chile,2017,Solar+BESS,0.75,207.33,16470196.070523318,4.3,11.8
1024,Chile,2018,Solar+BESS,0.75,184.13,14497783.371703573,4.3,11.8
1025,Chile,2019,Solar+BESS,0.75,119.29,8983274.88316203,4.3,11.8
1026,Chile,2020,Solar+BESS,0.75,107.46,7977069.062744513,4.3,11.8
1027,Chile,2021,Solar+BESS,0.75,101.4,7462175.346787473,4.3,11.8
1028,Chile,2022,Solar+BESS,0.75,109.66,8164650.364505991,4.3,11.8
1029,Chile,2023,Solar+BESS,0.75,90.15,6505046.696295363,4.3,11.8
1030,Chile,2015,Coal,0.75,52.711906436646764,1767280.0,,
1031,Chile,2016,Coal,0.75,54.85603434362352,1767280.0,,
1032,Chile,2017,Coal,0.75,63.71175527385608,1767280.0,,
1033,Chile,2018,Coal,0.75,70.34049945990257,1767280.0,,
1034,Chile,2019,Coal,0.75,58.910011087809565,1767280.0,,
1035,Chile,2020,Coal,0.75,52.21090643664677,1767280.0,,
1036,Chile,2021,Coal,0.75,80.75192969246073,1767280.0,,
1037,Chile,2022,Coal,0.75,158.11606922734447,1767280.0,,
1038,Chile,2023,Coal,0.75,96.6238831808328,1767280.0,,
1039,Chile,2024,Coal,0.75,80.43267387850725,1767280.0,,
1040,Chile,2015,Gas,0.75,59.946125719532304,1059689.9999999998,,
1041,Chile,2016,Gas,0.75,48.447508175672645,1059689.9999999998,,
1042,Chile,2017,Gas,0.75,55.53278010549721,1059689.9999999998,,
1043,Chile,2018,Gas,0.75,68.52659414058493,1059689.9999999998,,
1044,Chile,2019,Gas,0.75,48.036890631813,1059689.9999999998,,
1045,Chile,2020,Gas,0.75,40.09504501777791,1059689.9999999998,,
1046,Chile,2021,Gas,0.75,115.10960466690072,1059689.9999999998,,
1047,Chile,2022,Gas,0.75,243.37690291251477,1059689.9999999998,,
1048,Chile,2023,Gas,0.75,98.34998185988316,1059689.9999999998,,
1049,Chile,2024,Gas,0.75,86.52257308795336,1059689.9999999998,,
1050,Chile,2024,Solar+BESS,0.8,77.2,5722540.361927755,4.7,13.0
1051,Chile,2015,Solar+BESS,0.8,345.81,30089193.179274045,4.7,13.0
1052,Chile,2016,Solar+BESS,0.8,273.06,23490157.412446715,4.7,13.0
1053,Chile,2017,Solar+BESS,0.8,214.1,18141505.477661774,4.7,13.0
1054,Chile,2018,Solar+BESS,0.8,190.16,15969966.935111476,4.7,13.0
1055,Chile,2019,Solar+BESS,0.8,123.12,9888440.57914124,4.7,13.0
1056,Chile,2020,Solar+BESS,0.8,110.91,8781117.848931514,4.7,13.0
1057,Chile,2021,Solar+BESS,0.8,104.67,8214411.624175694,4.7,13.0
1058,Chile,2022,Solar+BESS,0.8,113.23,8990895.264338069,4.7,13.0
1059,Chile,2023,Solar+BESS,0.8,93.07,7162512.791365411,4.7,13.0
1060,Chile,2015,Coal,0.8,51.04552362156566,1767280.0,,
1061,Chile,2016,Coal,0.8,53.189651528542406,1767280.0,,
1062,Chile,2017,Coal,0.8,62.04537245877496,1767280.0,,
1063,Chile,2018,Coal,0.8,68.67411664482147,1767280.0,,
1064,Chile,2019,Coal,0.8,57.24362827272845,1767280.0,,
1065,Chile,2020,Coal,0.8,50.54452362156566,1767280.0,,
1066,Chile,2021,Coal,0.8,79.08554687737963,1767280.0,,
1067,Chile,2022,Coal,0.8,156.44968641226336,1767280.0,,
1068,Chile,2023,Coal,0.8,94.9575003657517,1767280.0,,
1069,Chile,2024,Coal,0.8,78.76629106342612,1767280.0,,
1070,Chile,2015,Gas,0.8,58.8052811296054,1059689.9999999998,,
1071,Chile,2016,Gas,0.8,47.30666358574576,1059689.9999999998,,
1072,Chile,2017,Gas,0.8,54.39193551557032,1059689.9999999998,,
1073,Chile,2018,Gas,0.8,67.38574955065805,1059689.9999999998,,
1074,Chile,2019,Gas,0.8,46.896046041886095,1059689.9999999998,,
1075,Chile,2020,Gas,0.8,38.95420042785101,1059689.9999999998,,
1076,Chile,2021,Gas,0.8,113.96876007697384,1059689.9999999998,,
1077,Chile,2022,Gas,0.8,242.23605832258792,1059689.9999999998,,
1078,Chile,2023,Gas,0.8,97.20913726995627,1059689.9999999998,,
1079,Chile,2024,Gas,0.8,85.38172849802648,1059689.9999999998,,
1080,Chile,2024,Solar+BESS,0.85,80.01,6318737.779910108,5.3,13.9
1081,Chile,2015,Solar+BESS,0.85,354.54,32778876.59087892,5.3,13.9
1082,Chile,2016,Solar+BESS,0.85,280.84,25675699.8706936,5.3,13.9
1083,Chile,2017,Solar+BESS,0.85,220.71,19880326.566298693,5.3,13.9
1084,Chile,2018,Solar+BESS,0.85,195.89,17487746.84815451,5.3,13.9
1085,Chile,2019,Solar+BESS,0.85,127.72,10916980.646398917,5.3,13.9
1086,Chile,2020,Solar+BESS,0.85,115.0,9691081.577189347,5.3,13.9
1087,Chile,2021,Solar+BESS,0.85,108.5,9064562.330163749,5.3,13.9
1088,Chile,2022,Solar+BESS,0.85,116.97,9881138.167207541,5.3,13.9
1089,Chile,2023,Solar+BESS,0.85,96.23,7882182.182880379,5.3,13.9
1090,Chile,2015,Coal,0.85,49.575185843552894,1767280.0,,
1091,Chile,2016,Coal,0.85,51.719313750529636,1767280.0,,
1092,Chile,2017,Coal,0.85,60.575034680762194,1767280.0,,
1093,Chile,2018,Coal,0.85,67.2037788668087,1767280.0,,
1094,Chile,2019,Coal,0.85,55.77329049471568,1767280.0,,
1095,Chile,2020,Coal,0.85,49.074185843552904,1767280.0,,
1096,Chile,2021,Coal,0.85,77.61520909936685,1767280.0,,
1097,Chile,2022,Coal,0.85,154.97934863425058,1767280.0,,
1098,Chile,2023,Coal,0.85,93.48716258773895,1767280.0,,
1099,Chile,2024,Coal,0.85,77.29595328541336,1767280.0,,
1100,Chile,2015,Gas,0.85,57.79865355025813,1059689.9999999998,,
1101,Chile,2016,Gas,0.85,46.30003600639847,1059689.9999999998,,
1102,Chile,2017,Gas,0.85,53.385307936223036,1059689.9999999998,,
1103,Chile,2018,Gas,0.85,66.37912197131074,1059689.9999999998,,
1104,Chile,2019,Gas,0.85,45.88941846253882,1059689.9999999998,,
1105,Chile,2020,Gas,0.85,37.94757284850373,1059689.9999999998,,
1106,Chile,2021,Gas,0.85,112.96213249762654,1059689.9999999998,,
1107,Chile,2022,Gas,0.85,241.22943074324056,1059689.9999999998,,
1108,Chile,2023,Gas,0.85,96.20250969060898,1059689.9999999998,,
1109,Chile,2024,Gas,0.85,84.37510091867917,1059689.9999999998,,
1110,Chile,2024,Solar+BESS,0.9,84.29,7078337.2003697045,6.2,14.7
1111,Chile,2015,Solar+BESS,0.9,367.05,35935296.67209702,6.2,14.7
1112,Chile,2016,Solar+BESS,0.9,292.25,28301213.897589102,6.2,14.7
1113,Chile,2017,Solar+BESS,0.9,230.54,22003831.73275029,6.2,14.7
1114,Chile,2018,Solar+BESS,0.9,204.37,19332787.574535877,6.2,14.7
1115,Chile,2019,Solar+BESS,0.9,134.73,12226397.175354645,6.2,14.7
1116,Chile,2020,Solar+BESS,0.9,121.22,10847472.320856273,6.2,14.7
1117,Chile,2021,Solar+BESS,0.9,114.33,10144278.298329601,6.2,14.7
1118,Chile,2022,Solar+BESS,0.9,122.59,10987143.862758009,6.2,14.7
1119,Chile,2023,Solar+BESS,0.9,100.99,8782963.68849311,6.2,14.7
1120,Chile,2015,Coal,0.9,48.26821892976378,1767280.0,,
1121,Chile,2016,Coal,0.9,50.41234683674053,1767280.0,,
1122,Chile,2017,Coal,0.9,59.26806776697309,1767280.0,,
1123,Chile,2018,Coal,0.9,65.89681195301961,1767280.0,,
1124,Chile,2019,Coal,0.9,54.46632358092658,1767280.0,,
1125,Chile,2020,Coal,0.9,47.767218929763786,1767280.0,,
1126,Chile,2021,Coal,0.9,76.30824218557774,1767280.0,,
1127,Chile,2022,Coal,0.9,153.6723817204615,1767280.0,,
1128,Chile,2023,Coal,0.9,92.18019567394984,1767280.0,,
1129,Chile,2024,Coal,0.9,75.98898637162426,1767280.0,,
1130,Chile,2015,Gas,0.9,56.90387347972721,1059689.9999999998,,
1131,Chile,2016,Gas,0.9,45.405255935867565,1059689.9999999998,,
1132,Chile,2017,Gas,0.9,52.490527865692115,1059689.9999999998,,
1133,Chile,2018,Gas,0.9,65.48434190077984,1059689.9999999998,,
1134,Chile,2019,Gas,0.9,44.99463839200791,1059689.9999999998,,
1135,Chile,2020,Gas,0.9,37.05279277797282,1059689.9999999998,,
1136,Chile,2021,Gas,0.9,112.06735242709563,1059689.9999999998,,
1137,Chile,2022,Gas,0.9,240.33465067270967,1059689.9999999998,,
1138,Chile,2023,Gas,0.9,95.30772962007806,1059689.9999999998,,
1139,Chile,2024,Gas,0.9,83.48032084814825,1059689.9999999998,,
1140,Chile,2024,Solar+BESS,0.95,90.9,8091722.698525662,7.3,15.9
1141,Chile,2015,Solar+BESS,0.95,388.87,40189926.344959475,7.3,15.9
1142,Chile,2016,Solar+BESS,0.95,311.26,31829584.119994126,7.3,15.9
1143,Chile,2017,Solar+BESS,0.95,246.48,24851635.47990094,7.3,15.9
1144,Chile,2018,Solar+BESS,0.95,218.23,21808580.901603412,7.3,15.9
1145,Chile,2019,Solar+BESS,0.95,145.5,13973460.963379182,7.3,15.9
1146,Chile,2020,Solar+BESS,0.95,130.81,12390698.372754527,7.3,15.9
1147,Chile,2021,Solar+BESS,0.95,123.33,11585287.740626488,7.3,15.9
1148,Chile,2022,Solar+BESS,0.95,131.52,12467226.428393915,7.3,15.9
1149,Chile,2023,Solar+BESS,0.95,108.5,9987303.483459197,7.3,15.9
1150,Chile,2015,Coal,0.95,47.098827480584056,1767280.0,,
1151,Chile,2016,Coal,0.95,49.24295538756081,1767280.0,,
1152,Chile,2017,Coal,0.95,58.09867631779336,1767280.0,,
1153,Chile,2018,Coal,0.95,64.72742050383987,1767280.0,,
1154,Chile,2019,Coal,0.95,53.296932131746836,1767280.0,,
1155,Chile,2020,Coal,0.95,46.59782748058405,1767280.0,,
1156,Chile,2021,Coal,0.95,75.13885073639801,1767280.0,,
1157,Chile,2022,Coal,0.95,152.50299027128173,1767280.0,,
1158,Chile,2023,Coal,0.95,91.01080422477011,1767280.0,,
1159,Chile,2024,Coal,0.95,74.81959492244452,1767280.0,,
1160,Chile,2015,Gas,0.95,56.10328078504166,1059689.9999999998,,
1161,Chile,2016,Gas,0.95,44.60466324118201,1059689.9999999998,,
1162,Chile,2017,Gas,0.95,51.689935171006574,1059689.9999999998,,
1163,Chile,2018,Gas,0.95,64.68374920609429,1059689.9999999998,,
1164,Chile,2019,Gas,0.95,44.19404569732236,1059689.9999999998,,
1165,Chile,2020,Gas,0.95,36.25220008328726,1059689.9999999998,,
1166,Chile,2021,Gas,0.95,111.26675973241008,1059689.9999999998,,
1167,Chile,2022,Gas,0.95,239.53405797802415,1059689.9999999998,,
1168,Chile,2023,Gas,0.95,94.50713692539252,1059689.9999999998,,
1169,Chile,2024,Gas,0.95,82.6797281534627,1059689.9999999998,,
1170,Chile,2024,Solar+BESS,1.0,117.41,10912203.759021118,9.2,23.9
1171,Chile,2015,Solar+BESS,1.0,519.61,56518770.10413337,9.2,23.9
1172,Chile,2016,Solar+BESS,1.0,411.76,44288544.16468316,9.2,23.9
1173,Chile,2017,Solar+BESS,1.0,323.69,34302272.60736628,9.2,23.9
1174,Chile,2018,Solar+BESS,1.0,287.26,30171424.14021516,9.2,23.9
1175,Chile,2019,Solar+BESS,1.0,187.44,18852847.097208798,9.2,23.9
1176,Chile,2020,Solar+BESS,1.0,168.76,16735126.997245774,9.2,23.9
1177,Chile,2021,Solar+BESS,1.0,159.22,15652999.435294405,9.2,23.9
1178,Chile,2022,Solar+BESS,1.0,171.58,17055032.353540868,9.2,23.9
1179,Chile,2023,Solar+BESS,1.0,141.18,13606899.14803997,9.2,23.9
1180,Chile,2015,Coal,1.0,46.046375176322286,1767280.0,,
1181,Chile,2016,Coal,1.0,48.190503083299035,1767280.0,,
1182,Chile,2017,Coal,1.0,57.04622401353159,1767280.0,,
1183,Chile,2018,Coal,1.0,63.674968199578096,1767280.0,,
1184,Chile,2019,Coal,1.0,52.24447982748508,1767280.0,,
1185,Chile,2020,Coal,1.0,45.54537517632228,1767280.0,,
1186,Chile,2021,Coal,1.0,74.08639843213625,1767280.0,,
1187,Chile,2022,Coal,1.0,151.45053796702,1767280.0,,
1188,Chile,2023,Coal,1.0,89.95835192050832,1767280.0,,
1189,Chile,2024,Coal,1.0,73.76714261818275,1767280.0,,
1190,Chile,2015,Gas,1.0,55.38274735982466,1059689.9999999998,,
1191,Chile,2016,Gas,1.0,43.88412981596502,1059689.9999999998,,
1192,Chile,2017,Gas,1.0,50.96940174578958,1059689.9999999998,,
1193,Chile,2018,Gas,1.0,63.963215780877306,1059689.9999999998,,
1194,Chile,2019,Gas,1.0,43.47351227210536,1059689.9999999998,,
1195,Chile,2020,Gas,1.0,35.53166665807028,1059689.9999999998,,
1196,Chile,2021,Gas,1.0,110.54622630719308,1059689.9999999998,,
1197,Chile,2022,Gas,1.0,238.8135245528071,1059689.9999999998,,
1198,Chile,2023,Gas,1.0,93.78660350017552,1059689.9999999998,,
1199,Chile,2024,Gas,1.0,81.95919472824572,1059689.9999999998,,
1200,Spain,2024,Solar+BESS,0.05,22.67,163361.55918,0.2,0.0
1201,Spain,2015,Solar+BESS,0.05,62.68,495053.09479,0.2,0.0
1202,Spain,2016,Solar+BESS,0.05,61.88,488494.78402,0.2,0.0
1203,Spain,2017,Solar+BESS,0.05,48.1,374221.18727,0.2,0.0
1204,Spain,2018,Solar+BESS,0.05,40.82,313805.23351,0.2,0.0
1205,Spain,2019,Solar+BESS,0.05,38.71,296316.40479,0.2,0.0
1206,Spain,2020,Solar+BESS,0.05,24.47,178266.81092999998,0.2,0.0
1207,Spain,2021,Solar+BESS,0.05,25.19,184228.91163,0.2,0.0
1208,Spain,2022,Solar+BESS,0.05,22.77,164156.50594,0.2,0.0
1209,Spain,2023,Solar+BESS,0.05,19.44,136532.10603,0.2,0.0
1210,Spain,2015,Coal,0.05,383.4761389352757,2294519.9999999995,,
1211,Spain,2016,Coal,0.05,385.6202668422525,2294519.9999999995,,
1212,Spain,2017,Coal,0.05,394.47598777248504,2294519.9999999995,,
1213,Spain,2018,Coal,0.05,401.10473195853154,2294519.9999999995,,
1214,Spain,2019,Coal,0.05,389.6742435864385,2294519.9999999995,,
1215,Spain,2020,Coal,0.05,382.9751389352757,2294519.9999999995,,
1216,Spain,2021,Coal,0.05,411.5161621910896,2294519.9999999995,,
1217,Spain,2022,Coal,0.05,488.8803017259733,2294519.9999999995,,
1218,Spain,2023,Coal,0.05,427.38811567946175,2294519.9999999995,,
1219,Spain,2024,Coal,0.05,411.1969063771362,2294519.9999999995,,
1220,Spain,2015,Gas,0.05,259.67279459710693,1023180.0000000001,,
1221,Spain,2016,Gas,0.05,248.1741770532473,1023180.0000000001,,
1222,Spain,2017,Gas,0.05,255.25944898307185,1023180.0000000001,,
1223,Spain,2018,Gas,0.05,268.2532630181596,1023180.0000000001,,
1224,Spain,2019,Gas,0.05,247.76355950938762,1023180.0000000001,,
1225,Spain,2020,Gas,0.05,239.82171389535253,1023180.0000000001,,
1226,Spain,2021,Gas,0.05,314.8362735444754,1023180.0000000001,,
1227,Spain,2022,Gas,0.05,443.10357179008935,1023180.0000000001,,
1228,Spain,2023,Gas,0.05,298.0766507374578,1023180.0000000001,,
1229,Spain,2024,Gas,0.05,286.249241965528,1023180.0000000001,,
1230,Spain,2024,Solar+BESS,0.1,22.67,326723.11014,0.4,0.0
1231,Spain,2015,Solar+BESS,0.1,62.68,990106.16467,0.4,0.0
1232,Spain,2016,Solar+BESS,0.1,61.88,976989.54346,0.4,0.0
1233,Spain,2017,Solar+BESS,0.1,48.1,748442.35571,0.4,0.0
1234,Spain,2018,Solar+BESS,0.1,40.82,627610.45123,0.4,0.0
1235,Spain,2019,Solar+BESS,0.1,38.71,592632.79467,0.4,0.0
1236,Spain,2020,Solar+BESS,0.1,24.47,356533.61289,0.4,0.0
1237,Spain,2021,Solar+BESS,0.1,25.19,368457.81399,0.4,0.0
1238,Spain,2022,Solar+BESS,0.1,22.77,328313.00362000003,0.4,0.0
1239,Spain,2023,Solar+BESS,0.1,19.44,273064.20519,0.4,0.0
1240,Spain,2015,Coal,0.1,204.76296016531228,2294519.9999999995,,
1241,Spain,2016,Coal,0.1,206.907088072289,2294519.9999999995,,
1242,Spain,2017,Coal,0.1,215.76280900252158,2294519.9999999995,,
1243,Spain,2018,Coal,0.1,222.39155318856808,2294519.9999999995,,
1244,Spain,2019,Coal,0.1,210.96106481647504,2294519.9999999995,,
1245,Spain,2020,Coal,0.1,204.26196016531227,2294519.9999999995,,
1246,Spain,2021,Coal,0.1,232.80298342112624,2294519.9999999995,,
1247,Spain,2022,Coal,0.1,310.16712295600996,2294519.9999999995,,
1248,Spain,2023,Coal,0.1,248.6749369094983,2294519.9999999995,,
1249,Spain,2024,Coal,0.1,232.48372760717274,2294519.9999999995,,
1250,Spain,2015,Gas,0.1,150.68270343890433,1023180.0000000001,,
1251,Spain,2016,Gas,0.1,139.1840858950447,1023180.0000000001,,
1252,Spain,2017,Gas,0.1,146.26935782486927,1023180.0000000001,,
1253,Spain,2018,Gas,0.1,159.26317185995697,1023180.0000000001,,
1254,Spain,2019,Gas,0.1,138.77346835118504,1023180.0000000001,,
1255,Spain,2020,Gas,0.1,130.83162273714996,1023180.0000000001,,
1256,Spain,2021,Gas,0.1,205.84618238627274,1023180.0000000001,,
1257,Spain,2022,Gas,0.1,334.1134806318868,1023180.0000000001,,
1258,Spain,2023,Gas,0.1,189.0865595792552,1023180.0000000001,,
1259,Spain,2024,Gas,0.1,177.2591508073254,1023180.0000000001,,
1260,Spain,2024,Solar+BESS,0.15,22.67,490084.66932,0.6,0.0
1261,Spain,2015,Solar+BESS,0.15,62.68,1485159.2594599999,0.6,0.0
1262,Spain,2016,Solar+BESS,0.15,61.88,1465484.32748,0.6,0.0
1263,Spain,2017,Solar+BESS,0.15,48.1,1122663.54298,0.6,0.0
1264,Spain,2018,Solar+BESS,0.15,40.82,941415.6847399999,0.6,0.0
1265,Spain,2019,Solar+BESS,0.15,38.71,888949.1994599999,0.6,0.0
1266,Spain,2020,Solar+BESS,0.15,24.47,534800.42382,0.6,0.0
1267,Spain,2021,Solar+BESS,0.15,25.19,552686.7256199999,0.6,0.0
1268,Spain,2022,Solar+BESS,0.15,22.77,492469.50956000003,0.6,0.0
1269,Spain,2023,Solar+BESS,0.15,19.44,409596.31122000003,0.6,0.0
1270,Spain,2015,Coal,0.15,145.19190057532447,2294519.9999999995,,
1271,Spain,2016,Coal,0.15,147.3360284823012,2294519.9999999995,,
1272,Spain,2017,Coal,0.15,156.19174941253377,2294519.9999999995,,
1273,Spain,2018,Coal,0.15,162.82049359858027,2294519.9999999995,,
1274,Spain,2019,Coal,0.15,151.39000522648726,2294519.9999999995,,
1275,Spain,2020,Coal,0.15,144.69090057532443,2294519.9999999995,,
1276,Spain,2021,Coal,0.15,173.2319238311384,2294519.9999999995,,
1277,Spain,2022,Coal,0.15,250.59606336602218,2294519.9999999995,,
1278,Spain,2023,Coal,0.15,189.10387731951047,2294519.9999999995,,
1279,Spain,2024,Coal,0.15,172.91266801718496,2294519.9999999995,,
1280,Spain,2015,Gas,0.15,114.35267305283683,1023180.0000000001,,
1281,Spain,2016,Gas,0.15,102.85405550897718,1023180.0000000001,,
1282,Spain,2017,Gas,0.15,109.93932743880174,1023180.0000000001,,
1283,Spain,2018,Gas,0.15,122.93314147388946,1023180.0000000001,,
1284,Spain,2019,Gas,0.15,102.44343796511754,1023180.0000000001,,
1285,Spain,2020,Gas,0.15,94.50159235108242,1023180.0000000001,,
1286,Spain,2021,Gas,0.15,169.51615200020527,1023180.0000000001,,
1287,Spain,2022,Gas,0.15,297.7834502458193,1023180.0000000001,,
1288,Spain,2023,Gas,0.15,152.75652919318767,1023180.0000000001,,
1289,Spain,2024,Gas,0.15,140.92912042125786,1023180.0000000001,,
1290,Spain,2024,Solar+BESS,0.2,22.67,653446.2285000001,0.8,0.0
1291,Spain,2015,Solar+BESS,0.2,62.68,1980212.35425,0.8,0.0
1292,Spain,2016,Solar+BESS,0.2,61.88,1953979.1115,0.8,0.0
1293,Spain,2017,Solar+BESS,0.2,48.1,1496884.73025,0.8,0.0
1294,Spain,2018,Solar+BESS,0.2,40.82,1255220.91825,0.8,0.0
1295,Spain,2019,Solar+BESS,0.2,38.71,1185265.60425,0.8,0.0
1296,Spain,2020,Solar+BESS,0.2,24.47,713067.2347500001,0.8,0.0
1297,Spain,2021,Solar+BESS,0.2,25.19,736915.63725,0.8,0.0
1298,Spain,2022,Solar+BESS,0.2,22.77,656626.0155,0.8,0.0
1299,Spain,2023,Solar+BESS,0.2,19.44,546128.4172499999,0.8,0.0
1300,Spain,2015,Coal,0.2,115.40637078033055,2294519.9999999995,,
1301,Spain,2016,Coal,0.2,117.55049868730731,2294519.9999999995,,
1302,Spain,2017,Coal,0.2,126.40621961753986,2294519.9999999995,,
1303,Spain,2018,Coal,0.2,133.03496380358638,2294519.9999999995,,
1304,Spain,2019,Coal,0.2,121.60447543149334,2294519.9999999995,,
1305,Spain,2020,Coal,0.2,114.90537078033056,2294519.9999999995,,
1306,Spain,2021,Coal,0.2,143.4463940361445,2294519.9999999995,,
1307,Spain,2022,Coal,0.2,220.8105335710282,2294519.9999999995,,
1308,Spain,2023,Coal,0.2,159.31834752451658,2294519.9999999995,,
1309,Spain,2024,Coal,0.2,143.12713822219104,2294519.9999999995,,
1310,Spain,2015,Gas,0.2,96.18765785980305,1023180.0000000001,,
1311,Spain,2016,Gas,0.2,84.6890403159434,1023180.0000000001,,
1312,Spain,2017,Gas,0.2,91.77431224576796,1023180.0000000001,,
1313,Spain,2018,Gas,0.2,104.76812628085568,1023180.0000000001,,
1314,Spain,2019,Gas,0.2,84.27842277208376,1023180.0000000001,,
1315,Spain,2020,Gas,0.2,76.33657715804867,1023180.0000000001,,
1316,Spain,2021,Gas,0.2,151.35113680717149,1023180.0000000001,,
1317,Spain,2022,Gas,0.2,279.61843505278546,1023180.0000000001,,
1318,Spain,2023,Gas,0.2,134.5915140001539,1023180.0000000001,,
1319,Spain,2024,Gas,0.2,122.76410522822408,1023180.0000000001,,
1320,Spain,2024,Solar+BESS,0.25,22.67,816807.77946,1.0,0.0
1321,Spain,2015,Solar+BESS,0.25,62.68,2475265.42413,1.0,0.0
1322,Spain,2016,Solar+BESS,0.25,61.88,2442473.87094,1.0,0.0
1323,Spain,2017,Solar+BESS,0.25,48.1,1871105.89869,1.0,0.0
1324,Spain,2018,Solar+BESS,0.25,40.82,1569026.13597,1.0,0.0
1325,Spain,2019,Solar+BESS,0.25,38.71,1481581.99413,1.0,0.0
1326,Spain,2020,Solar+BESS,0.25,24.47,891334.0367100001,1.0,0.0
1327,Spain,2021,Solar+BESS,0.25,25.19,921144.5396100001,1.0,0.0
1328,Spain,2022,Solar+BESS,0.25,22.77,820782.51318,1.0,0.0
1329,Spain,2023,Solar+BESS,0.25,19.44,682660.51641,1.0,0.0
1330,Spain,2015,Coal,0.25,97.5350529033342,2294519.9999999995,,
1331,Spain,2016,Coal,0.25,99.67918081031097,2294519.9999999995,,
1332,Spain,2017,Coal,0.25,108.53490174054352,2294519.9999999995,,
1333,Spain,2018,Coal,0.25,115.16364592659005,2294519.9999999995,,
1334,Spain,2019,Coal,0.25,103.73315755449698,2294519.9999999995,,
1335,Spain,2020,Coal,0.25,97.03405290333421,2294519.9999999995,,
1336,Spain,2021,Coal,0.25,125.57507615914815,2294519.9999999995,,
1337,Spain,2022,Coal,0.25,202.9392156940319,2294519.9999999995,,
1338,Spain,2023,Coal,0.25,141.44702964752025,2294519.9999999995,,
1339,Spain,2024,Coal,0.25,125.25582034519468,2294519.9999999995,,
1340,Spain,2015,Gas,0.25,85.28864874398279,1023180.0000000001,,
1341,Spain,2016,Gas,0.25,73.79003120012315,1023180.0000000001,,
1342,Spain,2017,Gas,0.25,80.87530312994771,1023180.0000000001,,
1343,Spain,2018,Gas,0.25,93.86911716503543,1023180.0000000001,,
1344,Spain,2019,Gas,0.25,73.3794136562635,1023180.0000000001,,
1345,Spain,2020,Gas,0.25,65.4375680422284,1023180.0000000001,,
1346,Spain,2021,Gas,0.25,140.45212769135122,1023180.0000000001,,
1347,Spain,2022,Gas,0.25,268.71942593696525,1023180.0000000001,,
1348,Spain,2023,Gas,0.25,123.69250488433364,1023180.0000000001,,
1349,Spain,2024,Gas,0.25,111.86509611240385,1023180.0000000001,,
1350,Spain,2024,Solar+BESS,0.3,23.87,1031775.9618,1.3,0.0
1351,Spain,2015,Solar+BESS,0.3,65.98,3126707.9329000004,1.3,0.0
1352,Spain,2016,Solar+BESS,0.3,65.14,3085286.2702,1.3,0.0
1353,Spain,2017,Solar+BESS,0.3,50.64,2363545.1777000003,1.3,0.0
1354,Spain,2018,Solar+BESS,0.3,42.97,1981963.8001,1.3,0.0
1355,Spain,2019,Solar+BESS,0.3,40.75,1871506.0329,1.3,0.0
1356,Spain,2020,Solar+BESS,0.3,25.76,1125916.1043000002,1.3,0.0
1357,Spain,2021,Solar+BESS,0.3,26.52,1163572.1613,1.3,0.0
1358,Spain,2022,Solar+BESS,0.3,23.97,1036796.7694000001,1.3,0.0
1359,Spain,2023,Solar+BESS,0.3,20.46,862323.7053,1.3,0.0
1360,Spain,2015,Coal,0.3,85.62084098533666,2294519.9999999995,,
1361,Spain,2016,Coal,0.3,87.76496889231339,2294519.9999999995,,
1362,Spain,2017,Coal,0.3,96.62068982254597,2294519.9999999995,,
1363,Spain,2018,Coal,0.3,103.24943400859247,2294519.9999999995,,
1364,Spain,2019,Coal,0.3,91.81894563649945,2294519.9999999995,,
1365,Spain,2020,Coal,0.3,85.11984098533665,2294519.9999999995,,
1366,Spain,2021,Coal,0.3,113.6608642411506,2294519.9999999995,,
1367,Spain,2022,Coal,0.3,191.02500377603434,2294519.9999999995,,
1368,Spain,2023,Coal,0.3,129.5328177295227,2294519.9999999995,,
1369,Spain,2024,Coal,0.3,113.34160842719712,2294519.9999999995,,
1370,Spain,2015,Gas,0.3,78.0226426667693,1023180.0000000001,,
1371,Spain,2016,Gas,0.3,66.52402512290965,1023180.0000000001,,
1372,Spain,2017,Gas,0.3,73.6092970527342,1023180.0000000001,,
1373,Spain,2018,Gas,0.3,86.60311108782192,1023180.0000000001,,
1374,Spain,2019,Gas,0.3,66.11340757904998,1023180.0000000001,,
1375,Spain,2020,Gas,0.3,58.1715619650149,1023180.0000000001,,
1376,Spain,2021,Gas,0.3,133.18612161413773,1023180.0000000001,,
1377,Spain,2022,Gas,0.3,261.45341985975176,1023180.0000000001,,
1378,Spain,2023,Gas,0.3,116.42649880712015,1023180.0000000001,,
1379,Spain,2024,Gas,0.3,104.59909003519034,1023180.0000000001,,
1380,Spain,2024,Solar+BESS,0.35,27.81,1376530.2409940627,1.6,0.4
1381,Spain,2015,Solar+BESS,0.35,83.08,4584160.33194,1.6,0.4
1382,Spain,2016,Solar+BESS,0.35,78.92,4342850.255520001,1.6,0.4
1383,Spain,2017,Solar+BESS,0.35,61.01,3303571.6418359876,1.6,0.4
1384,Spain,2018,Solar+BESS,0.35,52.18,2791013.914739305,1.6,0.4
1385,Spain,2019,Solar+BESS,0.35,47.01,2490662.506422492,1.6,0.4
1386,Spain,2020,Solar+BESS,0.35,30.65,1541027.9124956783,1.6,0.4
1387,Spain,2021,Solar+BESS,0.35,31.33,1580541.6823051558,1.6,0.4
1388,Spain,2022,Solar+BESS,0.35,29.14,1453699.5630837188,1.6,0.4
1389,Spain,2023,Solar+BESS,0.35,24.74,1198299.8982790487,1.6,0.4
1390,Spain,2015,Coal,0.35,77.11068961533839,2294519.9999999995,,
1391,Spain,2016,Coal,0.35,79.25481752231514,2294519.9999999995,,
1392,Spain,2017,Coal,0.35,88.11053845254769,2294519.9999999995,,
1393,Spain,2018,Coal,0.35,94.7392826385942,2294519.9999999995,,
1394,Spain,2019,Coal,0.35,83.30879426650118,2294519.9999999995,,
1395,Spain,2020,Coal,0.35,76.6096896153384,2294519.9999999995,,
1396,Spain,2021,Coal,0.35,105.15071287115235,2294519.9999999995,,
1397,Spain,2022,Coal,0.35,182.5148524060361,2294519.9999999995,,
1398,Spain,2023,Coal,0.35,121.02266635952444,2294519.9999999995,,
1399,Spain,2024,Coal,0.35,104.83145705719885,2294519.9999999995,,
1400,Spain,2015,Gas,0.35,72.83263832590251,1023180.0000000001,,
1401,Spain,2016,Gas,0.35,61.334020782042856,1023180.0000000001,,
1402,Spain,2017,Gas,0.35,68.41929271186743,1023180.0000000001,,
1403,Spain,2018,Gas,0.35,81.41310674695514,1023180.0000000001,,
1404,Spain,2019,Gas,0.35,60.92340323818319,1023180.0000000001,,
1405,Spain,2020,Gas,0.35,52.98155762414812,1023180.0000000001,,
1406,Spain,2021,Gas,0.35,127.99611727327093,1023180.0000000001,,
1407,Spain,2022,Gas,0.35,256.263415518885,1023180.0000000001,,
1408,Spain,2023,Gas,0.35,111.23649446625338,1023180.0000000001,,
1409,Spain,2024,Gas,0.35,99.40908569432357,1023180.0000000001,,
1410,Spain,2024,Solar+BESS,0.4,32.65,1782113.3605212972,1.8,1.6
1411,Spain,2015,Solar+BESS,0.4,110.93,6974575.9894,1.8,1.6
1412,Spain,2016,Solar+BESS,0.4,99.15,6193453.0932,1.8,1.6
1413,Spain,2017,Solar+BESS,0.4,75.97,4655541.474546138,1.8,1.6
1414,Spain,2018,Solar+BESS,0.4,65.84,3983205.8127658293,1.8,1.6
1415,Spain,2019,Solar+BESS,0.4,54.16,3208939.7462244723,1.8,1.6
1416,Spain,2020,Solar+BESS,0.4,37.34,2093084.8011760039,1.8,1.6
1417,Spain,2021,Solar+BESS,0.4,37.71,2117222.454780699,1.8,1.6
1418,Spain,2022,Solar+BESS,0.4,36.84,2059558.138268126,1.8,1.6
1419,Spain,2023,Solar+BESS,0.4,30.99,1671898.2426357006,1.8,1.6
1420,Spain,2015,Coal,0.4,70.7280760878397,2294519.9999999995,,
1421,Spain,2016,Coal,0.4,72.87220399481643,2294519.9999999995,,
1422,Spain,2017,Coal,0.4,81.727924925049,2294519.9999999995,,
1423,Spain,2018,Coal,0.4,88.3566691110955,2294519.9999999995,,
1424,Spain,2019,Coal,0.4,76.92618073900249,2294519.9999999995,,
1425,Spain,2020,Coal,0.4,70.2270760878397,2294519.9999999995,,
1426,Spain,2021,Coal,0.4,98.76809934365366,2294519.9999999995,,
1427,Spain,2022,Coal,0.4,176.1322388785374,2294519.9999999995,,
1428,Spain,2023,Coal,0.4,114.64005283202573,2294519.9999999995,,
1429,Spain,2024,Coal,0.4,98.44884352970017,2294519.9999999995,,
1430,Spain,2015,Gas,0.4,68.9401350702524,1023180.0000000001,,
1431,Spain,2016,Gas,0.4,57.44151752639275,1023180.0000000001,,
1432,Spain,2017,Gas,0.4,64.52678945621732,1023180.0000000001,,
1433,Spain,2018,Gas,0.4,77.52060349130504,1023180.0000000001,,
1434,Spain,2019,Gas,0.4,57.0308999825331,1023180.0000000001,,
1435,Spain,2020,Gas,0.4,49.08905436849801,1023180.0000000001,,
1436,Spain,2021,Gas,0.4,124.10361401762081,1023180.0000000001,,
1437,Spain,2022,Gas,0.4,252.37091226323483,1023180.0000000001,,
1438,Spain,2023,Gas,0.4,107.34399121060325,1023180.0000000001,,
1439,Spain,2024,Gas,0.4,95.51658243867347,1023180.0000000001,,
1440,Spain,2024,Solar+BESS,0.45,36.88,2209274.34218917,2.0,3.0
1441,Spain,2015,Solar+BESS,0.45,135.39,9561114.3234,2.0,3.0
1442,Spain,2016,Solar+BESS,0.45,116.89,8180377.7302,2.0,3.0
1443,Spain,2017,Solar+BESS,0.45,89.08,6104544.9809766095,2.0,3.0
1444,Spain,2018,Solar+BESS,0.45,77.8,5263350.159279516,2.0,3.0
1445,Spain,2019,Solar+BESS,0.45,60.4,3964397.9575235993,2.0,3.0
1446,Spain,2020,Solar+BESS,0.45,43.2,2681011.3179681534,2.0,3.0
1447,Spain,2021,Solar+BESS,0.45,43.28,2687163.137263716,2.0,3.0
1448,Spain,2022,Solar+BESS,0.45,43.58,2709422.718897726,2.0,3.0
1449,Spain,2023,Solar+BESS,0.45,36.47,2178685.6503384076,2.0,3.0
1450,Spain,2015,Coal,0.45,65.76382112200737,2294519.9999999995,,
1451,Spain,2016,Coal,0.45,67.90794902898413,2294519.9999999995,,
1452,Spain,2017,Coal,0.45,76.76366995921668,2294519.9999999995,,
1453,Spain,2018,Coal,0.45,83.39241414526317,2294519.9999999995,,
1454,Spain,2019,Coal,0.45,71.96192577317017,2294519.9999999995,,
1455,Spain,2020,Coal,0.45,65.26282112200738,2294519.9999999995,,
1456,Spain,2021,Coal,0.45,93.80384437782132,2294519.9999999995,,
1457,Spain,2022,Coal,0.45,171.16798391270507,2294519.9999999995,,
1458,Spain,2023,Coal,0.45,109.67579786619342,2294519.9999999995,,
1459,Spain,2024,Coal,0.45,93.48458856386785,2294519.9999999995,,
1460,Spain,2015,Gas,0.45,65.9126325380801,1023180.0000000001,,
1461,Spain,2016,Gas,0.45,54.41401499422046,1023180.0000000001,,
1462,Spain,2017,Gas,0.45,61.49928692404502,1023180.0000000001,,
1463,Spain,2018,Gas,0.45,74.49310095913275,1023180.0000000001,,
1464,Spain,2019,Gas,0.45,54.00339745036081,1023180.0000000001,,
1465,Spain,2020,Gas,0.45,46.06155183632572,1023180.0000000001,,
1466,Spain,2021,Gas,0.45,121.07611148544852,1023180.0000000001,,
1467,Spain,2022,Gas,0.45,249.34340973106254,1023180.0000000001,,
1468,Spain,2023,Gas,0.45,104.31648867843097,1023180.0000000001,,
1469,Spain,2024,Gas,0.45,92.48907990650116,1023180.0000000001,,
1470,Spain,2024,Solar+BESS,0.5,40.49,2653929.2512422325,2.2,4.3
1471,Spain,2015,Solar+BESS,0.5,155.49,12189036.6501,2.2,4.3
1472,Spain,2016,Solar+BESS,0.5,131.66,10213226.8048,2.2,4.3
1473,Spain,2017,Solar+BESS,0.5,100.01,7589387.9701907765,2.2,4.3
1474,Spain,2018,Solar+BESS,0.5,87.76,6572962.166770479,2.2,4.3
1475,Spain,2019,Solar+BESS,0.5,65.79,4751762.074802397,2.2,4.3
1476,Spain,2020,Solar+BESS,0.5,48.13,3286931.6849120986,2.2,4.3
1477,Spain,2021,Solar+BESS,0.5,48.0,3276038.348221057,2.2,4.3
1478,Spain,2022,Solar+BESS,0.5,49.19,3374880.5143295806,2.2,4.3
1479,Spain,2023,Solar+BESS,0.5,41.03,2698745.722715907,2.2,4.3
1480,Spain,2015,Coal,0.5,61.792417149341524,2294519.9999999995,,
1481,Spain,2016,Coal,0.5,63.936545056318266,2294519.9999999995,,
1482,Spain,2017,Coal,0.5,72.79226598655083,2294519.9999999995,,
1483,Spain,2018,Coal,0.5,79.42101017259732,2294519.9999999995,,
1484,Spain,2019,Coal,0.5,67.99052180050431,2294519.9999999995,,
1485,Spain,2020,Coal,0.5,61.29141714934151,2294519.9999999995,,
1486,Spain,2021,Coal,0.5,89.83244040515548,2294519.9999999995,,
1487,Spain,2022,Coal,0.5,167.19657994003921,2294519.9999999995,,
1488,Spain,2023,Coal,0.5,105.70439389352755,2294519.9999999995,,
1489,Spain,2024,Coal,0.5,89.51318459120199,2294519.9999999995,,
1490,Spain,2015,Gas,0.5,63.490630512342285,1023180.0000000001,,
1491,Spain,2016,Gas,0.5,51.992012968482626,1023180.0000000001,,
1492,Spain,2017,Gas,0.5,59.07728489830719,1023180.0000000001,,
1493,Spain,2018,Gas,0.5,72.07109893339491,1023180.0000000001,,
1494,Spain,2019,Gas,0.5,51.581395424622976,1023180.0000000001,,
1495,Spain,2020,Gas,0.5,43.63954981058789,1023180.0000000001,,
1496,Spain,2021,Gas,0.5,118.6541094597107,1023180.0000000001,,
1497,Spain,2022,Gas,0.5,246.92140770532473,1023180.0000000001,,
1498,Spain,2023,Gas,0.5,101.89448665269313,1023180.0000000001,,
1499,Spain,2024,Gas,0.5,90.06707788076334,1023180.0000000001,,
1500,Spain,2024,Solar+BESS,0.55,43.65,3107963.781802784,2.4,5.7
1501,Spain,2015,Solar+BESS,0.55,173.5,14951105.672600001,2.4,5.7
1502,Spain,2016,Solar+BESS,0.55,144.78,12332186.0848,2.4,5.7
1503,Spain,2017,Solar+BESS,0.55,109.72,9134214.406470878,2.4,5.7
1504,Spain,2018,Solar+BESS,0.55,96.61,7938198.315397305,2.4,5.7
1505,Spain,2019,Solar+BESS,0.55,70.48,5554555.822563894,2.4,5.7
1506,Spain,2020,Solar+BESS,0.55,52.48,3913052.9731239798,2.4,5.7
1507,Spain,2021,Solar+BESS,0.55,52.15,3882709.48938848,2.4,5.7
1508,Spain,2022,Solar+BESS,0.55,54.18,4067816.1150448937,2.4,5.7
1509,Spain,2023,Solar+BESS,0.55,45.09,3238900.700227325,2.4,5.7
1510,Spain,2015,Coal,0.55,58.54308662625128,2294519.9999999995,,
1511,Spain,2016,Coal,0.55,60.68721453322803,2294519.9999999995,,
1512,Spain,2017,Coal,0.55,69.54293546346058,2294519.9999999995,,
1513,Spain,2018,Coal,0.55,76.17167964950708,2294519.9999999995,,
1514,Spain,2019,Coal,0.55,64.74119127741407,2294519.9999999995,,
1515,Spain,2020,Coal,0.55,58.04208662625128,2294519.9999999995,,
1516,Spain,2021,Coal,0.55,86.58310988206523,2294519.9999999995,,
1517,Spain,2022,Coal,0.55,163.94724941694898,2294519.9999999995,,
1518,Spain,2023,Coal,0.55,102.45506337043732,2294519.9999999995,,
1519,Spain,2024,Coal,0.55,86.26385406811174,2294519.9999999995,,
1520,Spain,2015,Gas,0.55,61.50899249128406,1023180.0000000001,,
1521,Spain,2016,Gas,0.55,50.010374947424395,1023180.0000000001,,
1522,Spain,2017,Gas,0.55,57.09564687724897,1023180.0000000001,,
1523,Spain,2018,Gas,0.55,70.08946091233669,1023180.0000000001,,
1524,Spain,2019,Gas,0.55,49.59975740356475,1023180.0000000001,,
1525,Spain,2020,Gas,0.55,41.657911789529656,1023180.0000000001,,
1526,Spain,2021,Gas,0.55,116.67247143865248,1023180.0000000001,,
1527,Spain,2022,Gas,0.55,244.93976968426657,1023180.0000000001,,
1528,Spain,2023,Gas,0.55,99.91284863163492,1023180.0000000001,,
1529,Spain,2024,Gas,0.55,88.0854398597051,1023180.0000000001,,
1530,Spain,2024,Solar+BESS,0.6,46.39,3570558.3556372477,2.7,7.2
1531,Spain,2015,Solar+BESS,0.6,188.93,17752744.092600003,2.7,7.2
1532,Spain,2016,Solar+BESS,0.6,156.08,14484227.1648,2.7,7.2
1533,Spain,2017,Solar+BESS,0.6,118.08,10703612.535446491,2.7,7.2
1534,Spain,2018,Solar+BESS,0.6,104.22,9324725.609616574,2.7,7.2
1535,Spain,2019,Solar+BESS,0.6,74.56,6372672.196834973,2.7,7.2
1536,Spain,2020,Solar+BESS,0.6,56.24,4549800.004093449,2.7,7.2
1537,Spain,2021,Solar+BESS,0.6,55.74,4499964.621551435,2.7,7.2
1538,Spain,2022,Solar+BESS,0.6,58.47,4771680.606083258,2.7,7.2
1539,Spain,2023,Solar+BESS,0.6,48.58,3787789.7876331755,2.7,7.2
1540,Spain,2015,Coal,0.6,55.83531119034274,2294519.9999999995,,
1541,Spain,2016,Coal,0.6,57.979439097319485,2294519.9999999995,,
1542,Spain,2017,Coal,0.6,66.83516002755205,2294519.9999999995,,
1543,Spain,2018,Coal,0.6,73.46390421359855,2294519.9999999995,,
1544,Spain,2019,Coal,0.6,62.03341584150553,2294519.9999999995,,
1545,Spain,2020,Coal,0.6,55.33431119034274,2294519.9999999995,,
1546,Spain,2021,Coal,0.6,83.87533444615669,2294519.9999999995,,
1547,Spain,2022,Coal,0.6,161.23947398104045,2294519.9999999995,,
1548,Spain,2023,Coal,0.6,99.74728793452877,2294519.9999999995,,
1549,Spain,2024,Coal,0.6,83.5560786322032,2294519.9999999995,,
1550,Spain,2015,Gas,0.6,59.85762747373553,1023180.0000000001,,
1551,Spain,2016,Gas,0.6,48.35900992987588,1023180.0000000001,,
1552,Spain,2017,Gas,0.6,55.444281859700446,1023180.0000000001,,
1553,Spain,2018,Gas,0.6,68.43809589478816,1023180.0000000001,,
1554,Spain,2019,Gas,0.6,47.948392386016224,1023180.0000000001,,
1555,Spain,2020,Gas,0.6,40.00654677198114,1023180.0000000001,,
1556,Spain,2021,Gas,0.6,115.02110642110397,1023180.0000000001,,
1557,Spain,2022,Gas,0.6,243.28840466671804,1023180.0000000001,,
1558,Spain,2023,Gas,0.6,98.26148361408639,1023180.0000000001,,
1559,Spain,2024,Gas,0.6,86.43407484215658,1023180.0000000001,,
1560,Spain,2024,Solar+BESS,0.65,48.76,4038985.7267248947,2.9,8.6
1561,Spain,2015,Solar+BESS,0.65,201.93,20549441.2111,2.9,8.6
1562,Spain,2016,Solar+BESS,0.65,165.67,16641288.6078,2.9,8.6
1563,Spain,2017,Solar+BESS,0.65,125.2,12278136.548275245,2.9,8.6
1564,Spain,2018,Solar+BESS,0.65,110.69,10714412.137534926,2.9,8.6
1565,Spain,2019,Solar+BESS,0.65,78.1,7201707.312939815,2.9,8.6
1566,Spain,2020,Solar+BESS,0.65,59.45,5190780.116547357,2.9,8.6
1567,Spain,2021,Solar+BESS,0.65,58.81,5122253.440093929,2.9,8.6
1568,Spain,2022,Solar+BESS,0.65,62.11,5477544.321338747,2.9,8.6
1569,Spain,2023,Solar+BESS,0.65,51.54,4338931.878314574,2.9,8.6
1570,Spain,2015,Coal,0.65,53.544116590727825,2294519.9999999995,,
1571,Spain,2016,Coal,0.65,55.688244497704574,2294519.9999999995,,
1572,Spain,2017,Coal,0.65,64.54396542793712,2294519.9999999995,,
1573,Spain,2018,Coal,0.65,71.17270961398364,2294519.9999999995,,
1574,Spain,2019,Coal,0.65,59.74222124189062,2294519.9999999995,,
1575,Spain,2020,Coal,0.65,53.04311659072783,2294519.9999999995,,
1576,Spain,2021,Coal,0.65,81.58413984654177,2294519.9999999995,,
1577,Spain,2022,Coal,0.65,158.94827938142552,2294519.9999999995,,
1578,Spain,2023,Coal,0.65,97.45609333491387,2294519.9999999995,,
1579,Spain,2024,Coal,0.65,81.2648840325883,2294519.9999999995,,
1580,Spain,2015,Gas,0.65,58.460318612732934,1023180.0000000001,,
1581,Spain,2016,Gas,0.65,46.96170106887328,1023180.0000000001,,
1582,Spain,2017,Gas,0.65,54.04697299869785,1023180.0000000001,,
1583,Spain,2018,Gas,0.65,67.04078703378556,1023180.0000000001,,
1584,Spain,2019,Gas,0.65,46.55108352501363,1023180.0000000001,,
1585,Spain,2020,Gas,0.65,38.609237910978536,1023180.0000000001,,
1586,Spain,2021,Gas,0.65,113.62379756010135,1023180.0000000001,,
1587,Spain,2022,Gas,0.65,241.8910958057154,1023180.0000000001,,
1588,Spain,2023,Gas,0.65,96.8641747530838,1023180.0000000001,,
1589,Spain,2024,Gas,0.65,85.03676598115398,1023180.0000000001,,
1590,Spain,2024,Solar+BESS,0.7,50.92,4515607.892689657,3.1,10.1
1591,Spain,2015,Solar+BESS,0.7,214.0,23447243.2562,3.1,10.1
1592,Spain,2016,Solar+BESS,0.7,174.53,18864742.735600002,3.1,10.1
1593,Spain,2017,Solar+BESS,0.7,131.75,13899205.697602972,3.1,10.1
1594,Spain,2018,Solar+BESS,0.7,116.66,12146970.731930133,3.1,10.1
1595,Spain,2019,Solar+BESS,0.7,81.32,8044464.132457627,3.1,10.1
1596,Spain,2020,Solar+BESS,0.7,62.4,5847892.119793541,3.1,10.1
1597,Spain,2021,Solar+BESS,0.7,61.63,5758991.238628428,3.1,10.1
1598,Spain,2022,Solar+BESS,0.7,65.47,6204666.3328616945,3.1,10.1
1599,Spain,2023,Solar+BESS,0.7,54.28,4905764.542517712,3.1,10.1
1600,Spain,2015,Coal,0.7,51.580235505343616,2294519.9999999995,,
1601,Spain,2016,Coal,0.7,53.72436341232037,2294519.9999999995,,
1602,Spain,2017,Coal,0.7,62.580084342552915,2294519.9999999995,,
1603,Spain,2018,Coal,0.7,69.20882852859943,2294519.9999999995,,
1604,Spain,2019,Coal,0.7,57.7783401565064,2294519.9999999995,,
1605,Spain,2020,Coal,0.7,51.07923550534362,2294519.9999999995,,
1606,Spain,2021,Coal,0.7,79.62025876115756,2294519.9999999995,,
1607,Spain,2022,Coal,0.7,156.98439829604132,2294519.9999999995,,
1608,Spain,2023,Coal,0.7,95.49221224952966,2294519.9999999995,,
1609,Spain,2024,Coal,0.7,79.30100294720408,2294519.9999999995,,
1610,Spain,2015,Gas,0.7,57.26262530330213,1023180.0000000001,,
1611,Spain,2016,Gas,0.7,45.764007759442485,1023180.0000000001,,
1612,Spain,2017,Gas,0.7,52.84927968926704,1023180.0000000001,,
1613,Spain,2018,Gas,0.7,65.84309372435476,1023180.0000000001,,
1614,Spain,2019,Gas,0.7,45.35339021558283,1023180.0000000001,,
1615,Spain,2020,Gas,0.7,37.411544601547746,1023180.0000000001,,
1616,Spain,2021,Gas,0.7,112.42610425067055,1023180.0000000001,,
1617,Spain,2022,Gas,0.7,240.69340249628462,1023180.0000000001,,
1618,Spain,2023,Gas,0.7,95.666481443653,1023180.0000000001,,
1619,Spain,2024,Gas,0.7,83.83907267172319,1023180.0000000001,,
1620,Spain,2024,Solar+BESS,0.75,52.94,5011163.28362065,3.4,11.6
1621,Spain,2015,Solar+BESS,0.75,224.58,26359093.412200004,3.4,11.6
1622,Spain,2016,Solar+BESS,0.75,182.46,21121016.9536,3.4,11.6
1623,Spain,2017,Solar+BESS,0.75,137.65,15547869.293692902,3.4,11.6
1624,Spain,2018,Solar+BESS,0.75,122.0,13600486.627474029,3.4,11.6
1625,Spain,2019,Solar+BESS,0.75,84.38,8922212.397908691,3.4,11.6
1626,Spain,2020,Solar+BESS,0.75,65.08,6521580.756782807,3.4,11.6
1627,Spain,2021,Solar+BESS,0.75,64.22,6414122.572785985,3.4,11.6
1628,Spain,2022,Solar+BESS,0.75,68.48,6943415.380300708,3.4,11.6
1629,Spain,2023,Solar+BESS,0.75,56.74,5483398.296324011,3.4,11.6
1630,Spain,2015,Coal,0.75,49.87820523134395,2294519.9999999995,,
1631,Spain,2016,Coal,0.75,52.022333138320704,2294519.9999999995,,
1632,Spain,2017,Coal,0.75,60.87805406855325,2294519.9999999995,,
1633,Spain,2018,Coal,0.75,67.50679825459976,2294519.9999999995,,
1634,Spain,2019,Coal,0.75,56.07630988250675,2294519.9999999995,,
1635,Spain,2020,Coal,0.75,49.37720523134396,2294519.9999999995,,
1636,Spain,2021,Coal,0.75,77.91822848715792,2294519.9999999995,,
1637,Spain,2022,Coal,0.75,155.28236802204165,2294519.9999999995,,
1638,Spain,2023,Coal,0.75,93.79018197552999,2294519.9999999995,,
1639,Spain,2024,Coal,0.75,77.59897267320441,2294519.9999999995,,
1640,Spain,2015,Gas,0.75,56.22462443512877,1023180.0000000001,,
1641,Spain,2016,Gas,0.75,44.726006891269115,1023180.0000000001,,
1642,Spain,2017,Gas,0.75,51.81127882109368,1023180.0000000001,,
1643,Spain,2018,Gas,0.75,64.8050928561814,1023180.0000000001,,
1644,Spain,2019,Gas,0.75,44.315389347409464,1023180.0000000001,,
1645,Spain,2020,Gas,0.75,36.373543733374376,1023180.0000000001,,
1646,Spain,2021,Gas,0.75,111.38810338249718,1023180.0000000001,,
1647,Spain,2022,Gas,0.75,239.65540162811124,1023180.0000000001,,
1648,Spain,2023,Gas,0.75,94.62848057547961,1023180.0000000001,,
1649,Spain,2024,Gas,0.75,82.80107180354982,1023180.0000000001,,
1650,Spain,2024,Solar+BESS,0.8,54.95,5539648.796098843,3.7,13.0
1651,Spain,2015,Solar+BESS,0.8,233.94,29286699.8085,3.7,13.0
1652,Spain,2016,Solar+BESS,0.8,189.79,23429608.833000004,3.7,13.0
1653,Spain,2017,Solar+BESS,0.8,143.15,17241367.580769833,3.7,13.0
1654,Spain,2018,Solar+BESS,0.8,126.91,15087366.463995429,3.7,13.0
1655,Spain,2019,Solar+BESS,0.8,87.52,9860950.468303403,3.7,13.0
1656,Spain,2020,Solar+BESS,0.8,67.64,7223282.819773284,3.7,13.0
1657,Spain,2021,Solar+BESS,0.8,66.71,7100652.917723827,3.7,13.0
1658,Spain,2022,Solar+BESS,0.8,71.24,7700905.377712928,3.7,13.0
1659,Spain,2023,Solar+BESS,0.8,59.01,6078812.231219692,3.7,13.0
1660,Spain,2015,Coal,0.8,48.38892874159426,2294519.9999999995,,
1661,Spain,2016,Coal,0.8,50.53305664857101,2294519.9999999995,,
1662,Spain,2017,Coal,0.8,59.38877757880357,2294519.9999999995,,
1663,Spain,2018,Coal,0.8,66.01752176485007,2294519.9999999995,,
1664,Spain,2019,Coal,0.8,54.58703339275706,2294519.9999999995,,
1665,Spain,2020,Coal,0.8,47.887928741594266,2294519.9999999995,,
1666,Spain,2021,Coal,0.8,76.42895199740822,2294519.9999999995,,
1667,Spain,2022,Coal,0.8,153.79309153229192,2294519.9999999995,,
1668,Spain,2023,Coal,0.8,92.3009054857803,2294519.9999999995,,
1669,Spain,2024,Coal,0.8,76.10969618345473,2294519.9999999995,,
1670,Spain,2015,Gas,0.8,55.31637367547708,1023180.0000000001,,
1671,Spain,2016,Gas,0.8,43.81775613161743,1023180.0000000001,,
1672,Spain,2017,Gas,0.8,50.903028061441994,1023180.0000000001,,
1673,Spain,2018,Gas,0.8,63.89684209652971,1023180.0000000001,,
1674,Spain,2019,Gas,0.8,43.407138587757785,1023180.0000000001,,
1675,Spain,2020,Gas,0.8,35.46529297372269,1023180.0000000001,,
1676,Spain,2021,Gas,0.8,110.47985262284548,1023180.0000000001,,
1677,Spain,2022,Gas,0.8,238.74715086845956,1023180.0000000001,,
1678,Spain,2023,Gas,0.8,93.72022981582792,1023180.0000000001,,
1679,Spain,2024,Gas,0.8,81.89282104389812,1023180.0000000001,,
1680,Spain,2024,Solar+BESS,0.85,57.37,6192112.760196157,4.4,13.6
1681,Spain,2015,Solar+BESS,0.85,239.7,31894346.891,4.4,13.6
1682,Spain,2016,Solar+BESS,0.85,195.95,25726871.428000003,4.4,13.6
1683,Spain,2017,Solar+BESS,0.85,147.98,18965555.569493398,4.4,13.6
1684,Spain,2018,Solar+BESS,0.85,130.95,16564944.299965518,4.4,13.6
1685,Spain,2019,Solar+BESS,0.85,91.72,11034990.533528954,4.4,13.6
1686,Spain,2020,Solar+BESS,0.85,70.16,7994701.25896682,4.4,13.6
1687,Spain,2021,Solar+BESS,0.85,69.34,7879502.001130327,4.4,13.6
1688,Spain,2022,Solar+BESS,0.85,73.49,8464189.558727045,4.4,13.6
1689,Spain,2023,Solar+BESS,0.85,60.95,6697199.217487898,4.4,13.6
1690,Spain,2015,Coal,0.85,47.07486125063864,2294519.9999999995,,
1691,Spain,2016,Coal,0.85,49.2189891576154,2294519.9999999995,,
1692,Spain,2017,Coal,0.85,58.07471008784795,2294519.9999999995,,
1693,Spain,2018,Coal,0.85,64.70345427389447,2294519.9999999995,,
1694,Spain,2019,Coal,0.85,53.27296590180144,2294519.9999999995,,
1695,Spain,2020,Coal,0.85,46.57386125063866,2294519.9999999995,,
1696,Spain,2021,Coal,0.85,75.11488450645261,2294519.9999999995,,
1697,Spain,2022,Coal,0.85,152.47902404133632,2294519.9999999995,,
1698,Spain,2023,Coal,0.85,90.9868379948247,2294519.9999999995,,
1699,Spain,2024,Coal,0.85,74.79562869249912,2294519.9999999995,,
1700,Spain,2015,Gas,0.85,54.51497594637265,1023180.0000000001,,
1701,Spain,2016,Gas,0.85,43.016358402513006,1023180.0000000001,,
1702,Spain,2017,Gas,0.85,50.101630332337564,1023180.0000000001,,
1703,Spain,2018,Gas,0.85,63.09544436742528,1023180.0000000001,,
1704,Spain,2019,Gas,0.85,42.60574085865335,1023180.0000000001,,
1705,Spain,2020,Gas,0.85,34.66389524461826,1023180.0000000001,,
1706,Spain,2021,Gas,0.85,109.67845489374106,1023180.0000000001,,
1707,Spain,2022,Gas,0.85,237.9457531393551,1023180.0000000001,,
1708,Spain,2023,Gas,0.85,92.9188320867235,1023180.0000000001,,
1709,Spain,2024,Gas,0.85,81.09142331479369,1023180.0000000001,,
1710,Spain,2024,Solar+BESS,0.9,61.79,7120187.986478331,5.3,14.6
1711,Spain,2015,Solar+BESS,0.9,252.86,35637078.256400004,5.3,14.6
1712,Spain,2016,Solar+BESS,0.9,208.48,29012972.4732,5.3,14.6
1713,Spain,2017,Solar+BESS,0.9,157.67,21430293.023926597,5.3,14.6
1714,Spain,2018,Solar+BESS,0.9,139.24,18678616.74980973,5.3,14.6
1715,Spain,2019,Solar+BESS,0.9,99.21,12704461.059525773,5.3,14.6
1716,Spain,2020,Solar+BESS,0.9,75.03,9095143.790143566,5.3,14.6
1717,Spain,2021,Solar+BESS,0.9,74.32,8989641.589332428,5.3,14.6
1718,Spain,2022,Solar+BESS,0.9,78.11,9555629.836089974,5.3,14.6
1719,Spain,2023,Solar+BESS,0.9,64.88,7580694.617263548,5.3,14.6
1720,Spain,2015,Coal,0.9,45.9068012586781,2294519.9999999995,,
1721,Spain,2016,Coal,0.9,48.05092916565486,2294519.9999999995,,
1722,Spain,2017,Coal,0.9,56.90665009588741,2294519.9999999995,,
1723,Spain,2018,Coal,0.9,63.53539428193392,2294519.9999999995,,
1724,Spain,2019,Coal,0.9,52.10490590984089,2294519.9999999995,,
1725,Spain,2020,Coal,0.9,45.4058012586781,2294519.9999999995,,
1726,Spain,2021,Coal,0.9,73.94682451449208,2294519.9999999995,,
1727,Spain,2022,Coal,0.9,151.3109640493758,2294519.9999999995,,
1728,Spain,2023,Coal,0.9,89.81877800286415,2294519.9999999995,,
1729,Spain,2024,Coal,0.9,73.62756870053857,2294519.9999999995,,
1730,Spain,2015,Gas,0.9,53.802622409390935,1023180.0000000001,,
1731,Spain,2016,Gas,0.9,42.30400486553129,1023180.0000000001,,
1732,Spain,2017,Gas,0.9,49.38927679535585,1023180.0000000001,,
1733,Spain,2018,Gas,0.9,62.38309083044356,1023180.0000000001,,
1734,Spain,2019,Gas,0.9,41.89338732167163,1023180.0000000001,,
1735,Spain,2020,Gas,0.9,33.951541707636544,1023180.0000000001,,
1736,Spain,2021,Gas,0.9,108.96610135675932,1023180.0000000001,,
1737,Spain,2022,Gas,0.9,237.23339960237342,1023180.0000000001,,
1738,Spain,2023,Gas,0.9,92.20647854974179,1023180.0000000001,,
1739,Spain,2024,Gas,0.9,80.37906977781198,1023180.0000000001,,
1740,Spain,2024,Solar+BESS,0.95,69.02,8477917.742875516,6.6,15.8
1741,Spain,2015,Solar+BESS,0.95,275.16,40955223.5287,6.6,15.8
1742,Spain,2016,Solar+BESS,0.95,229.33,33733996.9506,6.6,15.8
1743,Spain,2017,Solar+BESS,0.95,173.76,24978811.09156233,6.6,15.8
1744,Spain,2018,Solar+BESS,0.95,153.04,21714868.25830768,6.6,15.8
1745,Spain,2019,Solar+BESS,0.95,111.36,15149173.054933008,6.6,15.8
1746,Spain,2020,Solar+BESS,0.95,83.06,10690212.207972214,6.6,15.8
1747,Spain,2021,Solar+BESS,0.95,82.51,10602983.739954017,6.6,15.8
1748,Spain,2022,Solar+BESS,0.95,85.82,11125496.629611569,6.6,15.8
1749,Spain,2023,Solar+BESS,0.95,71.41,8854972.36451523,6.6,15.8
1750,Spain,2015,Coal,0.95,44.86169495008182,2294519.9999999995,,
1751,Spain,2016,Coal,0.95,47.00582285705858,2294519.9999999995,,
1752,Spain,2017,Coal,0.95,55.861543787291126,2294519.9999999995,,
1753,Spain,2018,Coal,0.95,62.49028797333764,2294519.9999999995,,
1754,Spain,2019,Coal,0.95,51.05979960124461,2294519.9999999995,,
1755,Spain,2020,Coal,0.95,44.360694950081836,2294519.9999999995,,
1756,Spain,2021,Coal,0.95,72.90171820589579,2294519.9999999995,,
1757,Spain,2022,Coal,0.95,150.2658577407795,2294519.9999999995,,
1758,Spain,2023,Coal,0.95,88.77367169426788,2294519.9999999995,,
1759,Spain,2024,Coal,0.95,72.5824623919423,2294519.9999999995,,
1760,Spain,2015,Gas,0.95,53.1652534552494,1023180.0000000001,,
1761,Spain,2016,Gas,0.95,41.666635911389754,1023180.0000000001,,
1762,Spain,2017,Gas,0.95,48.75190784121432,1023180.0000000001,,
1763,Spain,2018,Gas,0.95,61.745721876302035,1023180.0000000001,,
1764,Spain,2019,Gas,0.95,41.2560183675301,1023180.0000000001,,
1765,Spain,2020,Gas,0.95,33.31417275349501,1023180.0000000001,,
1766,Spain,2021,Gas,0.95,108.32873240261783,1023180.0000000001,,
1767,Spain,2022,Gas,0.95,236.5960306482319,1023180.0000000001,,
1768,Spain,2023,Gas,0.95,91.56910959560028,1023180.0000000001,,
1769,Spain,2024,Gas,0.95,79.74170082367044,1023180.0000000001,,
1770,Spain,2024,Solar+BESS,1.0,91.76,12023083.673869804,10.1,19.6
1771,Spain,2015,Solar+BESS,1.0,352.72,55300839.276,10.1,19.6
1772,Spain,2016,Solar+BESS,1.0,298.53,46313366.228,10.1,19.6
1773,Spain,2017,Solar+BESS,1.0,226.76,34411628.925007686,10.1,19.6
1774,Spain,2018,Solar+BESS,1.0,198.99,29806238.317630135,10.1,19.6
1775,Spain,2019,Solar+BESS,1.0,149.06,21525674.27526974,10.1,19.6
1776,Spain,2020,Solar+BESS,1.0,109.1,14898397.595258571,10.1,19.6
1777,Spain,2021,Solar+BESS,1.0,108.79,14846945.244454844,10.1,19.6
1778,Spain,2022,Solar+BESS,1.0,111.54,15303020.201485174,10.1,19.6
1779,Spain,2023,Solar+BESS,1.0,93.04,12235493.943754815,10.1,19.6
1780,Spain,2015,Coal,1.0,43.921099272345174,2294519.9999999995,,
1781,Spain,2016,Coal,1.0,46.065227179321916,2294519.9999999995,,
1782,Spain,2017,Coal,1.0,54.92094810955448,2294519.9999999995,,
1783,Spain,2018,Coal,1.0,61.54969229560099,2294519.9999999995,,
1784,Spain,2019,Coal,1.0,50.11920392350796,2294519.9999999995,,
1785,Spain,2020,Coal,1.0,43.420099272345176,2294519.9999999995,,
1786,Spain,2021,Coal,1.0,71.96112252815914,2294519.9999999995,,
1787,Spain,2022,Coal,1.0,149.32526206304289,2294519.9999999995,,
1788,Spain,2023,Coal,1.0,87.83307601653122,2294519.9999999995,,
1789,Spain,2024,Coal,1.0,71.64186671420565,2294519.9999999995,,
1790,Spain,2015,Gas,1.0,52.591621396522015,1023180.0000000001,,
1791,Spain,2016,Gas,1.0,41.09300385266236,1023180.0000000001,,
1792,Spain,2017,Gas,1.0,48.178275782486935,1023180.0000000001,,
1793,Spain,2018,Gas,1.0,61.172089817574644,1023180.0000000001,,
1794,Spain,2019,Gas,1.0,40.68238630880272,1023180.0000000001,,
1795,Spain,2020,Gas,1.0,32.740540694767624,1023180.0000000001,,
1796,Spain,2021,Gas,1.0,107.75510034389043,1023180.0000000001,,
1797,Spain,2022,Gas,1.0,236.0223985895045,1023180.0000000001,,
1798,Spain,2023,Gas,1.0,90.99547753687287,1023180.0000000001,,
1799,Spain,2024,Gas,1.0,79.16806876494306,1023180.0000000001,,
1800,United Kingdom,2024,Solar+BESS,0.05,24.37,174308.29216,0.2,0.0
1801,United Kingdom,2015,Solar+BESS,0.05,50.81,393592.15136,0.2,0.0
1802,United Kingdom,2016,Solar+BESS,0.05,56.2,438219.4977034055,0.2,0.0
1803,United Kingdom,2017,Solar+BESS,0.05,48.77,376638.56552132923,0.2,0.0
1804,United Kingdom,2018,Solar+BESS,0.05,42.16,321874.30260526616,0.2,0.0
1805,United Kingdom,2019,Solar+BESS,0.05,35.41,265877.6376699702,0.2,0.0
1806,United Kingdom,2020,Solar+BESS,0.05,31.51,233554.479009178,0.2,0.0
1807,United Kingdom,2021,Solar+BESS,0.05,29.6,217666.309714862,0.2,0.0
1808,United Kingdom,2022,Solar+BESS,0.05,28.43,208031.58739044648,0.2,0.0
1809,United Kingdom,2023,Solar+BESS,0.05,24.28,173577.65872777477,0.2,0.0
1810,United Kingdom,2015,Coal,0.05,333.5901995287563,1856989.9999999998,,
1811,United Kingdom,2016,Coal,0.05,335.73432743573306,1856989.9999999998,,
1812,United Kingdom,2017,Coal,0.05,344.59004836596563,1856989.9999999998,,
1813,United Kingdom,2018,Coal,0.05,351.21879255201213,1856989.9999999998,,
1814,United Kingdom,2019,Coal,0.05,339.78830417991907,1856989.9999999998,,
1815,United Kingdom,2020,Coal,0.05,333.0891995287563,1856989.9999999998,,
1816,United Kingdom,2021,Coal,0.05,361.63022278457026,1856989.9999999998,,
1817,United Kingdom,2022,Coal,0.05,438.994362319454,1856989.9999999998,,
1818,United Kingdom,2023,Coal,0.05,377.5021762729423,1856989.9999999998,,
1819,United Kingdom,2024,Coal,0.05,361.3109669706168,1856989.9999999998,,
1820,United Kingdom,2015,Gas,0.05,257.18719047843683,1005290.0000000001,,
1821,United Kingdom,2016,Gas,0.05,245.95294486440176,1005290.0000000001,,
1822,United Kingdom,2017,Gas,0.05,252.71966767141933,1005290.0000000001,,
1823,United Kingdom,2018,Gas,0.05,265.8616676714193,1005290.0000000001,,
1824,United Kingdom,2019,Gas,0.05,244.85063082931407,1005290.0000000001,,
1825,United Kingdom,2020,Gas,0.05,237.1325887240509,1005290.0000000001,,
1826,United Kingdom,2021,Gas,0.05,310.61770977668243,1005290.0000000001,,
1827,United Kingdom,2022,Gas,0.05,365.08195539071755,1005290.0000000001,,
1828,United Kingdom,2023,Gas,0.05,291.7582781977351,1005290.0000000001,,
1829,United Kingdom,2024,Gas,0.05,282.11651679422636,1005290.0000000001,,
1830,United Kingdom,2024,Solar+BESS,0.1,24.37,348616.57652999996,0.4,0.0
1831,United Kingdom,2015,Solar+BESS,0.1,50.81,787184.2851300001,0.4,0.0
1832,United Kingdom,2016,Solar+BESS,0.1,56.2,876438.9758223734,0.4,0.0
1833,United Kingdom,2017,Solar+BESS,0.1,48.77,753277.11421033,0.4,0.0
1834,United Kingdom,2018,Solar+BESS,0.1,42.16,643748.5908256698,0.4,0.0
1835,United Kingdom,2019,Solar+BESS,0.1,35.41,531755.2634576211,0.4,0.0
1836,United Kingdom,2020,Solar+BESS,0.1,31.51,467108.94758058875,0.4,0.0
1837,United Kingdom,2021,Solar+BESS,0.1,29.6,435332.60970201384,0.4,0.0
1838,United Kingdom,2022,Solar+BESS,0.1,28.43,416063.1654837674,0.4,0.0
1839,United Kingdom,2023,Solar+BESS,0.1,24.28,347155.30969820224,0.4,0.0
1840,United Kingdom,2015,Coal,0.1,179.81999046205257,1856989.9999999998,,
1841,United Kingdom,2016,Coal,0.1,181.96411836902934,1856989.9999999998,,
1842,United Kingdom,2017,Coal,0.1,190.81983929926184,1856989.9999999998,,
1843,United Kingdom,2018,Coal,0.1,197.44858348530838,1856989.9999999998,,
1844,United Kingdom,2019,Coal,0.1,186.01809511321537,1856989.9999999998,,
1845,United Kingdom,2020,Coal,0.1,179.31899046205257,1856989.9999999998,,
1846,United Kingdom,2021,Coal,0.1,207.86001371786654,1856989.9999999998,,
1847,United Kingdom,2022,Coal,0.1,285.2241532527502,1856989.9999999998,,
1848,United Kingdom,2023,Coal,0.1,223.7319672062386,1856989.9999999998,,
1849,United Kingdom,2024,Coal,0.1,207.54075790391306,1856989.9999999998,,
1850,United Kingdom,2015,Gas,0.1,149.66489874799035,1005290.0000000001,,
1851,United Kingdom,2016,Gas,0.1,138.43065313395525,1005290.0000000001,,
1852,United Kingdom,2017,Gas,0.1,145.19737594097282,1005290.0000000001,,
1853,United Kingdom,2018,Gas,0.1,158.3393759409728,1005290.0000000001,,
1854,United Kingdom,2019,Gas,0.1,137.32833909886756,1005290.0000000001,,
1855,United Kingdom,2020,Gas,0.1,129.61029699360438,1005290.0000000001,,
1856,United Kingdom,2021,Gas,0.1,203.09541804623598,1005290.0000000001,,
1857,United Kingdom,2022,Gas,0.1,257.55966366027104,1005290.0000000001,,
1858,United Kingdom,2023,Gas,0.1,184.23598646728863,1005290.0000000001,,
1859,United Kingdom,2024,Gas,0.1,174.59422506377982,1005290.0000000001,,
1860,United Kingdom,2024,Solar+BESS,0.15,24.37,522924.86869000003,0.7,0.0
1861,United Kingdom,2015,Solar+BESS,0.15,50.81,1180776.43649,0.7,0.0
1862,United Kingdom,2016,Solar+BESS,0.15,56.2,1314658.473525779,0.7,0.0
1863,United Kingdom,2017,Solar+BESS,0.15,48.77,1129915.6797316591,0.7,0.0
1864,United Kingdom,2018,Solar+BESS,0.15,42.16,965622.8934309359,0.7,0.0
1865,United Kingdom,2019,Solar+BESS,0.15,35.41,797632.9011275914,0.7,0.0
1866,United Kingdom,2020,Solar+BESS,0.15,31.51,700663.4265897666,0.7,0.0
1867,United Kingdom,2021,Solar+BESS,0.15,29.6,652998.9194168759,0.7,0.0
1868,United Kingdom,2022,Solar+BESS,0.15,28.43,624094.7528742139,0.7,0.0
1869,United Kingdom,2023,Solar+BESS,0.15,24.28,520732.968425977,0.7,0.0
1870,United Kingdom,2015,Coal,0.15,128.56325410648466,1856989.9999999998,,
1871,United Kingdom,2016,Coal,0.15,130.70738201346143,1856989.9999999998,,
1872,United Kingdom,2017,Coal,0.15,139.563102943694,1856989.9999999998,,
1873,United Kingdom,2018,Coal,0.15,146.1918471297405,1856989.9999999998,,
1874,United Kingdom,2019,Coal,0.15,134.76135875764746,1856989.9999999998,,
1875,United Kingdom,2020,Coal,0.15,128.06225410648466,1856989.9999999998,,
1876,United Kingdom,2021,Coal,0.15,156.6032773622986,1856989.9999999998,,
1877,United Kingdom,2022,Coal,0.15,233.96741689718237,1856989.9999999998,,
1878,United Kingdom,2023,Coal,0.15,172.4752308506707,1856989.9999999998,,
1879,United Kingdom,2024,Coal,0.15,156.28402154834512,1856989.9999999998,,
1880,United Kingdom,2015,Gas,0.15,113.82413483784156,1005290.0000000001,,
1881,United Kingdom,2016,Gas,0.15,102.58988922380645,1005290.0000000001,,
1882,United Kingdom,2017,Gas,0.15,109.35661203082401,1005290.0000000001,,
1883,United Kingdom,2018,Gas,0.15,122.49861203082399,1005290.0000000001,,
1884,United Kingdom,2019,Gas,0.15,101.48757518871874,1005290.0000000001,,
1885,United Kingdom,2020,Gas,0.15,93.76953308345557,1005290.0000000001,,
1886,United Kingdom,2021,Gas,0.15,167.2546541360872,1005290.0000000001,,
1887,United Kingdom,2022,Gas,0.15,221.71889975012223,1005290.0000000001,,
1888,United Kingdom,2023,Gas,0.15,148.3952225571398,1005290.0000000001,,
1889,United Kingdom,2024,Gas,0.15,138.75346115363098,1005290.0000000001,,
1890,United Kingdom,2024,Solar+BESS,0.2,24.37,697233.1530599999,0.9,0.0
1891,United Kingdom,2015,Solar+BESS,0.2,50.81,1574368.5702600002,0.9,0.0
1892,United Kingdom,2016,Solar+BESS,0.2,56.2,1752877.9516447468,0.9,0.0
1893,United Kingdom,2017,Solar+BESS,0.2,48.77,1506554.22842066,0.9,0.0
1894,United Kingdom,2018,Solar+BESS,0.2,42.16,1287497.1816513396,0.9,0.0
1895,United Kingdom,2019,Solar+BESS,0.2,35.41,1063510.5269152422,0.9,0.0
1896,United Kingdom,2020,Solar+BESS,0.2,31.51,934217.8951611775,0.9,0.0
1897,United Kingdom,2021,Solar+BESS,0.2,29.6,870665.2194040277,0.9,0.0
1898,United Kingdom,2022,Solar+BESS,0.2,28.43,832126.3309675348,0.9,0.0
1899,United Kingdom,2023,Solar+BESS,0.2,24.28,694310.6193964045,0.9,0.0
1900,United Kingdom,2015,Coal,0.2,102.93488592870071,1856989.9999999998,,
1901,United Kingdom,2016,Coal,0.2,105.07901383567744,1856989.9999999998,,
1902,United Kingdom,2017,Coal,0.2,113.93473476591001,1856989.9999999998,,
1903,United Kingdom,2018,Coal,0.2,120.56347895195651,1856989.9999999998,,
1904,United Kingdom,2019,Coal,0.2,109.13299057986349,1856989.9999999998,,
1905,United Kingdom,2020,Coal,0.2,102.43388592870072,1856989.9999999998,,
1906,United Kingdom,2021,Coal,0.2,130.97490918451467,1856989.9999999998,,
1907,United Kingdom,2022,Coal,0.2,208.3390487193984,1856989.9999999998,,
1908,United Kingdom,2023,Coal,0.2,146.84686267288672,1856989.9999999998,,
1909,United Kingdom,2024,Coal,0.2,130.65565337056117,1856989.9999999998,,
1910,United Kingdom,2015,Gas,0.2,95.9037528827671,1005290.0000000001,,
1911,United Kingdom,2016,Gas,0.2,84.66950726873202,1005290.0000000001,,
1912,United Kingdom,2017,Gas,0.2,91.43623007574958,1005290.0000000001,,
1913,United Kingdom,2018,Gas,0.2,104.57823007574956,1005290.0000000001,,
1914,United Kingdom,2019,Gas,0.2,83.5671932336443,1005290.0000000001,,
1915,United Kingdom,2020,Gas,0.2,75.84915112838114,1005290.0000000001,,
1916,United Kingdom,2021,Gas,0.2,149.33427218101272,1005290.0000000001,,
1917,United Kingdom,2022,Gas,0.2,203.7985177950478,1005290.0000000001,,
1918,United Kingdom,2023,Gas,0.2,130.47484060206537,1005290.0000000001,,
1919,United Kingdom,2024,Gas,0.2,120.83307919855658,1005290.0000000001,,
1920,United Kingdom,2024,Solar+BESS,0.25,24.72,884060.7698,1.1,0.0
1921,United Kingdom,2015,Solar+BESS,0.25,51.54,1996229.6458,1.1,0.0
1922,United Kingdom,2016,Solar+BESS,0.25,57.0,2222571.638332791,1.1,0.0
1923,United Kingdom,2017,Solar+BESS,0.25,49.47,1910244.0626606278,1.1,0.0
1924,United Kingdom,2018,Solar+BESS,0.25,42.77,1632489.425568185,1.1,0.0
1925,United Kingdom,2019,Solar+BESS,0.25,35.92,1348484.2638201164,1.1,0.0
1926,United Kingdom,2020,Solar+BESS,0.25,31.97,1184546.9308686953,1.1,0.0
1927,United Kingdom,2021,Solar+BESS,0.25,30.02,1103964.9516467738,1.1,0.0
1928,United Kingdom,2022,Solar+BESS,0.25,28.84,1055099.3473236386,1.1,0.0
1929,United Kingdom,2023,Solar+BESS,0.25,24.63,880355.1265025386,1.1,0.0
1930,United Kingdom,2015,Coal,0.25,87.55786502203033,1856989.9999999998,,
1931,United Kingdom,2016,Coal,0.25,89.70199292900708,1856989.9999999998,,
1932,United Kingdom,2017,Coal,0.25,98.55771385923964,1856989.9999999998,,
1933,United Kingdom,2018,Coal,0.25,105.18645804528616,1856989.9999999998,,
1934,United Kingdom,2019,Coal,0.25,93.75596967319312,1856989.9999999998,,
1935,United Kingdom,2020,Coal,0.25,87.05686502203032,1856989.9999999998,,
1936,United Kingdom,2021,Coal,0.25,115.59788827784429,1856989.9999999998,,
1937,United Kingdom,2022,Coal,0.25,192.962027812728,1856989.9999999998,,
1938,United Kingdom,2023,Coal,0.25,131.46984176621635,1856989.9999999998,,
1939,United Kingdom,2024,Coal,0.25,115.2786324638908,1856989.9999999998,,
1940,United Kingdom,2015,Gas,0.25,85.15152370972245,1005290.0000000001,,
1941,United Kingdom,2016,Gas,0.25,73.91727809568737,1005290.0000000001,,
1942,United Kingdom,2017,Gas,0.25,80.68400090270491,1005290.0000000001,,
1943,United Kingdom,2018,Gas,0.25,93.82600090270492,1005290.0000000001,,
1944,United Kingdom,2019,Gas,0.25,72.81496406059966,1005290.0000000001,,
1945,United Kingdom,2020,Gas,0.25,65.0969219553365,1005290.0000000001,,
1946,United Kingdom,2021,Gas,0.25,138.58204300796808,1005290.0000000001,,
1947,United Kingdom,2022,Gas,0.25,193.04628862200315,1005290.0000000001,,
1948,United Kingdom,2023,Gas,0.25,119.72261142902072,1005290.0000000001,,
1949,United Kingdom,2024,Gas,0.25,110.08085002551194,1005290.0000000001,,
1950,United Kingdom,2024,Solar+BESS,0.3,27.41,1176495.5002,1.5,0.0
1951,United Kingdom,2015,Solar+BESS,0.3,57.16,2656554.0242,1.5,0.0
1952,United Kingdom,2016,Solar+BESS,0.3,63.22,2957766.7290476244,1.5,0.0
1953,United Kingdom,2017,Solar+BESS,0.3,54.86,2542125.632961205,1.5,0.0
1954,United Kingdom,2018,Solar+BESS,0.3,47.43,2172493.711874073,1.5,0.0
1955,United Kingdom,2019,Solar+BESS,0.3,39.83,1794543.681464098,1.5,0.0
1956,United Kingdom,2020,Solar+BESS,0.3,35.45,1576378.2101291702,1.5,0.0
1957,United Kingdom,2021,Solar+BESS,0.3,33.29,1469140.8581389356,1.5,0.0
1958,United Kingdom,2022,Solar+BESS,0.3,31.99,1404111.2068246617,1.5,0.0
1959,United Kingdom,2023,Solar+BESS,0.3,27.31,1171564.0827977823,1.5,0.0
1960,United Kingdom,2015,Coal,0.3,77.30651775091675,1856989.9999999998,,
1961,United Kingdom,2016,Coal,0.3,79.45064565789349,1856989.9999999998,,
1962,United Kingdom,2017,Coal,0.3,88.30636658812605,1856989.9999999998,,
1963,United Kingdom,2018,Coal,0.3,94.93511077417257,1856989.9999999998,,
1964,United Kingdom,2019,Coal,0.3,83.50462240207955,1856989.9999999998,,
1965,United Kingdom,2020,Coal,0.3,76.80551775091675,1856989.9999999998,,
1966,United Kingdom,2021,Coal,0.3,105.34654100673069,1856989.9999999998,,
1967,United Kingdom,2022,Coal,0.3,182.71068054161444,1856989.9999999998,,
1968,United Kingdom,2023,Coal,0.3,121.2184944951028,1856989.9999999998,,
1969,United Kingdom,2024,Coal,0.3,105.02728519277721,1856989.9999999998,,
1970,United Kingdom,2015,Gas,0.3,77.9833709276927,1005290.0000000001,,
1971,United Kingdom,2016,Gas,0.3,66.7491253136576,1005290.0000000001,,
1972,United Kingdom,2017,Gas,0.3,73.51584812067517,1005290.0000000001,,
1973,United Kingdom,2018,Gas,0.3,86.65784812067515,1005290.0000000001,,
1974,United Kingdom,2019,Gas,0.3,65.64681127856988,1005290.0000000001,,
1975,United Kingdom,2020,Gas,0.3,57.92876917330674,1005290.0000000001,,
1976,United Kingdom,2021,Gas,0.3,131.41389022593833,1005290.0000000001,,
1977,United Kingdom,2022,Gas,0.3,185.8781358399734,1005290.0000000001,,
1978,United Kingdom,2023,Gas,0.3,112.55445864699097,1005290.0000000001,,
1979,United Kingdom,2024,Gas,0.3,102.91269724348217,1005290.0000000001,,
1980,United Kingdom,2024,Solar+BESS,0.35,33.37,1614475.645449769,1.8,1.0
1981,United Kingdom,2015,Solar+BESS,0.35,86.56,4701602.78986,1.8,1.0
1982,United Kingdom,2016,Solar+BESS,0.35,85.64,4648337.856916797,1.8,1.0
1983,United Kingdom,2017,Solar+BESS,0.35,71.81,3845512.1104577784,1.8,1.0
1984,United Kingdom,2018,Solar+BESS,0.35,62.76,3320433.8989937436,1.8,1.0
1985,United Kingdom,2019,Solar+BESS,0.35,48.65,2501422.7042943006,1.8,1.0
1986,United Kingdom,2020,Solar+BESS,0.35,43.53,2204249.730364005,1.8,1.0
1987,United Kingdom,2021,Solar+BESS,0.35,40.99,2056539.417875644,1.8,1.0
1988,United Kingdom,2022,Solar+BESS,0.35,40.85,2048810.7477376098,1.8,1.0
1989,United Kingdom,2023,Solar+BESS,0.35,34.58,1684696.4033262094,1.8,1.0
1990,United Kingdom,2015,Coal,0.35,69.98412684297848,1856989.9999999998,,
1991,United Kingdom,2016,Coal,0.35,72.12825474995522,1856989.9999999998,,
1992,United Kingdom,2017,Coal,0.35,80.98397568018778,1856989.9999999998,,
1993,United Kingdom,2018,Coal,0.35,87.61271986623429,1856989.9999999998,,
1994,United Kingdom,2019,Coal,0.35,76.18223149414128,1856989.9999999998,,
1995,United Kingdom,2020,Coal,0.35,69.48312684297848,1856989.9999999998,,
1996,United Kingdom,2021,Coal,0.35,98.02415009879242,1856989.9999999998,,
1997,United Kingdom,2022,Coal,0.35,175.38828963367618,1856989.9999999998,,
1998,United Kingdom,2023,Coal,0.35,113.89610358716452,1856989.9999999998,,
1999,United Kingdom,2024,Coal,0.35,97.70489428483894,1856989.9999999998,,
2000,United Kingdom,2015,Gas,0.35,72.86326179767144,1005290.0000000001,,
2001,United Kingdom,2016,Gas,0.35,61.629016183636345,1005290.0000000001,,
2002,United Kingdom,2017,Gas,0.35,68.39573899065391,1005290.0000000001,,
2003,United Kingdom,2018,Gas,0.35,81.53773899065389,1005290.0000000001,,
2004,United Kingdom,2019,Gas,0.35,60.52670214854864,1005290.0000000001,,
2005,United Kingdom,2020,Gas,0.35,52.80866004328547,1005290.0000000001,,
2006,United Kingdom,2021,Gas,0.35,126.29378109591707,1005290.0000000001,,
2007,United Kingdom,2022,Gas,0.35,180.75802670995213,1005290.0000000001,,
2008,United Kingdom,2023,Gas,0.35,107.4343495169697,1005290.0000000001,,
2009,United Kingdom,2024,Gas,0.35,97.79258811346091,1005290.0000000001,,
2010,United Kingdom,2024,Solar+BESS,0.4,39.18,2096136.774974632,2.1,2.5
2011,United Kingdom,2015,Solar+BESS,0.4,120.08,7462943.777000001,2.1,2.5
2012,United Kingdom,2016,Solar+BESS,0.4,109.99,6793481.744984777,2.1,2.5
2013,United Kingdom,2017,Solar+BESS,0.4,89.77,5452087.467890957,2.1,2.5
2014,United Kingdom,2018,Solar+BESS,0.4,79.15,4747404.471262114,2.1,2.5
2015,United Kingdom,2019,Solar+BESS,0.4,57.29,3297630.917419404,2.1,2.5
2016,United Kingdom,2020,Solar+BESS,0.4,51.52,2914642.9836667734,2.1,2.5
2017,United Kingdom,2021,Solar+BESS,0.4,48.62,2722155.851097657,2.1,2.5
2018,United Kingdom,2022,Solar+BESS,0.4,50.05,2816985.694037631,2.1,2.5
2019,United Kingdom,2023,Solar+BESS,0.4,42.05,2286353.893603197,2.1,2.5
2020,United Kingdom,2015,Coal,0.4,64.49233366202476,1856989.9999999998,,
2021,United Kingdom,2016,Coal,0.4,66.63646156900153,1856989.9999999998,,
2022,United Kingdom,2017,Coal,0.4,75.49218249923408,1856989.9999999998,,
2023,United Kingdom,2018,Coal,0.4,82.12092668528058,1856989.9999999998,,
2024,United Kingdom,2019,Coal,0.4,70.69043831318756,1856989.9999999998,,
2025,United Kingdom,2020,Coal,0.4,63.99133366202477,1856989.9999999998,,
2026,United Kingdom,2021,Coal,0.4,92.53235691783873,1856989.9999999998,,
2027,United Kingdom,2022,Coal,0.4,169.89649645272246,1856989.9999999998,,
2028,United Kingdom,2023,Coal,0.4,108.40431040621081,1856989.9999999998,,
2029,United Kingdom,2024,Coal,0.4,92.21310110388524,1856989.9999999998,,
2030,United Kingdom,2015,Gas,0.4,69.0231799501555,1005290.0000000001,,
2031,United Kingdom,2016,Gas,0.4,57.78893433612039,1005290.0000000001,,
2032,United Kingdom,2017,Gas,0.4,64.55565714313794,1005290.0000000001,,
2033,United Kingdom,2018,Gas,0.4,77.69765714313795,1005290.0000000001,,
2034,United Kingdom,2019,Gas,0.4,56.68662030103268,1005290.0000000001,,
2035,United Kingdom,2020,Gas,0.4,48.96857819576952,1005290.0000000001,,
2036,United Kingdom,2021,Gas,0.4,122.45369924840111,1005290.0000000001,,
2037,United Kingdom,2022,Gas,0.4,176.91794486243614,1005290.0000000001,,
2038,United Kingdom,2023,Gas,0.4,103.59426766945373,1005290.0000000001,,
2039,United Kingdom,2024,Gas,0.4,93.95250626594496,1005290.0000000001,,
2040,United Kingdom,2024,Solar+BESS,0.45,44.04,2598762.8279173053,2.4,4.0
2041,United Kingdom,2015,Solar+BESS,0.45,147.11,10290874.472,2.4,4.0
2042,United Kingdom,2016,Solar+BESS,0.45,129.84,9002077.403204652,2.4,4.0
2043,United Kingdom,2017,Solar+BESS,0.45,104.5,7110470.774276646,2.4,4.0
2044,United Kingdom,2018,Solar+BESS,0.45,92.55,6219271.004774443,2.4,4.0
2045,United Kingdom,2019,Solar+BESS,0.45,64.51,4126525.0782700945,2.4,4.0
2046,United Kingdom,2020,Solar+BESS,0.45,58.18,3653874.8041324597,2.4,4.0
2047,United Kingdom,2021,Solar+BESS,0.45,54.97,3414689.8560435884,2.4,4.0
2048,United Kingdom,2022,Solar+BESS,0.45,57.62,3612405.175013484,2.4,4.0
2049,United Kingdom,2023,Solar+BESS,0.45,48.21,2910291.7832979187,2.4,4.0
2050,United Kingdom,2015,Coal,0.45,60.22093896572744,1856989.9999999998,,
2051,United Kingdom,2016,Coal,0.45,62.36506687270419,1856989.9999999998,,
2052,United Kingdom,2017,Coal,0.45,71.22078780293674,1856989.9999999998,,
2053,United Kingdom,2018,Coal,0.45,77.84953198898326,1856989.9999999998,,
2054,United Kingdom,2019,Coal,0.45,66.41904361689022,1856989.9999999998,,
2055,United Kingdom,2020,Coal,0.45,59.71993896572744,1856989.9999999998,,
2056,United Kingdom,2021,Coal,0.45,88.2609622215414,1856989.9999999998,,
2057,United Kingdom,2022,Coal,0.45,165.62510175642512,1856989.9999999998,,
2058,United Kingdom,2023,Coal,0.45,104.13291570991348,1856989.9999999998,,
2059,United Kingdom,2024,Coal,0.45,87.94170640758792,1856989.9999999998,,
2060,United Kingdom,2015,Gas,0.45,66.03644962430975,1005290.0000000001,,
2061,United Kingdom,2016,Gas,0.45,54.80220401027466,1005290.0000000001,,
2062,United Kingdom,2017,Gas,0.45,61.5689268172922,1005290.0000000001,,
2063,United Kingdom,2018,Gas,0.45,74.7109268172922,1005290.0000000001,,
2064,United Kingdom,2019,Gas,0.45,53.69988997518694,1005290.0000000001,,
2065,United Kingdom,2020,Gas,0.45,45.98184786992378,1005290.0000000001,,
2066,United Kingdom,2021,Gas,0.45,119.46696892255537,1005290.0000000001,,
2067,United Kingdom,2022,Gas,0.45,173.93121453659043,1005290.0000000001,,
2068,United Kingdom,2023,Gas,0.45,100.60753734360799,1005290.0000000001,,
2069,United Kingdom,2024,Gas,0.45,90.96577594009923,1005290.0000000001,,
2070,United Kingdom,2024,Solar+BESS,0.5,48.32,3119182.3965500854,2.6,5.7
2071,United Kingdom,2015,Solar+BESS,0.5,171.67,13347469.6923,2.6,5.7
2072,United Kingdom,2016,Solar+BESS,0.5,147.71,11360613.524564259,2.6,5.7
2073,United Kingdom,2017,Solar+BESS,0.5,117.68,8871020.923997853,2.6,5.7
2074,United Kingdom,2018,Solar+BESS,0.5,104.58,7784529.705087497,2.6,5.7
2075,United Kingdom,2019,Solar+BESS,0.5,70.87,4989487.792854395,2.6,5.7
2076,United Kingdom,2020,Solar+BESS,0.5,64.06,4424270.060178395,2.6,5.7
2077,United Kingdom,2021,Solar+BESS,0.5,60.59,4136667.053085341,2.6,5.7
2078,United Kingdom,2022,Solar+BESS,0.5,64.38,4450832.008374173,2.6,5.7
2079,United Kingdom,2023,Solar+BESS,0.5,53.7,3565689.229368982,2.6,5.7
2080,United Kingdom,2015,Coal,0.5,56.80382320868958,1856989.9999999998,,
2081,United Kingdom,2016,Coal,0.5,58.94795111566632,1856989.9999999998,,
2082,United Kingdom,2017,Coal,0.5,67.80367204589888,1856989.9999999998,,
2083,United Kingdom,2018,Coal,0.5,74.4324162319454,1856989.9999999998,,
2084,United Kingdom,2019,Coal,0.5,63.001927859852366,1856989.9999999998,,
2085,United Kingdom,2020,Coal,0.5,56.30282320868958,1856989.9999999998,,
2086,United Kingdom,2021,Coal,0.5,84.84384646450354,1856989.9999999998,,
2087,United Kingdom,2022,Coal,0.5,162.2079859993873,1856989.9999999998,,
2088,United Kingdom,2023,Coal,0.5,100.7157999528756,1856989.9999999998,,
2089,United Kingdom,2024,Coal,0.5,84.52459065055005,1856989.9999999998,,
2090,United Kingdom,2015,Gas,0.5,63.64706536363316,1005290.0000000001,,
2091,United Kingdom,2016,Gas,0.5,52.41281974959807,1005290.0000000001,,
2092,United Kingdom,2017,Gas,0.5,59.17954255661562,1005290.0000000001,,
2093,United Kingdom,2018,Gas,0.5,72.32154255661563,1005290.0000000001,,
2094,United Kingdom,2019,Gas,0.5,51.310505714510356,1005290.0000000001,,
2095,United Kingdom,2020,Gas,0.5,43.59246360924719,1005290.0000000001,,
2096,United Kingdom,2021,Gas,0.5,117.07758466187877,1005290.0000000001,,
2097,United Kingdom,2022,Gas,0.5,171.54183027591384,1005290.0000000001,,
2098,United Kingdom,2023,Gas,0.5,98.21815308293142,1005290.0000000001,,
2099,United Kingdom,2024,Gas,0.5,88.57639167942263,1005290.0000000001,,
2100,United Kingdom,2024,Solar+BESS,0.55,51.94,3651114.314973128,2.9,7.3
2101,United Kingdom,2015,Solar+BESS,0.55,191.61,16390390.559799999,2.9,7.3
2102,United Kingdom,2016,Solar+BESS,0.55,162.39,13725950.077107552,2.9,7.3
2103,United Kingdom,2017,Solar+BESS,0.55,128.59,10643035.919774262,2.9,7.3
2104,United Kingdom,2018,Solar+BESS,0.55,114.51,9358306.475164015,2.9,7.3
2105,United Kingdom,2019,Solar+BESS,0.55,76.25,5868552.636390679,2.9,7.3
2106,United Kingdom,2020,Solar+BESS,0.55,69.01,5208549.614751348,2.9,7.3
2107,United Kingdom,2021,Solar+BESS,0.55,65.32,4871499.902877592,2.9,7.3
2108,United Kingdom,2022,Solar+BESS,0.55,70.0,5298416.404399388,2.9,7.3
2109,United Kingdom,2023,Solar+BESS,0.55,58.28,4229658.8695293935,2.9,7.3
2110,United Kingdom,2015,Coal,0.55,54.0080012256586,1856989.9999999998,,
2111,United Kingdom,2016,Coal,0.55,56.15212913263535,1856989.9999999998,,
2112,United Kingdom,2017,Coal,0.55,65.0078500628679,1856989.9999999998,,
2113,United Kingdom,2018,Coal,0.55,71.6365942489144,1856989.9999999998,,
2114,United Kingdom,2019,Coal,0.55,60.206105876821404,1856989.9999999998,,
2115,United Kingdom,2020,Coal,0.55,53.507001225658605,1856989.9999999998,,
2116,United Kingdom,2021,Coal,0.55,82.04802448147257,1856989.9999999998,,
2117,United Kingdom,2022,Coal,0.55,159.4121640163563,1856989.9999999998,,
2118,United Kingdom,2023,Coal,0.55,97.91997796984464,1856989.9999999998,,
2119,United Kingdom,2024,Coal,0.55,81.72876866751908,1856989.9999999998,,
2120,United Kingdom,2015,Gas,0.55,61.692114604897775,1005290.0000000001,,
2121,United Kingdom,2016,Gas,0.55,50.45786899086269,1005290.0000000001,,
2122,United Kingdom,2017,Gas,0.55,57.22459179788024,1005290.0000000001,,
2123,United Kingdom,2018,Gas,0.55,70.36659179788025,1005290.0000000001,,
2124,United Kingdom,2019,Gas,0.55,49.35555495577497,1005290.0000000001,,
2125,United Kingdom,2020,Gas,0.55,41.637512850511804,1005290.0000000001,,
2126,United Kingdom,2021,Gas,0.55,115.1226339031434,1005290.0000000001,,
2127,United Kingdom,2022,Gas,0.55,169.5868795171785,1005290.0000000001,,
2128,United Kingdom,2023,Gas,0.55,96.26320232419603,1005290.0000000001,,
2129,United Kingdom,2024,Gas,0.55,86.62144092068725,1005290.0000000001,,
2130,United Kingdom,2024,Solar+BESS,0.6,55.16,4195612.06671697,3.2,9.1
2131,United Kingdom,2015,Solar+BESS,0.6,209.64,19566001.9351,3.2,9.1
2132,United Kingdom,2016,Solar+BESS,0.6,175.62,16181103.718945682,3.2,9.1
2133,United Kingdom,2017,Solar+BESS,0.6,138.4,12477467.721251845,3.2,9.1
2134,United Kingdom,2018,Solar+BESS,0.6,123.44,10988789.780283045,3.2,9.1
2135,United Kingdom,2019,Solar+BESS,0.6,81.04,6770618.54147787,3.2,9.1
2136,United Kingdom,2020,Solar+BESS,0.6,73.44,6013718.37145315,3.2,9.1
2137,United Kingdom,2021,Solar+BESS,0.6,69.54,5626022.140364831,3.2,9.1
2138,United Kingdom,2022,Solar+BESS,0.6,75.04,6173046.943925213,3.2,9.1
2139,United Kingdom,2023,Solar+BESS,0.6,62.38,4913746.332319418,3.2,9.1
2140,United Kingdom,2015,Coal,0.6,51.67814957313279,1856989.9999999998,,
2141,United Kingdom,2016,Coal,0.6,53.82227748010953,1856989.9999999998,,
2142,United Kingdom,2017,Coal,0.6,62.6779984103421,1856989.9999999998,,
2143,United Kingdom,2018,Coal,0.6,69.3067425963886,1856989.9999999998,,
2144,United Kingdom,2019,Coal,0.6,57.876254224295586,1856989.9999999998,,
2145,United Kingdom,2020,Coal,0.6,51.17714957313279,1856989.9999999998,,
2146,United Kingdom,2021,Coal,0.6,79.71817282894673,1856989.9999999998,,
2147,United Kingdom,2022,Coal,0.6,157.08231236383048,1856989.9999999998,,
2148,United Kingdom,2023,Coal,0.6,95.59012631731882,1856989.9999999998,,
2149,United Kingdom,2024,Coal,0.6,79.39891701499326,1856989.9999999998,,
2150,United Kingdom,2015,Gas,0.6,60.06298897261829,1005290.0000000001,,
2151,United Kingdom,2016,Gas,0.6,48.82874335858319,1005290.0000000001,,
2152,United Kingdom,2017,Gas,0.6,55.59546616560075,1005290.0000000001,,
2153,United Kingdom,2018,Gas,0.6,68.73746616560075,1005290.0000000001,,
2154,United Kingdom,2019,Gas,0.6,47.72642932349547,1005290.0000000001,,
2155,United Kingdom,2020,Gas,0.6,40.00838721823232,1005290.0000000001,,
2156,United Kingdom,2021,Gas,0.6,113.49350827086391,1005290.0000000001,,
2157,United Kingdom,2022,Gas,0.6,167.95775388489898,1005290.0000000001,,
2158,United Kingdom,2023,Gas,0.6,94.63407669191653,1005290.0000000001,,
2159,United Kingdom,2024,Gas,0.6,84.99231528840774,1005290.0000000001,,
2160,United Kingdom,2024,Solar+BESS,0.65,58.06,4760225.620428787,3.5,10.8
2161,United Kingdom,2015,Solar+BESS,0.65,224.48,22699429.0391,3.5,10.8
2162,United Kingdom,2016,Solar+BESS,0.65,186.8,18637930.638103865,3.5,10.8
2163,United Kingdom,2017,Solar+BESS,0.65,146.8,14325748.987082012,3.5,10.8
2164,United Kingdom,2018,Solar+BESS,0.65,131.05,12628282.582784882,3.5,10.8
2165,United Kingdom,2019,Solar+BESS,0.65,85.34,7700147.825587557,3.5,10.8
2166,United Kingdom,2020,Solar+BESS,0.65,77.38,6842436.961647614,3.5,10.8
2167,United Kingdom,2021,Solar+BESS,0.65,73.3,6402306.379794591,3.5,10.8
2168,United Kingdom,2022,Solar+BESS,0.65,79.41,7061566.015358228,3.5,10.8
2169,United Kingdom,2023,Solar+BESS,0.65,65.96,5611478.800580203,3.5,10.8
2170,United Kingdom,2015,Coal,0.65,49.70673663638018,1856989.9999999998,,
2171,United Kingdom,2016,Coal,0.65,51.85086454335693,1856989.9999999998,,
2172,United Kingdom,2017,Coal,0.65,60.706585473589485,1856989.9999999998,,
2173,United Kingdom,2018,Coal,0.65,67.33532965963599,1856989.9999999998,,
2174,United Kingdom,2019,Coal,0.65,55.90484128754297,1856989.9999999998,,
2175,United Kingdom,2020,Coal,0.65,49.20573663638018,1856989.9999999998,,
2176,United Kingdom,2021,Coal,0.65,77.74675989219413,1856989.9999999998,,
2177,United Kingdom,2022,Coal,0.65,155.11089942707787,1856989.9999999998,,
2178,United Kingdom,2023,Coal,0.65,93.61871338056623,1856989.9999999998,,
2179,United Kingdom,2024,Coal,0.65,77.42750407824064,1856989.9999999998,,
2180,United Kingdom,2015,Gas,0.65,58.68449805299718,1005290.0000000001,,
2181,United Kingdom,2016,Gas,0.65,47.45025243896208,1005290.0000000001,,
2182,United Kingdom,2017,Gas,0.65,54.21697524597964,1005290.0000000001,,
2183,United Kingdom,2018,Gas,0.65,67.35897524597965,1005290.0000000001,,
2184,United Kingdom,2019,Gas,0.65,46.347938403874366,1005290.0000000001,,
2185,United Kingdom,2020,Gas,0.65,38.62989629861121,1005290.0000000001,,
2186,United Kingdom,2021,Gas,0.65,112.11501735124277,1005290.0000000001,,
2187,United Kingdom,2022,Gas,0.65,166.57926296527785,1005290.0000000001,,
2188,United Kingdom,2023,Gas,0.65,93.25558577229542,1005290.0000000001,,
2189,United Kingdom,2024,Gas,0.65,83.61382436878664,1005290.0000000001,,
2190,United Kingdom,2024,Solar+BESS,0.7,61.0,5412849.526085032,4.1,11.7
2191,United Kingdom,2015,Solar+BESS,0.7,231.7,25229440.1272,4.1,11.7
2192,United Kingdom,2016,Solar+BESS,0.7,194.13,20868289.43244216,4.1,11.7
2193,United Kingdom,2017,Solar+BESS,0.7,153.0,16093027.967155525,4.1,11.7
2194,United Kingdom,2018,Solar+BESS,0.7,136.45,14172673.46391268,4.1,11.7
2195,United Kingdom,2019,Solar+BESS,0.7,89.61,8734440.101976927,4.1,11.7
2196,United Kingdom,2020,Solar+BESS,0.7,81.2,7757919.510249829,4.1,11.7
2197,United Kingdom,2021,Solar+BESS,0.7,76.89,7257751.0757110715,4.1,11.7
2198,United Kingdom,2022,Solar+BESS,0.7,82.96,7962469.983986234,4.1,11.7
2199,United Kingdom,2023,Solar+BESS,0.7,68.97,6338376.445943121,4.1,11.7
2200,United Kingdom,2015,Coal,0.7,48.01695411916366,1856989.9999999998,,
2201,United Kingdom,2016,Coal,0.7,50.161082026140406,1856989.9999999998,,
2202,United Kingdom,2017,Coal,0.7,59.016802956372956,1856989.9999999998,,
2203,United Kingdom,2018,Coal,0.7,65.64554714241946,1856989.9999999998,,
2204,United Kingdom,2019,Coal,0.7,54.21505877032644,1856989.9999999998,,
2205,United Kingdom,2020,Coal,0.7,47.51595411916366,1856989.9999999998,,
2206,United Kingdom,2021,Coal,0.7,76.0569773749776,1856989.9999999998,,
2207,United Kingdom,2022,Coal,0.7,153.42111690986135,1856989.9999999998,,
2208,United Kingdom,2023,Coal,0.7,91.92893086334969,1856989.9999999998,,
2209,United Kingdom,2024,Coal,0.7,75.73772156102412,1856989.9999999998,,
2210,United Kingdom,2015,Gas,0.7,57.502934407607654,1005290.0000000001,,
2211,United Kingdom,2016,Gas,0.7,46.268688793572565,1005290.0000000001,,
2212,United Kingdom,2017,Gas,0.7,53.03541160059011,1005290.0000000001,,
2213,United Kingdom,2018,Gas,0.7,66.1774116005901,1005290.0000000001,,
2214,United Kingdom,2019,Gas,0.7,45.16637475848485,1005290.0000000001,,
2215,United Kingdom,2020,Gas,0.7,37.448332653221684,1005290.0000000001,,
2216,United Kingdom,2021,Gas,0.7,110.93345370585327,1005290.0000000001,,
2217,United Kingdom,2022,Gas,0.7,165.39769931988835,1005290.0000000001,,
2218,United Kingdom,2023,Gas,0.7,92.0740221269059,1005290.0000000001,,
2219,United Kingdom,2024,Gas,0.7,82.43226072339712,1005290.0000000001,,
2220,United Kingdom,2024,Solar+BESS,0.75,65.82,6309815.098552717,5.0,12.7
2221,United Kingdom,2015,Solar+BESS,0.75,242.85,28328429.163599998,5.0,12.7
2222,United Kingdom,2016,Solar+BESS,0.75,205.82,23722562.730489653,5.0,12.7
2223,United Kingdom,2017,Solar+BESS,0.75,162.98,18394101.99977199,5.0,12.7
2224,United Kingdom,2018,Solar+BESS,0.75,145.13,16173800.612686727,5.0,12.7
2225,United Kingdom,2019,Solar+BESS,0.75,96.63,10142067.969634546,5.0,12.7
2226,United Kingdom,2020,Solar+BESS,0.75,87.46,9001463.829203177,5.0,12.7
2227,United Kingdom,2021,Solar+BESS,0.75,82.78,8418976.841397118,5.0,12.7
2228,United Kingdom,2022,Solar+BESS,0.75,88.71,9156980.564519726,5.0,12.7
2229,United Kingdom,2023,Solar+BESS,0.75,73.86,7309849.007713457,5.0,12.7
2230,United Kingdom,2015,Coal,0.75,46.55247593757599,1856989.9999999998,,
2231,United Kingdom,2016,Coal,0.75,48.69660384455275,1856989.9999999998,,
2232,United Kingdom,2017,Coal,0.75,57.55232477478529,1856989.9999999998,,
2233,United Kingdom,2018,Coal,0.75,64.1810689608318,1856989.9999999998,,
2234,United Kingdom,2019,Coal,0.75,52.750580588738785,1856989.9999999998,,
2235,United Kingdom,2020,Coal,0.75,46.05147593757601,1856989.9999999998,,
2236,United Kingdom,2021,Coal,0.75,74.59249919338995,1856989.9999999998,,
2237,United Kingdom,2022,Coal,0.75,151.95663872827367,1856989.9999999998,,
2238,United Kingdom,2023,Coal,0.75,90.46445268176203,1856989.9999999998,,
2239,United Kingdom,2024,Coal,0.75,74.27324337943645,1856989.9999999998,,
2240,United Kingdom,2015,Gas,0.75,56.478912581603396,1005290.0000000001,,
2241,United Kingdom,2016,Gas,0.75,45.24466696756831,1005290.0000000001,,
2242,United Kingdom,2017,Gas,0.75,52.011389774585844,1005290.0000000001,,
2243,United Kingdom,2018,Gas,0.75,65.15338977458585,1005290.0000000001,,
2244,United Kingdom,2019,Gas,0.75,44.142352932480584,1005290.0000000001,,
2245,United Kingdom,2020,Gas,0.75,36.424310827217425,1005290.0000000001,,
2246,United Kingdom,2021,Gas,0.75,109.90943187984898,1005290.0000000001,,
2247,United Kingdom,2022,Gas,0.75,164.37367749388406,1005290.0000000001,,
2248,United Kingdom,2023,Gas,0.75,91.05000030090163,1005290.0000000001,,
2249,United Kingdom,2024,Gas,0.75,81.40823889739285,1005290.0000000001,,
2250,United Kingdom,2024,Solar+BESS,0.8,73.18,7542459.721293708,6.2,14.0
2251,United Kingdom,2015,Solar+BESS,0.8,262.21,32620318.438899998,6.2,14.0
2252,United Kingdom,2016,Solar+BESS,0.8,224.85,27663512.182420626,6.2,14.0
2253,United Kingdom,2017,Solar+BESS,0.8,178.9,21567529.50633812,6.2,14.0
2254,United Kingdom,2018,Solar+BESS,0.8,159.05,18934469.70715619,6.2,14.0
2255,United Kingdom,2019,Solar+BESS,0.8,107.37,12077702.368642712,6.2,14.0
2256,United Kingdom,2020,Solar+BESS,0.8,97.07,10711677.650210477,6.2,14.0
2257,United Kingdom,2021,Solar+BESS,0.8,91.83,10016048.0424633,6.2,14.0
2258,United Kingdom,2022,Solar+BESS,0.8,97.76,10802350.778669657,6.2,14.0
2259,United Kingdom,2023,Solar+BESS,0.8,81.51,8647299.848128539,6.2,14.0
2260,United Kingdom,2015,Coal,0.8,45.2710575286868,1856989.9999999998,,
2261,United Kingdom,2016,Coal,0.8,47.41518543566355,1856989.9999999998,,
2262,United Kingdom,2017,Coal,0.8,56.27090636589611,1856989.9999999998,,
2263,United Kingdom,2018,Coal,0.8,62.899650551942614,1856989.9999999998,,
2264,United Kingdom,2019,Coal,0.8,51.4691621798496,1856989.9999999998,,
2265,United Kingdom,2020,Coal,0.8,44.770057528686806,1856989.9999999998,,
2266,United Kingdom,2021,Coal,0.8,73.31108078450076,1856989.9999999998,,
2267,United Kingdom,2022,Coal,0.8,150.67522031938447,1856989.9999999998,,
2268,United Kingdom,2023,Coal,0.8,89.18303427287283,1856989.9999999998,,
2269,United Kingdom,2024,Coal,0.8,72.99182497054727,1856989.9999999998,,
2270,United Kingdom,2015,Gas,0.8,55.58289348384967,1005290.0000000001,,
2271,United Kingdom,2016,Gas,0.8,44.348647869814585,1005290.0000000001,,
2272,United Kingdom,2017,Gas,0.8,51.11537067683213,1005290.0000000001,,
2273,United Kingdom,2018,Gas,0.8,64.25737067683212,1005290.0000000001,,
2274,United Kingdom,2019,Gas,0.8,43.24633383472686,1005290.0000000001,,
2275,United Kingdom,2020,Gas,0.8,35.5282917294637,1005290.0000000001,,
2276,United Kingdom,2021,Gas,0.8,109.01341278209527,1005290.0000000001,,
2277,United Kingdom,2022,Gas,0.8,163.47765839613035,1005290.0000000001,,
2278,United Kingdom,2023,Gas,0.8,90.15398120314791,1005290.0000000001,,
2279,United Kingdom,2024,Gas,0.8,80.51221979963914,1005290.0000000001,,
2280,United Kingdom,2024,Solar+BESS,0.85,83.93,9286693.851116013,8.1,15.5
2281,United Kingdom,2015,Solar+BESS,0.85,288.81,38167588.4974,8.1,15.5
2282,United Kingdom,2016,Solar+BESS,0.85,251.78,32946550.625777543,8.1,15.5
2283,United Kingdom,2017,Solar+BESS,0.85,201.65,25880253.040976655,8.1,15.5
2284,United Kingdom,2018,Solar+BESS,0.85,178.89,22672010.60962476,8.1,15.5
2285,United Kingdom,2019,Solar+BESS,0.85,123.02,14797362.220324479,8.1,15.5
2286,United Kingdom,2020,Solar+BESS,0.85,111.06,13111259.134009687,8.1,15.5
2287,United Kingdom,2021,Solar+BESS,0.85,104.99,12255803.322747882,8.1,15.5
2288,United Kingdom,2022,Solar+BESS,0.85,110.77,13069861.042401476,8.1,15.5
2289,United Kingdom,2023,Solar+BESS,0.85,92.55,10501500.361772511,8.1,15.5
2290,United Kingdom,2015,Coal,0.85,44.14039422672574,1856989.9999999998,,
2291,United Kingdom,2016,Coal,0.85,46.284522133702495,1856989.9999999998,,
2292,United Kingdom,2017,Coal,0.85,55.140243063935046,1856989.9999999998,,
2293,United Kingdom,2018,Coal,0.85,61.768987249981556,1856989.9999999998,,
2294,United Kingdom,2019,Coal,0.85,50.33849887788853,1856989.9999999998,,
2295,United Kingdom,2020,Coal,0.85,43.63939422672575,1856989.9999999998,,
2296,United Kingdom,2021,Coal,0.85,72.18041748253971,1856989.9999999998,,
2297,United Kingdom,2022,Coal,0.85,149.54455701742341,1856989.9999999998,,
2298,United Kingdom,2023,Coal,0.85,88.0523709709118,1856989.9999999998,,
2299,United Kingdom,2024,Coal,0.85,71.8611616685862,1856989.9999999998,,
2300,United Kingdom,2015,Gas,0.85,54.79228839759639,1005290.0000000001,,
2301,United Kingdom,2016,Gas,0.85,43.558042783561305,1005290.0000000001,,
2302,United Kingdom,2017,Gas,0.85,50.32476559057885,1005290.0000000001,,
2303,United Kingdom,2018,Gas,0.85,63.46676559057885,1005290.0000000001,,
2304,United Kingdom,2019,Gas,0.85,42.45572874847359,1005290.0000000001,,
2305,United Kingdom,2020,Gas,0.85,34.737686643210424,1005290.0000000001,,
2306,United Kingdom,2021,Gas,0.85,108.222807695842,1005290.0000000001,,
2307,United Kingdom,2022,Gas,0.85,162.6870533098771,1005290.0000000001,,
2308,United Kingdom,2023,Gas,0.85,89.36337611689463,1005290.0000000001,,
2309,United Kingdom,2024,Gas,0.85,79.72161471338586,1005290.0000000001,,
2310,United Kingdom,2024,Solar+BESS,0.9,100.67,11946719.907588191,11.1,17.1
2311,United Kingdom,2015,Solar+BESS,0.9,328.58,45963236.995,11.1,17.1
2312,United Kingdom,2016,Solar+BESS,0.9,292.87,40632682.864955604,11.1,17.1
2313,United Kingdom,2017,Solar+BESS,0.9,236.59,32232803.241043568,11.1,17.1
2314,United Kingdom,2018,Solar+BESS,0.9,209.29,28158604.86620743,11.1,17.1
2315,United Kingdom,2019,Solar+BESS,0.9,147.39,18920540.828367706,11.1,17.1
2316,United Kingdom,2020,Solar+BESS,0.9,132.82,16744915.657308819,11.1,17.1
2317,United Kingdom,2021,Solar+BESS,0.9,125.46,15646065.174761541,11.1,17.1
2318,United Kingdom,2022,Solar+BESS,0.9,130.85,16451189.5755755,11.1,17.1
2319,United Kingdom,2023,Solar+BESS,0.9,109.61,13280812.509167332,11.1,17.1
2320,United Kingdom,2015,Coal,0.9,43.135360180538136,1856989.9999999998,,
2321,United Kingdom,2016,Coal,0.9,45.279488087514885,1856989.9999999998,,
2322,United Kingdom,2017,Coal,0.9,54.13520901774744,1856989.9999999998,,
2323,United Kingdom,2018,Coal,0.9,60.763953203793946,1856989.9999999998,,
2324,United Kingdom,2019,Coal,0.9,49.33346483170092,1856989.9999999998,,
2325,United Kingdom,2020,Coal,0.9,42.63436018053814,1856989.9999999998,,
2326,United Kingdom,2021,Coal,0.9,71.1753834363521,1856989.9999999998,,
2327,United Kingdom,2022,Coal,0.9,148.5395229712358,1856989.9999999998,,
2328,United Kingdom,2023,Coal,0.9,87.04733692472418,1856989.9999999998,,
2329,United Kingdom,2024,Coal,0.9,70.8561276223986,1856989.9999999998,,
2330,United Kingdom,2015,Gas,0.9,54.08952832092681,1005290.0000000001,,
2331,United Kingdom,2016,Gas,0.9,42.855282706891714,1005290.0000000001,,
2332,United Kingdom,2017,Gas,0.9,49.622005513909265,1005290.0000000001,,
2333,United Kingdom,2018,Gas,0.9,62.76400551390927,1005290.0000000001,,
2334,United Kingdom,2019,Gas,0.9,41.752968671804,1005290.0000000001,,
2335,United Kingdom,2020,Gas,0.9,34.03492656654084,1005290.0000000001,,
2336,United Kingdom,2021,Gas,0.9,107.52004761917242,1005290.0000000001,,
2337,United Kingdom,2022,Gas,0.9,161.98429323320747,1005290.0000000001,,
2338,United Kingdom,2023,Gas,0.9,88.66061604022504,1005290.0000000001,,
2339,United Kingdom,2024,Gas,0.9,79.01885463671628,1005290.0000000001,,
2340,United Kingdom,2024,Solar+BESS,0.95,128.95,16417109.036003102,16.5,18.7
2341,United Kingdom,2015,Solar+BESS,0.95,391.71,57813712.100999996,16.5,18.7
2342,United Kingdom,2016,Solar+BESS,0.95,360.22,52851727.76405428,16.5,18.7
2343,United Kingdom,2017,Solar+BESS,0.95,294.42,42485954.427546464,16.5,18.7
2344,United Kingdom,2018,Solar+BESS,0.95,259.46,36977577.12843469,16.5,18.7
2345,United Kingdom,2019,Solar+BESS,0.95,188.54,25803906.808117114,16.5,18.7
2346,United Kingdom,2020,Solar+BESS,0.95,169.49,22802982.663114965,16.5,18.7
2347,United Kingdom,2021,Solar+BESS,0.95,159.92,21295740.472782105,16.5,18.7
2348,United Kingdom,2022,Solar+BESS,0.95,164.32,21989317.332491834,16.5,18.7
2349,United Kingdom,2023,Solar+BESS,0.95,138.12,17860492.59070228,16.5,18.7
2350,United Kingdom,2015,Coal,0.95,42.23611919184396,1856989.9999999998,,
2351,United Kingdom,2016,Coal,0.95,44.38024709882072,1856989.9999999998,,
2352,United Kingdom,2017,Coal,0.95,53.23596802905326,1856989.9999999998,,
2353,United Kingdom,2018,Coal,0.95,59.86471221509977,1856989.9999999998,,
2354,United Kingdom,2019,Coal,0.95,48.43422384300675,1856989.9999999998,,
2355,United Kingdom,2020,Coal,0.95,41.73511919184397,1856989.9999999998,,
2356,United Kingdom,2021,Coal,0.95,70.27614244765793,1856989.9999999998,,
2357,United Kingdom,2022,Coal,0.95,147.64028198254164,1856989.9999999998,,
2358,United Kingdom,2023,Coal,0.95,86.14809593603002,1856989.9999999998,,
2359,United Kingdom,2024,Coal,0.95,69.95688663370444,1856989.9999999998,,
2360,United Kingdom,2015,Gas,0.95,53.460742989169816,1005290.0000000001,,
2361,United Kingdom,2016,Gas,0.95,42.22649737513473,1005290.0000000001,,
2362,United Kingdom,2017,Gas,0.95,48.99322018215227,1005290.0000000001,,
2363,United Kingdom,2018,Gas,0.95,62.135220182152274,1005290.0000000001,,
2364,United Kingdom,2019,Gas,0.95,41.124183340047004,1005290.0000000001,,
2365,United Kingdom,2020,Gas,0.95,33.40614123478385,1005290.0000000001,,
2366,United Kingdom,2021,Gas,0.95,106.89126228741542,1005290.0000000001,,
2367,United Kingdom,2022,Gas,0.95,161.3555079014505,1005290.0000000001,,
2368,United Kingdom,2023,Gas,0.95,88.03183070846806,1005290.0000000001,,
2369,United Kingdom,2024,Gas,0.95,78.39006930495928,1005290.0000000001,,
2370,United Kingdom,2024,Solar+BESS,1.0,221.08,30174582.971578002,32.7,24.5
2371,United Kingdom,2015,Solar+BESS,1.0,613.91,95321924.657,32.7,24.5
2372,United Kingdom,2016,Solar+BESS,1.0,588.07,91035238.13339263,32.7,24.5
2373,United Kingdom,2017,Solar+BESS,1.0,487.7,74390850.58585027,32.7,24.5
2374,United Kingdom,2018,Solar+BESS,1.0,427.77,64451286.283313215,32.7,24.5
2375,United Kingdom,2019,Solar+BESS,1.0,322.69,47025415.42126014,32.7,24.5
2376,United Kingdom,2020,Solar+BESS,1.0,289.29,41486834.99409957,32.7,24.5
2377,United Kingdom,2021,Solar+BESS,1.0,272.62,38722238.7833892,32.7,24.5
2378,United Kingdom,2022,Solar+BESS,1.0,275.22,39152705.68085196,32.7,24.5
2379,United Kingdom,2023,Solar+BESS,1.0,232.27,32030031.916361317,32.7,24.5
2380,United Kingdom,2015,Coal,1.0,41.426802302019205,1856989.9999999998,,
2381,United Kingdom,2016,Coal,1.0,43.57093020899595,1856989.9999999998,,
2382,United Kingdom,2017,Coal,1.0,52.426651139228504,1856989.9999999998,,
2383,United Kingdom,2018,Coal,1.0,59.055395325275015,1856989.9999999998,,
2384,United Kingdom,2019,Coal,1.0,47.624906953182,1856989.9999999998,,
2385,United Kingdom,2020,Coal,1.0,40.92580230201921,1856989.9999999998,,
2386,United Kingdom,2021,Coal,1.0,69.46682555783316,1856989.9999999998,,
2387,United Kingdom,2022,Coal,1.0,146.83096509271692,1856989.9999999998,,
2388,United Kingdom,2023,Coal,1.0,85.33877904620525,1856989.9999999998,,
2389,United Kingdom,2024,Coal,1.0,69.14756974387969,1856989.9999999998,,
2390,United Kingdom,2015,Gas,1.0,52.894836190588514,1005290.0000000001,,
2391,United Kingdom,2016,Gas,1.0,41.660590576553425,1005290.0000000001,,
2392,United Kingdom,2017,Gas,1.0,48.42731338357097,1005290.0000000001,,
2393,United Kingdom,2018,Gas,1.0,61.56931338357098,1005290.0000000001,,
2394,United Kingdom,2019,Gas,1.0,40.55827654146571,1005290.0000000001,,
2395,United Kingdom,2020,Gas,1.0,32.84023443620254,1005290.0000000001,,
2396,United Kingdom,2021,Gas,1.0,106.32535548883412,1005290.0000000001,,
2397,United Kingdom,2022,Gas,1.0,160.7896011028692,1005290.0000000001,,
2398,United Kingdom,2023,Gas,1.0,87.46592390988677,1005290.0000000001,,
2399,United Kingdom,2024,Gas,1.0,77.82416250637797,1005290.0000000001,,
2400,Saudi Arabia,2024,Solar+BESS,0.05,17.62,126532.52586073932,0.2,0.0
2401,Saudi Arabia,2015,Solar+BESS,0.05,48.84,391993.2337952706,0.2,0.0
2402,Saudi Arabia,2016,Solar+BESS,0.05,44.93,358674.1117516019,0.2,0.0
2403,Saudi Arabia,2017,Solar+BESS,0.05,39.0,308271.319847096,0.2,0.0
2404,Saudi Arabia,2018,Solar+BESS,0.05,33.72,263447.8387831737,0.2,0.0
2405,Saudi Arabia,2019,Solar+BESS,0.05,28.33,217615.66070351898,0.2,0.0
2406,Saudi Arabia,2020,Solar+BESS,0.05,25.22,191159.78577685743,0.2,0.0
2407,Saudi Arabia,2021,Solar+BESS,0.05,23.69,178155.62909541553,0.2,0.0
2408,Saudi Arabia,2022,Solar+BESS,0.05,22.77,170269.79679038655,0.2,0.0
2409,Saudi Arabia,2023,Solar+BESS,0.05,19.45,142069.92817614076,0.2,0.0
2410,Saudi Arabia,2015,Coal,0.05,375.4094392824578,2285989.9999999995,,
2411,Saudi Arabia,2016,Coal,0.05,377.55356718943455,2285989.9999999995,,
2412,Saudi Arabia,2017,Coal,0.05,386.40928811966717,2285989.9999999995,,
2413,Saudi Arabia,2018,Coal,0.05,393.0380323057136,2285989.9999999995,,
2414,Saudi Arabia,2019,Coal,0.05,381.6075439336206,2285989.9999999995,,
2415,Saudi Arabia,2020,Coal,0.05,374.90843928245783,2285989.9999999995,,
2416,Saudi Arabia,2021,Coal,0.05,403.44946253827175,2285989.9999999995,,
2417,Saudi Arabia,2022,Coal,0.05,480.81360207315555,2285989.9999999995,,
2418,Saudi Arabia,2023,Coal,0.05,419.32141602664393,2285989.9999999995,,
2419,Saudi Arabia,2024,Coal,0.05,403.1302067243183,2285989.9999999995,,
2420,Saudi Arabia,2015,Gas,0.05,276.6252967923512,977140.0,,
2421,Saudi Arabia,2016,Gas,0.05,255.5538256552284,977140.0,,
2422,Saudi Arabia,2017,Gas,0.05,254.41644511089504,977140.0,,
2423,Saudi Arabia,2018,Gas,0.05,269.6812892585267,977140.0,,
2424,Saudi Arabia,2019,Gas,0.05,243.58139887277224,977140.0,,
2425,Saudi Arabia,2020,Gas,0.05,237.1761505441582,977140.0,,
2426,Saudi Arabia,2021,Gas,0.05,322.35996710133367,977140.0,,
2427,Saudi Arabia,2022,Gas,0.05,410.3573039523863,977140.0,,
2428,Saudi Arabia,2023,Gas,0.05,291.5908302704214,977140.0,,
2429,Saudi Arabia,2024,Gas,0.05,281.11495683577226,977140.0,,
2430,Saudi Arabia,2024,Solar+BESS,0.1,17.62,253065.05172147864,0.4,0.0
2431,Saudi Arabia,2015,Solar+BESS,0.1,48.84,783986.4675905412,0.4,0.0
2432,Saudi Arabia,2016,Solar+BESS,0.1,44.93,717348.2235032038,0.4,0.0
2433,Saudi Arabia,2017,Solar+BESS,0.1,39.0,616542.639694192,0.4,0.0
2434,Saudi Arabia,2018,Solar+BESS,0.1,33.72,526895.6775663474,0.4,0.0
2435,Saudi Arabia,2019,Solar+BESS,0.1,28.33,435231.32140703796,0.4,0.0
2436,Saudi Arabia,2020,Solar+BESS,0.1,25.22,382319.57155371486,0.4,0.0
2437,Saudi Arabia,2021,Solar+BESS,0.1,23.69,356311.25819083105,0.4,0.0
2438,Saudi Arabia,2022,Solar+BESS,0.1,22.77,340539.5935807731,0.4,0.0
2439,Saudi Arabia,2023,Solar+BESS,0.1,19.45,284139.8563522815,0.4,0.0
2440,Saudi Arabia,2015,Coal,0.1,200.7296103389033,2285989.9999999995,,
2441,Saudi Arabia,2016,Coal,0.1,202.8737382458801,2285989.9999999995,,
2442,Saudi Arabia,2017,Coal,0.1,211.72945917611264,2285989.9999999995,,
2443,Saudi Arabia,2018,Coal,0.1,218.35820336215914,2285989.9999999995,,
2444,Saudi Arabia,2019,Coal,0.1,206.92771499006614,2285989.9999999995,,
2445,Saudi Arabia,2020,Coal,0.1,200.22861033890334,2285989.9999999995,,
2446,Saudi Arabia,2021,Coal,0.1,228.7696335947173,2285989.9999999995,,
2447,Saudi Arabia,2022,Coal,0.1,306.133773129601,2285989.9999999995,,
2448,Saudi Arabia,2023,Coal,0.1,244.6415870830894,2285989.9999999995,,
2449,Saudi Arabia,2024,Coal,0.1,228.4503777807638,2285989.9999999995,,
2450,Saudi Arabia,2015,Gas,0.1,172.6623977801054,977140.0,,
2451,Saudi Arabia,2016,Gas,0.1,151.59092664298262,977140.0,,
2452,Saudi Arabia,2017,Gas,0.1,150.45354609864927,977140.0,,
2453,Saudi Arabia,2018,Gas,0.1,165.71839024628088,977140.0,,
2454,Saudi Arabia,2019,Gas,0.1,139.61849986052647,977140.0,,
2455,Saudi Arabia,2020,Gas,0.1,133.21325153191245,977140.0,,
2456,Saudi Arabia,2021,Gas,0.1,218.3970680890879,977140.0,,
2457,Saudi Arabia,2022,Gas,0.1,306.3944049401406,977140.0,,
2458,Saudi Arabia,2023,Gas,0.1,187.62793125817558,977140.0,,
2459,Saudi Arabia,2024,Gas,0.1,177.1520578235265,977140.0,,
2460,Saudi Arabia,2024,Solar+BESS,0.15,17.62,379597.5775822179,0.5,0.0
2461,Saudi Arabia,2015,Solar+BESS,0.15,48.84,1175979.701385812,0.5,0.0
2462,Saudi Arabia,2016,Solar+BESS,0.15,44.93,1076022.3352548056,0.5,0.0
2463,Saudi Arabia,2017,Solar+BESS,0.15,39.0,924813.9595412879,0.5,0.0
2464,Saudi Arabia,2018,Solar+BESS,0.15,33.72,790343.5163495212,0.5,0.0
2465,Saudi Arabia,2019,Solar+BESS,0.15,28.33,652846.982110557,0.5,0.0
2466,Saudi Arabia,2020,Solar+BESS,0.15,25.22,573479.3573305723,0.5,0.0
2467,Saudi Arabia,2021,Solar+BESS,0.15,23.69,534466.8872862465,0.5,0.0
2468,Saudi Arabia,2022,Solar+BESS,0.15,22.77,510809.3903711597,0.5,0.0
2469,Saudi Arabia,2023,Solar+BESS,0.15,19.45,426209.7845284223,0.5,0.0
2470,Saudi Arabia,2015,Coal,0.15,142.50300069105185,2285989.9999999995,,
2471,Saudi Arabia,2016,Coal,0.15,144.6471285980286,2285989.9999999995,,
2472,Saudi Arabia,2017,Coal,0.15,153.50284952826115,2285989.9999999995,,
2473,Saudi Arabia,2018,Coal,0.15,160.13159371430768,2285989.9999999995,,
2474,Saudi Arabia,2019,Coal,0.15,148.70110534221465,2285989.9999999995,,
2475,Saudi Arabia,2020,Coal,0.15,142.00200069105185,2285989.9999999995,,
2476,Saudi Arabia,2021,Coal,0.15,170.5430239468658,2285989.9999999995,,
2477,Saudi Arabia,2022,Coal,0.15,247.90716348174954,2285989.9999999995,,
2478,Saudi Arabia,2023,Coal,0.15,186.4149774352379,2285989.9999999995,,
2479,Saudi Arabia,2024,Coal,0.15,170.2237681329123,2285989.9999999995,,
2480,Saudi Arabia,2015,Gas,0.15,138.00809810935684,977140.0,,
2481,Saudi Arabia,2016,Gas,0.15,116.93662697223402,977140.0,,
2482,Saudi Arabia,2017,Gas,0.15,115.79924642790068,977140.0,,
2483,Saudi Arabia,2018,Gas,0.15,131.06409057553228,977140.0,,
2484,Saudi Arabia,2019,Gas,0.15,104.96420018977788,977140.0,,
2485,Saudi Arabia,2020,Gas,0.15,98.55895186116383,977140.0,,
2486,Saudi Arabia,2021,Gas,0.15,183.7427684183393,977140.0,,
2487,Saudi Arabia,2022,Gas,0.15,271.74010526939196,977140.0,,
2488,Saudi Arabia,2023,Gas,0.15,152.973631587427,977140.0,,
2489,Saudi Arabia,2024,Gas,0.15,142.4977581527779,977140.0,,
2490,Saudi Arabia,2024,Solar+BESS,0.2,17.62,506130.1034429573,0.7,0.0
2491,Saudi Arabia,2015,Solar+BESS,0.2,48.84,1567972.9351810825,0.7,0.0
2492,Saudi Arabia,2016,Solar+BESS,0.2,44.93,1434696.4470064077,0.7,0.0
2493,Saudi Arabia,2017,Solar+BESS,0.2,39.0,1233085.279388384,0.7,0.0
2494,Saudi Arabia,2018,Solar+BESS,0.2,33.72,1053791.3551326948,0.7,0.0
2495,Saudi Arabia,2019,Solar+BESS,0.2,28.33,870462.6428140759,0.7,0.0
2496,Saudi Arabia,2020,Solar+BESS,0.2,25.22,764639.1431074297,0.7,0.0
2497,Saudi Arabia,2021,Solar+BESS,0.2,23.69,712622.5163816621,0.7,0.0
2498,Saudi Arabia,2022,Solar+BESS,0.2,22.77,681079.1871615462,0.7,0.0
2499,Saudi Arabia,2023,Solar+BESS,0.2,19.45,568279.712704563,0.7,0.0
2500,Saudi Arabia,2015,Coal,0.2,113.3896958671261,2285989.9999999995,,
2501,Saudi Arabia,2016,Coal,0.2,115.53382377410284,2285989.9999999995,,
2502,Saudi Arabia,2017,Coal,0.2,124.38954470433539,2285989.9999999995,,
2503,Saudi Arabia,2018,Coal,0.2,131.0182888903819,2285989.9999999995,,
2504,Saudi Arabia,2019,Coal,0.2,119.5878005182889,2285989.9999999995,,
2505,Saudi Arabia,2020,Coal,0.2,112.88869586712609,2285989.9999999995,,
2506,Saudi Arabia,2021,Coal,0.2,141.42971912294007,2285989.9999999995,,
2507,Saudi Arabia,2022,Coal,0.2,218.79385865782376,2285989.9999999995,,
2508,Saudi Arabia,2023,Coal,0.2,157.30167261131214,2285989.9999999995,,
2509,Saudi Arabia,2024,Coal,0.2,141.11046330898654,2285989.9999999995,,
2510,Saudi Arabia,2015,Gas,0.2,120.68094827398255,977140.0,,
2511,Saudi Arabia,2016,Gas,0.2,99.60947713685972,977140.0,,
2512,Saudi Arabia,2017,Gas,0.2,98.47209659252641,977140.0,,
2513,Saudi Arabia,2018,Gas,0.2,113.736940740158,977140.0,,
2514,Saudi Arabia,2019,Gas,0.2,87.63705035440358,977140.0,,
2515,Saudi Arabia,2020,Gas,0.2,81.23180202578955,977140.0,,
2516,Saudi Arabia,2021,Gas,0.2,166.41561858296504,977140.0,,
2517,Saudi Arabia,2022,Gas,0.2,254.41295543401768,977140.0,,
2518,Saudi Arabia,2023,Gas,0.2,135.64648175205272,977140.0,,
2519,Saudi Arabia,2024,Gas,0.2,125.1706083174036,977140.0,,
2520,Saudi Arabia,2024,Solar+BESS,0.25,17.62,632662.6293036964,0.9,0.0
2521,Saudi Arabia,2015,Solar+BESS,0.25,48.84,1959966.168976353,0.9,0.0
2522,Saudi Arabia,2016,Solar+BESS,0.25,44.93,1793370.5587580095,0.9,0.0
2523,Saudi Arabia,2017,Solar+BESS,0.25,39.0,1541356.5992354797,0.9,0.0
2524,Saudi Arabia,2018,Solar+BESS,0.25,33.72,1317239.1939158686,0.9,0.0
2525,Saudi Arabia,2019,Solar+BESS,0.25,28.33,1088078.303517595,0.9,0.0
2526,Saudi Arabia,2020,Solar+BESS,0.25,25.22,955798.9288842872,0.9,0.0
2527,Saudi Arabia,2021,Solar+BESS,0.25,23.69,890778.1454770775,0.9,0.0
2528,Saudi Arabia,2022,Solar+BESS,0.25,22.77,851348.9839519329,0.9,0.0
2529,Saudi Arabia,2023,Solar+BESS,0.25,19.45,710349.6408807038,0.9,0.0
2530,Saudi Arabia,2015,Coal,0.25,95.92171297277064,2285989.9999999995,,
2531,Saudi Arabia,2016,Coal,0.25,98.06584087974737,2285989.9999999995,,
2532,Saudi Arabia,2017,Coal,0.25,106.92156180997993,2285989.9999999995,,
2533,Saudi Arabia,2018,Coal,0.25,113.55030599602647,2285989.9999999995,,
2534,Saudi Arabia,2019,Coal,0.25,102.11981762393343,2285989.9999999995,,
2535,Saudi Arabia,2020,Coal,0.25,95.42071297277062,2285989.9999999995,,
2536,Saudi Arabia,2021,Coal,0.25,123.96173622858458,2285989.9999999995,,
2537,Saudi Arabia,2022,Coal,0.25,201.32587576346836,2285989.9999999995,,
2538,Saudi Arabia,2023,Coal,0.25,139.83368971695668,2285989.9999999995,,
2539,Saudi Arabia,2024,Coal,0.25,123.6424804146311,2285989.9999999995,,
2540,Saudi Arabia,2015,Gas,0.25,110.28465837275796,977140.0,,
2541,Saudi Arabia,2016,Gas,0.25,89.21318723563516,977140.0,,
2542,Saudi Arabia,2017,Gas,0.25,88.07580669130182,977140.0,,
2543,Saudi Arabia,2018,Gas,0.25,103.34065083893344,977140.0,,
2544,Saudi Arabia,2019,Gas,0.25,77.24076045317902,977140.0,,
2545,Saudi Arabia,2020,Gas,0.25,70.83551212456499,977140.0,,
2546,Saudi Arabia,2021,Gas,0.25,156.01932868174043,977140.0,,
2547,Saudi Arabia,2022,Gas,0.25,244.0166655327931,977140.0,,
2548,Saudi Arabia,2023,Gas,0.25,125.25019185082816,977140.0,,
2549,Saudi Arabia,2024,Gas,0.25,114.77431841617903,977140.0,,
2550,Saudi Arabia,2024,Solar+BESS,0.3,17.97,774046.4265012777,1.1,0.0
2551,Saudi Arabia,2015,Solar+BESS,0.3,49.8,2397968.109526651,1.1,0.0
2552,Saudi Arabia,2016,Solar+BESS,0.3,45.8,2194142.672733849,1.1,0.0
2553,Saudi Arabia,2017,Solar+BESS,0.3,39.76,1885810.0863575286,1.1,0.0
2554,Saudi Arabia,2018,Solar+BESS,0.3,34.38,1611608.2152982075,1.1,0.0
2555,Saudi Arabia,2019,Solar+BESS,0.3,28.89,1331235.7701897316,1.1,0.0
2556,Saudi Arabia,2020,Solar+BESS,0.3,25.72,1169395.3634828809,1.1,0.0
2557,Saudi Arabia,2021,Solar+BESS,0.3,24.16,1089844.11023428,1.1,0.0
2558,Saudi Arabia,2022,Solar+BESS,0.3,23.21,1041603.5469943268,1.1,0.0
2559,Saudi Arabia,2023,Solar+BESS,0.3,19.83,869094.4835722764,1.1,0.0
2560,Saudi Arabia,2015,Coal,0.3,84.27639104320035,2285989.9999999995,,
2561,Saudi Arabia,2016,Coal,0.3,86.42051895017708,2285989.9999999995,,
2562,Saudi Arabia,2017,Coal,0.3,95.27623988040965,2285989.9999999995,,
2563,Saudi Arabia,2018,Coal,0.3,101.90498406645617,2285989.9999999995,,
2564,Saudi Arabia,2019,Coal,0.3,90.47449569436313,2285989.9999999995,,
2565,Saudi Arabia,2020,Coal,0.3,83.77539104320034,2285989.9999999995,,
2566,Saudi Arabia,2021,Coal,0.3,112.3164142990143,2285989.9999999995,,
2567,Saudi Arabia,2022,Coal,0.3,189.68055383389807,2285989.9999999995,,
2568,Saudi Arabia,2023,Coal,0.3,128.18836778738637,2285989.9999999995,,
2569,Saudi Arabia,2024,Coal,0.3,111.99715848506081,2285989.9999999995,,
2570,Saudi Arabia,2015,Gas,0.3,103.35379843860825,977140.0,,
2571,Saudi Arabia,2016,Gas,0.3,82.28232730148542,977140.0,,
2572,Saudi Arabia,2017,Gas,0.3,81.1449467571521,977140.0,,
2573,Saudi Arabia,2018,Gas,0.3,96.40979090478372,977140.0,,
2574,Saudi Arabia,2019,Gas,0.3,70.3099005190293,977140.0,,
2575,Saudi Arabia,2020,Gas,0.3,63.90465219041526,977140.0,,
2576,Saudi Arabia,2021,Gas,0.3,149.08846874759072,977140.0,,
2577,Saudi Arabia,2022,Gas,0.3,237.0858055986433,977140.0,,
2578,Saudi Arabia,2023,Gas,0.3,118.31933191667842,977140.0,,
2579,Saudi Arabia,2024,Gas,0.3,107.84345848202929,977140.0,,
2580,Saudi Arabia,2024,Solar+BESS,0.35,20.42,1015206.7329093355,1.4,0.2
2581,Saudi Arabia,2015,Solar+BESS,0.35,59.37,3333592.0507216747,1.4,0.2
2582,Saudi Arabia,2016,Solar+BESS,0.35,53.58,2988602.457502067,1.4,0.2
2583,Saudi Arabia,2017,Solar+BESS,0.35,46.0,2537398.701141466,1.4,0.2
2584,Saudi Arabia,2018,Solar+BESS,0.35,39.92,2175565.436381582,1.4,0.2
2585,Saudi Arabia,2019,Solar+BESS,0.35,32.71,1746703.3624814604,1.4,0.2
2586,Saudi Arabia,2020,Solar+BESS,0.35,29.17,1535800.1779799948,1.4,0.2
2587,Saudi Arabia,2021,Solar+BESS,0.35,27.42,1431790.743990324,1.4,0.2
2588,Saudi Arabia,2022,Solar+BESS,0.35,26.65,1385801.846930083,1.4,0.2
2589,Saudi Arabia,2023,Solar+BESS,0.35,22.7,1151112.0771839202,1.4,0.2
2590,Saudi Arabia,2015,Coal,0.35,75.95830395065012,2285989.9999999995,,
2591,Saudi Arabia,2016,Coal,0.35,78.10243185762687,2285989.9999999995,,
2592,Saudi Arabia,2017,Coal,0.35,86.95815278785942,2285989.9999999995,,
2593,Saudi Arabia,2018,Coal,0.35,93.58689697390594,2285989.9999999995,,
2594,Saudi Arabia,2019,Coal,0.35,82.15640860181291,2285989.9999999995,,
2595,Saudi Arabia,2020,Coal,0.35,75.45730395065013,2285989.9999999995,,
2596,Saudi Arabia,2021,Coal,0.35,103.99832720646408,2285989.9999999995,,
2597,Saudi Arabia,2022,Coal,0.35,181.36246674134782,2285989.9999999995,,
2598,Saudi Arabia,2023,Coal,0.35,119.87028069483617,2285989.9999999995,,
2599,Saudi Arabia,2024,Coal,0.35,103.67907139251058,2285989.9999999995,,
2600,Saudi Arabia,2015,Gas,0.35,98.40318419992987,977140.0,,
2601,Saudi Arabia,2016,Gas,0.35,77.33171306280707,977140.0,,
2602,Saudi Arabia,2017,Gas,0.35,76.19433251847373,977140.0,,
2603,Saudi Arabia,2018,Gas,0.35,91.45917666610535,977140.0,,
2604,Saudi Arabia,2019,Gas,0.35,65.35928628035093,977140.0,,
2605,Saudi Arabia,2020,Gas,0.35,58.954037951736886,977140.0,,
2606,Saudi Arabia,2021,Gas,0.35,144.13785450891237,977140.0,,
2607,Saudi Arabia,2022,Gas,0.35,232.13519135996498,977140.0,,
2608,Saudi Arabia,2023,Gas,0.35,113.36871767800007,977140.0,,
2609,Saudi Arabia,2024,Gas,0.35,102.89284424335095,977140.0,,
2610,Saudi Arabia,2024,Solar+BESS,0.4,24.47,1338811.8749164632,1.6,1.2
2611,Saudi Arabia,2015,Solar+BESS,0.4,82.33,5274721.913373636,1.6,1.2
2612,Saudi Arabia,2016,Solar+BESS,0.4,70.32,4457853.865907539,1.6,1.2
2613,Saudi Arabia,2017,Solar+BESS,0.4,58.37,3644694.6199487844,1.6,1.2
2614,Saudi Arabia,2018,Solar+BESS,0.4,51.2,3157264.2588992706,1.6,1.2
2615,Saudi Arabia,2019,Solar+BESS,0.4,38.7,2306789.9640450133,1.6,1.2
2616,Saudi Arabia,2020,Solar+BESS,0.4,34.7,2034996.991591538,1.6,1.2
2617,Saudi Arabia,2021,Solar+BESS,0.4,32.71,1899355.9375281744,1.6,1.2
2618,Saudi Arabia,2022,Solar+BESS,0.4,33.0,1919241.5458899876,1.6,1.2
2619,Saudi Arabia,2023,Solar+BESS,0.4,27.87,1570438.2467619346,1.6,1.2
2620,Saudi Arabia,2015,Coal,0.4,69.71973863123746,2285989.9999999995,,
2621,Saudi Arabia,2016,Coal,0.4,71.86386653821421,2285989.9999999995,,
2622,Saudi Arabia,2017,Coal,0.4,80.71958746844676,2285989.9999999995,,
2623,Saudi Arabia,2018,Coal,0.4,87.34833165449328,2285989.9999999995,,
2624,Saudi Arabia,2019,Coal,0.4,75.91784328240024,2285989.9999999995,,
2625,Saudi Arabia,2020,Coal,0.4,69.21873863123747,2285989.9999999995,,
2626,Saudi Arabia,2021,Coal,0.4,97.75976188705144,2285989.9999999995,,
2627,Saudi Arabia,2022,Coal,0.4,175.12390142193516,2285989.9999999995,,
2628,Saudi Arabia,2023,Coal,0.4,113.6317153754235,2285989.9999999995,,
2629,Saudi Arabia,2024,Coal,0.4,97.44050607309792,2285989.9999999995,,
2630,Saudi Arabia,2015,Gas,0.4,94.69022352092112,977140.0,,
2631,Saudi Arabia,2016,Gas,0.4,73.61875238379828,977140.0,,
2632,Saudi Arabia,2017,Gas,0.4,72.48137183946496,977140.0,,
2633,Saudi Arabia,2018,Gas,0.4,87.74621598709656,977140.0,,
2634,Saudi Arabia,2019,Gas,0.4,61.64632560134216,977140.0,,
2635,Saudi Arabia,2020,Gas,0.4,55.24107727272811,977140.0,,
2636,Saudi Arabia,2021,Gas,0.4,140.42489382990357,977140.0,,
2637,Saudi Arabia,2022,Gas,0.4,228.42223068095623,977140.0,,
2638,Saudi Arabia,2023,Gas,0.4,109.6557569989913,977140.0,,
2639,Saudi Arabia,2024,Gas,0.4,99.17988356434216,977140.0,,
2640,Saudi Arabia,2024,Solar+BESS,0.45,28.0,1683774.1628938576,1.8,2.2
2641,Saudi Arabia,2015,Solar+BESS,0.45,101.95,7342115.95658471,1.8,2.2
2642,Saudi Arabia,2016,Solar+BESS,0.45,84.71,6022986.948989406,1.8,2.2
2643,Saudi Arabia,2017,Solar+BESS,0.45,69.05,4824442.296039221,1.8,2.2
2644,Saudi Arabia,2018,Solar+BESS,0.45,60.93,4203147.2926595975,1.8,2.2
2645,Saudi Arabia,2019,Solar+BESS,0.45,43.95,2903833.9519269466,1.8,2.2
2646,Saudi Arabia,2020,Solar+BESS,0.45,39.55,2567119.3012361354,1.8,2.2
2647,Saudi Arabia,2021,Solar+BESS,0.45,37.33,2397755.8198176995,1.8,2.2
2648,Saudi Arabia,2022,Solar+BESS,0.45,38.51,2487694.300869053,1.8,2.2
2649,Saudi Arabia,2023,Solar+BESS,0.45,32.36,2017328.8312278842,1.8,2.2
2650,Saudi Arabia,2015,Coal,0.45,64.86752116058317,2285989.9999999995,,
2651,Saudi Arabia,2016,Coal,0.45,67.01164906755992,2285989.9999999995,,
2652,Saudi Arabia,2017,Coal,0.45,75.86736999779248,2285989.9999999995,,
2653,Saudi Arabia,2018,Coal,0.45,82.49611418383898,2285989.9999999995,,
2654,Saudi Arabia,2019,Coal,0.45,71.06562581174596,2285989.9999999995,,
2655,Saudi Arabia,2020,Coal,0.45,64.36652116058318,2285989.9999999995,,
2656,Saudi Arabia,2021,Coal,0.45,92.90754441639714,2285989.9999999995,,
2657,Saudi Arabia,2022,Coal,0.45,170.27168395128086,2285989.9999999995,,
2658,Saudi Arabia,2023,Coal,0.45,108.77949790476923,2285989.9999999995,,
2659,Saudi Arabia,2024,Coal,0.45,92.58828860244364,2285989.9999999995,,
2660,Saudi Arabia,2015,Gas,0.45,91.80236521502538,977140.0,,
2661,Saudi Arabia,2016,Gas,0.45,70.73089407790256,977140.0,,
2662,Saudi Arabia,2017,Gas,0.45,69.59351353356924,977140.0,,
2663,Saudi Arabia,2018,Gas,0.45,84.85835768120084,977140.0,,
2664,Saudi Arabia,2019,Gas,0.45,58.75846729544642,977140.0,,
2665,Saudi Arabia,2020,Gas,0.45,52.35321896683239,977140.0,,
2666,Saudi Arabia,2021,Gas,0.45,137.53703552400785,977140.0,,
2667,Saudi Arabia,2022,Gas,0.45,225.53437237506046,977140.0,,
2668,Saudi Arabia,2023,Gas,0.45,106.76789869309557,977140.0,,
2669,Saudi Arabia,2024,Gas,0.45,96.29202525844643,977140.0,,
2670,Saudi Arabia,2024,Solar+BESS,0.5,31.01,2036006.8480023462,2.0,3.4
2671,Saudi Arabia,2015,Solar+BESS,0.5,119.12,9527476.448965227,2.0,3.4
2672,Saudi Arabia,2016,Solar+BESS,0.5,97.22,7664853.872878282,2.0,3.4
2673,Saudi Arabia,2017,Solar+BESS,0.5,78.27,6054329.889733734,2.0,3.4
2674,Saudi Arabia,2018,Solar+BESS,0.5,69.35,5295480.103677135,2.0,3.4
2675,Saudi Arabia,2019,Solar+BESS,0.5,48.39,3513741.5822799494,2.0,3.4
2676,Saudi Arabia,2020,Solar+BESS,0.5,43.66,3111273.6163645815,2.0,3.4
2677,Saudi Arabia,2021,Solar+BESS,0.5,41.26,2907605.8786951145,2.0,3.4
2678,Saudi Arabia,2022,Solar+BESS,0.5,43.24,3075893.3619623547,2.0,3.4
2679,Saudi Arabia,2023,Solar+BESS,0.5,36.21,2478075.350851549,2.0,3.4
2680,Saudi Arabia,2015,Coal,0.5,60.98574718405973,2285989.9999999995,,
2681,Saudi Arabia,2016,Coal,0.5,63.129875091036475,2285989.9999999995,,
2682,Saudi Arabia,2017,Coal,0.5,71.98559602126903,2285989.9999999995,,
2683,Saudi Arabia,2018,Coal,0.5,78.61434020731554,2285989.9999999995,,
2684,Saudi Arabia,2019,Coal,0.5,67.18385183522253,2285989.9999999995,,
2685,Saudi Arabia,2020,Coal,0.5,60.484747184059735,2285989.9999999995,,
2686,Saudi Arabia,2021,Coal,0.5,89.02577043987368,2285989.9999999995,,
2687,Saudi Arabia,2022,Coal,0.5,166.38990997475744,2285989.9999999995,,
2688,Saudi Arabia,2023,Coal,0.5,104.89772392824577,2285989.9999999995,,
2689,Saudi Arabia,2024,Coal,0.5,88.7065146259202,2285989.9999999995,,
2690,Saudi Arabia,2015,Gas,0.5,89.4920785703088,977140.0,,
2691,Saudi Arabia,2016,Gas,0.5,68.420607433186,977140.0,,
2692,Saudi Arabia,2017,Gas,0.5,67.28322688885267,977140.0,,
2693,Saudi Arabia,2018,Gas,0.5,82.54807103648429,977140.0,,
2694,Saudi Arabia,2019,Gas,0.5,56.448180650729874,977140.0,,
2695,Saudi Arabia,2020,Gas,0.5,50.042932322115824,977140.0,,
2696,Saudi Arabia,2021,Gas,0.5,135.2267488792913,977140.0,,
2697,Saudi Arabia,2022,Gas,0.5,223.22408573034392,977140.0,,
2698,Saudi Arabia,2023,Gas,0.5,104.45761204837899,977140.0,,
2699,Saudi Arabia,2024,Gas,0.5,93.98173861372987,977140.0,,
2700,Saudi Arabia,2024,Solar+BESS,0.55,33.76,2404764.521548532,2.2,4.7
2701,Saudi Arabia,2015,Solar+BESS,0.55,135.01,11874224.149837036,2.2,4.7
2702,Saudi Arabia,2016,Solar+BESS,0.55,108.76,9418361.962946763,2.2,4.7
2703,Saudi Arabia,2017,Solar+BESS,0.55,86.77,7361915.850927238,2.2,4.7
2704,Saudi Arabia,2018,Solar+BESS,0.55,77.11,6458370.488031301,2.2,4.7
2705,Saudi Arabia,2019,Solar+BESS,0.55,52.45,4152484.8627508753,2.2,4.7
2706,Saudi Arabia,2020,Solar+BESS,0.55,47.42,3681603.364064127,2.2,4.7
2707,Saudi Arabia,2021,Solar+BESS,0.55,44.85,3442123.974821708,2.2,4.7
2708,Saudi Arabia,2022,Solar+BESS,0.55,47.59,3697831.9826086294,2.2,4.7
2709,Saudi Arabia,2023,Solar+BESS,0.55,39.74,2963948.600812219,2.2,4.7
2710,Saudi Arabia,2015,Coal,0.55,57.80975029417693,2285989.9999999995,,
2711,Saudi Arabia,2016,Coal,0.55,59.95387820115367,2285989.9999999995,,
2712,Saudi Arabia,2017,Coal,0.55,68.80959913138624,2285989.9999999995,,
2713,Saudi Arabia,2018,Coal,0.55,75.43834331743274,2285989.9999999995,,
2714,Saudi Arabia,2019,Coal,0.55,64.00785494533972,2285989.9999999995,,
2715,Saudi Arabia,2020,Coal,0.55,57.30875029417693,2285989.9999999995,,
2716,Saudi Arabia,2021,Coal,0.55,85.84977354999089,2285989.9999999995,,
2717,Saudi Arabia,2022,Coal,0.55,163.2139130848746,2285989.9999999995,,
2718,Saudi Arabia,2023,Coal,0.55,101.72172703836296,2285989.9999999995,,
2719,Saudi Arabia,2024,Coal,0.55,85.53051773603738,2285989.9999999995,,
2720,Saudi Arabia,2015,Gas,0.55,87.60184404281343,977140.0,,
2721,Saudi Arabia,2016,Gas,0.55,66.53037290569063,977140.0,,
2722,Saudi Arabia,2017,Gas,0.55,65.39299236135729,977140.0,,
2723,Saudi Arabia,2018,Gas,0.55,80.6578365089889,977140.0,,
2724,Saudi Arabia,2019,Gas,0.55,54.55794612323449,977140.0,,
2725,Saudi Arabia,2020,Gas,0.55,48.152697794620444,977140.0,,
2726,Saudi Arabia,2021,Gas,0.55,133.33651435179593,977140.0,,
2727,Saudi Arabia,2022,Gas,0.55,221.3338512028485,977140.0,,
2728,Saudi Arabia,2023,Gas,0.55,102.5673775208836,977140.0,,
2729,Saudi Arabia,2024,Gas,0.55,92.09150408623448,977140.0,,
2730,Saudi Arabia,2024,Solar+BESS,0.6,36.19,2783316.515555964,2.4,5.9
2731,Saudi Arabia,2015,Solar+BESS,0.6,148.84,14276647.316112068,2.4,5.9
2732,Saudi Arabia,2016,Solar+BESS,0.6,118.83,11214530.3977228,2.4,5.9
2733,Saudi Arabia,2017,Solar+BESS,0.6,94.2,8701970.688763916,2.4,5.9
2734,Saudi Arabia,2018,Solar+BESS,0.6,83.89,7649964.308574423,2.4,5.9
2735,Saudi Arabia,2019,Solar+BESS,0.6,56.03,4808168.284496712,2.4,5.9
2736,Saudi Arabia,2020,Solar+BESS,0.6,50.73,4267008.162488848,2.4,5.9
2737,Saudi Arabia,2021,Solar+BESS,0.6,48.02,3990754.42199691,2.4,5.9
2738,Saudi Arabia,2022,Solar+BESS,0.6,51.4,4335594.818330656,2.4,5.9
2739,Saudi Arabia,2023,Solar+BESS,0.6,42.84,3462329.8611565074,2.4,5.9
2740,Saudi Arabia,2015,Coal,0.6,55.1630862192746,2285989.9999999995,,
2741,Saudi Arabia,2016,Coal,0.6,57.307214126251324,2285989.9999999995,,
2742,Saudi Arabia,2017,Coal,0.6,66.16293505648389,2285989.9999999995,,
2743,Saudi Arabia,2018,Coal,0.6,72.79167924253039,2285989.9999999995,,
2744,Saudi Arabia,2019,Coal,0.6,61.36119087043738,2285989.9999999995,,
2745,Saudi Arabia,2020,Coal,0.6,54.66208621927459,2285989.9999999995,,
2746,Saudi Arabia,2021,Coal,0.6,83.20310947508855,2285989.9999999995,,
2747,Saudi Arabia,2022,Coal,0.6,160.5672490099723,2285989.9999999995,,
2748,Saudi Arabia,2023,Coal,0.6,99.07506296346064,2285989.9999999995,,
2749,Saudi Arabia,2024,Coal,0.6,82.88385366113505,2285989.9999999995,,
2750,Saudi Arabia,2015,Gas,0.6,86.02664860323395,977140.0,,
2751,Saudi Arabia,2016,Gas,0.6,64.95517746611114,977140.0,,
2752,Saudi Arabia,2017,Gas,0.6,63.817796921777806,977140.0,,
2753,Saudi Arabia,2018,Gas,0.6,79.08264106940942,977140.0,,
2754,Saudi Arabia,2019,Gas,0.6,52.982750683655,977140.0,,
2755,Saudi Arabia,2020,Gas,0.6,46.57750235504097,977140.0,,
2756,Saudi Arabia,2021,Gas,0.6,131.7613189122164,977140.0,,
2757,Saudi Arabia,2022,Gas,0.6,219.75865576326908,977140.0,,
2758,Saudi Arabia,2023,Gas,0.6,100.99218208130414,977140.0,,
2759,Saudi Arabia,2024,Gas,0.6,90.516308646655,977140.0,,
2760,Saudi Arabia,2024,Solar+BESS,0.65,38.32,3169216.6887185024,2.6,7.2
2761,Saudi Arabia,2015,Solar+BESS,0.65,160.82,16708176.61405908,2.6,7.2
2762,Saudi Arabia,2016,Solar+BESS,0.65,127.59,13035257.504633658,2.6,7.2
2763,Saudi Arabia,2017,Solar+BESS,0.65,100.69,10062082.525932822,2.6,7.2
2764,Saudi Arabia,2018,Solar+BESS,0.65,89.8,8858938.012104824,2.6,7.2
2765,Saudi Arabia,2019,Solar+BESS,0.65,59.2,5476513.2984525375,2.6,7.2
2766,Saudi Arabia,2020,Solar+BESS,0.65,53.65,4863583.915915132,2.6,7.2
2767,Saudi Arabia,2021,Solar+BESS,0.65,50.81,4549811.616322295,2.6,7.2
2768,Saudi Arabia,2022,Solar+BESS,0.65,54.74,4983907.789232245,2.6,7.2
2769,Saudi Arabia,2023,Solar+BESS,0.65,45.56,3969339.8692092523,2.6,7.2
2770,Saudi Arabia,2015,Coal,0.65,52.92360123281876,2285989.9999999995,,
2771,Saudi Arabia,2016,Coal,0.65,55.06772913979552,2285989.9999999995,,
2772,Saudi Arabia,2017,Coal,0.65,63.92345007002807,2285989.9999999995,,
2773,Saudi Arabia,2018,Coal,0.65,70.55219425607457,2285989.9999999995,,
2774,Saudi Arabia,2019,Coal,0.65,59.121705883981555,2285989.9999999995,,
2775,Saudi Arabia,2020,Coal,0.65,52.42260123281877,2285989.9999999995,,
2776,Saudi Arabia,2021,Coal,0.65,80.96362448863273,2285989.9999999995,,
2777,Saudi Arabia,2022,Coal,0.65,158.32776402351647,2285989.9999999995,,
2778,Saudi Arabia,2023,Coal,0.65,96.83557797700482,2285989.9999999995,,
2779,Saudi Arabia,2024,Coal,0.65,80.64436867467923,2285989.9999999995,,
2780,Saudi Arabia,2015,Gas,0.65,84.69379092358976,977140.0,,
2781,Saudi Arabia,2016,Gas,0.65,63.622319786466974,977140.0,,
2782,Saudi Arabia,2017,Gas,0.65,62.48493924213363,977140.0,,
2783,Saudi Arabia,2018,Gas,0.65,77.74978338976524,977140.0,,
2784,Saudi Arabia,2019,Gas,0.65,51.64989300401082,977140.0,,
2785,Saudi Arabia,2020,Gas,0.65,45.244644675396785,977140.0,,
2786,Saudi Arabia,2021,Gas,0.65,130.42846123257223,977140.0,,
2787,Saudi Arabia,2022,Gas,0.65,218.4257980836249,977140.0,,
2788,Saudi Arabia,2023,Gas,0.65,99.65932440165996,977140.0,,
2789,Saudi Arabia,2024,Gas,0.65,89.18345096701083,977140.0,,
2790,Saudi Arabia,2024,Solar+BESS,0.7,40.17,3557978.08261092,2.8,8.5
2791,Saudi Arabia,2015,Solar+BESS,0.7,171.06,19136828.4120472,2.8,8.5
2792,Saudi Arabia,2016,Solar+BESS,0.7,135.1,14857190.623102125,2.8,8.5
2793,Saudi Arabia,2017,Solar+BESS,0.7,106.27,11425175.963284869,2.8,8.5
2794,Saudi Arabia,2018,Solar+BESS,0.7,94.88,10070016.867197232,2.8,8.5
2795,Saudi Arabia,2019,Solar+BESS,0.7,61.95,6149734.899818085,2.8,8.5
2796,Saudi Arabia,2020,Solar+BESS,0.7,56.19,5464353.3247475205,2.8,8.5
2797,Saudi Arabia,2021,Solar+BESS,0.7,53.23,5112748.06482294,2.8,8.5
2798,Saudi Arabia,2022,Solar+BESS,0.7,57.62,5634845.358833794,2.8,8.5
2799,Saudi Arabia,2023,Solar+BESS,0.7,47.91,4478862.108824183,2.8,8.5
2800,Saudi Arabia,2015,Coal,0.7,51.004042672999475,2285989.9999999995,,
2801,Saudi Arabia,2016,Coal,0.7,53.148170579976224,2285989.9999999995,,
2802,Saudi Arabia,2017,Coal,0.7,62.00389151020878,2285989.9999999995,,
2803,Saudi Arabia,2018,Coal,0.7,68.63263569625528,2285989.9999999995,,
2804,Saudi Arabia,2019,Coal,0.7,57.20214732416227,2285989.9999999995,,
2805,Saudi Arabia,2020,Coal,0.7,50.503042672999484,2285989.9999999995,,
2806,Saudi Arabia,2021,Coal,0.7,79.04406592881344,2285989.9999999995,,
2807,Saudi Arabia,2022,Coal,0.7,156.4082054636972,2285989.9999999995,,
2808,Saudi Arabia,2023,Coal,0.7,94.91601941718552,2285989.9999999995,,
2809,Saudi Arabia,2024,Coal,0.7,78.72481011485993,2285989.9999999995,,
2810,Saudi Arabia,2015,Gas,0.7,83.55134148389477,977140.0,,
2811,Saudi Arabia,2016,Gas,0.7,62.47987034677195,977140.0,,
2812,Saudi Arabia,2017,Gas,0.7,61.34248980243862,977140.0,,
2813,Saudi Arabia,2018,Gas,0.7,76.60733395007023,977140.0,,
2814,Saudi Arabia,2019,Gas,0.7,50.50744356431582,977140.0,,
2815,Saudi Arabia,2020,Gas,0.7,44.10219523570178,977140.0,,
2816,Saudi Arabia,2021,Gas,0.7,129.28601179287725,977140.0,,
2817,Saudi Arabia,2022,Gas,0.7,217.28334864392986,977140.0,,
2818,Saudi Arabia,2023,Gas,0.7,98.51687496196494,977140.0,,
2819,Saudi Arabia,2024,Gas,0.7,88.04100152731583,977140.0,,
2820,Saudi Arabia,2024,Solar+BESS,0.75,41.8,3948846.6782990536,3.0,9.8
2821,Saudi Arabia,2015,Solar+BESS,0.75,180.04,21579265.285569042,3.0,9.8
2822,Saudi Arabia,2016,Solar+BESS,0.75,141.7,16689364.372474182,3.0,9.8
2823,Saudi Arabia,2017,Solar+BESS,0.75,111.17,12795868.778756533,3.0,9.8
2824,Saudi Arabia,2018,Solar+BESS,0.75,99.35,11287863.883233104,3.0,9.8
2825,Saudi Arabia,2019,Solar+BESS,0.75,64.37,6826607.902271841,3.0,9.8
2826,Saudi Arabia,2020,Solar+BESS,0.75,58.42,6068385.902426794,3.0,9.8
2827,Saudi Arabia,2021,Solar+BESS,0.75,55.37,5678743.692442654,3.0,9.8
2828,Saudi Arabia,2022,Solar+BESS,0.75,60.15,6289376.032474307,3.0,9.8
2829,Saudi Arabia,2023,Solar+BESS,0.75,49.97,4991183.153642422,3.0,9.8
2830,Saudi Arabia,2015,Coal,0.75,49.34042525448943,2285989.9999999995,,
2831,Saudi Arabia,2016,Coal,0.75,51.484553161466174,2285989.9999999995,,
2832,Saudi Arabia,2017,Coal,0.75,60.34027409169873,2285989.9999999995,,
2833,Saudi Arabia,2018,Coal,0.75,66.96901827774525,2285989.9999999995,,
2834,Saudi Arabia,2019,Coal,0.75,55.53852990565223,2285989.9999999995,,
2835,Saudi Arabia,2020,Coal,0.75,48.839425254489434,2285989.9999999995,,
2836,Saudi Arabia,2021,Coal,0.75,77.38044851030338,2285989.9999999995,,
2837,Saudi Arabia,2022,Coal,0.75,154.74458804518713,2285989.9999999995,,
2838,Saudi Arabia,2023,Coal,0.75,93.25240199867548,2285989.9999999995,,
2839,Saudi Arabia,2024,Coal,0.75,77.06119269634989,2285989.9999999995,,
2840,Saudi Arabia,2015,Gas,0.75,82.5612186361591,977140.0,,
2841,Saudi Arabia,2016,Gas,0.75,61.48974749903629,977140.0,,
2842,Saudi Arabia,2017,Gas,0.75,60.35236695470295,977140.0,,
2843,Saudi Arabia,2018,Gas,0.75,75.61721110233456,977140.0,,
2844,Saudi Arabia,2019,Gas,0.75,49.51732071658015,977140.0,,
2845,Saudi Arabia,2020,Gas,0.75,43.11207238796611,977140.0,,
2846,Saudi Arabia,2021,Gas,0.75,128.29588894514157,977140.0,,
2847,Saudi Arabia,2022,Gas,0.75,216.2932257961942,977140.0,,
2848,Saudi Arabia,2023,Gas,0.75,97.52675211422925,977140.0,,
2849,Saudi Arabia,2024,Gas,0.75,87.05087867958015,977140.0,,
2850,Saudi Arabia,2024,Solar+BESS,0.8,43.24,4343102.18356763,3.2,11.1
2851,Saudi Arabia,2015,Solar+BESS,0.8,187.79,24007151.756212246,3.2,11.1
2852,Saudi Arabia,2016,Solar+BESS,0.8,147.43,18516412.396803237,3.2,11.1
2853,Saudi Arabia,2017,Solar+BESS,0.8,115.45,14166304.718417397,3.2,11.1
2854,Saudi Arabia,2018,Solar+BESS,0.8,103.24,12504546.694799706,3.2,11.1
2855,Saudi Arabia,2019,Solar+BESS,0.8,66.52,7509211.459433998,3.2,11.1
2856,Saudi Arabia,2020,Solar+BESS,0.8,60.4,6677260.238985982,3.2,11.1
2857,Saudi Arabia,2021,Solar+BESS,0.8,57.25,6249189.603626906,3.2,11.1
2858,Saudi Arabia,2022,Solar+BESS,0.8,62.37,6945850.229432525,3.2,11.1
2859,Saudi Arabia,2023,Solar+BESS,0.8,51.79,5505813.292974358,3.2,11.1
2860,Saudi Arabia,2015,Coal,0.8,47.884760013293146,2285989.9999999995,,
2861,Saudi Arabia,2016,Coal,0.8,50.0288879202699,2285989.9999999995,,
2862,Saudi Arabia,2017,Coal,0.8,58.884608850502445,2285989.9999999995,,
2863,Saudi Arabia,2018,Coal,0.8,65.51335303654896,2285989.9999999995,,
2864,Saudi Arabia,2019,Coal,0.8,54.08286466445595,2285989.9999999995,,
2865,Saudi Arabia,2020,Coal,0.8,47.38376001329315,2285989.9999999995,,
2866,Saudi Arabia,2021,Coal,0.8,75.92478326910711,2285989.9999999995,,
2867,Saudi Arabia,2022,Coal,0.8,153.28892280399086,2285989.9999999995,,
2868,Saudi Arabia,2023,Coal,0.8,91.7967367574792,2285989.9999999995,,
2869,Saudi Arabia,2024,Coal,0.8,75.60552745515362,2285989.9999999995,,
2870,Saudi Arabia,2015,Gas,0.8,81.69486114439039,977140.0,,
2871,Saudi Arabia,2016,Gas,0.8,60.62339000726756,977140.0,,
2872,Saudi Arabia,2017,Gas,0.8,59.486009462934234,977140.0,,
2873,Saudi Arabia,2018,Gas,0.8,74.75085361056585,977140.0,,
2874,Saudi Arabia,2019,Gas,0.8,48.65096322481143,977140.0,,
2875,Saudi Arabia,2020,Gas,0.8,42.2457148961974,977140.0,,
2876,Saudi Arabia,2021,Gas,0.8,127.42953145337286,977140.0,,
2877,Saudi Arabia,2022,Gas,0.8,215.4268683044255,977140.0,,
2878,Saudi Arabia,2023,Gas,0.8,96.66039462246056,977140.0,,
2879,Saudi Arabia,2024,Gas,0.8,86.18452118781143,977140.0,,
2880,Saudi Arabia,2024,Solar+BESS,0.85,44.61,4745201.758739338,3.4,12.4
2881,Saudi Arabia,2015,Solar+BESS,0.85,195.32,26528211.0833584,3.4,12.4
2882,Saudi Arabia,2016,Solar+BESS,0.85,152.96,20406195.55894459,3.4,12.4
2883,Saudi Arabia,2017,Solar+BESS,0.85,119.57,15579250.705575533,3.4,12.4
2884,Saudi Arabia,2018,Solar+BESS,0.85,106.98,13760156.502712144,3.4,12.4
2885,Saudi Arabia,2019,Solar+BESS,0.85,68.55,8205565.138847666,3.4,12.4
2886,Saudi Arabia,2020,Solar+BESS,0.85,62.28,7298741.445164191,3.4,12.4
2887,Saudi Arabia,2021,Solar+BESS,0.85,59.05,6831555.5583091695,3.4,12.4
2888,Saudi Arabia,2022,Solar+BESS,0.85,64.5,7620069.10664839,3.4,12.4
2889,Saudi Arabia,2023,Solar+BESS,0.85,53.52,6033358.645440545,3.4,12.4
2890,Saudi Arabia,2015,Coal,0.85,46.600349506355236,2285989.9999999995,,
2891,Saudi Arabia,2016,Coal,0.85,48.744477413332,2285989.9999999995,,
2892,Saudi Arabia,2017,Coal,0.85,57.60019834356455,2285989.9999999995,,
2893,Saudi Arabia,2018,Coal,0.85,64.22894252961106,2285989.9999999995,,
2894,Saudi Arabia,2019,Coal,0.85,52.79845415751803,2285989.9999999995,,
2895,Saudi Arabia,2020,Coal,0.85,46.099349506355246,2285989.9999999995,,
2896,Saudi Arabia,2021,Coal,0.85,74.64037276216922,2285989.9999999995,,
2897,Saudi Arabia,2022,Coal,0.85,152.00451229705294,2285989.9999999995,,
2898,Saudi Arabia,2023,Coal,0.85,90.5123262505413,2285989.9999999995,,
2899,Saudi Arabia,2024,Coal,0.85,74.32111694821572,2285989.9999999995,,
2900,Saudi Arabia,2015,Gas,0.85,80.93042806341798,977140.0,,
2901,Saudi Arabia,2016,Gas,0.85,59.858956926295185,977140.0,,
2902,Saudi Arabia,2017,Gas,0.85,58.72157638196184,977140.0,,
2903,Saudi Arabia,2018,Gas,0.85,73.98642052959345,977140.0,,
2904,Saudi Arabia,2019,Gas,0.85,47.88653014383903,977140.0,,
2905,Saudi Arabia,2020,Gas,0.85,41.481281815224996,977140.0,,
2906,Saudi Arabia,2021,Gas,0.85,126.66509837240046,977140.0,,
2907,Saudi Arabia,2022,Gas,0.85,214.6624352234531,977140.0,,
2908,Saudi Arabia,2023,Gas,0.85,95.89596154148815,977140.0,,
2909,Saudi Arabia,2024,Gas,0.85,85.42008810683903,977140.0,,
2910,Saudi Arabia,2024,Solar+BESS,0.9,46.04,5178282.264468775,3.7,13.7
2911,Saudi Arabia,2015,Solar+BESS,0.9,202.26,29085335.254250832,3.7,13.7
2912,Saudi Arabia,2016,Solar+BESS,0.9,158.24,22348566.912763074,3.7,13.7
2913,Saudi Arabia,2017,Solar+BESS,0.9,123.6,17047319.96028268,3.7,13.7
2914,Saudi Arabia,2018,Solar+BESS,0.9,110.61,15060614.446000807,3.7,13.7
2915,Saudi Arabia,2019,Solar+BESS,0.9,70.72,8954975.240353085,3.7,13.7
2916,Saudi Arabia,2020,Solar+BESS,0.9,64.26,7966369.28352868,3.7,13.7
2917,Saudi Arabia,2021,Solar+BESS,0.9,60.93,7456780.324103479,3.7,13.7
2918,Saudi Arabia,2022,Solar+BESS,0.9,66.63,8329723.7757488955,3.7,13.7
2919,Saudi Arabia,2023,Solar+BESS,0.9,55.28,6592115.633637352,3.7,13.7
2920,Saudi Arabia,2015,Coal,0.9,45.458651277966,2285989.9999999995,,
2921,Saudi Arabia,2016,Coal,0.9,47.602779184942754,2285989.9999999995,,
2922,Saudi Arabia,2017,Coal,0.9,56.458500115175305,2285989.9999999995,,
2923,Saudi Arabia,2018,Coal,0.9,63.087244301221816,2285989.9999999995,,
2924,Saudi Arabia,2019,Coal,0.9,51.656755929128785,2285989.9999999995,,
2925,Saudi Arabia,2020,Coal,0.9,44.95765127796601,2285989.9999999995,,
2926,Saudi Arabia,2021,Coal,0.9,73.49867453377998,2285989.9999999995,,
2927,Saudi Arabia,2022,Coal,0.9,150.8628140686637,2285989.9999999995,,
2928,Saudi Arabia,2023,Coal,0.9,89.37062802215205,2285989.9999999995,,
2929,Saudi Arabia,2024,Coal,0.9,73.17941871982647,2285989.9999999995,,
2930,Saudi Arabia,2015,Gas,0.9,80.25093199144253,977140.0,,
2931,Saudi Arabia,2016,Gas,0.9,59.1794608543197,977140.0,,
2932,Saudi Arabia,2017,Gas,0.9,58.042080309986375,977140.0,,
2933,Saudi Arabia,2018,Gas,0.9,73.30692445761797,977140.0,,
2934,Saudi Arabia,2019,Gas,0.9,47.20703407186356,977140.0,,
2935,Saudi Arabia,2020,Gas,0.9,40.80178574324953,977140.0,,
2936,Saudi Arabia,2021,Gas,0.9,125.98560230042499,977140.0,,
2937,Saudi Arabia,2022,Gas,0.9,213.9829391514776,977140.0,,
2938,Saudi Arabia,2023,Gas,0.9,95.21646546951268,977140.0,,
2939,Saudi Arabia,2024,Gas,0.9,84.74059203486355,977140.0,,
2940,Saudi Arabia,2024,Solar+BESS,0.95,47.77,5687959.796543017,4.1,14.7
2941,Saudi Arabia,2015,Solar+BESS,0.95,208.39,31634372.949041475,4.1,14.7
2942,Saudi Arabia,2016,Solar+BESS,0.95,163.38,24363767.73032301,4.1,14.7
2943,Saudi Arabia,2017,Solar+BESS,0.95,127.82,18618633.613950565,4.1,14.7
2944,Saudi Arabia,2018,Solar+BESS,0.95,114.33,16440048.404229134,4.1,14.7
2945,Saudi Arabia,2019,Solar+BESS,0.95,73.45,9835195.105724115,4.1,14.7
2946,Saudi Arabia,2020,Solar+BESS,0.95,66.71,8747021.632015686,4.1,14.7
2947,Saudi Arabia,2021,Solar+BESS,0.95,63.24,8186732.305880377,4.1,14.7
2948,Saudi Arabia,2022,Solar+BESS,0.95,69.0,9116837.888657,4.1,14.7
2949,Saudi Arabia,2023,Solar+BESS,0.95,57.27,7222239.309426155,4.1,14.7
2950,Saudi Arabia,2015,Coal,0.95,44.43713181045983,2285989.9999999995,,
2951,Saudi Arabia,2016,Coal,0.95,46.58125971743659,2285989.9999999995,,
2952,Saudi Arabia,2017,Coal,0.95,55.43698064766913,2285989.9999999995,,
2953,Saudi Arabia,2018,Coal,0.95,62.06572483371564,2285989.9999999995,,
2954,Saudi Arabia,2019,Coal,0.95,50.635236461622625,2285989.9999999995,,
2955,Saudi Arabia,2020,Coal,0.95,43.936131810459834,2285989.9999999995,,
2956,Saudi Arabia,2021,Coal,0.95,72.4771550662738,2285989.9999999995,,
2957,Saudi Arabia,2022,Coal,0.95,149.8412946011575,2285989.9999999995,,
2958,Saudi Arabia,2023,Coal,0.95,88.34910855464588,2285989.9999999995,,
2959,Saudi Arabia,2024,Coal,0.95,72.1578992523203,2285989.9999999995,,
2960,Saudi Arabia,2015,Gas,0.95,79.64296182178025,977140.0,,
2961,Saudi Arabia,2016,Gas,0.95,58.571490684657455,977140.0,,
2962,Saudi Arabia,2017,Gas,0.95,57.434110140324115,977140.0,,
2963,Saudi Arabia,2018,Gas,0.95,72.69895428795571,977140.0,,
2964,Saudi Arabia,2019,Gas,0.95,46.599063902201316,977140.0,,
2965,Saudi Arabia,2020,Gas,0.95,40.19381557358727,977140.0,,
2966,Saudi Arabia,2021,Gas,0.95,125.37763213076273,977140.0,,
2967,Saudi Arabia,2022,Gas,0.95,213.37496898181536,977140.0,,
2968,Saudi Arabia,2023,Gas,0.95,94.60849529985042,977140.0,,
2969,Saudi Arabia,2024,Gas,0.95,84.1326218652013,977140.0,,
2970,Saudi Arabia,2024,Solar+BESS,1.0,55.64,7002060.79328701,5.3,17.6
2971,Saudi Arabia,2015,Solar+BESS,1.0,240.21,38386717.43107086,5.3,17.6
2972,Saudi Arabia,2016,Solar+BESS,1.0,188.92,29665502.12161962,5.3,17.6
2973,Saudi Arabia,2017,Solar+BESS,1.0,148.14,22731160.881431926,5.3,17.6
2974,Saudi Arabia,2018,Solar+BESS,1.0,132.41,20055748.416021913,5.3,17.6
2975,Saudi Arabia,2019,Solar+BESS,1.0,85.65,12105344.012248717,5.3,17.6
2976,Saudi Arabia,2020,Solar+BESS,1.0,77.75,10761755.34385266,5.3,17.6
2977,Saudi Arabia,2021,Solar+BESS,1.0,73.69,10071057.48815222,5.3,17.6
2978,Saudi Arabia,2022,Solar+BESS,1.0,80.12,11165059.675636202,5.3,17.6
2979,Saudi Arabia,2023,Solar+BESS,1.0,66.55,8857632.464102007,5.3,17.6
2980,Saudi Arabia,2015,Coal,1.0,43.51776428970428,2285989.9999999995,,
2981,Saudi Arabia,2016,Coal,1.0,45.66189219668103,2285989.9999999995,,
2982,Saudi Arabia,2017,Coal,1.0,54.51761312691358,2285989.9999999995,,
2983,Saudi Arabia,2018,Coal,1.0,61.14635731296009,2285989.9999999995,,
2984,Saudi Arabia,2019,Coal,1.0,49.715868940867075,2285989.9999999995,,
2985,Saudi Arabia,2020,Coal,1.0,43.016764289704284,2285989.9999999995,,
2986,Saudi Arabia,2021,Coal,1.0,71.55778754551825,2285989.9999999995,,
2987,Saudi Arabia,2022,Coal,1.0,148.92192708040199,2285989.9999999995,,
2988,Saudi Arabia,2023,Coal,1.0,87.42974103389034,2285989.9999999995,,
2989,Saudi Arabia,2024,Coal,1.0,71.23853173156475,2285989.9999999995,,
2990,Saudi Arabia,2015,Gas,1.0,79.09578866908423,977140.0,,
2991,Saudi Arabia,2016,Gas,1.0,58.02431753196143,977140.0,,
2992,Saudi Arabia,2017,Gas,1.0,56.8869369876281,977140.0,,
2993,Saudi Arabia,2018,Gas,1.0,72.1517811352597,977140.0,,
2994,Saudi Arabia,2019,Gas,1.0,46.05189074950529,977140.0,,
2995,Saudi Arabia,2020,Gas,1.0,39.64664242089125,977140.0,,
2996,Saudi Arabia,2021,Gas,1.0,124.83045897806672,977140.0,,
2997,Saudi Arabia,2022,Gas,1.0,212.82779582911934,977140.0,,
2998,Saudi Arabia,2023,Gas,1.0,94.06132214715443,977140.0,,
2999,Saudi Arabia,2024,Gas,1.0,83.58544871250528,977140.0,,
3000,United States,2024,Solar+BESS,0.05,31.95,206476.2647,0.2,0.0
3001,United States,2015,Solar+BESS,0.05,86.94,597571.1933,0.2,0.0
3002,United States,2016,Solar+BESS,0.05,75.69,517556.7618,0.2,0.0
3003,United States,2017,Solar+BESS,0.05,64.11,435200.4445,0.2,0.0
3004,United States,2018,Solar+BESS,0.05,53.52,359869.7846,0.2,0.0
3005,United States,2019,Solar+BESS,0.05,42.79,283563.33895,0.2,0.0
3006,United States,2020,Solar+BESS,0.05,39.06,257021.96655,0.2,0.0
3007,United States,2021,Solar+BESS,0.05,36.75,240628.76595,0.2,0.0
3008,United States,2022,Solar+BESS,0.05,35.49,231651.53705,0.2,0.0
3009,United States,2023,Solar+BESS,0.05,34.06,221503.36525,0.2,0.0
3010,United States,2015,Coal,0.05,399.5880814372166,2087820.0000000002,,
3011,United States,2016,Coal,0.05,399.54667097210034,2087820.0000000002,,
3012,United States,2017,Coal,0.05,403.8644244604724,2087820.0000000002,,
3013,United States,2018,Coal,0.05,407.01048957675147,2087820.0000000002,,
3014,United States,2019,Coal,0.05,401.54071236744915,2087820.0000000002,,
3015,United States,2020,Coal,0.05,396.5182895767515,2087820.0000000002,,
3016,United States,2021,Coal,0.05,405.5084419023329,2087820.0000000002,,
3017,United States,2022,Coal,0.05,436.56502097210034,2087820.0000000002,,
3018,United States,2023,Coal,0.05,407.26972446047245,2087820.0000000002,,
3019,United States,2024,Coal,0.05,408.6939744604724,2087820.0000000002,,
3020,United States,2015,Gas,0.05,324.580361842216,1412616.0714285714,,
3021,United States,2016,Gas,0.05,325.8260881580055,1412616.0714285714,,
3022,United States,2017,Gas,0.05,326.72131096502306,1412616.0714285714,,
3023,United States,2018,Gas,0.05,327.6353758773038,1412616.0714285714,,
3024,United States,2019,Gas,0.05,324.037514473795,1412616.0714285714,,
3025,United States,2020,Gas,0.05,320.87200815800554,1412616.0714285714,,
3026,United States,2021,Gas,0.05,331.9475425439704,1412616.0714285714,,
3027,United States,2022,Gas,0.05,347.1518250001108,1412616.0714285714,,
3028,United States,2023,Gas,0.05,324.1190285088827,1412616.0714285714,,
3029,United States,2024,Gas,0.05,322.4246751755494,1412616.0714285714,,
3030,United States,2024,Solar+BESS,0.1,31.95,412952.51882,0.4,0.0
3031,United States,2015,Solar+BESS,0.1,86.94,1195142.35598,0.4,0.0
3032,United States,2016,Solar+BESS,0.1,75.69,1035113.4970800001,0.4,0.0
3033,United States,2017,Solar+BESS,0.1,64.11,870400.8667,0.4,0.0
3034,United States,2018,Solar+BESS,0.1,53.52,719739.55076,0.4,0.0
3035,United States,2019,Solar+BESS,0.1,42.79,567126.66337,0.4,0.0
3036,United States,2020,Solar+BESS,0.1,39.06,514043.91993000003,0.4,0.0
3037,United States,2021,Solar+BESS,0.1,36.75,481257.51957,0.4,0.0
3038,United States,2022,Solar+BESS,0.1,35.49,463303.06223000004,0.4,0.0
3039,United States,2023,Solar+BESS,0.1,34.06,443006.71915,0.4,0.0
3040,United States,2015,Coal,0.1,210.89403723023622,2087820.0000000002,,
3041,United States,2016,Coal,0.1,210.8526267651199,2087820.0000000002,,
3042,United States,2017,Coal,0.1,215.17038025349203,2087820.0000000002,,
3043,United States,2018,Coal,0.1,218.31644536977112,2087820.0000000002,,
3044,United States,2019,Coal,0.1,212.84666816046877,2087820.0000000002,,
3045,United States,2020,Coal,0.1,207.8242453697711,2087820.0000000002,,
3046,United States,2021,Coal,0.1,216.81439769535248,2087820.0000000002,,
3047,United States,2022,Coal,0.1,247.87097676511993,2087820.0000000002,,
3048,United States,2023,Coal,0.1,218.57568025349204,2087820.0000000002,,
3049,United States,2024,Coal,0.1,219.999930253492,2087820.0000000002,,
3050,United States,2015,Gas,0.1,171.6334116228624,1412616.0714285714,,
3051,United States,2016,Gas,0.1,172.87913793865187,1412616.0714285714,,
3052,United States,2017,Gas,0.1,173.77436074566944,1412616.0714285714,,
3053,United States,2018,Gas,0.1,174.68842565795012,1412616.0714285714,,
3054,United States,2019,Gas,0.1,171.09056425444135,1412616.0714285714,,
3055,United States,2020,Gas,0.1,167.9250579386519,1412616.0714285714,,
3056,United States,2021,Gas,0.1,179.0005923246168,1412616.0714285714,,
3057,United States,2022,Gas,0.1,194.20487478075717,1412616.0714285714,,
3058,United States,2023,Gas,0.1,171.17207828952908,1412616.0714285714,,
3059,United States,2024,Gas,0.1,169.47772495619574,1412616.0714285714,,
3060,United States,2024,Solar+BESS,0.15,31.95,619428.7835199999,0.6,0.0
3061,United States,2015,Solar+BESS,0.15,86.94,1792713.54928,0.6,0.0
3062,United States,2016,Solar+BESS,0.15,75.69,1552670.2588799999,0.6,0.0
3063,United States,2017,Solar+BESS,0.15,64.11,1305601.3111999999,0.6,0.0
3064,United States,2018,Solar+BESS,0.15,53.52,1079609.33536,0.6,0.0
3065,United States,2019,Solar+BESS,0.15,42.79,850690.00232,0.6,0.0
3066,United States,2020,Solar+BESS,0.15,39.06,771065.8864799999,0.6,0.0
3067,United States,2021,Solar+BESS,0.15,36.75,721886.2855199999,0.6,0.0
3068,United States,2022,Solar+BESS,0.15,35.49,694954.59928,0.6,0.0
3069,United States,2023,Solar+BESS,0.15,34.06,664510.0843999999,0.6,0.0
3070,United States,2015,Coal,0.15,147.99602249457607,2087820.0000000002,,
3071,United States,2016,Coal,0.15,147.95461202945978,2087820.0000000002,,
3072,United States,2017,Coal,0.15,152.27236551783187,2087820.0000000002,,
3073,United States,2018,Coal,0.15,155.41843063411093,2087820.0000000002,,
3074,United States,2019,Coal,0.15,149.94865342480864,2087820.0000000002,,
3075,United States,2020,Coal,0.15,144.92623063411094,2087820.0000000002,,
3076,United States,2021,Coal,0.15,153.91638295969233,2087820.0000000002,,
3077,United States,2022,Coal,0.15,184.97296202945978,2087820.0000000002,,
3078,United States,2023,Coal,0.15,155.67766551783188,2087820.0000000002,,
3079,United States,2024,Coal,0.15,157.10191551783188,2087820.0000000002,,
3080,United States,2015,Gas,0.15,120.65109488307789,1412616.0714285714,,
3081,United States,2016,Gas,0.15,121.89682119886736,1412616.0714285714,,
3082,United States,2017,Gas,0.15,122.7920440058849,1412616.0714285714,,
3083,United States,2018,Gas,0.15,123.7061089181656,1412616.0714285714,,
3084,United States,2019,Gas,0.15,120.10824751465682,1412616.0714285714,,
3085,United States,2020,Gas,0.15,116.94274119886737,1412616.0714285714,,
3086,United States,2021,Gas,0.15,128.01827558483225,1412616.0714285714,,
3087,United States,2022,Gas,0.15,143.22255804097264,1412616.0714285714,,
3088,United States,2023,Gas,0.15,120.18976154974456,1412616.0714285714,,
3089,United States,2024,Gas,0.15,118.49540821641124,1412616.0714285714,,
3090,United States,2024,Solar+BESS,0.2,31.95,825905.0482199999,0.8,0.0
3091,United States,2015,Solar+BESS,0.2,86.94,2390284.74258,0.8,0.0
3092,United States,2016,Solar+BESS,0.2,75.69,2070227.0206799998,0.8,0.0
3093,United States,2017,Solar+BESS,0.2,64.11,1740801.7556999999,0.8,0.0
3094,United States,2018,Solar+BESS,0.2,53.52,1439479.11996,0.8,0.0
3095,United States,2019,Solar+BESS,0.2,42.79,1134253.34127,0.8,0.0
3096,United States,2020,Solar+BESS,0.2,39.06,1028087.8530299999,0.8,0.0
3097,United States,2021,Solar+BESS,0.2,36.75,962515.0514699998,0.8,0.0
3098,United States,2022,Solar+BESS,0.2,35.49,926606.1363299999,0.8,0.0
3099,United States,2023,Solar+BESS,0.2,34.06,886013.44965,0.8,0.0
3100,United States,2015,Coal,0.2,116.54701512674602,2087820.0000000002,,
3101,United States,2016,Coal,0.2,116.50560466162975,2087820.0000000002,,
3102,United States,2017,Coal,0.2,120.82335815000182,2087820.0000000002,,
3103,United States,2018,Coal,0.2,123.9694232662809,2087820.0000000002,,
3104,United States,2019,Coal,0.2,118.49964605697856,2087820.0000000002,,
3105,United States,2020,Coal,0.2,113.47722326628089,2087820.0000000002,,
3106,United States,2021,Coal,0.2,122.4673755918623,2087820.0000000002,,
3107,United States,2022,Coal,0.2,153.52395466162974,2087820.0000000002,,
3108,United States,2023,Coal,0.2,124.22865815000183,2087820.0000000002,,
3109,United States,2024,Coal,0.2,125.65290815000183,2087820.0000000002,,
3110,United States,2015,Gas,0.2,95.1599365131856,1412616.0714285714,,
3111,United States,2016,Gas,0.2,96.40566282897505,1412616.0714285714,,
3112,United States,2017,Gas,0.2,97.30088563599261,1412616.0714285714,,
3113,United States,2018,Gas,0.2,98.21495054827331,1412616.0714285714,,
3114,United States,2019,Gas,0.2,94.61708914476453,1412616.0714285714,,
3115,United States,2020,Gas,0.2,91.45158282897506,1412616.0714285714,,
3116,United States,2021,Gas,0.2,102.52711721493998,1412616.0714285714,,
3117,United States,2022,Gas,0.2,117.73139967108034,1412616.0714285714,,
3118,United States,2023,Gas,0.2,94.69860317985226,1412616.0714285714,,
3119,United States,2024,Gas,0.2,93.00424984651892,1412616.0714285714,,
3120,United States,2024,Solar+BESS,0.25,31.95,1032381.31292,1.0,0.0
3121,United States,2015,Solar+BESS,0.25,86.94,2987855.93588,1.0,0.0
3122,United States,2016,Solar+BESS,0.25,75.69,2587783.78248,1.0,0.0
3123,United States,2017,Solar+BESS,0.25,64.11,2176002.2002,1.0,0.0
3124,United States,2018,Solar+BESS,0.25,53.52,1799348.90456,1.0,0.0
3125,United States,2019,Solar+BESS,0.25,42.79,1417816.6802199997,1.0,0.0
3126,United States,2020,Solar+BESS,0.25,39.06,1285109.8195800001,1.0,0.0
3127,United States,2021,Solar+BESS,0.25,36.75,1203143.81742,1.0,0.0
3128,United States,2022,Solar+BESS,0.25,35.49,1158257.6733799998,1.0,0.0
3129,United States,2023,Solar+BESS,0.25,34.06,1107516.8148999999,1.0,0.0
3130,United States,2015,Coal,0.25,97.67761070604796,2087820.0000000002,,
3131,United States,2016,Coal,0.25,97.6362002409317,2087820.0000000002,,
3132,United States,2017,Coal,0.25,101.95395372930379,2087820.0000000002,,
3133,United States,2018,Coal,0.25,105.10001884558284,2087820.0000000002,,
3134,United States,2019,Coal,0.25,99.63024163628052,2087820.0000000002,,
3135,United States,2020,Coal,0.25,94.60781884558284,2087820.0000000002,,
3136,United States,2021,Coal,0.25,103.59797117116423,2087820.0000000002,,
3137,United States,2022,Coal,0.25,134.65455024093168,2087820.0000000002,,
3138,United States,2023,Coal,0.25,105.35925372930379,2087820.0000000002,,
3139,United States,2024,Coal,0.25,106.78350372930377,2087820.0000000002,,
3140,United States,2015,Gas,0.25,79.86524149125023,1412616.0714285714,,
3141,United States,2016,Gas,0.25,81.1109678070397,1412616.0714285714,,
3142,United States,2017,Gas,0.25,82.00619061405725,1412616.0714285714,,
3143,United States,2018,Gas,0.25,82.92025552633794,1412616.0714285714,,
3144,United States,2019,Gas,0.25,79.32239412282917,1412616.0714285714,,
3145,United States,2020,Gas,0.25,76.15688780703971,1412616.0714285714,,
3146,United States,2021,Gas,0.25,87.23242219300461,1412616.0714285714,,
3147,United States,2022,Gas,0.25,102.43670464914496,1412616.0714285714,,
3148,United States,2023,Gas,0.25,79.40390815791689,1412616.0714285714,,
3149,United States,2024,Gas,0.25,77.70955482458356,1412616.0714285714,,
3150,United States,2024,Solar+BESS,0.3,33.09,1283035.9652,1.2,0.0
3151,United States,2015,Solar+BESS,0.3,90.04,3713285.5628,1.2,0.0
3152,United States,2016,Solar+BESS,0.3,78.39,3216078.8087999998,1.2,0.0
3153,United States,2017,Solar+BESS,0.3,66.4,2704319.662,1.2,0.0
3154,United States,2018,Solar+BESS,0.3,55.43,2236217.6936,1.2,0.0
3155,United States,2019,Solar+BESS,0.3,44.32,1762052.2282,1.2,0.0
3156,United States,2020,Solar+BESS,0.3,40.45,1597125.1098,1.2,0.0
3157,United States,2021,Solar+BESS,0.3,38.06,1495258.3602,1.2,0.0
3158,United States,2022,Solar+BESS,0.3,36.76,1439474.1878,1.2,0.0
3159,United States,2023,Solar+BESS,0.3,35.28,1376413.819,1.2,0.0
3160,United States,2015,Coal,0.3,85.09800775891594,2087820.0000000002,,
3161,United States,2016,Coal,0.3,85.05659729379965,2087820.0000000002,,
3162,United States,2017,Coal,0.3,89.37435078217176,2087820.0000000002,,
3163,United States,2018,Coal,0.3,92.52041589845082,2087820.0000000002,,
3164,United States,2019,Coal,0.3,87.05063868914849,2087820.0000000002,,
3165,United States,2020,Coal,0.3,82.02821589845082,2087820.0000000002,,
3166,United States,2021,Coal,0.3,91.01836822403222,2087820.0000000002,,
3167,United States,2022,Coal,0.3,122.07494729379968,2087820.0000000002,,
3168,United States,2023,Coal,0.3,92.77965078217176,2087820.0000000002,,
3169,United States,2024,Coal,0.3,94.20390078217176,2087820.0000000002,,
3170,United States,2015,Gas,0.3,69.66877814329334,1412616.0714285714,,
3171,United States,2016,Gas,0.3,70.9145044590828,1412616.0714285714,,
3172,United States,2017,Gas,0.3,71.80972726610035,1412616.0714285714,,
3173,United States,2018,Gas,0.3,72.72379217838105,1412616.0714285714,,
3174,United States,2019,Gas,0.3,69.12593077487227,1412616.0714285714,,
3175,United States,2020,Gas,0.3,65.9604244590828,1412616.0714285714,,
3176,United States,2021,Gas,0.3,77.0359588450477,1412616.0714285714,,
3177,United States,2022,Gas,0.3,92.24024130118808,1412616.0714285714,,
3178,United States,2023,Gas,0.3,69.20744480996,1412616.0714285714,,
3179,United States,2024,Gas,0.3,67.51309147662666,1412616.0714285714,,
3180,United States,2024,Solar+BESS,0.35,37.57,1665140.9448171728,1.5,0.6
3181,United States,2015,Solar+BESS,0.35,112.29,5385146.2326,1.5,0.6
3182,United States,2016,Solar+BESS,0.35,95.11,4529512.5816,1.5,0.6
3183,United States,2017,Solar+BESS,0.35,79.05,3730415.7653970555,1.5,0.6
3184,United States,2018,Solar+BESS,0.35,66.75,3117718.7121436927,1.5,0.6
3185,United States,2019,Solar+BESS,0.35,50.86,2326834.2744113207,1.5,0.6
3186,United States,2020,Solar+BESS,0.35,46.46,2107885.4885205966,1.5,0.6
3187,United States,2021,Solar+BESS,0.35,43.77,1974061.570657767,1.5,0.6
3188,United States,2022,Solar+BESS,0.35,43.28,1949436.191349341,1.5,0.6
3189,United States,2023,Solar+BESS,0.35,40.76,1824235.8676070415,1.5,0.6
3190,United States,2015,Coal,0.35,76.11257708239307,2087820.0000000002,,
3191,United States,2016,Coal,0.35,76.07116661727679,2087820.0000000002,,
3192,United States,2017,Coal,0.35,80.3889201056489,2087820.0000000002,,
3193,United States,2018,Coal,0.35,83.53498522192795,2087820.0000000002,,
3194,United States,2019,Coal,0.35,78.06520801262562,2087820.0000000002,,
3195,United States,2020,Coal,0.35,73.04278522192794,2087820.0000000002,,
3196,United States,2021,Coal,0.35,82.03293754750935,2087820.0000000002,,
3197,United States,2022,Coal,0.35,113.08951661727679,2087820.0000000002,,
3198,United States,2023,Coal,0.35,83.79422010564888,2087820.0000000002,,
3199,United States,2024,Coal,0.35,85.21847010564888,2087820.0000000002,,
3200,United States,2015,Gas,0.35,62.38559003760982,1412616.0714285714,,
3201,United States,2016,Gas,0.35,63.631316353399306,1412616.0714285714,,
3202,United States,2017,Gas,0.35,64.52653916041685,1412616.0714285714,,
3203,United States,2018,Gas,0.35,65.44060407269755,1412616.0714285714,,
3204,United States,2019,Gas,0.35,61.842742669188766,1412616.0714285714,,
3205,United States,2020,Gas,0.35,58.6772363533993,1412616.0714285714,,
3206,United States,2021,Gas,0.35,69.75277073936421,1412616.0714285714,,
3207,United States,2022,Gas,0.35,84.95705319550457,1412616.0714285714,,
3208,United States,2023,Gas,0.35,61.92425670427649,1412616.0714285714,,
3209,United States,2024,Gas,0.35,60.229903370943155,1412616.0714285714,,
3210,United States,2024,Solar+BESS,0.4,42.64,2100793.1376425056,1.7,1.7
3211,United States,2015,Solar+BESS,0.4,142.6,7787997.8038,1.7,1.7
3212,United States,2016,Solar+BESS,0.4,117.13,6339109.4438000005,1.7,1.7
3213,United States,2017,Solar+BESS,0.4,95.25,5093998.482462026,1.7,1.7
3214,United States,2018,Solar+BESS,0.4,81.5,4311890.1819458185,1.7,1.7
3215,United States,2019,Solar+BESS,0.4,58.55,3005883.543307056,1.7,1.7
3216,United States,2020,Solar+BESS,0.4,53.54,2721038.8498657853,1.7,1.7
3217,United States,2021,Solar+BESS,0.4,50.52,2549357.7827046476,1.7,1.7
3218,United States,2022,Solar+BESS,0.4,51.45,2602181.0338872783,1.7,1.7
3219,United States,2023,Solar+BESS,0.4,47.34,2368081.403996787,1.7,1.7
3220,United States,2015,Coal,0.4,69.37350407500092,2087820.0000000002,,
3221,United States,2016,Coal,0.4,69.33209360988464,2087820.0000000002,,
3222,United States,2017,Coal,0.4,73.64984709825673,2087820.0000000002,,
3223,United States,2018,Coal,0.4,76.7959122145358,2087820.0000000002,,
3224,United States,2019,Coal,0.4,71.32613500523347,2087820.0000000002,,
3225,United States,2020,Coal,0.4,66.30371221453579,2087820.0000000002,,
3226,United States,2021,Coal,0.4,75.2938645401172,2087820.0000000002,,
3227,United States,2022,Coal,0.4,106.35044360988464,2087820.0000000002,,
3228,United States,2023,Coal,0.4,77.05514709825674,2087820.0000000002,,
3229,United States,2024,Coal,0.4,78.47939709825673,2087820.0000000002,,
3230,United States,2015,Gas,0.4,56.92319895834718,1412616.0714285714,,
3231,United States,2016,Gas,0.4,58.16892527413665,1412616.0714285714,,
3232,United States,2017,Gas,0.4,59.0641480811542,1412616.0714285714,,
3233,United States,2018,Gas,0.4,59.9782129934349,1412616.0714285714,,
3234,United States,2019,Gas,0.4,56.380351589926136,1412616.0714285714,,
3235,United States,2020,Gas,0.4,53.21484527413666,1412616.0714285714,,
3236,United States,2021,Gas,0.4,64.29037966010156,1412616.0714285714,,
3237,United States,2022,Gas,0.4,79.49466211624193,1412616.0714285714,,
3238,United States,2023,Gas,0.4,56.46186562501385,1412616.0714285714,,
3239,United States,2024,Gas,0.4,54.76751229168051,1412616.0714285714,,
3240,United States,2024,Solar+BESS,0.45,47.08,2560791.351856412,1.9,3.0
3241,United States,2015,Solar+BESS,0.45,168.58,10337413.7696,1.9,3.0
3242,United States,2016,Solar+BESS,0.45,136.08,8257552.1386,1.9,3.0
3243,United States,2017,Solar+BESS,0.45,109.23,6538573.708111698,1.9,3.0
3244,United States,2018,Solar+BESS,0.45,94.21,5577474.175187759,1.9,3.0
3245,United States,2019,Solar+BESS,0.45,65.25,3723749.364148621,1.9,3.0
3246,United States,2020,Solar+BESS,0.45,59.71,3369219.7999215415,1.9,3.0
3247,United States,2021,Solar+BESS,0.45,56.4,3157530.8162022065,1.9,3.0
3248,United States,2022,Solar+BESS,0.45,58.52,3293167.5936920866,1.9,3.0
3249,United States,2023,Solar+BESS,0.45,53.05,2943141.9257773985,1.9,3.0
3250,United States,2015,Coal,0.45,64.13200284702924,2087820.0000000002,,
3251,United States,2016,Coal,0.45,64.09059238191297,2087820.0000000002,,
3252,United States,2017,Coal,0.45,68.40834587028506,2087820.0000000002,,
3253,United States,2018,Coal,0.45,71.55441098656412,2087820.0000000002,,
3254,United States,2019,Coal,0.45,66.0846337772618,2087820.0000000002,,
3255,United States,2020,Coal,0.45,61.06221098656413,2087820.0000000002,,
3256,United States,2021,Coal,0.45,70.05236331214552,2087820.0000000002,,
3257,United States,2022,Coal,0.45,101.10894238191298,2087820.0000000002,,
3258,United States,2023,Coal,0.45,71.81364587028506,2087820.0000000002,,
3259,United States,2024,Coal,0.45,73.23789587028506,2087820.0000000002,,
3260,United States,2015,Gas,0.45,52.67467256336513,1412616.0714285714,,
3261,United States,2016,Gas,0.45,53.920398879154604,1412616.0714285714,,
3262,United States,2017,Gas,0.45,54.81562168617215,1412616.0714285714,,
3263,United States,2018,Gas,0.45,55.72968659845285,1412616.0714285714,,
3264,United States,2019,Gas,0.45,52.13182519494407,1412616.0714285714,,
3265,United States,2020,Gas,0.45,48.96631887915461,1412616.0714285714,,
3266,United States,2021,Gas,0.45,60.04185326511952,1412616.0714285714,,
3267,United States,2022,Gas,0.45,75.24613572125988,1412616.0714285714,,
3268,United States,2023,Gas,0.45,52.2133392300318,1412616.0714285714,,
3269,United States,2024,Gas,0.45,50.51898589669847,1412616.0714285714,,
3270,United States,2024,Solar+BESS,0.5,50.92,3034317.1669898154,2.1,4.3
3271,United States,2015,Solar+BESS,0.5,191.13,13005801.839000002,2.1,4.3
3272,United States,2016,Solar+BESS,0.5,152.52,10260059.073800001,2.1,4.3
3273,United States,2017,Solar+BESS,0.5,121.34,8042788.668636417,2.1,4.3
3274,United States,2018,Solar+BESS,0.5,105.23,6897030.824953906,2.1,4.3
3275,United States,2019,Solar+BESS,0.5,71.04,4465837.172038398,2.1,4.3
3276,United States,2020,Solar+BESS,0.5,65.05,4039192.2082368797,2.1,4.3
3277,United States,2021,Solar+BESS,0.5,61.49,3786192.8297557263,2.1,4.3
3278,United States,2022,Solar+BESS,0.5,64.65,4010792.1853930023,2.1,4.3
3279,United States,2023,Solar+BESS,0.5,58.0,3538060.658020489,2.1,4.3
3280,United States,2015,Coal,0.5,59.938801864651886,2087820.0000000002,,
3281,United States,2016,Coal,0.5,59.89739139953562,2087820.0000000002,,
3282,United States,2017,Coal,0.5,64.21514488790771,2087820.0000000002,,
3283,United States,2018,Coal,0.5,67.36121000418677,2087820.0000000002,,
3284,United States,2019,Coal,0.5,61.891432794884444,2087820.0000000002,,
3285,United States,2020,Coal,0.5,56.86901000418678,2087820.0000000002,,
3286,United States,2021,Coal,0.5,65.85916232976815,2087820.0000000002,,
3287,United States,2022,Coal,0.5,96.91574139953559,2087820.0000000002,,
3288,United States,2023,Coal,0.5,67.62044488790771,2087820.0000000002,,
3289,United States,2024,Coal,0.5,69.0446948879077,2087820.0000000002,,
3290,United States,2015,Gas,0.5,49.2758514473795,1412616.0714285714,,
3291,United States,2016,Gas,0.5,50.52157776316897,1412616.0714285714,,
3292,United States,2017,Gas,0.5,51.416800570186524,1412616.0714285714,,
3293,United States,2018,Gas,0.5,52.33086548246722,1412616.0714285714,,
3294,United States,2019,Gas,0.5,48.733004078958444,1412616.0714285714,,
3295,United States,2020,Gas,0.5,45.56749776316897,1412616.0714285714,,
3296,United States,2021,Gas,0.5,56.64303214913388,1412616.0714285714,,
3297,United States,2022,Gas,0.5,71.84731460527425,1412616.0714285714,,
3298,United States,2023,Gas,0.5,48.814518114046166,1412616.0714285714,,
3299,United States,2024,Gas,0.5,47.120164780712834,1412616.0714285714,,
3300,United States,2024,Solar+BESS,0.55,54.32,3519458.0526520293,2.3,5.7
3301,United States,2015,Solar+BESS,0.55,211.58,15822478.620000001,2.3,5.7
3302,United States,2016,Solar+BESS,0.55,167.37,12363735.3598,2.3,5.7
3303,United States,2017,Solar+BESS,0.55,132.25,9616202.923885781,2.3,5.7
3304,United States,2018,Solar+BESS,0.55,115.18,8280497.990937597,2.3,5.7
3305,United States,2019,Solar+BESS,0.55,76.21,5231984.656123964,2.3,5.7
3306,United States,2020,Solar+BESS,0.55,69.8,4730737.627814254,2.3,5.7
3307,United States,2021,Solar+BESS,0.55,66.02,4435177.474231911,2.3,5.7
3308,United States,2022,Solar+BESS,0.55,70.15,4757913.2257377785,2.3,5.7
3309,United States,2023,Solar+BESS,0.55,62.42,4153120.096829507,2.3,5.7
3310,United States,2015,Coal,0.55,56.50800106088861,2087820.0000000002,,
3311,United States,2016,Coal,0.55,56.46659059577233,2087820.0000000002,,
3312,United States,2017,Coal,0.55,60.78434408414442,2087820.0000000002,,
3313,United States,2018,Coal,0.55,63.9304092004235,2087820.0000000002,,
3314,United States,2019,Coal,0.55,58.460631991121154,2087820.0000000002,,
3315,United States,2020,Coal,0.55,53.43820920042349,2087820.0000000002,,
3316,United States,2021,Coal,0.55,62.428361526004885,2087820.0000000002,,
3317,United States,2022,Coal,0.55,93.48494059577233,2087820.0000000002,,
3318,United States,2023,Coal,0.55,64.18964408414442,2087820.0000000002,,
3319,United States,2024,Coal,0.55,65.61389408414442,2087820.0000000002,,
3320,United States,2015,Gas,0.55,46.494997807027616,1412616.0714285714,,
3321,United States,2016,Gas,0.55,47.7407241228171,1412616.0714285714,,
3322,United States,2017,Gas,0.55,48.63594692983464,1412616.0714285714,,
3323,United States,2018,Gas,0.55,49.55001184211534,1412616.0714285714,,
3324,United States,2019,Gas,0.55,45.952150438606566,1412616.0714285714,,
3325,United States,2020,Gas,0.55,42.786644122817094,1412616.0714285714,,
3326,United States,2021,Gas,0.55,53.86217850878201,1412616.0714285714,,
3327,United States,2022,Gas,0.55,69.06646096492237,1412616.0714285714,,
3328,United States,2023,Gas,0.55,46.03366447369429,1412616.0714285714,,
3329,United States,2024,Gas,0.55,44.339311140360955,1412616.0714285714,,
3330,United States,2024,Solar+BESS,0.6,57.27,4014229.899008356,2.5,7.1
3331,United States,2015,Solar+BESS,0.6,228.93,18664093.7288,2.5,7.1
3332,United States,2016,Solar+BESS,0.6,180.02,14489708.5488,2.5,7.1
3333,United States,2017,Solar+BESS,0.6,141.57,11208772.30815924,2.5,7.1
3334,United States,2018,Solar+BESS,0.6,123.66,9679633.43648791,2.5,7.1
3335,United States,2019,Solar+BESS,0.6,80.67,6011151.2550786175,2.5,7.1
3336,United States,2020,Solar+BESS,0.6,73.91,5434089.587154384,2.5,7.1
3337,United States,2021,Solar+BESS,0.6,69.94,5095212.407719806,2.5,7.1
3338,United States,2022,Solar+BESS,0.6,74.86,5515418.091428701,2.5,7.1
3339,United States,2023,Solar+BESS,0.6,66.22,4778314.8514810605,2.5,7.1
3340,United States,2015,Coal,0.6,53.64900039108588,2087820.0000000002,,
3341,United States,2016,Coal,0.6,53.6075899259696,2087820.0000000002,,
3342,United States,2017,Coal,0.6,57.9253434143417,2087820.0000000002,,
3343,United States,2018,Coal,0.6,61.07140853062076,2087820.0000000002,,
3344,United States,2019,Coal,0.6,55.601631321318436,2087820.0000000002,,
3345,United States,2020,Coal,0.6,50.57920853062076,2087820.0000000002,,
3346,United States,2021,Coal,0.6,59.56936085620215,2087820.0000000002,,
3347,United States,2022,Coal,0.6,90.6259399259696,2087820.0000000002,,
3348,United States,2023,Coal,0.6,61.330643414341694,2087820.0000000002,,
3349,United States,2024,Coal,0.6,62.75489341434169,2087820.0000000002,,
3350,United States,2015,Gas,0.6,44.177619773401055,1412616.0714285714,,
3351,United States,2016,Gas,0.6,45.423346089190524,1412616.0714285714,,
3352,United States,2017,Gas,0.6,46.31856889620807,1412616.0714285714,,
3353,United States,2018,Gas,0.6,47.23263380848877,1412616.0714285714,,
3354,United States,2019,Gas,0.6,43.63477240498,1412616.0714285714,,
3355,United States,2020,Gas,0.6,40.46926608919053,1412616.0714285714,,
3356,United States,2021,Gas,0.6,51.54480047515545,1412616.0714285714,,
3357,United States,2022,Gas,0.6,66.7490829312958,1412616.0714285714,,
3358,United States,2023,Gas,0.6,43.71628644006772,1412616.0714285714,,
3359,United States,2024,Gas,0.6,42.02193310673438,1412616.0714285714,,
3360,United States,2024,Solar+BESS,0.65,59.86,4514823.562386325,2.7,8.6
3361,United States,2015,Solar+BESS,0.65,244.07,21545672.915599998,2.7,8.6
3362,United States,2016,Solar+BESS,0.65,191.06,16644799.0624,2.7,8.6
3363,United States,2017,Solar+BESS,0.65,149.72,12822626.468349505,2.7,8.6
3364,United States,2018,Solar+BESS,0.65,131.06,11097717.748572089,2.7,8.6
3365,United States,2019,Solar+BESS,0.65,84.57,6799947.605223247,2.7,8.6
3366,United States,2020,Solar+BESS,0.65,77.5,6146122.65074962,2.7,8.6
3367,United States,2021,Solar+BESS,0.65,73.36,5763400.065580633,2.7,8.6
3368,United States,2022,Solar+BESS,0.65,78.98,6282773.542036131,2.7,8.6
3369,United States,2023,Solar+BESS,0.65,69.55,5411303.265559196,2.7,8.6
3370,United States,2015,Coal,0.65,51.22984597817587,2087820.0000000002,,
3371,United States,2016,Coal,0.65,51.18843551305959,2087820.0000000002,,
3372,United States,2017,Coal,0.65,55.506189001431686,2087820.0000000002,,
3373,United States,2018,Coal,0.65,58.652254117710754,2087820.0000000002,,
3374,United States,2019,Coal,0.65,53.182476908408425,2087820.0000000002,,
3375,United States,2020,Coal,0.65,48.16005411771076,2087820.0000000002,,
3376,United States,2021,Coal,0.65,57.150206443292156,2087820.0000000002,,
3377,United States,2022,Coal,0.65,88.20678551305959,2087820.0000000002,,
3378,United States,2023,Coal,0.65,58.91148900143169,2087820.0000000002,,
3379,United States,2024,Coal,0.65,60.33573900143169,2087820.0000000002,,
3380,United States,2015,Gas,0.65,42.216761437255485,1412616.0714285714,,
3381,United States,2016,Gas,0.65,43.46248775304497,1412616.0714285714,,
3382,United States,2017,Gas,0.65,44.35771056006251,1412616.0714285714,,
3383,United States,2018,Gas,0.65,45.2717754723432,1412616.0714285714,,
3384,United States,2019,Gas,0.65,41.67391406883443,1412616.0714285714,,
3385,United States,2020,Gas,0.65,38.50840775304496,1412616.0714285714,,
3386,United States,2021,Gas,0.65,49.58394213900988,1412616.0714285714,,
3387,United States,2022,Gas,0.65,64.78822459515023,1412616.0714285714,,
3388,United States,2023,Gas,0.65,41.755428103922156,1412616.0714285714,,
3389,United States,2024,Gas,0.65,40.061074770588824,1412616.0714285714,,
3390,United States,2024,Solar+BESS,0.7,62.13,5021708.920599567,2.9,10.0
3391,United States,2015,Solar+BESS,0.7,256.99,24423058.4798,2.9,10.0
3392,United States,2016,Solar+BESS,0.7,200.53,18801583.7242,2.9,10.0
3393,United States,2017,Solar+BESS,0.7,156.73,14441005.863142215,2.9,10.0
3394,United States,2018,Solar+BESS,0.7,137.42,12518237.190351628,2.9,10.0
3395,United States,2019,Solar+BESS,0.7,87.98,7595800.60790913,2.9,10.0
3396,United States,2020,Solar+BESS,0.7,80.64,6864597.717896666,2.9,10.0
3397,United States,2021,Solar+BESS,0.7,76.35,6437594.315049628,2.9,10.0
3398,United States,2022,Solar+BESS,0.7,82.54,7053971.166386394,2.9,10.0
3399,United States,2023,Solar+BESS,0.7,72.45,6049540.843184585,2.9,10.0
3400,United States,2015,Coal,0.7,49.15628505282444,2087820.0000000002,,
3401,United States,2016,Coal,0.7,49.11487458770816,2087820.0000000002,,
3402,United States,2017,Coal,0.7,53.43262807608025,2087820.0000000002,,
3403,United States,2018,Coal,0.7,56.57869319235933,2087820.0000000002,,
3404,United States,2019,Coal,0.7,51.108915983056995,2087820.0000000002,,
3405,United States,2020,Coal,0.7,46.08649319235932,2087820.0000000002,,
3406,United States,2021,Coal,0.7,55.07664551794072,2087820.0000000002,,
3407,United States,2022,Coal,0.7,86.13322458770817,2087820.0000000002,,
3408,United States,2023,Coal,0.7,56.83792807608025,2087820.0000000002,,
3409,United States,2024,Coal,0.7,58.262178076080254,2087820.0000000002,,
3410,United States,2015,Gas,0.7,40.536025720559294,1412616.0714285714,,
3411,United States,2016,Gas,0.7,41.78175203634878,1412616.0714285714,,
3412,United States,2017,Gas,0.7,42.676974843366324,1412616.0714285714,,
3413,United States,2018,Gas,0.7,43.59103975564702,1412616.0714285714,,
3414,United States,2019,Gas,0.7,39.993178352138244,1412616.0714285714,,
3415,United States,2020,Gas,0.7,36.82767203634877,1412616.0714285714,,
3416,United States,2021,Gas,0.7,47.90320642231369,1412616.0714285714,,
3417,United States,2022,Gas,0.7,63.10748887845404,1412616.0714285714,,
3418,United States,2023,Gas,0.7,40.074692387225966,1412616.0714285714,,
3419,United States,2024,Gas,0.7,38.38033905389263,1412616.0714285714,,
3420,United States,2024,Solar+BESS,0.75,64.21,5537666.341590939,3.2,11.4
3421,United States,2015,Solar+BESS,0.75,268.74,27356070.839600004,3.2,11.4
3422,United States,2016,Solar+BESS,0.75,209.15,20999563.8196,3.2,11.4
3423,United States,2017,Solar+BESS,0.75,163.13,16089960.335144842,3.2,11.4
3424,United States,2018,Solar+BESS,0.75,143.22,13965752.636772498,3.2,11.4
3425,United States,2019,Solar+BESS,0.75,91.1,8406189.418997195,3.2,11.4
3426,United States,2020,Solar+BESS,0.75,83.51,7596187.938481074,3.2,11.4
3427,United States,2021,Solar+BESS,0.75,79.08,7124099.37936127,3.2,11.4
3428,United States,2022,Solar+BESS,0.75,85.79,7839564.184410831,3.2,11.4
3429,United States,2023,Solar+BESS,0.75,75.1,6699477.878267298,3.2,11.4
3430,United States,2015,Coal,0.75,47.35919891751987,2087820.0000000002,,
3431,United States,2016,Coal,0.75,47.31778845240359,2087820.0000000002,,
3432,United States,2017,Coal,0.75,51.635541940775674,2087820.0000000002,,
3433,United States,2018,Coal,0.75,54.78160705705475,2087820.0000000002,,
3434,United States,2019,Coal,0.75,49.31182984775242,2087820.0000000002,,
3435,United States,2020,Coal,0.75,44.289407057054746,2087820.0000000002,,
3436,United States,2021,Coal,0.75,53.279559382636144,2087820.0000000002,,
3437,United States,2022,Coal,0.75,84.33613845240359,2087820.0000000002,,
3438,United States,2023,Coal,0.75,55.04084194077567,2087820.0000000002,,
3439,United States,2024,Coal,0.75,56.46509194077567,2087820.0000000002,,
3440,United States,2015,Gas,0.75,39.079388099422594,1412616.0714285714,,
3441,United States,2016,Gas,0.75,40.32511441521207,1412616.0714285714,,
3442,United States,2017,Gas,0.75,41.22033722222961,1412616.0714285714,,
3443,United States,2018,Gas,0.75,42.13440213451031,1412616.0714285714,,
3444,United States,2019,Gas,0.75,38.536540731001544,1412616.0714285714,,
3445,United States,2020,Gas,0.75,35.37103441521207,1412616.0714285714,,
3446,United States,2021,Gas,0.75,46.44656880117698,1412616.0714285714,,
3447,United States,2022,Gas,0.75,61.65085125731734,1412616.0714285714,,
3448,United States,2023,Gas,0.75,38.61805476608926,1412616.0714285714,,
3449,United States,2024,Gas,0.75,36.92370143275593,1412616.0714285714,,
3450,United States,2024,Solar+BESS,0.8,66.19,6078220.019732887,3.4,12.8
3451,United States,2015,Solar+BESS,0.8,278.33,30217694.2908,3.4,12.8
3452,United States,2016,Solar+BESS,0.8,216.39,23169610.970799997,3.4,12.8
3453,United States,2017,Solar+BESS,0.8,168.63,17735159.811874416,3.4,12.8
3454,United States,2018,Solar+BESS,0.8,148.12,15401846.301757608,3.4,12.8
3455,United States,2019,Solar+BESS,0.8,93.97,9240276.454066392,3.4,12.8
3456,United States,2020,Solar+BESS,0.8,86.15,8349550.037314802,3.4,12.8
3457,United States,2021,Solar+BESS,0.8,81.59,7830831.554617617,3.4,12.8
3458,United States,2022,Solar+BESS,0.8,88.63,8632281.158211753,3.4,12.8
3459,United States,2023,Solar+BESS,0.8,77.51,7366252.274935925,3.4,12.8
3460,United States,2015,Coal,0.8,45.78674854912837,2087820.0000000002,,
3461,United States,2016,Coal,0.8,45.74533808401208,2087820.0000000002,,
3462,United States,2017,Coal,0.8,50.06309157238418,2087820.0000000002,,
3463,United States,2018,Coal,0.8,53.20915668866325,2087820.0000000002,,
3464,United States,2019,Coal,0.8,47.73937947936092,2087820.0000000002,,
3465,United States,2020,Coal,0.8,42.716956688663245,2087820.0000000002,,
3466,United States,2021,Coal,0.8,51.70710901424465,2087820.0000000002,,
3467,United States,2022,Coal,0.8,82.76368808401209,2087820.0000000002,,
3468,United States,2023,Coal,0.8,53.468391572384185,2087820.0000000002,,
3469,United States,2024,Coal,0.8,54.89264157238418,2087820.0000000002,,
3470,United States,2015,Gas,0.8,37.80483018092798,1412616.0714285714,,
3471,United States,2016,Gas,0.8,39.05055649671745,1412616.0714285714,,
3472,United States,2017,Gas,0.8,39.945779303734994,1412616.0714285714,,
3473,United States,2018,Gas,0.8,40.859844216015695,1412616.0714285714,,
3474,United States,2019,Gas,0.8,37.26198281250693,1412616.0714285714,,
3475,United States,2020,Gas,0.8,34.09647649671745,1412616.0714285714,,
3476,United States,2021,Gas,0.8,45.172010882682365,1412616.0714285714,,
3477,United States,2022,Gas,0.8,60.37629333882272,1412616.0714285714,,
3478,United States,2023,Gas,0.8,37.34349684759464,1412616.0714285714,,
3479,United States,2024,Gas,0.8,35.649143514261304,1412616.0714285714,,
3480,United States,2024,Solar+BESS,0.85,68.4,6690610.710859394,3.8,13.7
3481,United States,2015,Solar+BESS,0.85,285.6,32950202.9824,3.8,13.7
3482,United States,2016,Solar+BESS,0.85,222.38,25307958.7204,3.8,13.7
3483,United States,2017,Solar+BESS,0.85,173.52,19400349.87285526,3.8,13.7
3484,United States,2018,Solar+BESS,0.85,152.3,16834810.86868093,3.8,13.7
3485,United States,2019,Solar+BESS,0.85,97.0,10149190.872918352,3.8,13.7
3486,United States,2020,Solar+BESS,0.85,88.92,9171425.473017972,3.8,13.7
3487,United States,2021,Solar+BESS,0.85,84.2,8601338.134525744,3.8,13.7
3488,United States,2022,Solar+BESS,0.85,91.28,9457203.390265837,3.8,13.7
3489,United States,2023,Solar+BESS,0.85,79.95,8087519.685709851,3.8,13.7
3490,United States,2015,Coal,0.85,44.3992923417241,2087820.0000000002,,
3491,United States,2016,Coal,0.85,44.35788187660781,2087820.0000000002,,
3492,United States,2017,Coal,0.85,48.675635364979904,2087820.0000000002,,
3493,United States,2018,Coal,0.85,51.82170048125897,2087820.0000000002,,
3494,United States,2019,Coal,0.85,46.35192327195665,2087820.0000000002,,
3495,United States,2020,Coal,0.85,41.329500481258975,2087820.0000000002,,
3496,United States,2021,Coal,0.85,50.319652806840374,2087820.0000000002,,
3497,United States,2022,Coal,0.85,81.37623187660782,2087820.0000000002,,
3498,United States,2023,Coal,0.85,52.080935364979915,2087820.0000000002,,
3499,United States,2024,Coal,0.85,53.50518536497991,2087820.0000000002,,
3500,United States,2015,Gas,0.85,36.6802202528445,1412616.0714285714,,
3501,United States,2016,Gas,0.85,37.92594656863397,1412616.0714285714,,
3502,United States,2017,Gas,0.85,38.821169375651515,1412616.0714285714,,
3503,United States,2018,Gas,0.85,39.735234287932215,1412616.0714285714,,
3504,United States,2019,Gas,0.85,36.13737288442344,1412616.0714285714,,
3505,United States,2020,Gas,0.85,32.97186656863397,1412616.0714285714,,
3506,United States,2021,Gas,0.85,44.047400954598885,1412616.0714285714,,
3507,United States,2022,Gas,0.85,59.25168341073923,1412616.0714285714,,
3508,United States,2023,Gas,0.85,36.218886919511164,1412616.0714285714,,
3509,United States,2024,Gas,0.85,34.52453358617783,1412616.0714285714,,
3510,United States,2024,Solar+BESS,0.9,72.31,7537661.668815135,4.5,14.6
3511,United States,2015,Solar+BESS,0.9,296.46,36231226.5592,4.5,14.6
3512,United States,2016,Solar+BESS,0.9,231.79,27952431.6452,4.5,14.6
3513,United States,2017,Solar+BESS,0.9,181.45,21509207.120569527,4.5,14.6
3514,United States,2018,Solar+BESS,0.9,158.94,18627026.694512725,4.5,14.6
3515,United States,2019,Solar+BESS,0.9,102.26,11371138.956910387,4.5,14.6
3516,United States,2020,Solar+BESS,0.9,93.71,10277302.134711651,4.5,14.6
3517,United States,2021,Solar+BESS,0.9,88.71,9637588.924016202,4.5,14.6
3518,United States,2022,Solar+BESS,0.9,95.66,10526642.011501275,4.5,14.6
3519,United States,2023,Solar+BESS,0.9,84.14,9051776.98337143,4.5,14.6
3520,United States,2015,Coal,0.9,43.165997935142535,2087820.0000000002,,
3521,United States,2016,Coal,0.9,43.124587470026256,2087820.0000000002,,
3522,United States,2017,Coal,0.9,47.44234095839835,2087820.0000000002,,
3523,United States,2018,Coal,0.9,50.588406074677415,2087820.0000000002,,
3524,United States,2019,Coal,0.9,45.118628865375086,2087820.0000000002,,
3525,United States,2020,Coal,0.9,40.09620607467741,2087820.0000000002,,
3526,United States,2021,Coal,0.9,49.0863584002588,2087820.0000000002,,
3527,United States,2022,Coal,0.9,80.14293747002624,2087820.0000000002,,
3528,United States,2023,Coal,0.9,50.84764095839836,2087820.0000000002,,
3529,United States,2024,Coal,0.9,52.271890958398345,2087820.0000000002,,
3530,United States,2015,Gas,0.9,35.680566983436954,1412616.0714285714,,
3531,United States,2016,Gas,0.9,36.92629329922643,1412616.0714285714,,
3532,United States,2017,Gas,0.9,37.821516106243976,1412616.0714285714,,
3533,United States,2018,Gas,0.9,38.73558101852467,1412616.0714285714,,
3534,United States,2019,Gas,0.9,35.137719615015904,1412616.0714285714,,
3535,United States,2020,Gas,0.9,31.972213299226432,1412616.0714285714,,
3536,United States,2021,Gas,0.9,43.04774768519134,1412616.0714285714,,
3537,United States,2022,Gas,0.9,58.252030141331694,1412616.0714285714,,
3538,United States,2023,Gas,0.9,35.21923365010362,1412616.0714285714,,
3539,United States,2024,Gas,0.9,33.524880316770286,1412616.0714285714,,
3540,United States,2024,Solar+BESS,0.95,79.76,8848614.211033197,5.5,15.8
3541,United States,2015,Solar+BESS,0.95,319.23,41206060.04539999,5.5,15.8
3542,United States,2016,Solar+BESS,0.95,250.95,31980413.036399998,5.5,15.8
3543,United States,2017,Solar+BESS,0.95,197.32,24732811.617946465,5.5,15.8
3544,United States,2018,Solar+BESS,0.95,172.37,21361520.850462243,5.5,15.8
3545,United States,2019,Solar+BESS,0.95,112.37,13255017.603171322,5.5,15.8
3546,United States,2020,Solar+BESS,0.95,102.96,11982434.22037232,5.5,15.8
3547,United States,2021,Solar+BESS,0.95,97.43,11235258.437859435,5.5,15.8
3548,United States,2022,Solar+BESS,0.95,104.32,12166973.436618567,5.5,15.8
3549,United States,2023,Solar+BESS,0.95,92.26,10537220.857295759,5.5,15.8
3550,United States,2015,Coal,0.95,42.062523992411634,2087820.0000000002,,
3551,United States,2016,Coal,0.95,42.02111352729537,2087820.0000000002,,
3552,United States,2017,Coal,0.95,46.338867015667454,2087820.0000000002,,
3553,United States,2018,Coal,0.95,49.48493213194653,2087820.0000000002,,
3554,United States,2019,Coal,0.95,44.0151549226442,2087820.0000000002,,
3555,United States,2020,Coal,0.95,38.99273213194653,2087820.0000000002,,
3556,United States,2021,Coal,0.95,47.98288445752792,2087820.0000000002,,
3557,United States,2022,Coal,0.95,79.03946352729535,2087820.0000000002,,
3558,United States,2023,Coal,0.95,49.74416701566746,2087820.0000000002,,
3559,United States,2024,Coal,0.95,51.16841701566745,2087820.0000000002,,
3560,United States,2015,Gas,0.95,34.78614037396706,1412616.0714285714,,
3561,United States,2016,Gas,0.95,36.03186668975653,1412616.0714285714,,
3562,United States,2017,Gas,0.95,36.92708949677407,1412616.0714285714,,
3563,United States,2018,Gas,0.95,37.84115440905477,1412616.0714285714,,
3564,United States,2019,Gas,0.95,34.243293005546,1412616.0714285714,,
3565,United States,2020,Gas,0.95,31.07778668975653,1412616.0714285714,,
3566,United States,2021,Gas,0.95,42.153321075721436,1412616.0714285714,,
3567,United States,2022,Gas,0.95,57.357603531861784,1412616.0714285714,,
3568,United States,2023,Gas,0.95,34.324807040633715,1412616.0714285714,,
3569,United States,2024,Gas,0.95,32.63045370730038,1412616.0714285714,,
3570,United States,2024,Solar+BESS,1.0,129.5,14777446.979909424,8.1,32.7
3571,United States,2015,Solar+BESS,1.0,553.61,75101359.50479999,8.1,32.7
3572,United States,2016,Solar+BESS,1.0,428.86,57358056.3528,8.1,32.7
3573,United States,2017,Solar+BESS,1.0,333.23,43755807.27349952,8.1,32.7
3574,United States,2018,Solar+BESS,1.0,293.24,38068031.694795266,8.1,32.7
3575,United States,2019,Solar+BESS,1.0,184.36,22580735.30179742,8.1,32.7
3576,United States,2020,Solar+BESS,1.0,169.03,20401016.727057714,8.1,32.7
3577,United States,2021,Solar+BESS,1.0,160.13,19135220.157810207,8.1,32.7
3578,United States,2022,Solar+BESS,1.0,174.8,21221774.690174617,8.1,32.7
3579,United States,2023,Solar+BESS,1.0,152.28,18018480.45486363,8.1,32.7
3580,United States,2015,Coal,1.0,41.069397443953854,2087820.0000000002,,
3581,United States,2016,Coal,1.0,41.02798697883757,2087820.0000000002,,
3582,United States,2017,Coal,1.0,45.345740467209666,2087820.0000000002,,
3583,United States,2018,Coal,1.0,48.491805583488734,2087820.0000000002,,
3584,United States,2019,Coal,1.0,43.022028374186405,2087820.0000000002,,
3585,United States,2020,Coal,1.0,37.99960558348873,2087820.0000000002,,
3586,United States,2021,Coal,1.0,46.98975790907012,2087820.0000000002,,
3587,United States,2022,Coal,1.0,78.04633697883756,2087820.0000000002,,
3588,United States,2023,Coal,1.0,48.75104046720966,2087820.0000000002,,
3589,United States,2024,Coal,1.0,50.17529046720966,2087820.0000000002,,
3590,United States,2015,Gas,1.0,33.98115642544414,1412616.0714285714,,
3591,United States,2016,Gas,1.0,35.22688274123361,1412616.0714285714,,
3592,United States,2017,Gas,1.0,36.122105548251156,1412616.0714285714,,
3593,United States,2018,Gas,1.0,37.03617046053185,1412616.0714285714,,
3594,United States,2019,Gas,1.0,33.43830905702308,1412616.0714285714,,
3595,United States,2020,Gas,1.0,30.272802741233612,1412616.0714285714,,
3596,United States,2021,Gas,1.0,41.34833712719852,1412616.0714285714,,
3597,United States,2022,Gas,1.0,56.552619583338874,1412616.0714285714,,
3598,United States,2023,Gas,1.0,33.519823092110805,1412616.0714285714,,
3599,United States,2024,Gas,1.0,31.82546975877747,1412616.0714285714,,
